{
	"credit": "Made with Blockbench",
	"texture_size": [64, 64],
	"textures": {
		"0": "umapyoi:block/pedestal",
		"particle": "umapyoi:block/pedestal"
	},
	"elements": [
		{
			"from": [0, 0, 0],
			"to": [16, 4, 16],
			"faces": {
				"north": {"uv": [8, 0, 12, 1], "texture": "#0"},
				"east": {"uv": [8, 0, 12, 1], "texture": "#0"},
				"south": {"uv": [8, 0, 12, 1], "texture": "#0"},
				"west": {"uv": [8, 0, 12, 1], "texture": "#0"},
				"up": {"uv": [4, 0, 8, 4], "texture": "#0"},
				"down": {"uv": [0, 4, 4, 8], "texture": "#0"}
			}
		},
		{
			"from": [13, 11, 2],
			"to": [14, 12, 3],
			"faces": {
				"north": {"uv": [4.75, 4, 5, 4.25], "texture": "#0"},
				"east": {"uv": [4.75, 4, 5, 4.25], "texture": "#0"},
				"south": {"uv": [4.75, 4, 5, 4.25], "texture": "#0"},
				"west": {"uv": [4.75, 4, 5, 4.25], "texture": "#0"},
				"up": {"uv": [4.75, 4, 5, 4.25], "texture": "#0"},
				"down": {"uv": [4.75, 4, 5, 4.25], "texture": "#0"}
			}
		},
		{
			"from": [2, 11, 2],
			"to": [3, 12, 3],
			"faces": {
				"north": {"uv": [4.75, 4, 5, 4.25], "texture": "#0"},
				"east": {"uv": [4.75, 4, 5, 4.25], "texture": "#0"},
				"south": {"uv": [4.75, 4, 5, 4.25], "texture": "#0"},
				"west": {"uv": [4.75, 4, 5, 4.25], "texture": "#0"},
				"up": {"uv": [4.75, 4, 5, 4.25], "texture": "#0"},
				"down": {"uv": [4.75, 4, 5, 4.25], "texture": "#0"}
			}
		},
		{
			"from": [2, 11, 13],
			"to": [3, 12, 14],
			"faces": {
				"north": {"uv": [4.75, 4, 5, 4.25], "texture": "#0"},
				"east": {"uv": [4.75, 4, 5, 4.25], "texture": "#0"},
				"south": {"uv": [4.75, 4, 5, 4.25], "texture": "#0"},
				"west": {"uv": [4.75, 4, 5, 4.25], "texture": "#0"},
				"up": {"uv": [4.75, 4, 5, 4.25], "texture": "#0"},
				"down": {"uv": [4.75, 4, 5, 4.25], "texture": "#0"}
			}
		},
		{
			"from": [13, 11, 13],
			"to": [14, 12, 14],
			"faces": {
				"north": {"uv": [4.75, 4, 5, 4.25], "texture": "#0"},
				"east": {"uv": [4.75, 4, 5, 4.25], "texture": "#0"},
				"south": {"uv": [4.75, 4, 5, 4.25], "texture": "#0"},
				"west": {"uv": [4.75, 4, 5, 4.25], "texture": "#0"},
				"up": {"uv": [4.75, 4, 5, 4.25], "texture": "#0"},
				"down": {"uv": [4.75, 4, 5, 4.25], "texture": "#0"}
			}
		},
		{
			"from": [1, 15, 1],
			"to": [15, 16, 2],
			"faces": {
				"north": {"uv": [4, 5.25, 7.5, 5.5], "texture": "#0"},
				"east": {"uv": [4, 5.25, 4.25, 5.5], "texture": "#0"},
				"south": {"uv": [4, 5.25, 7.5, 5.5], "texture": "#0"},
				"west": {"uv": [4, 5.25, 4.25, 5.5], "texture": "#0"},
				"up": {"uv": [4, 5, 7.5, 5.25], "texture": "#0"},
				"down": {"uv": [4, 5.25, 7.5, 5.5], "texture": "#0"}
			}
		},
		{
			"from": [1, 15, 14],
			"to": [15, 16, 15],
			"rotation": {"angle": 0, "axis": "y", "origin": [0, 0, 16]},
			"faces": {
				"north": {"uv": [4, 5.25, 7.5, 5.5], "texture": "#0"},
				"east": {"uv": [4.25, 5.25, 4, 5.5], "texture": "#0"},
				"south": {"uv": [7.5, 5.25, 4, 5.5], "texture": "#0"},
				"west": {"uv": [4.25, 5.25, 4, 5.5], "texture": "#0"},
				"up": {"uv": [4, 5.25, 7.5, 5], "texture": "#0"},
				"down": {"uv": [4, 5.5, 7.5, 5.25], "texture": "#0"}
			}
		},
		{
			"from": [1, 15, 2],
			"to": [2, 16, 14],
			"rotation": {"angle": 0, "axis": "y", "origin": [8, 15.5, 14.5]},
			"faces": {
				"north": {"uv": [4.25, 5.25, 4, 5.5], "texture": "#0"},
				"east": {"uv": [4.25, 5.25, 7.25, 5.5], "texture": "#0"},
				"south": {"uv": [4.25, 5.25, 4, 5.5], "texture": "#0"},
				"west": {"uv": [7.25, 5.25, 4.25, 5.5], "texture": "#0"},
				"up": {"uv": [4.25, 5.25, 7.25, 5], "rotation": 90, "texture": "#0"},
				"down": {"uv": [4.25, 5.5, 7.25, 5.25], "rotation": 270, "texture": "#0"}
			}
		},
		{
			"from": [14, 15, 2],
			"to": [15, 16, 14],
			"rotation": {"angle": 0, "axis": "y", "origin": [8, 15.5, 14.5]},
			"faces": {
				"north": {"uv": [4.25, 5.25, 4, 5.5], "texture": "#0"},
				"east": {"uv": [4.25, 5.25, 7.25, 5.5], "texture": "#0"},
				"south": {"uv": [4.25, 5.25, 4, 5.5], "texture": "#0"},
				"west": {"uv": [7.25, 5.25, 4.25, 5.5], "texture": "#0"},
				"up": {"uv": [4.25, 5.25, 7.25, 5], "rotation": 90, "texture": "#0"},
				"down": {"uv": [4.25, 5.5, 7.25, 5.25], "rotation": 270, "texture": "#0"}
			}
		},
		{
			"from": [2, 12, 2],
			"to": [14, 15, 14],
			"faces": {
				"north": {"uv": [4, 4, 7, 4.75], "texture": "#0"},
				"east": {"uv": [4, 4, 7, 4.75], "texture": "#0"},
				"south": {"uv": [4, 4, 7, 4.75], "texture": "#0"},
				"west": {"uv": [4, 4, 7, 4.75], "texture": "#0"},
				"up": {"uv": [0.5, 3.5, 3.5, 0.5], "texture": "#0"},
				"down": {"uv": [0.5, 7.5, 3.5, 4.5], "texture": "#0"}
			}
		},
		{
			"from": [4, 4, 4],
			"to": [12, 12, 12],
			"faces": {
				"north": {"uv": [0, 8, 2, 10], "texture": "#0"},
				"east": {"uv": [0, 8, 2, 10], "texture": "#0"},
				"south": {"uv": [0, 8, 2, 10], "texture": "#0"},
				"west": {"uv": [0, 8, 2, 10], "texture": "#0"},
				"up": {"uv": [0, 8, 2, 10], "texture": "#0"},
				"down": {"uv": [0, 8, 2, 10], "texture": "#0"}
			}
		},
		{
			"from": [5.7294, 9.67492, 3.5],
			"to": [7.2294, 10.67492, 4],
			"rotation": {"angle": 0, "axis": "z", "origin": [8, 7.96246, 3.75]},
			"faces": {
				"north": {"uv": [4.25, 5.75, 4.5, 6.25], "texture": "#0"},
				"east": {"uv": [4.25, 5.75, 4.5, 6.25], "texture": "#0"},
				"south": {"uv": [4.25, 5.75, 4.5, 6.25], "texture": "#0"},
				"west": {"uv": [4.25, 5.75, 4.5, 6.25], "texture": "#0"},
				"up": {"uv": [4.25, 5.5, 4.5, 6], "texture": "#0"},
				"down": {"uv": [4.25, 6, 4.5, 6.25], "texture": "#0"}
			}
		},
		{
			"from": [5.63273, 7.24967, 3.5],
			"to": [6.63273, 9.24967, 4],
			"rotation": {"angle": -22.5, "axis": "z", "origin": [8, 7.96246, 3.75]},
			"faces": {
				"north": {"uv": [5.25, 5.5, 4.75, 5.75], "rotation": 270, "texture": "#0"},
				"east": {"uv": [5.25, 5.5, 4.75, 5.75], "rotation": 270, "texture": "#0"},
				"south": {"uv": [5.25, 5.5, 4.75, 5.75], "rotation": 270, "texture": "#0"},
				"west": {"uv": [5.25, 5.5, 4.75, 5.75], "rotation": 270, "texture": "#0"},
				"up": {"uv": [5.25, 5.5, 4.75, 5.75], "rotation": 270, "texture": "#0"},
				"down": {"uv": [5.25, 5.5, 4.75, 5.75], "rotation": 270, "texture": "#0"}
			}
		},
		{
			"from": [7.07607, 5.26513, 3.5],
			"to": [8.57607, 6.26513, 4],
			"rotation": {"angle": -22.5, "axis": "z", "origin": [8, 7.96246, 3.75]},
			"faces": {
				"north": {"uv": [5.75, 5.5, 5.25, 5.75], "texture": "#0"},
				"east": {"uv": [5.75, 5.5, 5.25, 5.75], "texture": "#0"},
				"south": {"uv": [5.75, 5.5, 5.25, 5.75], "texture": "#0"},
				"west": {"uv": [5.75, 5.5, 5.25, 5.75], "texture": "#0"},
				"up": {"uv": [5.25, 5.5, 5.75, 5.75], "texture": "#0"},
				"down": {"uv": [5.25, 5.5, 5.75, 5.75], "texture": "#0"}
			}
		},
		{
			"from": [7.5, 5.25, 3.5],
			"to": [8.5, 6.25, 4],
			"rotation": {"angle": 0, "axis": "y", "origin": [8, 7.96246, 3.75]},
			"faces": {
				"north": {"uv": [4, 7.25, 4.25, 7.5], "texture": "#0"},
				"east": {"uv": [4, 7.25, 4.25, 7.5], "texture": "#0"},
				"south": {"uv": [4, 7.25, 4.25, 7.5], "texture": "#0"},
				"west": {"uv": [4, 7.25, 4.25, 7.5], "texture": "#0"},
				"up": {"uv": [4, 7.25, 4.25, 7.5], "texture": "#0"},
				"down": {"uv": [4, 7.25, 4.25, 7.5], "texture": "#0"}
			}
		},
		{
			"from": [5.43939, 6.70848, 3.5],
			"to": [6.43939, 8.20848, 4],
			"rotation": {"angle": 22.5, "axis": "z", "origin": [8, 7.96246, 3.75]},
			"faces": {
				"north": {"uv": [5.25, 5.5, 5.75, 5.75], "rotation": 270, "texture": "#0"},
				"east": {"uv": [5.25, 5.5, 5.75, 5.75], "rotation": 270, "texture": "#0"},
				"south": {"uv": [5.25, 5.5, 5.75, 5.75], "rotation": 270, "texture": "#0"},
				"west": {"uv": [5.25, 5.5, 5.75, 5.75], "rotation": 270, "texture": "#0"},
				"up": {"uv": [5.25, 5.5, 5.75, 5.75], "rotation": 270, "texture": "#0"},
				"down": {"uv": [5.25, 5.5, 5.75, 5.75], "rotation": 270, "texture": "#0"}
			}
		},
		{
			"from": [5.54016, 7.20984, 3.5],
			"to": [6.54016, 8.20984, 4],
			"rotation": {"angle": 0, "axis": "z", "origin": [8, 7.96246, 3.75]},
			"faces": {
				"north": {"uv": [5.25, 5.5, 5.75, 5.75], "rotation": 90, "texture": "#0"},
				"east": {"uv": [5.25, 5.5, 5.75, 5.75], "rotation": 90, "texture": "#0"},
				"south": {"uv": [5.25, 5.5, 5.75, 5.75], "rotation": 90, "texture": "#0"},
				"west": {"uv": [5.25, 5.5, 5.75, 5.75], "rotation": 90, "texture": "#0"},
				"up": {"uv": [5.25, 5.5, 5.75, 5.75], "rotation": 90, "texture": "#0"},
				"down": {"uv": [5.25, 5.5, 5.75, 5.75], "rotation": 90, "texture": "#0"}
			}
		},
		{
			"from": [8.7706, 9.67492, 3.5],
			"to": [10.2706, 10.67492, 4],
			"rotation": {"angle": 0, "axis": "z", "origin": [8, 7.96246, 3.75]},
			"faces": {
				"north": {"uv": [4.5, 5.75, 4.25, 6.25], "texture": "#0"},
				"east": {"uv": [4.5, 5.75, 4.25, 6.25], "texture": "#0"},
				"south": {"uv": [4.5, 5.75, 4.25, 6.25], "texture": "#0"},
				"west": {"uv": [4.5, 5.75, 4.25, 6.25], "texture": "#0"},
				"up": {"uv": [4.5, 5.5, 4.25, 6], "texture": "#0"},
				"down": {"uv": [4.5, 6, 4.25, 6.25], "texture": "#0"}
			}
		},
		{
			"from": [9.36727, 7.24967, 3.5],
			"to": [10.36727, 9.24967, 4],
			"rotation": {"angle": 22.5, "axis": "z", "origin": [8, 7.96246, 3.75]},
			"faces": {
				"north": {"uv": [5.25, 5.75, 4.75, 5.5], "rotation": 270, "texture": "#0"},
				"east": {"uv": [5.25, 5.75, 4.75, 5.5], "rotation": 270, "texture": "#0"},
				"south": {"uv": [5.25, 5.75, 4.75, 5.5], "rotation": 270, "texture": "#0"},
				"west": {"uv": [5.25, 5.75, 4.75, 5.5], "rotation": 270, "texture": "#0"},
				"up": {"uv": [5.25, 5.75, 4.75, 5.5], "rotation": 270, "texture": "#0"},
				"down": {"uv": [5.25, 5.75, 4.75, 5.5], "rotation": 270, "texture": "#0"}
			}
		},
		{
			"from": [9.45984, 7.20984, 3.5],
			"to": [10.45984, 8.20984, 4],
			"rotation": {"angle": 0, "axis": "z", "origin": [8, 7.96246, 3.75]},
			"faces": {
				"north": {"uv": [5.25, 5.75, 5.75, 5.5], "rotation": 90, "texture": "#0"},
				"east": {"uv": [5.25, 5.75, 5.75, 5.5], "rotation": 90, "texture": "#0"},
				"south": {"uv": [5.25, 5.75, 5.75, 5.5], "rotation": 90, "texture": "#0"},
				"west": {"uv": [5.25, 5.75, 5.75, 5.5], "rotation": 90, "texture": "#0"},
				"up": {"uv": [5.25, 5.75, 5.75, 5.5], "rotation": 90, "texture": "#0"},
				"down": {"uv": [5.25, 5.75, 5.75, 5.5], "rotation": 90, "texture": "#0"}
			}
		},
		{
			"from": [9.56061, 6.70848, 3.5],
			"to": [10.56061, 8.20848, 4],
			"rotation": {"angle": -22.5, "axis": "z", "origin": [8, 7.96246, 3.75]},
			"faces": {
				"north": {"uv": [5.25, 5.75, 5.75, 5.5], "rotation": 270, "texture": "#0"},
				"east": {"uv": [5.25, 5.75, 5.75, 5.5], "rotation": 270, "texture": "#0"},
				"south": {"uv": [5.25, 5.75, 5.75, 5.5], "rotation": 270, "texture": "#0"},
				"west": {"uv": [5.25, 5.75, 5.75, 5.5], "rotation": 270, "texture": "#0"},
				"up": {"uv": [5.25, 5.75, 5.75, 5.5], "rotation": 270, "texture": "#0"},
				"down": {"uv": [5.25, 5.75, 5.75, 5.5], "rotation": 270, "texture": "#0"}
			}
		},
		{
			"from": [7.42393, 5.26513, 3.5],
			"to": [8.92393, 6.26513, 4],
			"rotation": {"angle": 22.5, "axis": "z", "origin": [8, 7.96246, 3.75]},
			"faces": {
				"north": {"uv": [5.25, 5.5, 5.75, 5.75], "texture": "#0"},
				"east": {"uv": [5.25, 5.5, 5.75, 5.75], "texture": "#0"},
				"south": {"uv": [5.25, 5.5, 5.75, 5.75], "texture": "#0"},
				"west": {"uv": [5.25, 5.5, 5.75, 5.75], "texture": "#0"},
				"up": {"uv": [5.75, 5.5, 5.25, 5.75], "texture": "#0"},
				"down": {"uv": [5.75, 5.5, 5.25, 5.75], "texture": "#0"}
			}
		},
		{
			"from": [5.7294, 9.67492, 12],
			"to": [7.2294, 10.67492, 12.5],
			"rotation": {"angle": 0, "axis": "z", "origin": [8, 7.96246, 12.25]},
			"faces": {
				"north": {"uv": [4.5, 5.75, 4.25, 6.25], "texture": "#0"},
				"east": {"uv": [4.5, 5.75, 4.25, 6.25], "texture": "#0"},
				"south": {"uv": [4.5, 5.75, 4.25, 6.25], "texture": "#0"},
				"west": {"uv": [4.5, 5.75, 4.25, 6.25], "texture": "#0"},
				"up": {"uv": [4.25, 6, 4.5, 5.5], "texture": "#0"},
				"down": {"uv": [4.25, 6.25, 4.5, 6], "texture": "#0"}
			}
		},
		{
			"from": [5.63273, 7.24967, 12],
			"to": [6.63273, 9.24967, 12.5],
			"rotation": {"angle": -22.5, "axis": "z", "origin": [8, 7.96246, 12.25]},
			"faces": {
				"north": {"uv": [5.25, 5.75, 4.75, 5.5], "rotation": 270, "texture": "#0"},
				"east": {"uv": [5.25, 5.75, 4.75, 5.5], "rotation": 270, "texture": "#0"},
				"south": {"uv": [5.25, 5.75, 4.75, 5.5], "rotation": 270, "texture": "#0"},
				"west": {"uv": [5.25, 5.75, 4.75, 5.5], "rotation": 270, "texture": "#0"},
				"up": {"uv": [4.75, 5.5, 5.25, 5.75], "rotation": 270, "texture": "#0"},
				"down": {"uv": [4.75, 5.5, 5.25, 5.75], "rotation": 270, "texture": "#0"}
			}
		},
		{
			"from": [7.07607, 5.26513, 12],
			"to": [8.57607, 6.26513, 12.5],
			"rotation": {"angle": -22.5, "axis": "z", "origin": [8, 7.96246, 12.25]},
			"faces": {
				"north": {"uv": [5.25, 5.5, 5.75, 5.75], "texture": "#0"},
				"east": {"uv": [5.25, 5.5, 5.75, 5.75], "texture": "#0"},
				"south": {"uv": [5.25, 5.5, 5.75, 5.75], "texture": "#0"},
				"west": {"uv": [5.25, 5.5, 5.75, 5.75], "texture": "#0"},
				"up": {"uv": [5.25, 5.75, 5.75, 5.5], "texture": "#0"},
				"down": {"uv": [5.25, 5.75, 5.75, 5.5], "texture": "#0"}
			}
		},
		{
			"from": [7.5, 5.25, 12],
			"to": [8.5, 6.25, 12.5],
			"rotation": {"angle": 0, "axis": "y", "origin": [8, 7.96246, 12.25]},
			"faces": {
				"north": {"uv": [4.25, 7.25, 4, 7.5], "texture": "#0"},
				"east": {"uv": [4.25, 7.25, 4, 7.5], "texture": "#0"},
				"south": {"uv": [4.25, 7.25, 4, 7.5], "texture": "#0"},
				"west": {"uv": [4.25, 7.25, 4, 7.5], "texture": "#0"},
				"up": {"uv": [4, 7.5, 4.25, 7.25], "texture": "#0"},
				"down": {"uv": [4, 7.5, 4.25, 7.25], "texture": "#0"}
			}
		},
		{
			"from": [5.43939, 6.70848, 12],
			"to": [6.43939, 8.20848, 12.5],
			"rotation": {"angle": 22.5, "axis": "z", "origin": [8, 7.96246, 12.25]},
			"faces": {
				"north": {"uv": [5.25, 5.75, 5.75, 5.5], "rotation": 270, "texture": "#0"},
				"east": {"uv": [5.25, 5.75, 5.75, 5.5], "rotation": 270, "texture": "#0"},
				"south": {"uv": [5.25, 5.75, 5.75, 5.5], "rotation": 270, "texture": "#0"},
				"west": {"uv": [5.25, 5.75, 5.75, 5.5], "rotation": 270, "texture": "#0"},
				"up": {"uv": [5.75, 5.5, 5.25, 5.75], "rotation": 270, "texture": "#0"},
				"down": {"uv": [5.75, 5.5, 5.25, 5.75], "rotation": 270, "texture": "#0"}
			}
		},
		{
			"from": [5.54016, 7.20984, 12],
			"to": [6.54016, 8.20984, 12.5],
			"rotation": {"angle": 0, "axis": "z", "origin": [8, 7.96246, 12.25]},
			"faces": {
				"north": {"uv": [5.25, 5.75, 5.75, 5.5], "rotation": 90, "texture": "#0"},
				"east": {"uv": [5.25, 5.75, 5.75, 5.5], "rotation": 90, "texture": "#0"},
				"south": {"uv": [5.25, 5.75, 5.75, 5.5], "rotation": 90, "texture": "#0"},
				"west": {"uv": [5.25, 5.75, 5.75, 5.5], "rotation": 90, "texture": "#0"},
				"up": {"uv": [5.75, 5.5, 5.25, 5.75], "rotation": 90, "texture": "#0"},
				"down": {"uv": [5.75, 5.5, 5.25, 5.75], "rotation": 90, "texture": "#0"}
			}
		},
		{
			"from": [8.7706, 9.67492, 12],
			"to": [10.2706, 10.67492, 12.5],
			"rotation": {"angle": 0, "axis": "z", "origin": [8, 7.96246, 12.25]},
			"faces": {
				"north": {"uv": [4.25, 5.75, 4.5, 6.25], "texture": "#0"},
				"east": {"uv": [4.25, 5.75, 4.5, 6.25], "texture": "#0"},
				"south": {"uv": [4.25, 5.75, 4.5, 6.25], "texture": "#0"},
				"west": {"uv": [4.25, 5.75, 4.5, 6.25], "texture": "#0"},
				"up": {"uv": [4.5, 6, 4.25, 5.5], "texture": "#0"},
				"down": {"uv": [4.5, 6.25, 4.25, 6], "texture": "#0"}
			}
		},
		{
			"from": [9.36727, 7.24967, 12],
			"to": [10.36727, 9.24967, 12.5],
			"rotation": {"angle": 22.5, "axis": "z", "origin": [8, 7.96246, 12.25]},
			"faces": {
				"north": {"uv": [5.25, 5.5, 4.75, 5.75], "rotation": 270, "texture": "#0"},
				"east": {"uv": [5.25, 5.5, 4.75, 5.75], "rotation": 270, "texture": "#0"},
				"south": {"uv": [5.25, 5.5, 4.75, 5.75], "rotation": 270, "texture": "#0"},
				"west": {"uv": [5.25, 5.5, 4.75, 5.75], "rotation": 270, "texture": "#0"},
				"up": {"uv": [4.75, 5.75, 5.25, 5.5], "rotation": 270, "texture": "#0"},
				"down": {"uv": [4.75, 5.75, 5.25, 5.5], "rotation": 270, "texture": "#0"}
			}
		},
		{
			"from": [9.45984, 7.20984, 12],
			"to": [10.45984, 8.20984, 12.5],
			"rotation": {"angle": 0, "axis": "z", "origin": [8, 7.96246, 12.25]},
			"faces": {
				"north": {"uv": [5.25, 5.5, 5.75, 5.75], "rotation": 90, "texture": "#0"},
				"east": {"uv": [5.25, 5.5, 5.75, 5.75], "rotation": 90, "texture": "#0"},
				"south": {"uv": [5.25, 5.5, 5.75, 5.75], "rotation": 90, "texture": "#0"},
				"west": {"uv": [5.25, 5.5, 5.75, 5.75], "rotation": 90, "texture": "#0"},
				"up": {"uv": [5.75, 5.75, 5.25, 5.5], "rotation": 90, "texture": "#0"},
				"down": {"uv": [5.75, 5.75, 5.25, 5.5], "rotation": 90, "texture": "#0"}
			}
		},
		{
			"from": [9.56061, 6.70848, 12],
			"to": [10.56061, 8.20848, 12.5],
			"rotation": {"angle": -22.5, "axis": "z", "origin": [8, 7.96246, 12.25]},
			"faces": {
				"north": {"uv": [5.25, 5.5, 5.75, 5.75], "rotation": 270, "texture": "#0"},
				"east": {"uv": [5.25, 5.5, 5.75, 5.75], "rotation": 270, "texture": "#0"},
				"south": {"uv": [5.25, 5.5, 5.75, 5.75], "rotation": 270, "texture": "#0"},
				"west": {"uv": [5.25, 5.5, 5.75, 5.75], "rotation": 270, "texture": "#0"},
				"up": {"uv": [5.75, 5.75, 5.25, 5.5], "rotation": 270, "texture": "#0"},
				"down": {"uv": [5.75, 5.75, 5.25, 5.5], "rotation": 270, "texture": "#0"}
			}
		},
		{
			"from": [7.42393, 5.26513, 12],
			"to": [8.92393, 6.26513, 12.5],
			"rotation": {"angle": 22.5, "axis": "z", "origin": [8, 7.96246, 12.25]},
			"faces": {
				"north": {"uv": [5.75, 5.5, 5.25, 5.75], "texture": "#0"},
				"east": {"uv": [5.75, 5.5, 5.25, 5.75], "texture": "#0"},
				"south": {"uv": [5.75, 5.5, 5.25, 5.75], "texture": "#0"},
				"west": {"uv": [5.75, 5.5, 5.25, 5.75], "texture": "#0"},
				"up": {"uv": [5.75, 5.75, 5.25, 5.5], "texture": "#0"},
				"down": {"uv": [5.75, 5.75, 5.25, 5.5], "texture": "#0"}
			}
		},
		{
			"from": [3.5, 9.67492, 5.7294],
			"to": [4, 10.67492, 7.2294],
			"rotation": {"angle": 0, "axis": "z", "origin": [8, 7.96246, 8]},
			"faces": {
				"north": {"uv": [4.5, 5.75, 4.25, 6.25], "texture": "#0"},
				"east": {"uv": [4.5, 5.75, 4.25, 6.25], "texture": "#0"},
				"south": {"uv": [4.5, 5.75, 4.25, 6.25], "texture": "#0"},
				"west": {"uv": [4.5, 5.75, 4.25, 6.25], "texture": "#0"},
				"up": {"uv": [4.25, 6, 4.5, 5.5], "rotation": 90, "texture": "#0"},
				"down": {"uv": [4.25, 6.25, 4.5, 6], "rotation": 270, "texture": "#0"}
			}
		},
		{
			"from": [3.5, 7.24967, 5.63273],
			"to": [4, 9.24967, 6.63273],
			"rotation": {"angle": 22.5, "axis": "x", "origin": [8, 7.96246, 8]},
			"faces": {
				"north": {"uv": [5.25, 5.75, 4.75, 5.5], "rotation": 270, "texture": "#0"},
				"east": {"uv": [5.25, 5.75, 4.75, 5.5], "rotation": 270, "texture": "#0"},
				"south": {"uv": [5.25, 5.75, 4.75, 5.5], "rotation": 270, "texture": "#0"},
				"west": {"uv": [5.25, 5.75, 4.75, 5.5], "rotation": 270, "texture": "#0"},
				"up": {"uv": [4.75, 5.5, 5.25, 5.75], "texture": "#0"},
				"down": {"uv": [4.75, 5.5, 5.25, 5.75], "rotation": 180, "texture": "#0"}
			}
		},
		{
			"from": [3.5, 5.26513, 7.07607],
			"to": [4, 6.26513, 8.57607],
			"rotation": {"angle": 22.5, "axis": "x", "origin": [8, 7.96246, 8]},
			"faces": {
				"north": {"uv": [5.25, 5.5, 5.75, 5.75], "texture": "#0"},
				"east": {"uv": [5.25, 5.5, 5.75, 5.75], "texture": "#0"},
				"south": {"uv": [5.25, 5.5, 5.75, 5.75], "texture": "#0"},
				"west": {"uv": [5.25, 5.5, 5.75, 5.75], "texture": "#0"},
				"up": {"uv": [5.25, 5.75, 5.75, 5.5], "rotation": 90, "texture": "#0"},
				"down": {"uv": [5.25, 5.75, 5.75, 5.5], "rotation": 270, "texture": "#0"}
			}
		},
		{
			"from": [3.5, 5.25, 7.5],
			"to": [4, 6.25, 8.5],
			"rotation": {"angle": 0, "axis": "y", "origin": [8, 7.96246, 8]},
			"faces": {
				"north": {"uv": [4.25, 7.25, 4, 7.5], "texture": "#0"},
				"east": {"uv": [4.25, 7.25, 4, 7.5], "texture": "#0"},
				"south": {"uv": [4.25, 7.25, 4, 7.5], "texture": "#0"},
				"west": {"uv": [4.25, 7.25, 4, 7.5], "texture": "#0"},
				"up": {"uv": [4, 7.5, 4.25, 7.25], "rotation": 90, "texture": "#0"},
				"down": {"uv": [4, 7.5, 4.25, 7.25], "rotation": 270, "texture": "#0"}
			}
		},
		{
			"from": [3.5, 6.70848, 5.43939],
			"to": [4, 8.20848, 6.43939],
			"rotation": {"angle": -22.5, "axis": "x", "origin": [8, 7.96246, 8]},
			"faces": {
				"north": {"uv": [5.25, 5.75, 5.75, 5.5], "rotation": 270, "texture": "#0"},
				"east": {"uv": [5.25, 5.75, 5.75, 5.5], "rotation": 270, "texture": "#0"},
				"south": {"uv": [5.25, 5.75, 5.75, 5.5], "rotation": 270, "texture": "#0"},
				"west": {"uv": [5.25, 5.75, 5.75, 5.5], "rotation": 270, "texture": "#0"},
				"up": {"uv": [5.75, 5.5, 5.25, 5.75], "texture": "#0"},
				"down": {"uv": [5.75, 5.5, 5.25, 5.75], "rotation": 180, "texture": "#0"}
			}
		},
		{
			"from": [3.5, 7.20984, 5.54016],
			"to": [4, 8.20984, 6.54016],
			"rotation": {"angle": 0, "axis": "z", "origin": [8, 7.96246, 8]},
			"faces": {
				"north": {"uv": [5.25, 5.75, 5.75, 5.5], "rotation": 90, "texture": "#0"},
				"east": {"uv": [5.25, 5.75, 5.75, 5.5], "rotation": 90, "texture": "#0"},
				"south": {"uv": [5.25, 5.75, 5.75, 5.5], "rotation": 90, "texture": "#0"},
				"west": {"uv": [5.25, 5.75, 5.75, 5.5], "rotation": 90, "texture": "#0"},
				"up": {"uv": [5.75, 5.5, 5.25, 5.75], "rotation": 180, "texture": "#0"},
				"down": {"uv": [5.75, 5.5, 5.25, 5.75], "texture": "#0"}
			}
		},
		{
			"from": [3.5, 9.67492, 8.7706],
			"to": [4, 10.67492, 10.2706],
			"rotation": {"angle": 0, "axis": "z", "origin": [8, 7.96246, 8]},
			"faces": {
				"north": {"uv": [4.25, 5.75, 4.5, 6.25], "texture": "#0"},
				"east": {"uv": [4.25, 5.75, 4.5, 6.25], "texture": "#0"},
				"south": {"uv": [4.25, 5.75, 4.5, 6.25], "texture": "#0"},
				"west": {"uv": [4.25, 5.75, 4.5, 6.25], "texture": "#0"},
				"up": {"uv": [4.5, 6, 4.25, 5.5], "rotation": 90, "texture": "#0"},
				"down": {"uv": [4.5, 6.25, 4.25, 6], "rotation": 270, "texture": "#0"}
			}
		},
		{
			"from": [3.5, 7.24967, 9.36727],
			"to": [4, 9.24967, 10.36727],
			"rotation": {"angle": -22.5, "axis": "x", "origin": [8, 7.96246, 8]},
			"faces": {
				"north": {"uv": [5.25, 5.5, 4.75, 5.75], "rotation": 270, "texture": "#0"},
				"east": {"uv": [5.25, 5.5, 4.75, 5.75], "rotation": 270, "texture": "#0"},
				"south": {"uv": [5.25, 5.5, 4.75, 5.75], "rotation": 270, "texture": "#0"},
				"west": {"uv": [5.25, 5.5, 4.75, 5.75], "rotation": 270, "texture": "#0"},
				"up": {"uv": [4.75, 5.75, 5.25, 5.5], "texture": "#0"},
				"down": {"uv": [4.75, 5.75, 5.25, 5.5], "rotation": 180, "texture": "#0"}
			}
		},
		{
			"from": [3.5, 7.20984, 9.45984],
			"to": [4, 8.20984, 10.45984],
			"rotation": {"angle": 0, "axis": "z", "origin": [8, 7.96246, 8]},
			"faces": {
				"north": {"uv": [5.25, 5.5, 5.75, 5.75], "rotation": 90, "texture": "#0"},
				"east": {"uv": [5.25, 5.5, 5.75, 5.75], "rotation": 90, "texture": "#0"},
				"south": {"uv": [5.25, 5.5, 5.75, 5.75], "rotation": 90, "texture": "#0"},
				"west": {"uv": [5.25, 5.5, 5.75, 5.75], "rotation": 90, "texture": "#0"},
				"up": {"uv": [5.75, 5.75, 5.25, 5.5], "rotation": 180, "texture": "#0"},
				"down": {"uv": [5.75, 5.75, 5.25, 5.5], "texture": "#0"}
			}
		},
		{
			"from": [3.5, 6.70848, 9.56061],
			"to": [4, 8.20848, 10.56061],
			"rotation": {"angle": 22.5, "axis": "x", "origin": [8, 7.96246, 8]},
			"faces": {
				"north": {"uv": [5.25, 5.5, 5.75, 5.75], "rotation": 270, "texture": "#0"},
				"east": {"uv": [5.25, 5.5, 5.75, 5.75], "rotation": 270, "texture": "#0"},
				"south": {"uv": [5.25, 5.5, 5.75, 5.75], "rotation": 270, "texture": "#0"},
				"west": {"uv": [5.25, 5.5, 5.75, 5.75], "rotation": 270, "texture": "#0"},
				"up": {"uv": [5.75, 5.75, 5.25, 5.5], "texture": "#0"},
				"down": {"uv": [5.75, 5.75, 5.25, 5.5], "rotation": 180, "texture": "#0"}
			}
		},
		{
			"from": [3.5, 5.26513, 7.42393],
			"to": [4, 6.26513, 8.92393],
			"rotation": {"angle": -22.5, "axis": "x", "origin": [8, 7.96246, 8]},
			"faces": {
				"north": {"uv": [5.75, 5.5, 5.25, 5.75], "texture": "#0"},
				"east": {"uv": [5.75, 5.5, 5.25, 5.75], "texture": "#0"},
				"south": {"uv": [5.75, 5.5, 5.25, 5.75], "texture": "#0"},
				"west": {"uv": [5.75, 5.5, 5.25, 5.75], "texture": "#0"},
				"up": {"uv": [5.75, 5.75, 5.25, 5.5], "rotation": 90, "texture": "#0"},
				"down": {"uv": [5.75, 5.75, 5.25, 5.5], "rotation": 270, "texture": "#0"}
			}
		},
		{
			"from": [12, 9.67492, 5.7294],
			"to": [12.5, 10.67492, 7.2294],
			"rotation": {"angle": 0, "axis": "z", "origin": [8, 7.96246, 8]},
			"faces": {
				"north": {"uv": [4.25, 5.75, 4.5, 6.25], "texture": "#0"},
				"east": {"uv": [4.25, 5.75, 4.5, 6.25], "texture": "#0"},
				"south": {"uv": [4.25, 5.75, 4.5, 6.25], "texture": "#0"},
				"west": {"uv": [4.25, 5.75, 4.5, 6.25], "texture": "#0"},
				"up": {"uv": [4.25, 5.5, 4.5, 6], "rotation": 90, "texture": "#0"},
				"down": {"uv": [4.25, 6, 4.5, 6.25], "rotation": 270, "texture": "#0"}
			}
		},
		{
			"from": [12, 7.24967, 5.63273],
			"to": [12.5, 9.24967, 6.63273],
			"rotation": {"angle": 22.5, "axis": "x", "origin": [8, 7.96246, 8]},
			"faces": {
				"north": {"uv": [5.25, 5.5, 4.75, 5.75], "rotation": 270, "texture": "#0"},
				"east": {"uv": [5.25, 5.5, 4.75, 5.75], "rotation": 270, "texture": "#0"},
				"south": {"uv": [5.25, 5.5, 4.75, 5.75], "rotation": 270, "texture": "#0"},
				"west": {"uv": [5.25, 5.5, 4.75, 5.75], "rotation": 270, "texture": "#0"},
				"up": {"uv": [5.25, 5.5, 4.75, 5.75], "texture": "#0"},
				"down": {"uv": [5.25, 5.5, 4.75, 5.75], "rotation": 180, "texture": "#0"}
			}
		},
		{
			"from": [12, 5.26513, 7.07607],
			"to": [12.5, 6.26513, 8.57607],
			"rotation": {"angle": 22.5, "axis": "x", "origin": [8, 7.96246, 8]},
			"faces": {
				"north": {"uv": [5.75, 5.5, 5.25, 5.75], "texture": "#0"},
				"east": {"uv": [5.75, 5.5, 5.25, 5.75], "texture": "#0"},
				"south": {"uv": [5.75, 5.5, 5.25, 5.75], "texture": "#0"},
				"west": {"uv": [5.75, 5.5, 5.25, 5.75], "texture": "#0"},
				"up": {"uv": [5.25, 5.5, 5.75, 5.75], "rotation": 90, "texture": "#0"},
				"down": {"uv": [5.25, 5.5, 5.75, 5.75], "rotation": 270, "texture": "#0"}
			}
		},
		{
			"from": [12, 5.25, 7.5],
			"to": [12.5, 6.25, 8.5],
			"rotation": {"angle": 0, "axis": "y", "origin": [8, 7.96246, 8]},
			"faces": {
				"north": {"uv": [4, 7.25, 4.25, 7.5], "texture": "#0"},
				"east": {"uv": [4, 7.25, 4.25, 7.5], "texture": "#0"},
				"south": {"uv": [4, 7.25, 4.25, 7.5], "texture": "#0"},
				"west": {"uv": [4, 7.25, 4.25, 7.5], "texture": "#0"},
				"up": {"uv": [4, 7.25, 4.25, 7.5], "rotation": 90, "texture": "#0"},
				"down": {"uv": [4, 7.25, 4.25, 7.5], "rotation": 270, "texture": "#0"}
			}
		},
		{
			"from": [12, 6.70848, 5.43939],
			"to": [12.5, 8.20848, 6.43939],
			"rotation": {"angle": -22.5, "axis": "x", "origin": [8, 7.96246, 8]},
			"faces": {
				"north": {"uv": [5.25, 5.5, 5.75, 5.75], "rotation": 270, "texture": "#0"},
				"east": {"uv": [5.25, 5.5, 5.75, 5.75], "rotation": 270, "texture": "#0"},
				"south": {"uv": [5.25, 5.5, 5.75, 5.75], "rotation": 270, "texture": "#0"},
				"west": {"uv": [5.25, 5.5, 5.75, 5.75], "rotation": 270, "texture": "#0"},
				"up": {"uv": [5.25, 5.5, 5.75, 5.75], "texture": "#0"},
				"down": {"uv": [5.25, 5.5, 5.75, 5.75], "rotation": 180, "texture": "#0"}
			}
		},
		{
			"from": [12, 7.20984, 5.54016],
			"to": [12.5, 8.20984, 6.54016],
			"rotation": {"angle": 0, "axis": "z", "origin": [8, 7.96246, 8]},
			"faces": {
				"north": {"uv": [5.25, 5.5, 5.75, 5.75], "rotation": 90, "texture": "#0"},
				"east": {"uv": [5.25, 5.5, 5.75, 5.75], "rotation": 90, "texture": "#0"},
				"south": {"uv": [5.25, 5.5, 5.75, 5.75], "rotation": 90, "texture": "#0"},
				"west": {"uv": [5.25, 5.5, 5.75, 5.75], "rotation": 90, "texture": "#0"},
				"up": {"uv": [5.25, 5.5, 5.75, 5.75], "rotation": 180, "texture": "#0"},
				"down": {"uv": [5.25, 5.5, 5.75, 5.75], "texture": "#0"}
			}
		},
		{
			"from": [12, 9.67492, 8.7706],
			"to": [12.5, 10.67492, 10.2706],
			"rotation": {"angle": 0, "axis": "z", "origin": [8, 7.96246, 8]},
			"faces": {
				"north": {"uv": [4.5, 5.75, 4.25, 6.25], "texture": "#0"},
				"east": {"uv": [4.5, 5.75, 4.25, 6.25], "texture": "#0"},
				"south": {"uv": [4.5, 5.75, 4.25, 6.25], "texture": "#0"},
				"west": {"uv": [4.5, 5.75, 4.25, 6.25], "texture": "#0"},
				"up": {"uv": [4.5, 5.5, 4.25, 6], "rotation": 90, "texture": "#0"},
				"down": {"uv": [4.5, 6, 4.25, 6.25], "rotation": 270, "texture": "#0"}
			}
		},
		{
			"from": [12, 7.24967, 9.36727],
			"to": [12.5, 9.24967, 10.36727],
			"rotation": {"angle": -22.5, "axis": "x", "origin": [8, 7.96246, 8]},
			"faces": {
				"north": {"uv": [5.25, 5.75, 4.75, 5.5], "rotation": 270, "texture": "#0"},
				"east": {"uv": [5.25, 5.75, 4.75, 5.5], "rotation": 270, "texture": "#0"},
				"south": {"uv": [5.25, 5.75, 4.75, 5.5], "rotation": 270, "texture": "#0"},
				"west": {"uv": [5.25, 5.75, 4.75, 5.5], "rotation": 270, "texture": "#0"},
				"up": {"uv": [5.25, 5.75, 4.75, 5.5], "texture": "#0"},
				"down": {"uv": [5.25, 5.75, 4.75, 5.5], "rotation": 180, "texture": "#0"}
			}
		},
		{
			"from": [12, 7.20984, 9.45984],
			"to": [12.5, 8.20984, 10.45984],
			"rotation": {"angle": 0, "axis": "z", "origin": [8, 7.96246, 8]},
			"faces": {
				"north": {"uv": [5.25, 5.75, 5.75, 5.5], "rotation": 90, "texture": "#0"},
				"east": {"uv": [5.25, 5.75, 5.75, 5.5], "rotation": 90, "texture": "#0"},
				"south": {"uv": [5.25, 5.75, 5.75, 5.5], "rotation": 90, "texture": "#0"},
				"west": {"uv": [5.25, 5.75, 5.75, 5.5], "rotation": 90, "texture": "#0"},
				"up": {"uv": [5.25, 5.75, 5.75, 5.5], "rotation": 180, "texture": "#0"},
				"down": {"uv": [5.25, 5.75, 5.75, 5.5], "texture": "#0"}
			}
		},
		{
			"from": [12, 6.70848, 9.56061],
			"to": [12.5, 8.20848, 10.56061],
			"rotation": {"angle": 22.5, "axis": "x", "origin": [8, 7.96246, 8]},
			"faces": {
				"north": {"uv": [5.25, 5.75, 5.75, 5.5], "rotation": 270, "texture": "#0"},
				"east": {"uv": [5.25, 5.75, 5.75, 5.5], "rotation": 270, "texture": "#0"},
				"south": {"uv": [5.25, 5.75, 5.75, 5.5], "rotation": 270, "texture": "#0"},
				"west": {"uv": [5.25, 5.75, 5.75, 5.5], "rotation": 270, "texture": "#0"},
				"up": {"uv": [5.25, 5.75, 5.75, 5.5], "texture": "#0"},
				"down": {"uv": [5.25, 5.75, 5.75, 5.5], "rotation": 180, "texture": "#0"}
			}
		},
		{
			"from": [12, 5.26513, 7.42393],
			"to": [12.5, 6.26513, 8.92393],
			"rotation": {"angle": -22.5, "axis": "x", "origin": [8, 7.96246, 8]},
			"faces": {
				"north": {"uv": [5.25, 5.5, 5.75, 5.75], "texture": "#0"},
				"east": {"uv": [5.25, 5.5, 5.75, 5.75], "texture": "#0"},
				"south": {"uv": [5.25, 5.5, 5.75, 5.75], "texture": "#0"},
				"west": {"uv": [5.25, 5.5, 5.75, 5.75], "texture": "#0"},
				"up": {"uv": [5.75, 5.5, 5.25, 5.75], "rotation": 90, "texture": "#0"},
				"down": {"uv": [5.75, 5.5, 5.25, 5.75], "rotation": 270, "texture": "#0"}
			}
		}
	],
	"display": {
		"thirdperson_righthand": {
			"rotation": [75, 45, 0],
			"scale": [0.375, 0.375, 0.375]
		},
		"thirdperson_lefthand": {
			"rotation": [75, 45, 0],
			"scale": [0.375, 0.375, 0.375]
		},
		"firstperson_righthand": {
			"rotation": [0, 135, 0],
			"scale": [0.4, 0.4, 0.4]
		},
		"firstperson_lefthand": {
			"rotation": [0, 135, 0],
			"scale": [0.4, 0.4, 0.4]
		},
		"ground": {
			"scale": [0.25, 0.25, 0.25]
		},
		"gui": {
			"rotation": [30, 135, 0],
			"translation": [0, -0.25, 0],
			"scale": [0.6, 0.6, 0.6]
		},
		"fixed": {
			"scale": [0.5, 0.5, 0.5]
		}
	},
	"groups": [
		0,
		1,
		2,
		3,
		4,
		5,
		6,
		7,
		8,
		9,
		10,
		{
			"name": "U",
			"origin": [9.04016, 7.95984, 3.5],
			"color": 0,
			"children": [11, 12, 13, 14, 15, 16, 17, 18, 19, 20, 21]
		},
		{
			"name": "U",
			"origin": [9.04016, 7.95984, 3.5],
			"color": 0,
			"children": [22, 23, 24, 25, 26, 27, 28, 29, 30, 31, 32]
		},
		{
			"name": "U",
			"origin": [8, 7.96246, 8],
			"color": 0,
			"children": [33, 34, 35, 36, 37, 38, 39, 40, 41, 42, 43]
		},
		{
			"name": "U",
			"origin": [8, 7.96246, 8],
			"color": 0,
			"children": [44, 45, 46, 47, 48, 49, 50, 51, 52, 53, 54]
		}
	]
}