{
	"credit": "Made with Blockbench",
	"parent": "block/block",
	"texture_size": [64, 64],
	"textures": {
		"0": "umapyoi:block/register_lectern",
		"particle": "umapyoi:block/register_lectern"
	},
	"elements": [
		{
			"from": [0, 0, 0],
			"to": [16, 2, 16],
			"faces": {
				"north": {"uv": [8, 4, 12, 4.5], "texture": "#0", "cullface": "north"},
				"east": {"uv": [8, 4.5, 12, 5], "texture": "#0", "cullface": "east"},
				"south": {"uv": [8, 5, 12, 5.5], "texture": "#0", "cullface": "south"},
				"west": {"uv": [8, 5.5, 12, 6], "texture": "#0", "cullface": "west"},
				"up": {"uv": [4, 4, 0, 0], "texture": "#0"},
				"down": {"uv": [4, 4, 0, 8], "texture": "#0", "cullface": "down"}
			}
		},
		{
			"from": [5, 2, 5],
			"to": [11, 14, 10],
			"faces": {
				"north": {"uv": [4, 6.75, 5.5, 9.75], "texture": "#0"},
				"east": {"uv": [7, 6.75, 8.25, 9.75], "texture": "#0"},
				"south": {"uv": [5.5, 6.75, 7, 9.75], "texture": "#0"},
				"west": {"uv": [0, 8.25, 1.25, 11.25], "texture": "#0"}
			}
		},
		{
			"from": [0.0125, 12, 3],
			"to": [15.9875, 16, 16],
			"rotation": {"angle": -22.5, "axis": "x", "origin": [8, 8, 8]},
			"faces": {
				"north": {"uv": [8, 0, 12, 1], "texture": "#0"},
				"east": {"uv": [8, 2, 11.25, 3], "texture": "#0"},
				"south": {"uv": [8, 1, 12, 2], "texture": "#0"},
				"west": {"uv": [8, 3, 11.25, 4], "texture": "#0"},
				"up": {"uv": [8, 3.25, 4, 0], "texture": "#0"},
				"down": {"uv": [8, 3.25, 4, 6.5], "texture": "#0"}
			}
		}
	],
	"display": {
		"thirdperson_righthand": {
			"rotation": [75, 45, 0],
			"scale": [0.375, 0.375, 0.375]
		},
		"thirdperson_lefthand": {
			"rotation": [75, 45, 0],
			"scale": [0.375, 0.375, 0.375]
		},
		"firstperson_righthand": {
			"rotation": [0, 135, 0],
			"scale": [0.4, 0.4, 0.4]
		},
		"firstperson_lefthand": {
			"rotation": [0, 135, 0],
			"scale": [0.4, 0.4, 0.4]
		},
		"ground": {
			"scale": [0.25, 0.25, 0.25]
		},
		"gui": {
			"rotation": [30, 135, 0],
			"translation": [0, -0.75, 0],
			"scale": [0.55, 0.55, 0.55]
		},
		"fixed": {
			"scale": [0.5, 0.5, 0.5]
		}
	}
}