{
	"credit": "Made with Blockbench",
	"textures": {
		"0": "block/stripped_oak_log",
		"1": "block/cartography_table_side3",
		"2": "block/bookshelf",
		"3": "umapyoi:block/skill_book",
		"particle": "block/stripped_oak_log"
	},
	"elements": [
		{
			"from": [0, 0, 0],
			"to": [1, 12, 1],
			"faces": {
				"north": {"uv": [4, 2, 5, 14], "texture": "#0"},
				"east": {"uv": [6, 2, 7, 14], "texture": "#0"},
				"south": {"uv": [8, 2, 9, 14], "texture": "#0"},
				"west": {"uv": [10, 2, 11, 14], "texture": "#0"},
				"up": {"uv": [4, 3, 5, 4], "texture": "#0"},
				"down": {"uv": [10, 11, 11, 12], "texture": "#0"}
			}
		},
		{
			"from": [15, 0, 0],
			"to": [16, 12, 1],
			"faces": {
				"north": {"uv": [4, 2, 5, 14], "texture": "#0"},
				"east": {"uv": [6, 2, 7, 14], "texture": "#0"},
				"south": {"uv": [8, 2, 9, 14], "texture": "#0"},
				"west": {"uv": [10, 2, 11, 14], "texture": "#0"},
				"up": {"uv": [4, 3, 5, 4], "texture": "#0"},
				"down": {"uv": [10, 11, 11, 12], "texture": "#0"}
			}
		},
		{
			"from": [15, 0, 15],
			"to": [16, 12, 16],
			"faces": {
				"north": {"uv": [4, 2, 5, 14], "texture": "#0"},
				"east": {"uv": [6, 2, 7, 14], "texture": "#0"},
				"south": {"uv": [8, 2, 9, 14], "texture": "#0"},
				"west": {"uv": [10, 2, 11, 14], "texture": "#0"},
				"up": {"uv": [4, 3, 5, 4], "texture": "#0"},
				"down": {"uv": [10, 11, 11, 12], "texture": "#0"}
			}
		},
		{
			"from": [0, 0, 15],
			"to": [1, 12, 16],
			"faces": {
				"north": {"uv": [4, 2, 5, 14], "texture": "#0"},
				"east": {"uv": [6, 2, 7, 14], "texture": "#0"},
				"south": {"uv": [8, 2, 9, 14], "texture": "#0"},
				"west": {"uv": [10, 2, 11, 14], "texture": "#0"},
				"up": {"uv": [4, 3, 5, 4], "texture": "#0"},
				"down": {"uv": [10, 11, 11, 12], "texture": "#0"}
			}
		},
		{
			"from": [1, 0, 1],
			"to": [15, 12, 15],
			"faces": {
				"north": {"uv": [0, 0, 14, 12], "texture": "#0"},
				"east": {"uv": [2, 0, 16, 12], "texture": "#0"},
				"south": {"uv": [4, 0, 18, 12], "texture": "#0"},
				"west": {"uv": [6, 0, 20, 12], "texture": "#0"},
				"up": {"uv": [1, 1, 15, 15], "texture": "#0"},
				"down": {"uv": [1, 1, 15, 15], "texture": "#0"}
			}
		},
		{
			"from": [0, 12, 0],
			"to": [16, 16, 16],
			"faces": {
				"north": {"uv": [0, 4, 16, 8], "texture": "#1"},
				"east": {"uv": [0, 4, 16, 8], "texture": "#1"},
				"south": {"uv": [0, 8, 16, 12], "texture": "#1"},
				"west": {"uv": [0, 8, 16, 12], "texture": "#1"},
				"up": {"uv": [0, 0, 16, 16], "texture": "#1"},
				"down": {"uv": [0, 0, 16, 16], "texture": "#1"}
			}
		},
		{
			"from": [1, 0, 0],
			"to": [15, 12, 1],
			"faces": {
				"north": {"uv": [1, 2, 15, 14], "texture": "#2"},
				"east": {"uv": [0, 2, 1, 14], "texture": "#2"},
				"south": {"uv": [1, 2, 15, 14], "texture": "#2"},
				"west": {"uv": [15, 2, 16, 14], "texture": "#2"},
				"up": {"uv": [2, 0, 14, 1], "texture": "#2"},
				"down": {"uv": [2, 15, 14, 16], "texture": "#2"}
			}
		},
		{
			"from": [1, 0, 15],
			"to": [15, 12, 16],
			"faces": {
				"north": {"uv": [1, 2, 15, 14], "texture": "#2"},
				"east": {"uv": [0, 2, 1, 14], "texture": "#2"},
				"south": {"uv": [1, 2, 15, 14], "texture": "#2"},
				"west": {"uv": [15, 2, 16, 14], "texture": "#2"},
				"up": {"uv": [2, 0, 14, 1], "texture": "#2"},
				"down": {"uv": [2, 15, 14, 16], "texture": "#2"}
			}
		},
		{
			"from": [15, 0, 1],
			"to": [16, 12, 15],
			"rotation": {"angle": 0, "axis": "y", "origin": [8, 6, 8]},
			"faces": {
				"north": {"uv": [0, 2, 1, 14], "texture": "#2"},
				"east": {"uv": [1, 2, 15, 14], "texture": "#2"},
				"south": {"uv": [15, 2, 16, 14], "texture": "#2"},
				"west": {"uv": [1, 2, 15, 14], "texture": "#2"},
				"up": {"uv": [2, 0, 14, 1], "rotation": 270, "texture": "#2"},
				"down": {"uv": [2, 15, 14, 16], "rotation": 90, "texture": "#2"}
			}
		},
		{
			"from": [0, 0, 1],
			"to": [1, 12, 15],
			"rotation": {"angle": 0, "axis": "y", "origin": [8, 6, 8]},
			"faces": {
				"north": {"uv": [0, 2, 1, 14], "texture": "#2"},
				"east": {"uv": [1, 2, 15, 14], "texture": "#2"},
				"south": {"uv": [15, 2, 16, 14], "texture": "#2"},
				"west": {"uv": [1, 2, 15, 14], "texture": "#2"},
				"up": {"uv": [2, 0, 14, 1], "rotation": 270, "texture": "#2"},
				"down": {"uv": [2, 15, 14, 16], "rotation": 90, "texture": "#2"}
			}
		},
		{
			"from": [-3.25, 16.0125, 8.5],
			"to": [10.75, 16.0125, 16.5],
			"rotation": {"angle": 22.5, "axis": "y", "origin": [-5.25, 0, -0.5]},
			"faces": {
				"north": {"uv": [0, 7, 14, 8], "texture": "#3"},
				"east": {"uv": [0, 0, 1, 8], "rotation": 270, "texture": "#3"},
				"south": {"uv": [0, 0, 14, 1], "texture": "#3"},
				"west": {"uv": [13, 0, 14, 8], "rotation": 90, "texture": "#3"},
				"up": {"uv": [0, 0, 14, 8], "rotation": 180, "texture": "#3"},
				"down": {"uv": [0, 0, 14, 8], "rotation": 180, "texture": "#3"}
			}
		},
		{
			"from": [-2.75, 16.0125, 9],
			"to": [10.25, 16.5125, 16],
			"rotation": {"angle": 22.5, "axis": "y", "origin": [-5.25, 0, -0.5]},
			"faces": {
				"north": {"uv": [0, 14, 13, 15], "texture": "#3"},
				"east": {"uv": [0, 8, 1, 15], "rotation": 90, "texture": "#3"},
				"south": {"uv": [0, 8, 13, 9], "texture": "#3"},
				"west": {"uv": [12, 8, 13, 15], "rotation": 90, "texture": "#3"},
				"up": {"uv": [0, 8, 13, 15], "texture": "#3"},
				"down": {"uv": [0, 8, 13, 15], "texture": "#3"}
			}
		}
	],
	"display": {
		"thirdperson_righthand": {
			"rotation": [75, 45, 0],
			"scale": [0.375, 0.375, 0.375]
		},
		"thirdperson_lefthand": {
			"rotation": [75, 45, 0],
			"scale": [0.375, 0.375, 0.375]
		},
		"firstperson_righthand": {
			"rotation": [0, 45, 0],
			"scale": [0.4, 0.4, 0.4]
		},
		"firstperson_lefthand": {
			"rotation": [0, -45, 0],
			"scale": [0.4, 0.4, 0.4]
		},
		"ground": {
			"scale": [0.25, 0.25, 0.25]
		},
		"gui": {
			"rotation": [30, 135, 0],
			"scale": [0.625, 0.625, 0.625]
		},
		"fixed": {
			"scale": [0.25, 0.25, 0.25]
		}
	},
	"groups": [
		0,
		1,
		2,
		3,
		4,
		5,
		6,
		7,
		8,
		9,
		{
			"name": "group",
			"origin": [0, 0, 0],
			"color": 0,
			"children": [10, 11]
		}
	]
}