{
	"credit": "Made with Blockbench",
	"textures": {
		"1": "block/cartography_table_side3",
		"particle": "block/stripped_oak_log"
	},
	"elements": [
		{
			"from": [0, 0, 0],
			"to": [2, 12, 2],
			"faces": {
				"north": {"uv": [2, 2, 4, 14], "texture": "#1"},
				"east": {"uv": [6, 2, 8, 14], "texture": "#1"},
				"south": {"uv": [9, 2, 11, 14], "texture": "#1"},
				"west": {"uv": [13, 2, 15, 14], "texture": "#1"},
				"up": {"uv": [1, 3, 3, 5], "texture": "#1"},
				"down": {"uv": [13, 12, 15, 14], "texture": "#1"}
			}
		},
		{
			"from": [14, 0, 0],
			"to": [16, 12, 2],
			"faces": {
				"north": {"uv": [2, 2, 4, 14], "texture": "#1"},
				"east": {"uv": [6, 2, 8, 14], "texture": "#1"},
				"south": {"uv": [9, 2, 11, 14], "texture": "#1"},
				"west": {"uv": [13, 2, 15, 14], "texture": "#1"},
				"up": {"uv": [1, 3, 3, 5], "texture": "#1"},
				"down": {"uv": [13, 12, 15, 14], "texture": "#1"}
			}
		},
		{
			"from": [14, 0, 14],
			"to": [16, 12, 16],
			"faces": {
				"north": {"uv": [2, 2, 4, 14], "texture": "#1"},
				"east": {"uv": [6, 2, 8, 14], "texture": "#1"},
				"south": {"uv": [9, 2, 11, 14], "texture": "#1"},
				"west": {"uv": [13, 2, 15, 14], "texture": "#1"},
				"up": {"uv": [1, 3, 3, 5], "texture": "#1"},
				"down": {"uv": [13, 12, 15, 14], "texture": "#1"}
			}
		},
		{
			"from": [0, 0, 14],
			"to": [2, 12, 16],
			"faces": {
				"north": {"uv": [2, 2, 4, 14], "texture": "#1"},
				"east": {"uv": [6, 2, 8, 14], "texture": "#1"},
				"south": {"uv": [9, 2, 11, 14], "texture": "#1"},
				"west": {"uv": [13, 2, 15, 14], "texture": "#1"},
				"up": {"uv": [1, 3, 3, 5], "texture": "#1"},
				"down": {"uv": [13, 12, 15, 14], "texture": "#1"}
			}
		},
		{
			"from": [0, 12, 0],
			"to": [16, 16, 16],
			"rotation": {"angle": 0, "axis": "z", "origin": [8, 14, 8]},
			"faces": {
				"north": {"uv": [0, 0, 4, 16], "rotation": 90, "texture": "#1"},
				"east": {"uv": [0, 0, 4, 16], "rotation": 90, "texture": "#1"},
				"south": {"uv": [0, 0, 4, 16], "rotation": 90, "texture": "#1"},
				"west": {"uv": [0, 0, 4, 16], "rotation": 90, "texture": "#1"},
				"up": {"uv": [0, 0, 16, 16], "rotation": 180, "texture": "#1"},
				"down": {"uv": [0, 0, 16, 16], "rotation": 180, "texture": "#1"}
			}
		}
	],
	"groups": [
		0,
		1,
		2,
		3,
		4,
		{
			"name": "group",
			"origin": [0, 0, 0],
			"color": 0,
			"children": []
		},
		{
			"name": "group",
			"origin": [0, 0, 0],
			"color": 0,
			"children": []
		},
		{
			"name": "group",
			"origin": [0, 0, 0],
			"color": 0,
			"children": []
		}
	]
}