{
	"credit": "Made with Blockbench",
	"texture_size": [64, 64],
	"textures": {
		"0": "umapyoi:block/training_terminal_off",
		"particle": "umapyoi:block/training_terminal_off"
	},
	"elements": [
		{
			"from": [0, 0, 0],
			"to": [16, 6, 16],
			"rotation": {"angle": 0, "axis": "y", "origin": [5.11209, 17.5, 10.42284]},
			"faces": {
				"north": {"uv": [7, 1.5, 11, 3], "texture": "#0"},
				"east": {"uv": [11, 0, 7, 1.5], "texture": "#0"},
				"south": {"uv": [4, 6, 8, 7.5], "texture": "#0"},
				"west": {"uv": [7, 0, 11, 1.5], "texture": "#0"},
				"up": {"uv": [4, 4, 0, 0], "rotation": 90, "texture": "#0"},
				"down": {"uv": [4, 4, 0, 8], "rotation": 270, "texture": "#0"}
			}
		},
		{
			"from": [4, 6, 11],
			"to": [16, 15, 14],
			"rotation": {"angle": 0, "axis": "y", "origin": [5.11209, 17.5, 10.42284]},
			"faces": {
				"north": {"uv": [4, 2.25, 7, 4.5], "texture": "#0"},
				"east": {"uv": [8.5, 7.5, 9.25, 9.75], "texture": "#0"},
				"south": {"uv": [4, 0, 7, 2.25], "texture": "#0"},
				"west": {"uv": [7.5, 7.5, 8.25, 9.75], "texture": "#0"},
				"up": {"uv": [4.75, 10.5, 4, 7.5], "rotation": 90, "texture": "#0"},
				"down": {"uv": [4.75, 7.5, 4, 10.5], "rotation": 270, "texture": "#0"}
			}
		},
		{
			"from": [1, 8, 12],
			"to": [6, 14, 13],
			"rotation": {"angle": -22.5, "axis": "y", "origin": [5.11209, 17.5, 10.42284]},
			"faces": {
				"north": {"uv": [5.5, 7.5, 6.75, 9], "texture": "#0"},
				"east": {"uv": [0, 8, 0.25, 9.5], "texture": "#0"},
				"south": {"uv": [7, 3, 8.25, 4.5], "texture": "#0"},
				"west": {"uv": [0.25, 8, 0.5, 9.5], "texture": "#0"},
				"up": {"uv": [0.75, 9.25, 0.5, 8], "rotation": 90, "texture": "#0"},
				"down": {"uv": [1, 8, 0.75, 9.25], "rotation": 270, "texture": "#0"}
			}
		}
	],
	"display": {
		"thirdperson_righthand": {
			"rotation": [0, 180, 0],
			"scale": [0.5, 0.5, 0.5]
		},
		"thirdperson_lefthand": {
			"rotation": [0, 180, 0],
			"scale": [0.5, 0.5, 0.5]
		},
		"firstperson_righthand": {
			"rotation": [0, 120, 0],
			"scale": [0.75, 0.75, 0.75]
		},
		"firstperson_lefthand": {
			"rotation": [0, 120, 0],
			"scale": [0.75, 0.75, 0.75]
		},
		"ground": {
			"scale": [0.5, 0.5, 0.5]
		},
		"gui": {
			"rotation": [22.5, 135, 0],
			"scale": [0.6, 0.6, 0.6]
		},
		"head": {
			"translation": [0, 14.75, 0]
		},
		"fixed": {
			"translation": [0, 0, -1.75],
			"scale": [0.5, 0.5, 0.5]
		}
	},
	"groups": [
		{
			"name": "group",
			"origin": [8, 8, 8],
			"color": 0,
			"children": [0, 1, 2]
		}
	]
}