{
    "name": "服装",
    "icon": "umapyoi:summer_uniform",
    "category": "umapyoi:others",
    "sortnum": 1,
    "pages": [
        {
            "type": "patchouli:text",
            "text": "变身为马娘之后，你可以穿上专门为马娘所设计的各类服装。因为有了马娘的样貌，所以穿上她们的服装合情合理。$(p)村里的牧羊人会批发一些马娘的服装，毕竟马娘的数量也在日益增加。$(p)除了从村民那边购买服装，也可以自己去制作一些服装。"
        },
        {
          "type": "patchouli:crafting",
          "recipe": "umapyoi:summer_uniform",
          "text": "经典中的经典中的经典"
        },
        {
          "type": "patchouli:crafting",
          "recipe": "umapyoi:winter_uniform",
          "text": "冬天穿起来还是会有点冷"
        },
        {
          "type": "patchouli:crafting",
          "recipe": "umapyoi:trainning_suit",
          "text": "最适合运动的一集"
        }
    ]
}
