{
    "name": "우마무스메 대좌",
    "icon": "umapyoi:uma_pedestal",
    "category": "umapyoi:uma_soul",
    "sortnum": 2,
    "pages": [
        {
            "type": "patchouli:text",
            "text": "우마무스메 대좌는 세 여신에게 공물을 바치는 데 사용되는 대좌입니다.$(p) 우마무스메 소울이 처음 등장한 후 세 여신에게 공물을 바치는 대좌가 완성되면서 세련되면서 아름다운 디자인으로 절정을 이뤘습니다. 대좌의 주 목적은 세 여신에게 우마무스메 소울을 내려달라고 기도하는 것이었고, 그래서 이 대좌는 \"트레이너들\" 의 말에 따르면 뽑기 대좌 - 우마무스메 소울을 뽑는 대좌라고도 불렸다고 합니다!"
        },
        {
            "type": "patchouli:text",
            "text": "쥬얼이나 \"우마 티켓\", 한 번의 변화 후에 \"빛바랜 우마무스메 소울\" 을 얻게 됩니다. $(p)그러나 만약 책이 우마무스메 대좌에 놓여 있다면, 책은 즉시 변해 공중에 떠 있는 파란색 표지의 책이 되어 뽑기 대좌의 일부가 됩니다. 우마무스메 소울을 얻는 대신, 대좌는 서포트 카드를 내놓게 됩니다. 서포트 카드는 \"훈련용\" 아이템으로서 매우 중요합니다."
        },
        {
            "type": "patchouli:text",
            "text": "우마무스메 대좌는 금과 은의 두 가지 색상으로 존재하며 금 받침대만 보라색 이름으로 뜨는 가장 희귀한 아이템을 내놓습니다. $(p)$(p)$(#f00)$(l) 뽑기를 할 때 당신의 보조 프롭을 내려놓음으로서 경건함을 보여주시길 바랍니다. $()"
        },
        {
            "type": "patchouli:crafting",
            "recipe": "umapyoi:silver_uma_pedestal",
            "recipe2": "umapyoi:uma_pedestal",
            "title": "기적은 공짜로 찾아오지 않아요!"
        }
    ]
}
