{
    "name": "序言",
    "icon": "umapyoi:blank_uma_soul",
    "category": "umapyoi:prologue",
    "sortnum": 0,
    "pages": [
        {
            "type": "patchouli:text",
            "text": "根據村民的傳説，在我們踏上這片土地之前有一羣“長有馬耳，如有神力”的人曾經居住過。這羣人聲稱他們受到了“三女神”的指引而來到此處。因為所有長有馬耳的人都是女性、都擁有如同良馬般的速度，所以村民們將其稱為“馬娘”。$(br2)她們在無垠的草地之上疾馳，消失在了遠方，只留下些許痕跡……"
        },
        {
            "type": "patchouli:text",
            "text": "因為這些馬孃的存在，一些村民開始信仰起“三女神”，希望女神能給予他們同等的力量。$(p)這些村民不僅建造了三女神的神像、向女神像供奉馬娘們喜愛的胡蘿蔔、而且還根據胡蘿蔔的形狀雕刻出寶石以獻給女神。"
        },
        {
            "type": "patchouli:text",
            "text": "一次向女神像供奉寶石的時候，寶石突然發生了劇烈的變化，變成了如同火焰般的晶體。祭司在眾人的面前舉起晶體，一瞬間變成了 “馬娘”。眾人驚呼。$(p)今天，我們與“馬娘”的意志，在這片未知的土地上繼續奔跑……"
        }
    ]
}
