{
    "name": "屬性與技能",
    "icon": "umapyoi:skill_book",
    "category": "umapyoi:training",
    "sortnum": 1,
    "pages": [
        {
            "type": "patchouli:text",
            "text": "馬娘之魂有五種基礎的屬性，還有一些其他相關聯的額外屬性和“技能”。$(p)五種基礎屬性分別是：$(#57C3F9)速度$()、$(#FE6C55)耐力$()、$(#FFAE1F)力量$()、$(#FF8AAF)毅力$()和$(#23E0A7)智力$()。$(p)基礎屬性是衡量馬娘能力高低的主要指標，如何進一步提高基礎屬性是訓練員的一大重要課題。"
        },
        {
            "type": "patchouli:text",
            "text": "$(#57C3F9)速度$()主要控制移動的速度；$(#FE6C55)耐力$()主要控制生命值的上限與飢餓的速度；$(#FFAE1F)力量$()主要控制攻擊所造成的傷害；$(#FF8AAF)毅力$()則會帶來額外的護甲值；$(#23E0A7)智力$()則影響技能的學習與行動力的上限。"
        },
        {
            "type": "patchouli:text",
            "text": "有的時候，不同的馬娘在相同的基礎屬性水平下擁有不同的效果。$(p)這是因為每一個馬娘在不同屬性方面有不同加成，與她們原本所擅長的領域有關。"
        },
        {
            "type": "patchouli:text",
            "text": "除了基礎屬性，還有一些額外的屬性。這些屬性分別是：“體質”、“悟性”、“記憶力”和“行動力”。$(p)$(#f00)$(l)這些額外屬性無法直接通過因子繼承之外的方式提升。$()"
        },
        {
            "type": "patchouli:text",
            "text": "體質決定該馬娘之魂可訓練的次數，體質越高則可以進行的訓練越多；$(br)悟性決定可閲讀訓練書的次數；$(br)記憶力決定了可學習技能的數量；$(br)行動力則允許馬娘在同一時間段內使用更多的技能。"
        },
        {
            "type": "patchouli:text",
            "text": "技能是衡量馬娘能力的另一個重要指標。除去馬娘之魂當中自帶的技能，我們將其稱為固有技能，其他的所有技能都需要後天進行學習。$(p)合適的時機下，合適的技能是扭轉局勢的關鍵。所以技能對於一個馬娘而言有時甚至比屬性更加重要。"
        },
        {
            "type": "patchouli:text",
            "text": "技能有四種類型：增益型、回覆型、阻礙型和被動型。增益型主要對自身或附近實體提供增益效果；回覆型主要對自身或附近實體提供狀態恢復；阻礙型則會對其他實體帶來負面效果或直接造成傷害。$(p)通常阻礙型技能不會對自身帶來負面影響。$(p)被動型技能不能主動觸發技能效果，相反，被動型技能會根據具體場合自動發動。"
        },
        {
            "type": "patchouli:image",
            "images": ["umapyoi:textures/book_images/skills.png"],
            "text": "按下$(k:key.umapyoi.use_skill)使用技能，按$(k:key.umapyoi.select_former_skill)和$(k:key.umapyoi.select_latter_skill)切換技能。"
        },
        {
            "type": "patchouli:text",
            "text": "有三種方式可以獲得技能：因子繼承、訓練和單獨學習。$(p)其中前兩者需要對應的因子或訓練項目，且不能保證馬娘能夠學會該技能，但它們不需要任何智力基礎。單獨學習技能需要技能書和技能學習台，通過消耗技能書的方式學會技能。這種方式雖然需要一定智力作為基礎，但絕對保證可以學會一項技能。"
        },
        {
          "type": "patchouli:text",
          "text": "技能的使用消耗行動力，如果行動力不足將無法使用技能。$(p)行動力的上限與智力水平直接相關，提高智力可以獲得大量的行動力上限。同樣，有些支援卡也會提供增加行動力上限的訓練項目。"
        },
        {
          "type": "patchouli:text",
          "text": "一個馬娘可以學習的技能是有限的。如果技能數到達了上限，則無法學會其他技能。$(p)$(#f00)$(l)技能無法取消學習，所以對技能的安排需要謹慎，請合理規劃。$()"
        },
        {
            "type": "patchouli:crafting",
            "recipe": "umapyoi:skill_learning_table",
            "text": "技能書的話自己去箱子裏找找看，或者問問路邊的訓練員。"
        }
    ]
}
