{
    "name": "支援卡",
    "icon": "umapyoi:support_card",
    "category": "umapyoi:training",
    "sortnum": 2,
    "pages": [
        {
            "type": "patchouli:text",
            "text": "支援卡是一種神奇的卡片，可以直接為本格化中的馬娘之魂提供力量。$(p)我們有理由相信支援卡記載着一段段過去馬娘在這個世界上，或者在我們所不知道的世界上所經歷過的各種事件。事實上，從支援卡當中提取出來的一些文字證實着這一點。"
        },
        {
            "type": "patchouli:text",
            "text": "支援卡主要是為馬娘之魂提供力量。在今天，這一過程十分方便：只需要在訓練終端內提前插入好支援卡即可。$(p)啓動訓練終端之後，終端會將支援卡內記錄的事件與經驗輸入到馬娘之魂當中，轉化為馬娘之魂的力量。$(p)這些卡片幫助着訓練員們實施訓練，因此得名“支援卡”，即提供訓練支援的卡片。"
        },
        {
            "type": "patchouli:text",
            "text": "支援卡的內容大致分為兩大塊：“支援者”和“支援項”。$(p)支援者上記錄着該支援卡對應的人物，而支援項則是記錄着該支援卡能夠提供的所有能力，例如屬性增強和技能。"
        },
        {
            "type": "patchouli:text",
            "text": "因為會出現衝突反應，出現了同一人物的兩張不同支援卡不能同時使用，更不能同時使用兩張完全一致的支援卡。$(p)若一張支援卡上沒有任何的支援者，則代表該支援卡能和除去它自身之外的所有支援卡一起使用。"
        },
        {
            "type": "patchouli:text",
            "text": "支援卡存在不同的種類。除了對應着基礎屬性的五大類型——速度、耐力、力量、毅力和智力的屬性卡，同時還有友人卡和團隊卡。$(p)其中只有團隊卡會出現多名支援者。"
        },
        {
            "type": "patchouli:text",
            "text": "屬性卡除了能提供大量屬性外還有可能提供可供學習的技能；友人卡不會提供大量的基礎屬性，但是能提供特殊的支援項。$(p)團隊卡則可以提供大量的屬性和特別的支援項，但是存在多名支援者導致極其容易發生衝突。"
        },
        {
            "type": "patchouli:text",
            "text": "支援卡的使用雖然便利，但是有兩個重要的問題：“支援者”衝突和損耗。$(p)正如同支援卡之間會發生衝突一樣，馬娘之魂也有可能會和支援卡發生衝突。如果待訓練的馬娘與訓練終端內任何一張支援卡的任意一名支援者出現衝突，則無法啓動訓練終端。"
        },
        {
          "type": "patchouli:text",
          "text": "支援卡無法長期使用訓練終端進行讀取，所以實際使用當中會出現損耗。$(p)當支援卡使用壽命到達極限時，支援卡會自行破碎並消失。$(p)可以通過任意蹄鐵水晶進行修復，但不能將兩張支援卡通過合成台進行修復——只會導致修復成一張廢卡。廢卡只能回收為銀色的蹄鐵水晶，還請注意這一點。"
        },
        {
          "type": "patchouli:text",
          "text": "砂輪似乎可以將兩張不同的支援卡修復成完好的支援卡，同時不會導致廢卡情況出現。$(p)正因為如此，很多訓練員也會借用村民的砂輪幫助修卡。"
        }
    ]
}
