{
    "name": "傳統的訓練方式",
    "icon": "umapyoi:speed_high_item",
    "category": "umapyoi:training",
    "sortnum": 3,
    "pages": [
        {
            "type": "patchouli:text",
            "text": "過去有一種儀式般的訓練方式，但是現在只剩下來一些古人留下的文字記錄和經驗。$(p)這些文字記錄經過修復之後被重新排版成幫助訓練的書籍或卷軸，統稱訓練書，目前在村裏的訓練員當中十分流行。"
        },
        {
            "type": "patchouli:text",
            "text": "但要利用這些訓練書進行訓練，則需要先變身為馬娘再進行閲讀。閲讀的過程中人與馬娘將一同學習文中的知識從而增強馬孃的能力。$(p)文中的知識畢竟是有限的，所以閲讀訓練書到一定程度之後則無法繼續增長能力，這一點還請注意。"
        }
    ]
}
