{
    "name": "訓練終端",
    "icon": "umapyoi:training_facility",
    "category": "umapyoi:training",
    "sortnum": 0,
    "pages": [
        {
            "type": "patchouli:text",
            "text": "雖然馬娘之魂有着我們至今仍然未知的可能性，但有一點是肯定的：剛剛恢復光芒的馬娘之魂並不能展現出全部的力量。$(p)引導馬娘之魂“本格化”，將其中的力量最大程度引導出來的過程是目前馬娘之魂研究的一大課題。這個過程我們稱之為“訓練”，為這些馬娘之魂訓練的人稱之為“訓練員”。"
        },
        {
            "type": "patchouli:text",
            "text": "在馬娘之魂沒有完成本格化之前，其內在的力量無法完全作用到使用者身上。$(p)從這一方面而言，本格化的實質是解放出一個馬娘之魂內在的全部力量，訓練則是積蓄力量、蓄勢待發。"
        },
        {
            "type": "patchouli:text",
            "text": "目前流行的訓練設備是最新設計的新型訓練終端，它是全訓練員數年研究的心血結晶。$(p)該終端最大的特點是可以同時插入六張不同的支援卡進行訓練過程，且實現了全過程的自動化。$(p)只需要插入預設的支援卡，放入待訓練的馬娘之魂，最後啓動終端就可以進行自動化訓練。"
        },
        {
            "type": "patchouli:text",
            "text": "一些守舊的訓練員們堅持使用傳統的訓練方式，但他們仍舊會使用這些機器進行訓練。你可以在村莊裏找到他們。$(p)村裏的訓練員們會和你交易一些訓練過程當中可能會用到的東西。"
        },
        {
            "type": "patchouli:crafting",
            "recipe": "umapyoi:training_facility",
            "text": "出於技術性原因，$(#f00)$(l)訓練終端一經啓動無法主動取消！$()$(p)若需要強行取消訓練，則需要將正在訓練的馬娘之魂移出訓練終端。"
        }
    ]
}
