{
    "name": "因子继承",
    "icon": "umapyoi:three_goddess",
    "category": "umapyoi:inherit",
    "sortnum": 2,
    "pages": [
        {
            "type": "patchouli:text",
            "text": "根据村民的传说：马娘曾在三女神像之下听到了三女神的指引，看见了一对身影奔向远方闪耀着的光芒。$(p)实际来说，三女神像在为马娘之魂赐福的同时，也在使马娘的意志得到继承。所以说，三女神像是“因子继承”的场所。"
        },
        {
            "type": "patchouli:text",
            "text": "要进行因子继承，首先需要准备两个不同马娘的意志。$(p)只有一个意志、两个意志所对应的马娘冲突或者待继承的马娘之魂和意志冲突都会导致无法进行因子继承。$(p)无法进行因子继承也会直接导致赐福无法进行。"
        },
        {
            "type": "patchouli:text",
            "text": "因子继承是有概率的。等级越高的因子更有可能被有效继承、因子数量越多可以被有效继承的可能性也越大。$(p)因子继承可以突破原有马娘之魂能力的上限，让马娘之魂的能力达到一个全新的高度。这是训练过程所很难实现的。所以有经验的训练员同时看重训练和继承。"
        }
    ]
}
