{
    "name": "育成登记台",
    "icon": "umapyoi:register_lectern",
    "category": "umapyoi:inherit",
    "sortnum": 0,
    "pages": [
        {
            "type": "patchouli:text",
            "text": "育成登记台是结束训练、完成本格化时需要用到的台座。训练员通过记录马娘魂的各项信息来完成评估，之后完成本格化并收集该马娘魂的“意志”。$(p)马娘之魂本格化完成之后，总体评分将被决定下来。通常而言，评分越高能力越强，能够留下的意志也就越强。所以请尽可能提高马娘的评分。"
        },
        {
            "type": "patchouli:text",
            "text": "完成本格化时，由于一些我们未能探究出来的原因，附魔的结果可能会发生变化。$(p)根据调查来看，每一次本格化都会改变对同一件物品附魔的预测结果。但这一影响只影响实行本格化的人，而不会影响其他人。$(p)反之，附魔也会影响本格化会获取到的因子。"
        },
        {
            "type": "patchouli:text",
            "text": "众所周知，马娘之魂的成长是有极限的，人的成长也是如此。$(p)人的成长要得到突破，不仅仅需要个人的努力，还需要众人给予鼓励、指导和指引；对于马娘之魂而言也是如此——需要不同马娘的意志指引着新的马娘不断前进，创下新的突破。"
        },
        {
            "type": "patchouli:crafting",
            "recipe": "umapyoi:register_lectern",
            "text": "完成本格化之后该马娘之魂成长完全停止，包括属性增长、技能学习等。"
        }
    ]
}
