{
    "name": "马娘的意志",
    "icon": "umapyoi:uma_factor_item",
    "category": "umapyoi:inherit",
    "sortnum": 1,
    "pages": [
        {
            "type": "patchouli:text",
            "text": "马娘的意志是本格化的副产物，这些蓝色的结晶寄宿着原来马娘之魂对未来的期盼。$(p)马娘的意志内除了原有的名字之外，还有着一些“因子”。“因子”是能够被继承下来的能力，也是即将被传承下去的精神所在。"
        },
        {
            "type": "patchouli:text",
            "text": "每一个马娘的意志都必定会有一个主属性因子、一个额外属性因子和一个固有技能因子，记录的时候分别使用蓝色字体、粉红色字体和绿色字体表示。$(p)其他因子有可能会根据技能的数量、评分的高低和其他有待进一步考究的方面有关，这些因子使用灰白色字体表示。"
        },
        {
            "type": "patchouli:text",
            "text": "额外属性因子和灰白色因子在因子继承中有概率不会被完全继承。$(p)部分因子有可能完全没有被继承到，所以因子继承本身是存在一定幸运因素的。$(p)实际来看，能完整继承所有因子的马娘之魂并不多见。"
        },
        {
            "type": "patchouli:text",
            "text": "总体而言，评分越高的马娘所留下的意志越强。意志的强弱表现在因子的数量和因子的等级。越强的意志拥有更多数量、更高等级的因子。"
        }
    ]
}
