{
    "name": "属性与技能",
    "icon": "umapyoi:skill_book",
    "category": "umapyoi:training",
    "sortnum": 1,
    "pages": [
        {
            "type": "patchouli:text",
            "text": "马娘之魂有五种基础的属性，还有一些其他相关联的额外属性和“技能”。$(p)五种基础属性分别是：$(#57C3F9)速度$()、$(#FE6C55)耐力$()、$(#FFAE1F)力量$()、$(#FF8AAF)毅力$()和$(#23E0A7)智力$()。$(p)基础属性是衡量马娘能力高低的主要指标，如何进一步提高基础属性是训练员的一大重要课题。"
        },
        {
            "type": "patchouli:text",
            "text": "$(#57C3F9)速度$()主要控制移动的速度；$(#FE6C55)耐力$()主要控制生命值的上限与饥饿的速度；$(#FFAE1F)力量$()主要控制攻击所造成的伤害；$(#FF8AAF)毅力$()则会带来额外的护甲值；$(#23E0A7)智力$()则影响技能的学习与行动力的上限。"
        },
        {
            "type": "patchouli:text",
            "text": "有的时候，不同的马娘在相同的基础属性水平下拥有不同的效果。$(p)这是因为每一个马娘在不同属性方面有不同加成，与她们原本所擅长的领域有关。"
        },
        {
            "type": "patchouli:text",
            "text": "除了基础属性，还有一些额外的属性。这些属性分别是：“体质”、“悟性”、“记忆力”和“行动力”。$(p)$(#f00)$(l)这些额外属性无法直接通过因子继承之外的方式提升。$()"
        },
        {
            "type": "patchouli:text",
            "text": "体质决定该马娘之魂可训练的次数，体质越高则可以进行的训练越多；$(br)悟性决定可阅读训练书的次数；$(br)记忆力决定了可学习技能的数量；$(br)行动力则允许马娘在同一时间段内使用更多的技能。"
        },
        {
            "type": "patchouli:text",
            "text": "技能是衡量马娘能力的另一个重要指标。除去马娘之魂当中自带的技能，我们将其称为固有技能，其他的所有技能都需要后天进行学习。$(p)合适的时机下，合适的技能是扭转局势的关键。所以技能对于一个马娘而言有时甚至比属性更加重要。"
        },
        {
            "type": "patchouli:text",
            "text": "技能有四种类型：增益型、回复型、阻碍型和被动型。增益型主要对自身或附近实体提供增益效果；回复型主要对自身或附近实体提供状态恢复；阻碍型则会对其他实体带来负面效果或直接造成伤害。$(p)通常阻碍型技能不会对自身带来负面影响。$(p)被动型技能不能主动触发技能效果，相反，被动型技能会根据具体场合自动发动。"
        },
        {
            "type": "patchouli:image",
            "images": ["umapyoi:textures/book_images/skills.png"],
            "text": "按下$(k:key.umapyoi.use_skill)使用技能，按$(k:key.umapyoi.select_former_skill)和$(k:key.umapyoi.select_latter_skill)切换技能。"
        },
        {
            "type": "patchouli:text",
            "text": "有三种方式可以获得技能：因子继承、训练和单独学习。$(p)其中前两者需要对应的因子或训练项目，且不能保证马娘能够学会该技能，但它们不需要任何智力基础。单独学习技能需要技能书和技能学习台，通过消耗技能书的方式学会技能。这种方式虽然需要一定智力作为基础，但绝对保证可以学会一项技能。"
        },
        {
          "type": "patchouli:text",
          "text": "技能的使用消耗行动力，如果行动力不足将无法使用技能。$(p)行动力的上限与智力水平直接相关，提高智力可以获得大量的行动力上限。同样，有些支援卡也会提供增加行动力上限的训练项目。"
        },
        {
          "type": "patchouli:text",
          "text": "一个马娘可以学习的技能是有限的。如果技能数到达了上限，则无法学会其他技能。$(p)$(#f00)$(l)技能无法取消学习，所以对技能的安排需要谨慎，请合理规划。$()"
        },
        {
            "type": "patchouli:crafting",
            "recipe": "umapyoi:skill_learning_table",
            "text": "技能书的话自己去箱子里找找看，或者问问路边的训练员。"
        }
    ]
}
