{
    "name": "支援卡",
    "icon": "umapyoi:support_card",
    "category": "umapyoi:training",
    "sortnum": 2,
    "pages": [
        {
            "type": "patchouli:text",
            "text": "支援卡是一种神奇的卡片，可以直接为本格化中的马娘之魂提供力量。$(p)我们有理由相信支援卡记载着一段段过去马娘在这个世界上，或者在我们所不知道的世界上所经历过的各种事件。事实上，从支援卡当中提取出来的一些文字证实着这一点。"
        },
        {
            "type": "patchouli:text",
            "text": "支援卡主要是为马娘之魂提供力量。在今天，这一过程十分方便：只需要在训练终端内提前插入好支援卡即可。$(p)启动训练终端之后，终端会将支援卡内记录的事件与经验输入到马娘之魂当中，转化为马娘之魂的力量。$(p)这些卡片帮助着训练员们实施训练，因此得名“支援卡”，即提供训练支援的卡片。"
        },
        {
            "type": "patchouli:text",
            "text": "支援卡的内容大致分为两大块：“支援者”和“支援项”。$(p)支援者上记录着该支援卡对应的人物，而支援项则是记录着该支援卡能够提供的所有能力，例如属性增强和技能。"
        },
        {
            "type": "patchouli:text",
            "text": "因为会出现冲突反应，出现了同一人物的两张不同支援卡不能同时使用，更不能同时使用两张完全一致的支援卡。$(p)若一张支援卡上没有任何的支援者，则代表该支援卡能和除去它自身之外的所有支援卡一起使用。"
        },
        {
            "type": "patchouli:text",
            "text": "支援卡存在不同的种类。除了对应着基础属性的五大类型——速度、耐力、力量、毅力和智力的属性卡，同时还有友人卡和团队卡。$(p)其中只有团队卡会出现多名支援者。"
        },
        {
            "type": "patchouli:text",
            "text": "属性卡除了能提供大量属性外还有可能提供可供学习的技能；友人卡不会提供大量的基础属性，但是能提供特殊的支援项。$(p)团队卡则可以提供大量的属性和特别的支援项，但是存在多名支援者导致极其容易发生冲突。"
        },
        {
            "type": "patchouli:text",
            "text": "支援卡的使用虽然便利，但是有两个重要的问题：“支援者”冲突和损耗。$(p)正如同支援卡之间会发生冲突一样，马娘之魂也有可能会和支援卡发生冲突。如果待训练的马娘与训练终端内任何一张支援卡的任意一名支援者出现冲突，则无法启动训练终端。"
        },
        {
          "type": "patchouli:text",
          "text": "支援卡无法长期使用训练终端进行读取，所以实际使用当中会出现损耗。$(p)当支援卡使用寿命到达极限时，支援卡会自行破碎并消失。$(p)可以通过任意蹄铁水晶进行修复，但不能将两张支援卡通过合成台进行修复——只会导致修复成一张废卡。废卡只能回收为银色的蹄铁水晶，还请注意这一点。"
        },
        {
          "type": "patchouli:text",
          "text": "砂轮似乎可以将两张不同的支援卡修复成完好的支援卡，同时不会导致废卡情况出现。$(p)正因为如此，很多训练员也会借用村民的砂轮帮助修卡。"
        }
    ]
}
