{
    "name": "训练终端",
    "icon": "umapyoi:training_facility",
    "category": "umapyoi:training",
    "sortnum": 0,
    "pages": [
        {
            "type": "patchouli:text",
            "text": "虽然马娘之魂有着我们至今仍然未知的可能性，但有一点是肯定的：刚刚恢复光芒的马娘之魂并不能展现出全部的力量。$(p)引导马娘之魂“本格化”，将其中的力量最大程度引导出来的过程是目前马娘之魂研究的一大课题。这个过程我们称之为“训练”，为这些马娘之魂训练的人称之为“训练员”。"
        },
        {
            "type": "patchouli:text",
            "text": "在马娘之魂没有完成本格化之前，其内在的力量无法完全作用到使用者身上。$(p)从这一方面而言，本格化的实质是解放出一个马娘之魂内在的全部力量，训练则是积蓄力量、蓄势待发。"
        },
        {
            "type": "patchouli:text",
            "text": "目前流行的训练设备是最新设计的新型训练终端，它是全训练员数年研究的心血结晶。$(p)该终端最大的特点是可以同时插入六张不同的支援卡进行训练过程，且实现了全过程的自动化。$(p)只需要插入预设的支援卡，放入待训练的马娘之魂，最后启动终端就可以进行自动化训练。"
        },
        {
            "type": "patchouli:text",
            "text": "一些守旧的训练员们坚持使用传统的训练方式，但他们仍旧会使用这些机器进行训练。你可以在村庄里找到他们。$(p)村里的训练员们会和你交易一些训练过程当中可能会用到的东西。"
        },
        {
            "type": "patchouli:crafting",
            "recipe": "umapyoi:training_facility",
            "text": "出于技术性原因，$(#f00)$(l)训练终端一经启动无法主动取消！$()$(p)若需要强行取消训练，则需要将正在训练的马娘之魂移出训练终端。"
        }
    ]
}
