{
    "name": "传统的训练方式",
    "icon": "umapyoi:speed_high_item",
    "category": "umapyoi:training",
    "sortnum": 3,
    "pages": [
        {
            "type": "patchouli:text",
            "text": "过去有一种仪式般的训练方式，但是现在只剩下来一些古人留下的文字记录和经验。$(p)这些文字记录经过修复之后被重新排版成帮助训练的书籍或卷轴，统称训练书，目前在村里的训练员当中十分流行。"
        },
        {
            "type": "patchouli:text",
            "text": "但要利用这些训练书进行训练，则需要先变身为马娘再进行阅读。阅读的过程中人与马娘将一同学习文中的知识从而增强马娘的能力。$(p)文中的知识毕竟是有限的，所以阅读训练书到一定程度之后则无法继续增长能力，这一点还请注意。"
        }
    ]
}
