{
    "name": "因子継承",
    "icon": "umapyoi:three_goddess",
    "category": "umapyoi:inherit",
    "sortnum": 2,
    "pages": [
        {
            "type": "patchouli:text",
            "text": "伝説によると、ウマ娘は三女神像の下で三女神の導きを聞き、遠くに走ってくる二人の人影が明るく輝いているのを見たそうです。 $(p) 実は三女神像はウマ娘のソウルを祝福すると同時に、想いも継承させているのです。 したがって、三女神像は「因子継承」の場所です。"
        },
        {
            "type": "patchouli:text",
            "text": "因子継承を行うには、まず2種類のウマ娘の想いを用意する必要があります。 $(p)　想いが1つしかない場合、または競合が発生すると、因子の継承が実行できなくなります。 $(p) 因子の継承を実行できないことは、プロセスを実行できなくなることに直結します。"
        },
        {
            "type": "patchouli:text",
            "text": "因子の継承は確率です。 レベルが高いほど有効に継承される可能性が高く、有効に継承できるファクターの数が多いほど有効に継承される可能性が高くなります。 $(p) 因子継承はオリジナルのウマ娘ソウルの能力の上限を突破し、まったく新しいレベルに引き上げることができます。 これはトレーニングプロセスでは達成するのが難しいことです。 だからこそ、経験豊富なトレーナーはトレーニングと継承の両方を重視します。"
        }
    ]
}
