{
    "name": "引退登録台",
    "icon": "umapyoi:register_lectern",
    "category": "umapyoi:inherit",
    "sortnum": 0,
    "pages": [
        {
            "type": "patchouli:text",
            "text": "引退登録台は、訓練の最後に使用される設備であり、そこでトレーナーは魂に関するすべての情報を記録することで評価を完了し、その後、魂の「想い」を作成します。$(p)完全に引退した後、 総合ランキクを決定します。 一般的にランクが高いほど能力が高く、継承する因子が強くなります。 なのでできるだけランクを上げてください。"
        },
        {
            "type": "patchouli:text",
            "text": "何らかの理由で、引退後にエンチャントの結果が変更される場合があります。 $(p) 調査によると、登録ごとに同じアイテムをエンチャントした場合の予測結果が変化するようです。 ただしこの効果は登録を行った本人のみに影響し、他の人には影響しません。 $(p) 逆に、エンチャントは次に獲得する要素の結果にも影響します。（簡単に言うと別の魂を引退させれば引退時の継承因子を再抽選することができます。）"
        },
        {
            "type": "patchouli:text",
            "text": "魂の成長には限界があることはよく知られていますが、人間の成長にも同じことが言えます。 $(p) 人間の成長において画期的な進歩を遂げるには、個人の努力以上のものが必要です。 すべての人からの励まし、導き、指示が必要です。 そして同じことが魂にも当てはまります。彼らの後に続く人々が前進を続け、新たな突破口を開くように導くには、別の種類の想いが必要です。"
        },
        {
            "type": "patchouli:crafting",
            "recipe": "umapyoi:register_lectern",
            "text": "引退後のウマ娘魂は、ステータスの成長やスキルの習得などの成長が完全に停止します。"
        }
    ]
}
