{
    "name": "이적 독서대",
    "icon": "umapyoi:disassembly_block",
    "category": "umapyoi:others",
    "sortnum": 0,
    "pages": [
        {
            "type": "patchouli:text",
            "text": "우마무스메 소울의 인기로 인해, 트레이닝 센터와 같은 곳들이 마을에 나타났습니다. 그 결과로, 우마무스메 소울과 서포트 카드는 종종 주민들 사이에서 교환되곤 합니다. 이 교환을 \"이적\" 이라고 부릅니다. 당신이 이적을 등록하면, 당신은 아이템의 상태에 따라 지불받게 됩니다. $(p)우마무스메 크리스탈과 편자 크리스탈은 티켓을 제작하는 데 있어 중요한 재료이며, 주로 이적을 통해 얻을 수 있습니다."
        },
        {
            "type": "patchouli:crafting",
            "recipe": "umapyoi:disassembly_block",
            "text": "그저 다른 색깔"
        }
    ]
}
