{
    "name": "トレーニングターミナル",
    "icon": "umapyoi:training_facility",
    "category": "umapyoi:training",
    "sortnum": 0,
    "pages": [
        {
            "type": "patchouli:text",
            "text": "ウマ娘魂の可能性はまだまだ未知数ですが一つだけ確かなのは光を取り戻したばかりの魂が本来の力を発揮しきれていないということです。 引退したウマ娘の想いを継承し、その力を最大化するプロセスが現在大きな課題となっています。 この過程を「トレーニング」といい、ウマ娘魂を鍛える人を「トレーナー」といいます。"
        },
        {
            "type": "patchouli:text",
            "text": "引退するまでその本来の力を使用者に完全に適用することはできません。 $(p) この点において引退の本質はウマ娘魂の内なる力を最大限に解放することでありその力を蓄えそれに備えていくのがトレーニングであると言えます。"
        },
        {
            "type": "patchouli:text",
            "text": "最も人気のあるトレーニング機器はトレーニングスタッフ全員による数年の研究の結果開発されたトレーニングターミナルです。 この端末の最大の特徴は、6種類のサポートカードを同時に挿入してトレーニングプロセスを実行でき、プロセス全体が自動化されていることです。 あらかじめ設定されているサポートカードを挿入し、育成したいウマ娘魂を入れて端末を起動するだけで育成プロセスが自動化されます。"
        },
        {
            "type": "patchouli:text",
            "text": "伝統的なトレーニングメソッドに固執する昔ながらのトレーナーもおり、村で見つけることができます。 $(p) 彼らはトレーニングプロセス中に使用する可能性のあるいくつかのものと交換します。"
        },
        {
            "type": "patchouli:crafting",
            "recipe": "umapyoi:training_facility",
            "text": "技術的な理由により、$(#f00)$(l) トレーニングターミナルは開始すると自主的にキャンセルできません。 $()$(p)トレーニングを強制的に中止したい場合は、トレーニング用ウマ娘魂をトレーニングターミナルから移動させる必要があります。"
        }
    ]
}
