{
    "name": "伝統的なトレーニングメソッド",
    "icon": "umapyoi:speed_high_item",
    "category": "umapyoi:training",
    "sortnum": 3,
    "pages": [
        {
            "type": "patchouli:text",
            "text": "かつては儀式化されたトレーニングが行われていましたが現在残っているのは古代人が書き残した記録や体験だけです。 $(p) これらの文書は修復され、訓練に役立つ本や巻物に再フォーマットされており総称して訓練本として知られており現在では村で非常に人気があります。"
        },
        {
            "type": "patchouli:text",
            "text": "ただし、これらの育成本で育成するには読む前にウマ娘になる必要があります。 読んでいくと文章から学び、能力が高まります。 $(p) テキストに記載されている知識は限られているため、トレーニングブックをある程度読んだだけでは能力が向上しないことに注意してください。"
        }
    ]
}
