{
    "name": "移籍登録台",
    "icon": "umapyoi:disassembly_block",
    "category": "umapyoi:others",
    "sortnum": 0,
    "pages": [
        {
            "type": "patchouli:text",
            "text": "ウマ娘魂の人気により、村には訓練所のような場所が出現しました。 そのため、ウマ娘のソウルカードやサポートカードは村人同士で交換されることが多いです。 この交換は「移籍」と呼ばれます。  $(p)ウマ娘クリスタルと蹄鉄クリスタルはチケット合成の重要な素材であり、主な入手先は移籍です。"
        },
        {
            "type": "patchouli:crafting",
            "recipe": "umapyoi:disassembly_block",
            "text": "ちょうど別の色"
        }
    ]
}
