{
    "name": "인자 계승",
    "icon": "umapyoi:three_goddess",
    "category": "umapyoi:inherit",
    "sortnum": 2,
    "pages": [
        {
            "type": "patchouli:text",
            "text": "전설에 따르면, 우마무스메는 삼여신상 아래에서 삼여신의 인도를 들었고 멀리로 뛰어가는 한 쌍의 형체가 밝게 빛나는 것을 보았습니다. $(p) 사실, 삼여신상은 우마무스메 소울을 축복하면서도 염원을 인자로 만들기도 합니다. 그러므로, 삼여신상은 \"인자 계승\"의 장소입니다."
        },
        {
            "type": "patchouli:text",
            "text": "인자 계승을 행하기 위해서는, 당신은 먼저 두 개의 다른 우마무스메 염원을 준비해야 합니다. $(p) 오직 하나만의 염원을 갖고 있거나 충돌을 일으킬 경우 인자 계승이 실행되지 않는 결과가 일어날 수 있습니다. $(p) 인자 계승이 실행되지 않으면 곧 이 과정이 실행되지 않는 것으로 이어지게 됩니다."
        },
        {
            "type": "patchouli:text",
            "text": "인자 계승은 확률적입니다. 레벨이 높을수록 인자가 효과적으로 계승될 가능성이 높으며, 효과적으로 계승될 수 있는 인자의 수가 많을수록 효과적으로 계승될 가능성이 높습니다. $(p) 인자 계승은 원래 우마무스메 소울의 능력의 상한선을 돌파하여 완전히 새로운 수준으로 끌어올릴 수 있습니다. 이것은 훈련 과정으로는 달성하기 어려운 것입니다. 그래서 훈련된 트레이너들은 훈련과 계승을 모두 중요하게 생각하는 것입니다."
        }
    ]
}
