{
    "name": "心情与焦躁",
    "icon": "umapyoi:textures/book_images/motivations_icon.png",
    "category": "umapyoi:uma_soul",
    "sortnum": 4,
    "pages": [
        {
            "type": "patchouli:text",
            "text": "虽然马娘之魂在外表看起来只是一块结晶体，但是变为马娘之后你可以感受到其内在的心灵。$(br)在这其中最能直接感受到的是马娘之魂的“心情”。$(p)马娘之魂的心情状态会直接反映在使用者身上，不仅是情绪会随之一起高涨或低沉，而且还会直接影响力量的发挥。所以保持高涨的心情是很重要的一件事。"
        },
        {
            "type": "patchouli:text",
            "text": "心情有五个阶段：$(#EB4573)绝佳$()、$(#EE7C40)良好$()、$(#F18E0F)普通$()、$(#1968B3)不佳$()、$(#6A4497)极差$()，状态按上文顺序逐级递减。$(p)通常而言受伤是导致心情降低的主要原因，食用一些味道古怪的食物也有可能导致心情降低。$(p)想要恢复心情最快也是最常用的方式便是食用美味的食物，例如蜂蜜特饮之类的可口饮料或者纸杯蛋糕之类的甜品。"
        },
        {
            "type": "patchouli:image",
            "images": ["umapyoi:textures/book_images/motivations.png"],
            "text": "心情有五个阶段：$(#EB4573)绝佳$()、$(#EE7C40)良好$()、$(#F18E0F)普通$()、$(#1968B3)不佳$()、$(#6A4497)极差$()。"
        },
        {
            "type": "patchouli:text",
            "text": "如果心情已经变得极差，继续降低心情就有导致“焦躁”的可能性。$(p)焦躁会使人失去冷静思考的能力而无法自然恢复行动力。可以通过喝点牛奶或者使用“冷静”技能来让自己失去焦躁的状态。$(p)顺便一提，焦躁不会影响其他恢复行动力的方式，例如饮用“活力”系列饮料。"
        }
    ]
}
