{
    "name": "召唤基座",
    "icon": "umapyoi:uma_pedestal",
    "category": "umapyoi:uma_soul",
    "sortnum": 2,
    "pages": [
        {
            "type": "patchouli:text",
            "text": "召唤基座是用于为三女神献上贡品的台座。$(p)在马娘之魂第一次出现之后，为三女神供奉物品的台座也精致了起来，最终形成了如此设计的精美台座。台座的主要用途是向三女神祈愿，以祈求三女神给予马娘的灵魂结晶。所以这个台座在“训练员”们的口中又叫做召唤基座——用于召唤马娘之魂的基座。"
        },
        {
            "type": "patchouli:text",
            "text": "在召唤基座上放置萝卜宝石或“马券”，在一阵变化之后就会得到“褪色的马娘之魂”。$(p)但如果在召唤基座上放置一本书，书会立刻发生变化并变为召唤基座的一部分——一本悬浮的蓝色封皮的书。$(br)这样的基座无法得到马娘之魂，而是会得到一张寄宿着有着与马娘之魂同样力量的卡片——支援卡。支援卡作为“训练”的道具，是非常重要的物品。"
        },
        {
            "type": "patchouli:text",
            "text": "召唤基座存在金银两种配色，只有金色的召唤基座会得到最为稀有的马娘之魂或者支援卡。这些最稀有的结晶以紫色名字标识。$(p)$(p)$(#f00)$(l)在召唤的时候请把副手的道具拿下以表示你的虔诚。$()"
        },
        {
            "type": "patchouli:crafting",
            "recipe": "umapyoi:silver_uma_pedestal",
            "recipe2": "umapyoi:uma_pedestal",
            "title": "奇迹可不是没代价的！"
        }
    ]
}
