{
	"credit": "Made with Blockbench",
	"textures": {
		"0": "umapyoi:item/manual",
		"particle": "umapyoi:item/manual"
	},
	"elements": [
		{
			"from": [3, 0.81373, 1.12313],
			"to": [13, 0.81373, 7.12313],
			"rotation": {"angle": 22.5, "axis": "x", "origin": [8, -0.13627, 6.62313]},
			"faces": {
				"up": {"uv": [10, 0, 0, 6], "texture": "#0"},
				"down": {"uv": [10, 6, 0, 0], "texture": "#0"}
			}
		},
		{
			"from": [3, 0.55, 7.449],
			"to": [13, 0.55, 9.549],
			"rotation": {"angle": 0, "axis": "y", "origin": [8, 1.05, 6.5]},
			"faces": {
				"north": {"uv": [10, 0, 0, 0], "rotation": 180, "texture": "#0"},
				"east": {"uv": [0, 0, 0, 2], "rotation": 90, "texture": "#0"},
				"south": {"uv": [10, 0, 0, 0], "texture": "#0"},
				"west": {"uv": [0, 0, 0, 2], "rotation": 270, "texture": "#0"},
				"up": {"uv": [0, 11, 10, 13], "texture": "#0"},
				"down": {"uv": [0, 11, 10, 13], "rotation": 180, "texture": "#0", "cullface": "north"}
			}
		},
		{
			"from": [3, 0.51017, 8.34376],
			"to": [13, 0.51017, 14.34376],
			"rotation": {"angle": -22.5, "axis": "x", "origin": [8, 3.56017, 8.84376]},
			"faces": {
				"up": {"uv": [10, 6, 0, 0], "texture": "#0"},
				"down": {"uv": [10, 0, 0, 6], "texture": "#0"}
			}
		},
		{
			"from": [4, 0.75, 4],
			"to": [12, 1.75, 9],
			"rotation": {"angle": 22.5, "axis": "x", "origin": [8, 2.81, 8]},
			"faces": {
				"north": {"uv": [8, 6, 16, 8], "rotation": 180, "texture": "#0"},
				"east": {"uv": [8, 6, 13, 8], "rotation": 180, "texture": "#0"},
				"south": {"uv": [8, 6, 16, 8], "rotation": 180, "texture": "#0"},
				"west": {"uv": [8, 6, 13, 8], "rotation": 180, "texture": "#0"},
				"up": {"uv": [8, 6, 0, 11], "texture": "#0"},
				"down": {"uv": [8, 11, 0, 6], "texture": "#0"}
			}
		},
		{
			"from": [4, 0.9875, 9.23044],
			"to": [12, 1.9875, 14.23044],
			"rotation": {"angle": -22.5, "axis": "x", "origin": [8, -0.0725, 10.23044]},
			"faces": {
				"north": {"uv": [8, 8.5, 16, 10.5], "texture": "#0"},
				"east": {"uv": [8, 6.5, 13, 8.5], "texture": "#0"},
				"south": {"uv": [8, 7.5, 16, 9.5], "texture": "#0"},
				"west": {"uv": [8, 7.5, 13, 9.5], "texture": "#0"},
				"up": {"uv": [8, 11, 0, 6], "texture": "#0"},
				"down": {"uv": [8, 6, 0, 11], "texture": "#0"}
			}
		}
	],
	"display": {
		"thirdperson_righthand": {
			"rotation": [0, 90, 90],
			"translation": [0, 2.5, 6.75]
		},
		"thirdperson_lefthand": {
			"rotation": [0, 90, 90],
			"translation": [0, 2.5, 6.75]
		},
		"firstperson_righthand": {
			"rotation": [-45, 90, 90],
			"translation": [2, 3, 0]
		},
		"firstperson_lefthand": {
			"rotation": [45, -90, -15],
			"translation": [2, 3, 0]
		},
		"ground": {
			"translation": [0, 2.5, 0],
			"scale": [0.75, 0.75, 0.75]
		},
		"gui": {
			"rotation": [60, 105, 0],
			"translation": [-0.25, 2.75, 0]
		},
		"head": {
			"rotation": [0, -90, 0],
			"translation": [0, 14.5, 0]
		},
		"fixed": {
			"rotation": [-90, -90, 0],
			"translation": [0, 0, -6.5]
		}
	},
	"groups": [
		{
			"name": "group",
			"origin": [8, 8, 8],
			"color": 0,
			"children": [0, 1, 2, 3, 4]
		}
	]
}