{
	"format_version": "1.12.0",
	"minecraft:geometry": [
		{
			"description": {
				"identifier": "geometry.model",
				"texture_width": 128,
				"texture_height": 128,
				"visible_bounds_width": 3,
				"visible_bounds_height": 3.5,
				"visible_bounds_offset": [0, 1.25, 0]
			},
			"bones": [
				{
					"name": "head",
					"pivot": [0, 24, 0],
					"cubes": [
						{"origin": [-1.75, 32.8, -1.275], "size": [2, 6, 0], "pivot": [-0.75, 32.8, -0.25], "rotation": [-30, -7.5, 72.5], "uv": [85, 14]},
						{"origin": [-4, 24, -4], "size": [8, 8, 8], "uv": [0, 16]},
						{"origin": [-4, 24, -4], "size": [8, 8, 8], "inflate": 0.25, "uv": [0, 0]},
						{"origin": [-0.5, 28, 4], "size": [1, 1, 1], "uv": [16, 41]},
						{"origin": [-5, 23.75, -4.275], "size": [2, 4, 0], "pivot": [-4, 23.75, -3.25], "rotation": [0, 0, 12.5], "uv": [78, 11]},
						{"origin": [2.75, 23.75, -4.275], "size": [2, 4, 0], "pivot": [3.75, 23.75, -3.25], "rotation": [0, 0, -10], "uv": [78, 11], "mirror": true}
					]
				},
				{
					"name": "tail_down2",
					"parent": "head",
					"pivot": [0, 30, 8.75],
					"cubes": [
						{"origin": [-1.5, 23.62865, 4.63723], "size": [3, 5, 3], "uv": [30, 44]},
						{"origin": [-1.4, 27.12865, 4.89459], "size": [2.8, 2.12132, 2.12132], "pivot": [0, 28.62865, 5.51592], "rotation": [45, 0, 0], "uv": [53, 53]},
						{"origin": [-1, 23.44801, 5.17995], "size": [2, 5, 2], "uv": [0, 16]}
					]
				},
				{
					"name": "left_ear",
					"parent": "head",
					"pivot": [2, 30, -1]
				},
				{
					"name": "ear4",
					"parent": "left_ear",
					"pivot": [3, 32, -1],
					"rotation": [10, 0, 20],
					"cubes": [
						{"origin": [1.49815, 30.80208, -1.95527], "size": [1, 3, 1], "uv": [0, 32], "mirror": true}
					]
				},
				{
					"name": "ear5",
					"parent": "ear4",
					"pivot": [2.68584, 30.86585, -2.43628],
					"rotation": [13.5773, -1.77024, 7.28925],
					"cubes": [
						{"origin": [1.76002, 31.16281, -1.08299], "size": [2, 3, 1], "uv": [10, 41], "mirror": true}
					]
				},
				{
					"name": "ear6",
					"parent": "ear4",
					"pivot": [1.53584, 34.01585, -3.18628],
					"rotation": [0, 0, 35],
					"cubes": [
						{"origin": [1.62758, 33.81912, -1.95527], "size": [1, 3, 1], "inflate": 0.001, "uv": [0, 32], "mirror": true}
					]
				},
				{
					"name": "ear10",
					"parent": "ear6",
					"pivot": [2.53584, 37.01585, -3.18628],
					"rotation": [0, 0, -45],
					"cubes": [
						{"origin": [1.46161, 33.81188, -1.95527], "size": [1, 3, 1], "uv": [0, 32], "mirror": true}
					]
				},
				{
					"name": "ear11",
					"parent": "ear10",
					"pivot": [2.53584, 34.01585, -3.18628],
					"rotation": [0, 0, 30],
					"cubes": [
						{"origin": [1.57354, 30.80208, -1.95527], "size": [1, 3, 1], "inflate": -0.001, "uv": [0, 32], "mirror": true}
					]
				},
				{
					"name": "ear12",
					"parent": "ear4",
					"pivot": [2.78584, 31.01585, -1.18628],
					"cubes": [
						{"origin": [1.8077, 29.82527, -1.24912], "size": [2, 2, 1], "inflate": 0.001, "uv": [41, 0], "mirror": true}
					]
				},
				{
					"name": "right_ear",
					"parent": "head",
					"pivot": [-2, 30, -1],
					"cubes": [
						{
							"origin": [-4.75, 31.7, -2.35],
							"size": [3, 1, 2],
							"pivot": [-3.125, 32.7, -1.35],
							"rotation": [10, 0, -22.5],
							"uv": {
								"north": {"uv": [4, 67], "uv_size": [6, 1]},
								"east": {"uv": [0, 67], "uv_size": [3, 1]},
								"south": {"uv": [4, 67], "uv_size": [6, 1]},
								"west": {"uv": [1, 67], "uv_size": [3, 1]},
								"up": {"uv": [0, 0], "uv_size": [0, 0]},
								"down": {"uv": [0, 0], "uv_size": [0, 0]}
							}
						}
					]
				},
				{
					"name": "ear2",
					"parent": "right_ear",
					"pivot": [-3, 32, -1],
					"rotation": [10, 0, -20],
					"cubes": [
						{"origin": [-2.49815, 30.80208, -1.95527], "size": [1, 3, 1], "uv": [0, 32]}
					]
				},
				{
					"name": "ear3",
					"parent": "ear2",
					"pivot": [-2.68584, 30.86585, -2.43628],
					"rotation": [13.5773, 1.77024, -7.28925],
					"cubes": [
						{"origin": [-3.76002, 31.16281, -1.08299], "size": [2, 3, 1], "uv": [10, 41]}
					]
				},
				{
					"name": "ear7",
					"parent": "ear2",
					"pivot": [-1.53584, 34.01585, -3.18628],
					"rotation": [0, 0, -35],
					"cubes": [
						{"origin": [-2.62758, 33.81912, -1.95527], "size": [1, 3, 1], "inflate": 0.001, "uv": [0, 32]}
					]
				},
				{
					"name": "ear8",
					"parent": "ear7",
					"pivot": [-2.53584, 37.01585, -3.18628],
					"rotation": [0, 0, 45],
					"cubes": [
						{"origin": [-2.46161, 33.81188, -1.95527], "size": [1, 3, 1], "uv": [0, 32]}
					]
				},
				{
					"name": "ear9",
					"parent": "ear8",
					"pivot": [-2.53584, 34.01585, -3.18628],
					"rotation": [0, 0, -30],
					"cubes": [
						{"origin": [-2.57354, 30.80208, -1.95527], "size": [1, 3, 1], "inflate": -0.001, "uv": [0, 32]}
					]
				},
				{
					"name": "ear13",
					"parent": "ear2",
					"pivot": [-2.78584, 31.01585, -1.18628],
					"cubes": [
						{"origin": [-3.8077, 29.82527, -1.24912], "size": [2, 2, 1], "inflate": 0.001, "uv": [41, 0]}
					]
				},
				{
					"name": "bone3",
					"parent": "right_ear",
					"pivot": [-5.375, 31.2, -1.05],
					"rotation": [5, 0, -70]
				},
				{
					"name": "bone4",
					"parent": "bone3",
					"pivot": [-6.12565, 30.23498, -0.67425],
					"rotation": [0, 0, 2.5],
					"cubes": [
						{
							"origin": [-6.18982, 30.22593, -0.65052],
							"size": [1.4, 0, 0.5],
							"pivot": [-6.18982, 30.22693, -0.75052],
							"rotation": [6.42746, 39.86867, 2.81543],
							"uv": {
								"north": {"uv": [0, 0], "uv_size": [0, 0]},
								"east": {"uv": [0, 0], "uv_size": [0, 0]},
								"south": {"uv": [0, 0], "uv_size": [0, 0]},
								"west": {"uv": [0, 0], "uv_size": [0, 0]},
								"up": {"uv": [1, 70], "uv_size": [3, 2]},
								"down": {"uv": [0, 0], "uv_size": [0, 0]}
							}
						},
						{
							"origin": [-6.24772, 30.2122, -1.38722],
							"size": [1.5125, 0, 0.5],
							"pivot": [-5.48522, 30.2122, -1.13722],
							"rotation": [175, -17.5, 180],
							"uv": {
								"north": {"uv": [0, 0], "uv_size": [0, 0]},
								"east": {"uv": [0, 0], "uv_size": [0, 0]},
								"south": {"uv": [0, 0], "uv_size": [0, 0]},
								"west": {"uv": [0, 0], "uv_size": [0, 0]},
								"up": {"uv": [1, 70], "uv_size": [3, 2]},
								"down": {"uv": [0, 0], "uv_size": [0, 0]}
							}
						}
					]
				},
				{
					"name": "bone5",
					"parent": "bone3",
					"pivot": [-6.31567, 30.15887, -1.46914],
					"rotation": [-2.78688, 24.66311, -2.43027],
					"cubes": [
						{
							"origin": [-6.34856, 30.1429, -1.36617],
							"size": [1.4, 0, 0.5],
							"pivot": [-5.64856, 30.1429, -1.11617],
							"rotation": [-6.42746, -39.86867, 2.81543],
							"uv": {
								"north": {"uv": [0, 0], "uv_size": [0, 0]},
								"east": {"uv": [0, 0], "uv_size": [0, 0]},
								"south": {"uv": [0, 0], "uv_size": [0, 0]},
								"west": {"uv": [0, 0], "uv_size": [0, 0]},
								"up": {"uv": [1, 74], "uv_size": [3, -2]},
								"down": {"uv": [0, 0], "uv_size": [0, 0]}
							}
						},
						{
							"origin": [-6.43775, 30.13608, -1.35617],
							"size": [1.5125, 0, 0.5],
							"pivot": [-5.67525, 30.13608, -1.00617],
							"rotation": [-175, 17.5, 180],
							"uv": {
								"north": {"uv": [0, 0], "uv_size": [0, 0]},
								"east": {"uv": [0, 0], "uv_size": [0, 0]},
								"south": {"uv": [0, 0], "uv_size": [0, 0]},
								"west": {"uv": [0, 0], "uv_size": [0, 0]},
								"up": {"uv": [1, 74], "uv_size": [3, -2]},
								"down": {"uv": [0, 0], "uv_size": [0, 0]}
							}
						}
					]
				},
				{
					"name": "tail",
					"pivot": [0, 15, 2]
				},
				{
					"name": "tail3",
					"parent": "tail",
					"pivot": [0, 18, 1],
					"rotation": [25, 0, 0],
					"cubes": [
						{"origin": [-1.5, 8, -1], "size": [3, 7, 4], "inflate": -0.5, "uv": [0, 41]}
					]
				},
				{
					"name": "tail_down",
					"parent": "tail",
					"pivot": [0, 10, 7],
					"rotation": [9.66, 0, 0],
					"cubes": [
						{"origin": [-1.5, 3.62865, 2.88723], "size": [3, 7, 4], "inflate": -0.5, "uv": [16, 40]},
						{"origin": [-1, 3.3641, 3.92286], "size": [2, 7, 2], "inflate": -0.5, "uv": [23, 51]}
					]
				},
				{
					"name": "body",
					"pivot": [0, 24, 0],
					"cubes": [
						{"origin": [-2.5, 21.8, -2.5], "size": [5, 4, 5], "inflate": -1.25, "uv": [0, 32]},
						{
							"origin": [-3.5, 11.78, -1.5],
							"size": [7, 11.975, 3],
							"inflate": -0.251,
							"uv": {
								"north": {"uv": [65, 31], "uv_size": [7, 12]},
								"east": {"uv": [62, 31], "uv_size": [3, 12]},
								"south": {"uv": [75, 31], "uv_size": [7, 12]},
								"west": {"uv": [72, 31], "uv_size": [3, 12]},
								"up": {"uv": [65, 28], "uv_size": [7, 3]},
								"down": {"uv": [72, 31], "uv_size": [7, -3]}
							}
						},
						{
							"origin": [-3.05621, 14.80813, -1.25],
							"size": [6.75, 1, 2.5],
							"pivot": [0.03129, 14.55813, 0],
							"rotation": [0, 0, -15],
							"uv": {
								"north": {"uv": [27, 23], "uv_size": [7, 1]},
								"east": {"uv": [24, 23], "uv_size": [3, 1]},
								"south": {"uv": [37, 23], "uv_size": [7, 1]},
								"west": {"uv": [34, 23], "uv_size": [3, 1]},
								"up": {"uv": [27, 20], "uv_size": [7, 3]},
								"down": {"uv": [34, 23], "uv_size": [7, -3]}
							}
						}
					]
				},
				{
					"name": "hide_parts",
					"parent": "body",
					"pivot": [0, 24, 0],
					"cubes": [
						{
							"origin": [-3.35, 12.125, -1.5],
							"size": [6.7, 2, 3],
							"inflate": 0.1,
							"uv": {
								"north": {"uv": [27, 3], "uv_size": [7, 2]},
								"east": {"uv": [24, 3], "uv_size": [3, 2]},
								"south": {"uv": [37, 3], "uv_size": [7, 2]},
								"west": {"uv": [34, 3], "uv_size": [3, 2]},
								"up": {"uv": [27, 0], "uv_size": [7, 3]},
								"down": {"uv": [34, 3], "uv_size": [7, -3]}
							}
						}
					]
				},
				{
					"name": "bone10",
					"parent": "hide_parts",
					"pivot": [3.75, 14.25, 2.75],
					"rotation": [12.5, 0, -17.5],
					"cubes": [
						{
							"origin": [1.25, 12.95, 0.25],
							"size": [5, 0.9, 5],
							"inflate": -0.45,
							"uv": {
								"north": {"uv": [57, 124], "uv_size": [0, 0]},
								"east": {"uv": [52, 124], "uv_size": [0, 0]},
								"south": {"uv": [67, 124], "uv_size": [0, 0]},
								"west": {"uv": [62, 124], "uv_size": [5, 0]},
								"up": {"uv": [62, 119], "uv_size": [-5, 5]},
								"down": {"uv": [55, 119], "uv_size": [0, 0]}
							}
						},
						{"origin": [2.25, 14.55, 1.25], "size": [3, 4, 3], "inflate": -0.45, "uv": [80, 86]},
						{"origin": [1.25, 10.5, 0.25], "size": [5, 5, 5], "inflate": -0.45, "uv": [63, 113]}
					]
				},
				{
					"name": "bone13",
					"parent": "bone10",
					"pivot": [3.725, 12, 2.725],
					"cubes": [
						{"origin": [1.15, 12.75, 0.1], "size": [5.2, 1.5, 5.25], "inflate": -0.45, "pivot": [3.725, 13.5, 2.725], "rotation": [0, 0, -7.5], "uv": [72, 47]}
					]
				},
				{
					"name": "bone14",
					"parent": "bone10",
					"pivot": [4.725, 13, 2.725],
					"rotation": [0, 0, -97.5],
					"cubes": [
						{"origin": [2.2125, 14, 0.1], "size": [5.5, 1.5, 5.275], "inflate": -0.45, "pivot": [5, 14.75, 2.725], "rotation": [0, 0, -10], "uv": [72, 47]},
						{"origin": [1.975, 12.35, 0.1125], "size": [5.2875, 1.5, 5.275], "inflate": -0.45, "pivot": [4.725, 12.85, 2.725], "rotation": [0, 0, 22.5], "uv": [72, 47]}
					]
				},
				{
					"name": "bone11",
					"parent": "hide_parts",
					"pivot": [0, 0, 0],
					"cubes": [
						{"origin": [3.475, 13.5, -1.5], "size": [0, 2, 3], "uv": [24, 2]}
					]
				},
				{
					"name": "coat",
					"parent": "hide_parts",
					"pivot": [0, 24, 0],
					"cubes": [
						{
							"origin": [-3.5, 11.55, -1.5],
							"size": [7, 12, 3],
							"inflate": -0.01,
							"uv": {
								"north": {"uv": [32, 32], "uv_size": [7, 12]},
								"east": {"uv": [29, 32], "uv_size": [3, 12]},
								"south": {"uv": [42, 32], "uv_size": [7, 12]},
								"west": {"uv": [39, 32], "uv_size": [3, 12]},
								"up": {"uv": [32, 29], "uv_size": [7, 3]},
								"down": {"uv": [39, 32], "uv_size": [7, -3]}
							}
						}
					]
				},
				{
					"name": "chest2",
					"parent": "hide_parts",
					"pivot": [0, 22.4, -1.5],
					"rotation": [-31, 0, 0],
					"cubes": [
						{"origin": [-3.5, 19.75124, -1.61429], "size": [7, 4, 3], "inflate": -0.252, "uv": [56, 0]},
						{
							"origin": [-3.5, 19.82124, -1.56429],
							"size": [7, 2.7, 3],
							"inflate": -0.011,
							"uv": {
								"north": {"uv": [76, 7], "uv_size": [7, 3]},
								"east": {"uv": [73, 7], "uv_size": [3, 3]},
								"south": {"uv": [86, 7], "uv_size": [7, 3]},
								"west": {"uv": [83, 7], "uv_size": [3, 3]},
								"up": {"uv": [76, 4], "uv_size": [7, 3]},
								"down": {"uv": [83, 7], "uv_size": [7, -3]}
							}
						}
					]
				},
				{
					"name": "bone63",
					"parent": "hide_parts",
					"pivot": [-1.25, 0.5, 0.5],
					"cubes": [
						{"origin": [-0.5, 18.5, -1.75], "size": [1, 1, 1], "uv": [32, 8]}
					]
				},
				{
					"name": "bone64",
					"parent": "bone63",
					"pivot": [-0.2, 21.53934, -3.175],
					"rotation": [-8.5, -22.5, 0],
					"cubes": [
						{
							"origin": [-4.01887, 20.08517, -1.29092],
							"size": [1.8, 0.5, 0],
							"pivot": [0.16603, 22.90537, -3.175],
							"rotation": [0, 0, -45],
							"uv": {
								"north": {"uv": [61, 62], "uv_size": [3, 1]},
								"east": {"uv": [0, 0], "uv_size": [0, 0]},
								"south": {"uv": [0, 0], "uv_size": [0, 0]},
								"west": {"uv": [0, 0], "uv_size": [0, 0]},
								"up": {"uv": [0, 0], "uv_size": [0, 0]},
								"down": {"uv": [0, 0], "uv_size": [0, 0]}
							}
						},
						{
							"origin": [-0.79896, 17.25201, -1.29092],
							"size": [0.4, 0.7, 0],
							"pivot": [-0.79896, 17.95201, -1.29092],
							"rotation": [0, 0, -66.75],
							"uv": {
								"north": {"uv": [61, 62], "uv_size": [1, 1]},
								"east": {"uv": [0, 0], "uv_size": [0, 0]},
								"south": {"uv": [0, 0], "uv_size": [0, 0]},
								"west": {"uv": [0, 0], "uv_size": [0, 0]},
								"up": {"uv": [0, 0], "uv_size": [0, 0]},
								"down": {"uv": [0, 0], "uv_size": [0, 0]}
							}
						},
						{
							"origin": [-6.49149, 20.84632, -1.28092],
							"size": [1.8, 0.5, 0],
							"pivot": [-1.24819, 21.77399, -3.075],
							"rotation": [0, 0, -84.5],
							"uv": {
								"north": {"uv": [61, 64], "uv_size": [3, 1]},
								"east": {"uv": [0, 0], "uv_size": [0, 0]},
								"south": {"uv": [0, 0], "uv_size": [0, 0]},
								"west": {"uv": [0, 0], "uv_size": [0, 0]},
								"up": {"uv": [0, 0], "uv_size": [0, 0]},
								"down": {"uv": [0, 0], "uv_size": [0, 0]}
							}
						},
						{
							"origin": [-4.97743, 20.88789, -1.28092],
							"size": [0.305, 0.305, 0],
							"pivot": [-1.42071, 19.98228, -3.075],
							"rotation": [0, 0, -112],
							"uv": {
								"north": {"uv": [59, 62], "uv_size": [2, 2]},
								"east": {"uv": [0, 0], "uv_size": [0, 0]},
								"south": {"uv": [0, 0], "uv_size": [0, 0]},
								"west": {"uv": [0, 0], "uv_size": [0, 0]},
								"up": {"uv": [0, 0], "uv_size": [0, 0]},
								"down": {"uv": [0, 0], "uv_size": [0, 0]}
							}
						},
						{
							"origin": [-4.84248, 19.64464, -1.27092],
							"size": [2.305, 0.705, 0],
							"pivot": [-0.50061, 21.67669, -3.075],
							"rotation": [0, 0, -64.5],
							"uv": {
								"north": {"uv": [61, 63], "uv_size": [5, 1]},
								"east": {"uv": [0, 0], "uv_size": [0, 0]},
								"south": {"uv": [0, 0], "uv_size": [0, 0]},
								"west": {"uv": [0, 0], "uv_size": [0, 0]},
								"up": {"uv": [0, 0], "uv_size": [0, 0]},
								"down": {"uv": [0, 0], "uv_size": [0, 0]}
							}
						},
						{
							"origin": [-4.66874, 22.29563, -1.2809],
							"size": [1.8, 0.5, 0],
							"pivot": [0.37816, 22.69323, -3.075],
							"rotation": [0, 0, -85],
							"uv": {
								"north": {"uv": [61, 62], "uv_size": [3, 1]},
								"east": {"uv": [0, 0], "uv_size": [0, 0]},
								"south": {"uv": [0, 0], "uv_size": [0, 0]},
								"west": {"uv": [0, 0], "uv_size": [0, 0]},
								"up": {"uv": [0, 0], "uv_size": [0, 0]},
								"down": {"uv": [0, 0], "uv_size": [0, 0]}
							}
						},
						{
							"origin": [-3.9681, 18.60002, -1.27592],
							"size": [1.8, 0.5, 0],
							"pivot": [0.23871, 21.09932, -3.075],
							"rotation": [0, 0, -45.5],
							"uv": {
								"north": {"uv": [61, 64], "uv_size": [3, 1]},
								"east": {"uv": [0, 0], "uv_size": [0, 0]},
								"south": {"uv": [0, 0], "uv_size": [0, 0]},
								"west": {"uv": [0, 0], "uv_size": [0, 0]},
								"up": {"uv": [0, 0], "uv_size": [0, 0]},
								"down": {"uv": [0, 0], "uv_size": [0, 0]}
							}
						}
					]
				},
				{
					"name": "bone2",
					"parent": "bone63",
					"pivot": [0.2, 21.53934, -3.175],
					"rotation": [-8.5, 22.5, 0],
					"cubes": [
						{
							"origin": [2.21887, 20.08517, -1.29092],
							"size": [1.8, 0.5, 0],
							"pivot": [-0.16603, 22.90537, -3.175],
							"rotation": [0, 0, 45],
							"uv": {
								"north": {"uv": [64, 62], "uv_size": [-3, 1]},
								"east": {"uv": [0, 0], "uv_size": [0, 0]},
								"south": {"uv": [0, 0], "uv_size": [0, 0]},
								"west": {"uv": [0, 0], "uv_size": [0, 0]},
								"up": {"uv": [0, 0], "uv_size": [0, 0]},
								"down": {"uv": [0, 0], "uv_size": [0, 0]}
							}
						},
						{
							"origin": [0.39896, 17.25201, -1.29092],
							"size": [0.4, 0.7, 0],
							"pivot": [0.79896, 17.95201, -1.29092],
							"rotation": [0, 0, 66.75],
							"uv": {
								"north": {"uv": [62, 62], "uv_size": [-1, 1]},
								"east": {"uv": [0, 0], "uv_size": [0, 0]},
								"south": {"uv": [0, 0], "uv_size": [0, 0]},
								"west": {"uv": [0, 0], "uv_size": [0, 0]},
								"up": {"uv": [0, 0], "uv_size": [0, 0]},
								"down": {"uv": [0, 0], "uv_size": [0, 0]}
							}
						},
						{
							"origin": [4.69149, 20.84632, -1.28092],
							"size": [1.8, 0.5, 0],
							"pivot": [1.24819, 21.77399, -3.075],
							"rotation": [0, 0, 84.5],
							"uv": {
								"north": {"uv": [64, 64], "uv_size": [-3, 1]},
								"east": {"uv": [0, 0], "uv_size": [0, 0]},
								"south": {"uv": [0, 0], "uv_size": [0, 0]},
								"west": {"uv": [0, 0], "uv_size": [0, 0]},
								"up": {"uv": [0, 0], "uv_size": [0, 0]},
								"down": {"uv": [0, 0], "uv_size": [0, 0]}
							}
						},
						{
							"origin": [4.67243, 20.88789, -1.28092],
							"size": [0.305, 0.305, 0],
							"pivot": [1.42071, 19.98228, -3.075],
							"rotation": [0, 0, 112],
							"uv": {
								"north": {"uv": [61, 62], "uv_size": [-2, 2]},
								"east": {"uv": [0, 0], "uv_size": [0, 0]},
								"south": {"uv": [0, 0], "uv_size": [0, 0]},
								"west": {"uv": [0, 0], "uv_size": [0, 0]},
								"up": {"uv": [0, 0], "uv_size": [0, 0]},
								"down": {"uv": [0, 0], "uv_size": [0, 0]}
							}
						},
						{
							"origin": [2.53748, 19.64464, -1.27092],
							"size": [2.305, 0.705, 0],
							"pivot": [0.50061, 21.67669, -3.075],
							"rotation": [0, 0, 64.5],
							"uv": {
								"north": {"uv": [66, 63], "uv_size": [-5, 1]},
								"east": {"uv": [0, 0], "uv_size": [0, 0]},
								"south": {"uv": [0, 0], "uv_size": [0, 0]},
								"west": {"uv": [0, 0], "uv_size": [0, 0]},
								"up": {"uv": [0, 0], "uv_size": [0, 0]},
								"down": {"uv": [0, 0], "uv_size": [0, 0]}
							}
						},
						{
							"origin": [2.86874, 22.29563, -1.2809],
							"size": [1.8, 0.5, 0],
							"pivot": [-0.37816, 22.69323, -3.075],
							"rotation": [0, 0, 85],
							"uv": {
								"north": {"uv": [64, 62], "uv_size": [-3, 1]},
								"east": {"uv": [0, 0], "uv_size": [0, 0]},
								"south": {"uv": [0, 0], "uv_size": [0, 0]},
								"west": {"uv": [0, 0], "uv_size": [0, 0]},
								"up": {"uv": [0, 0], "uv_size": [0, 0]},
								"down": {"uv": [0, 0], "uv_size": [0, 0]}
							}
						},
						{
							"origin": [2.1681, 18.60002, -1.27592],
							"size": [1.8, 0.5, 0],
							"pivot": [-0.23871, 21.09932, -3.075],
							"rotation": [0, 0, 45.5],
							"uv": {
								"north": {"uv": [64, 64], "uv_size": [-3, 1]},
								"east": {"uv": [0, 0], "uv_size": [0, 0]},
								"south": {"uv": [0, 0], "uv_size": [0, 0]},
								"west": {"uv": [0, 0], "uv_size": [0, 0]},
								"up": {"uv": [0, 0], "uv_size": [0, 0]},
								"down": {"uv": [0, 0], "uv_size": [0, 0]}
							}
						}
					]
				},
				{
					"name": "bone",
					"parent": "body",
					"pivot": [0, 0.25, 0],
					"cubes": [
						{"origin": [-2.25, 13.75, -2.3], "size": [1, 2, 1], "uv": [25, 32]},
						{"origin": [-4, 13.5, -1.9], "size": [1, 2, 1], "pivot": [-3.5, 14.5, -1.5], "rotation": [0, 45, 0], "uv": [25, 32]},
						{"origin": [-4.5, 13.25, -0.4], "size": [1, 2, 1], "pivot": [-4, 14.25, 0], "rotation": [0, 90, 0], "uv": [25, 32]},
						{"origin": [-4, 13.5, 1.1], "size": [1, 2, 1], "pivot": [-3.5, 14.5, 1.5], "rotation": [0, 135, 0], "uv": [25, 32]},
						{"origin": [-2.5, 13.75, 1.7], "size": [1, 2, 1], "pivot": [-2, 14.75, 2], "rotation": [0, 180, 0], "uv": [25, 32]}
					]
				},
				{
					"name": "down",
					"parent": "body",
					"pivot": [0, 18.25, 0]
				},
				{
					"name": "bone8",
					"parent": "down",
					"pivot": [1.38105, 11.97814, 1.26],
					"cubes": [
						{
							"origin": [-1.3325, 13.17814, -1.25],
							"size": [2.665, 1.1, 0],
							"uv": {
								"north": {"uv": [6, 112], "uv_size": [-1, 2]},
								"east": {"uv": [0, 0], "uv_size": [0, 0]},
								"south": {"uv": [0, 0], "uv_size": [0, 0]},
								"west": {"uv": [0, 0], "uv_size": [0, 0]},
								"up": {"uv": [0, 0], "uv_size": [0, 0]},
								"down": {"uv": [0, 0], "uv_size": [0, 0]}
							}
						}
					]
				},
				{
					"name": "bone6",
					"parent": "down",
					"pivot": [-1.38105, 11.97814, -1.26],
					"cubes": [
						{
							"origin": [1.38605, 11.97814, -1.27],
							"size": [2.665, 1, 0],
							"pivot": [1.38105, 11.97814, -1.26],
							"rotation": [0, 0, -45.65],
							"uv": {
								"north": {"uv": [9, 113], "uv_size": [-1, 4]},
								"east": {"uv": [0, 0], "uv_size": [0, 0]},
								"south": {"uv": [0, 0], "uv_size": [0, 0]},
								"west": {"uv": [0, 0], "uv_size": [0, 0]},
								"up": {"uv": [0, 0], "uv_size": [0, 0]},
								"down": {"uv": [0, 0], "uv_size": [0, 0]}
							}
						},
						{
							"origin": [-4.04605, 11.97814, -1.27],
							"size": [2.665, 1, 0],
							"pivot": [-1.38105, 11.97814, -1.26],
							"rotation": [0, 0, 45.65],
							"uv": {
								"north": {"uv": [8, 113], "uv_size": [1, 4]},
								"east": {"uv": [0, 0], "uv_size": [0, 0]},
								"south": {"uv": [0, 0], "uv_size": [0, 0]},
								"west": {"uv": [0, 0], "uv_size": [0, 0]},
								"up": {"uv": [0, 0], "uv_size": [0, 0]},
								"down": {"uv": [0, 0], "uv_size": [0, 0]}
							}
						}
					]
				},
				{
					"name": "bone7",
					"parent": "down",
					"pivot": [-1.38105, 11.97814, 1.26],
					"cubes": [
						{
							"origin": [1.38605, 11.97814, 1.26],
							"size": [2.665, 0.8, 0],
							"pivot": [1.38105, 11.97814, 1.26],
							"rotation": [0, 0, -45.65],
							"uv": {
								"north": {"uv": [0, 0], "uv_size": [0, 0]},
								"east": {"uv": [0, 0], "uv_size": [0, 0]},
								"south": {"uv": [8, 113], "uv_size": [1, 4]},
								"west": {"uv": [0, 0], "uv_size": [0, 0]},
								"up": {"uv": [0, 0], "uv_size": [0, 0]},
								"down": {"uv": [0, 0], "uv_size": [0, 0]}
							}
						},
						{
							"origin": [-4.04605, 11.97814, 1.26],
							"size": [2.665, 0.8, 0],
							"pivot": [-1.38105, 11.97814, 1.26],
							"rotation": [0, 0, 45.65],
							"uv": {
								"north": {"uv": [0, 0], "uv_size": [0, 0]},
								"east": {"uv": [0, 0], "uv_size": [0, 0]},
								"south": {"uv": [9, 113], "uv_size": [-1, 4]},
								"west": {"uv": [0, 0], "uv_size": [0, 0]},
								"up": {"uv": [0, 0], "uv_size": [0, 0]},
								"down": {"uv": [0, 0], "uv_size": [0, 0]}
							}
						}
					]
				},
				{
					"name": "bone9",
					"parent": "down",
					"pivot": [1.38105, 11.97814, -1.26],
					"cubes": [
						{
							"origin": [-3.45105, 12.77814, -1.26],
							"size": [1.37, 1.2, 0],
							"pivot": [-1.38105, 11.97814, -1.26],
							"rotation": [0, 0, 45.65],
							"uv": {
								"north": {"uv": [9, 113], "uv_size": [2, -1]},
								"east": {"uv": [0, 0], "uv_size": [0, 0]},
								"south": {"uv": [0, 0], "uv_size": [0, 0]},
								"west": {"uv": [0, 0], "uv_size": [0, 0]},
								"up": {"uv": [0, 0], "uv_size": [0, 0]},
								"down": {"uv": [0, 0], "uv_size": [0, 0]}
							}
						},
						{
							"origin": [2.08105, 12.77814, -1.26],
							"size": [1.37, 1.2, 0],
							"pivot": [1.38105, 11.97814, -1.26],
							"rotation": [0, 0, -45.65],
							"uv": {
								"north": {"uv": [11, 113], "uv_size": [-2, -1]},
								"east": {"uv": [0, 0], "uv_size": [0, 0]},
								"south": {"uv": [0, 0], "uv_size": [0, 0]},
								"west": {"uv": [0, 0], "uv_size": [0, 0]},
								"up": {"uv": [0, 0], "uv_size": [0, 0]},
								"down": {"uv": [0, 0], "uv_size": [0, 0]}
							}
						}
					]
				},
				{
					"name": "right_arm",
					"pivot": [-4, 22, 0],
					"mirror": true,
					"cubes": [
						{"origin": [-6.5, 18.25, -1.725], "size": [3.75, 1.5, 3.5], "inflate": -0.2375, "uv": [32, 24]},
						{"origin": [-6.5, 19.25, -1.725], "size": [3.75, 4.5, 3.5], "inflate": -0.2375, "uv": [49, 34]},
						{"origin": [-6.25, 17.25, -1.5], "size": [3.25, 6.5, 3], "inflate": -0.251, "uv": [44, 17]}
					]
				},
				{
					"name": "right_arm_down",
					"parent": "right_arm",
					"pivot": [-4.75, 17.5, 1.25],
					"mirror": true,
					"cubes": [
						{"origin": [-6.25, 12.25, -1.5], "size": [3.25, 5.5, 3], "inflate": -0.251, "uv": [49, 26]}
					]
				},
				{
					"name": "left_arm",
					"pivot": [4, 22, 0],
					"cubes": [
						{"origin": [3, 17.25, -1.5], "size": [3.25, 6.5, 3], "inflate": -0.251, "uv": [44, 17]},
						{"origin": [2.75, 19.25, -1.725], "size": [3.75, 4.5, 3.5], "inflate": -0.2375, "uv": [49, 34]},
						{"origin": [2.75, 18.25, -1.725], "size": [3.75, 1.5, 3.5], "inflate": -0.2375, "uv": [32, 24]}
					]
				},
				{
					"name": "left_chestplate",
					"parent": "left_arm",
					"pivot": [4.75, 22, 0]
				},
				{
					"name": "left_arm_down",
					"parent": "left_arm",
					"pivot": [4.75, 17.5, 1.25],
					"cubes": [
						{"origin": [3, 12.25, -1.5], "size": [3.25, 5.5, 3], "inflate": -0.251, "uv": [47, 9]},
						{"origin": [3.1375, 14.5, -1.5], "size": [3, 1, 3], "inflate": -0.0625, "uv": [51, 41]}
					]
				},
				{
					"name": "left_leg",
					"pivot": [1.75, 12, 0],
					"cubes": [
						{
							"origin": [-0.15, 6.75, -3.0375],
							"size": [4.5, 4.5, 3],
							"inflate": -1.5,
							"uv": {
								"north": {"uv": [31, 114], "uv_size": [4, 4]},
								"east": {"uv": [27, 114], "uv_size": [0, 5]},
								"south": {"uv": [40, 114], "uv_size": [5, 0]},
								"west": {"uv": [36, 114], "uv_size": [0, 5]},
								"up": {"uv": [31, 114], "uv_size": [5, 0]},
								"down": {"uv": [41, 110], "uv_size": [0, 0]}
							}
						},
						{"origin": [0.25, 7, -1.5], "size": [3, 5, 3], "uv": [42, 44]},
						{"origin": [0.2625, 8.5, -1.5], "size": [3, 1, 3], "inflate": 0.025, "uv": [51, 41]},
						{
							"origin": [0.25, 10.925, -1.5],
							"size": [3, 1, 3],
							"inflate": 0.1,
							"uv": {
								"north": {"uv": [57, 52], "uv_size": [3, 1]},
								"east": {"uv": [54, 52], "uv_size": [3, 1]},
								"south": {"uv": [63, 52], "uv_size": [3, 1]},
								"west": {"uv": [60, 52], "uv_size": [3, 1]},
								"up": {"uv": [0, 0], "uv_size": [0, 0]},
								"down": {"uv": [0, 0], "uv_size": [0, 0]}
							}
						}
					]
				},
				{
					"name": "left_leg_down",
					"parent": "left_leg",
					"pivot": [1.75, 7, -1.5],
					"cubes": [
						{
							"origin": [-1.1, 2.8, -3.2375],
							"size": [4.5, 4.5, 3],
							"inflate": -1.5,
							"pivot": [1.75, 4.95, -1.5375],
							"rotation": [0, 0, -10],
							"uv": {
								"north": {"uv": [31, 114], "uv_size": [4, 4]},
								"east": {"uv": [27, 114], "uv_size": [0, 5]},
								"south": {"uv": [40, 114], "uv_size": [5, 0]},
								"west": {"uv": [36, 114], "uv_size": [0, 5]},
								"up": {"uv": [31, 114], "uv_size": [5, 0]},
								"down": {"uv": [41, 110], "uv_size": [0, 0]}
							}
						},
						{
							"origin": [-0.25, 4.55, -6.2375],
							"size": [4.5, 4.5, 3],
							"inflate": -1.5,
							"pivot": [1.75, 4.95, -1.5375],
							"rotation": [0, 180, 10],
							"uv": {
								"north": {"uv": [31, 114], "uv_size": [4, 4]},
								"east": {"uv": [27, 114], "uv_size": [0, 5]},
								"south": {"uv": [40, 114], "uv_size": [5, 0]},
								"west": {"uv": [36, 114], "uv_size": [0, 5]},
								"up": {"uv": [31, 114], "uv_size": [5, 0]},
								"down": {"uv": [41, 110], "uv_size": [0, 0]}
							}
						},
						{"origin": [0.25, 1.01, -1.5], "size": [3, 6, 3], "uv": [44, 0]},
						{"origin": [-0.925, 6.5, -1.65], "size": [3.25, 1, 3.25], "inflate": 0.025, "pivot": [0, 1, 0], "rotation": [0, 0, 10], "uv": [51, 41]},
						{"origin": [0.13049, 4.52861, -1.65], "size": [3.25, 1, 3.25], "inflate": 0.025, "pivot": [1.78049, 5.02861, -0.025], "rotation": [0, 0, -10], "uv": [51, 41]}
					]
				},
				{
					"name": "left_foot",
					"parent": "left_leg_down",
					"pivot": [1.75, 7, -1.5],
					"cubes": [
						{
							"origin": [0.75, 0, -4.36603],
							"size": [2, 2, 1],
							"inflate": 0.001,
							"uv": {
								"north": {"uv": [26, 60], "uv_size": [4, 4]},
								"east": {"uv": [20, 38], "uv_size": [1, 2]},
								"south": {"uv": [24, 38], "uv_size": [2, 2]},
								"west": {"uv": [23, 38], "uv_size": [1, 2]},
								"up": {"uv": [26, 64], "uv_size": [4, 2]},
								"down": {"uv": [23, 38], "uv_size": [2, -1]}
							}
						},
						{"origin": [0.25, 0, 0.5], "size": [3, 1, 1], "uv": [29, 6]},
						{"origin": [0.25, 0, -3.5], "size": [3, 1, 3], "inflate": 0.01, "uv": [0, 53]},
						{"origin": [0.25, 1, -3.5], "size": [3, 1, 5], "inflate": 0.01, "uv": [32, 5]},
						{
							"origin": [0.25, 2, -1.5],
							"size": [3, 2, 3],
							"inflate": 0.02,
							"uv": {
								"north": {"uv": [17, 56], "uv_size": [3, 4]},
								"east": {"uv": [11, 54], "uv_size": [3, 2]},
								"south": {"uv": [20, 54], "uv_size": [3, 2]},
								"west": {"uv": [17, 54], "uv_size": [3, 2]},
								"up": {"uv": [14, 51], "uv_size": [3, 3]},
								"down": {"uv": [17, 54], "uv_size": [3, -3]}
							}
						}
					]
				},
				{
					"name": "shoes2",
					"parent": "left_foot",
					"pivot": [3.25, 0, -3.5],
					"rotation": [0, 30, 0],
					"cubes": [
						{"origin": [2.25, 0, -4.5], "size": [1, 2, 1], "uv": [0, 41], "mirror": true}
					]
				},
				{
					"name": "shoes3",
					"parent": "left_foot",
					"pivot": [0.25, 0, -3.5],
					"rotation": [0, -30, 0],
					"cubes": [
						{"origin": [0.25, 0, -4.5], "size": [1, 2, 1], "uv": [0, 41]}
					]
				},
				{
					"name": "shoes",
					"parent": "left_foot",
					"pivot": [1.75, 2, -3.5],
					"rotation": [27.5, 0, 0],
					"cubes": [
						{
							"origin": [0.25, 1, -3.5],
							"size": [3, 1, 3.7],
							"inflate": 0.021,
							"uv": {
								"north": {"uv": [19, 36], "uv_size": [3, 1]},
								"east": {"uv": [15, 36], "uv_size": [4, 1]},
								"south": {"uv": [26, 36], "uv_size": [3, 1]},
								"west": {"uv": [22, 36], "uv_size": [4, 1]},
								"up": {"uv": [23, 60], "uv_size": [3, 8]},
								"down": {"uv": [22, 36], "uv_size": [3, -4]}
							}
						}
					]
				},
				{
					"name": "left_leg_hide_parts",
					"parent": "left_leg",
					"pivot": [-20, 21, -2]
				},
				{
					"name": "bone12",
					"parent": "left_leg_hide_parts",
					"pivot": [0, 0, 0],
					"cubes": [
						{"origin": [3.6, 10, -0.5], "size": [1, 2, 1], "uv": [15, 32]},
						{"origin": [3.25, 9, -1.5], "size": [1, 5, 3], "uv": [0, 0]}
					]
				},
				{
					"name": "right_leg",
					"pivot": [-1.75, 12, 0],
					"cubes": [
						{"origin": [-3.25, 7, -1.5], "size": [3, 5, 3], "uv": [42, 44], "mirror": true},
						{
							"origin": [-3.25, 10.925, -1.5],
							"size": [3, 1, 3],
							"inflate": 0.1,
							"uv": {
								"north": {"uv": [34, 55], "uv_size": [3, 1]},
								"east": {"uv": [31, 55], "uv_size": [3, 1]},
								"south": {"uv": [40, 55], "uv_size": [3, 1]},
								"west": {"uv": [37, 55], "uv_size": [3, 1]},
								"up": {"uv": [0, 0], "uv_size": [0, 0]},
								"down": {"uv": [0, 0], "uv_size": [0, 0]}
							}
						}
					]
				},
				{
					"name": "right_leg_down",
					"parent": "right_leg",
					"pivot": [-1.75, 7, -1.5],
					"cubes": [
						{"origin": [-3.25, 1.01, -1.5], "size": [3, 6, 3], "uv": [44, 0], "mirror": true}
					]
				},
				{
					"name": "right_foot",
					"parent": "right_leg_down",
					"pivot": [-1.75, 7, -1.5],
					"cubes": [
						{
							"origin": [-2.75, 0, -4.36603],
							"size": [2, 2, 1],
							"inflate": 0.001,
							"uv": {
								"north": {"uv": [30, 60], "uv_size": [-4, 4]},
								"east": {"uv": [24, 38], "uv_size": [-1, 2]},
								"south": {"uv": [26, 38], "uv_size": [-2, 2]},
								"west": {"uv": [21, 38], "uv_size": [-1, 2]},
								"up": {"uv": [30, 64], "uv_size": [-4, 2]},
								"down": {"uv": [25, 38], "uv_size": [-2, -1]}
							}
						},
						{"origin": [-3.25, 0, 0.5], "size": [3, 1, 1], "uv": [29, 6], "mirror": true},
						{"origin": [-3.25, 0, -3.5], "size": [3, 1, 3], "inflate": 0.01, "uv": [0, 53], "mirror": true},
						{"origin": [-3.25, 1, -3.5], "size": [3, 1, 5], "inflate": 0.01, "uv": [32, 5], "mirror": true},
						{
							"origin": [-3.25, 2, -1.5],
							"size": [3, 2, 3],
							"inflate": 0.02,
							"uv": {
								"north": {"uv": [20, 56], "uv_size": [-3, 4]},
								"east": {"uv": [20, 54], "uv_size": [-3, 2]},
								"south": {"uv": [23, 54], "uv_size": [-3, 2]},
								"west": {"uv": [14, 54], "uv_size": [-3, 2]},
								"up": {"uv": [17, 51], "uv_size": [-3, 3]},
								"down": {"uv": [20, 54], "uv_size": [-3, -3]}
							}
						}
					]
				},
				{
					"name": "shoes4",
					"parent": "right_foot",
					"pivot": [-3.25, 0, -3.5],
					"rotation": [0, -30, 0],
					"cubes": [
						{"origin": [-3.25, 0, -4.5], "size": [1, 2, 1], "uv": [0, 41]}
					]
				},
				{
					"name": "shoes5",
					"parent": "right_foot",
					"pivot": [-0.25, 0, -3.5],
					"rotation": [0, 30, 0],
					"cubes": [
						{"origin": [-1.25, 0, -4.5], "size": [1, 2, 1], "uv": [0, 41], "mirror": true}
					]
				},
				{
					"name": "shoes6",
					"parent": "right_foot",
					"pivot": [-1.75, 2, -3.5],
					"rotation": [27.5, 0, 0],
					"cubes": [
						{
							"origin": [-3.25, 1, -3.5],
							"size": [3, 1, 3.7],
							"inflate": 0.021,
							"uv": {
								"north": {"uv": [22, 36], "uv_size": [-3, 1]},
								"east": {"uv": [26, 36], "uv_size": [-4, 1]},
								"south": {"uv": [29, 36], "uv_size": [-3, 1]},
								"west": {"uv": [19, 36], "uv_size": [-4, 1]},
								"up": {"uv": [26, 60], "uv_size": [-3, 8]},
								"down": {"uv": [25, 36], "uv_size": [-3, -4]}
							}
						}
					]
				},
				{
					"name": "right_leg_hide_parts",
					"parent": "right_leg",
					"pivot": [20, 21, -2]
				}
			]
		}
	]
}