{
	"format_version": "1.12.0",
	"minecraft:geometry": [
		{
			"description": {
				"identifier": "geometry.model",
				"texture_width": 128,
				"texture_height": 128,
				"visible_bounds_width": 2,
				"visible_bounds_height": 3.5,
				"visible_bounds_offset": [0, 1.25, 0]
			},
			"bones": [
				{
					"name": "head",
					"pivot": [0, 24, 0],
					"cubes": [
						{"origin": [-4, 24, -4], "size": [8, 8, 8], "uv": [0, 16]},
						{
							"origin": [-4, 24, -4],
							"size": [8, 8, 8],
							"inflate": 0.2,
							"uv": {
								"north": {"uv": [8, 8], "uv_size": [8, 8]},
								"east": {"uv": [0, 8], "uv_size": [8, 8]},
								"south": {"uv": [24, 8], "uv_size": [8, 8]},
								"west": {"uv": [16, 8], "uv_size": [8, 8]},
								"up": {"uv": [8, 0], "uv_size": [8, 8]},
								"down": {"uv": [0, 0], "uv_size": [0, 0]}
							}
						},
						{
							"origin": [-4, 24, -4.05],
							"size": [8, 8, 8],
							"inflate": 0.6,
							"uv": {
								"north": {"uv": [8, 69], "uv_size": [8, 8]},
								"east": {"uv": [0, 69], "uv_size": [8, 8]},
								"south": {"uv": [24, 69], "uv_size": [8, 8]},
								"west": {"uv": [16, 69], "uv_size": [8, 8]},
								"up": {"uv": [0, 0], "uv_size": [0, 0]},
								"down": {"uv": [0, 0], "uv_size": [0, 0]}
							}
						}
					]
				},
				{
					"name": "left_ear",
					"parent": "head",
					"pivot": [2, 30, -1]
				},
				{
					"name": "ear4",
					"parent": "left_ear",
					"pivot": [3, 32, -1],
					"rotation": [10, 0, 20],
					"cubes": [
						{
							"origin": [1.49815, 30.80208, -1.95527],
							"size": [1, 3, 1],
							"uv": {
								"north": {"uv": [26, 20], "uv_size": [-1, 3]},
								"east": {"uv": [27, 20], "uv_size": [-1, 3]},
								"south": {"uv": [28, 20], "uv_size": [-1, 3]},
								"west": {"uv": [25, 20], "uv_size": [-1, 3]},
								"up": {"uv": [0, 0], "uv_size": [0, 0]},
								"down": {"uv": [0, 0], "uv_size": [0, 0]}
							}
						}
					]
				},
				{
					"name": "ear5",
					"parent": "ear4",
					"pivot": [2.68584, 30.86585, -2.43628],
					"rotation": [13.5773, -1.77024, 7.28925],
					"cubes": [
						{
							"origin": [1.81002, 31.16281, -1.05799],
							"size": [1.95, 3.175, 0.975],
							"uv": {
								"north": {"uv": [3, 3], "uv_size": [-2, 3]},
								"east": {"uv": [4, 3], "uv_size": [-1, 3]},
								"south": {"uv": [6, 3], "uv_size": [-2, 3]},
								"west": {"uv": [1, 3], "uv_size": [-1, 3]},
								"up": {"uv": [3, 2], "uv_size": [-2, 1]},
								"down": {"uv": [0, 0], "uv_size": [0, 0]}
							}
						}
					]
				},
				{
					"name": "ear6",
					"parent": "ear4",
					"pivot": [1.53584, 34.01585, -3.18628],
					"rotation": [0, 0, 35],
					"cubes": [
						{"origin": [1.62758, 33.81912, -1.95527], "size": [1, 3, 1], "inflate": 0.001, "uv": [28, 20], "mirror": true}
					]
				},
				{
					"name": "ear10",
					"parent": "ear6",
					"pivot": [2.53584, 37.01585, -3.18628],
					"rotation": [0, 0, -45],
					"cubes": [
						{"origin": [1.46161, 33.81188, -1.95527], "size": [1, 3, 1], "uv": [28, 20], "mirror": true}
					]
				},
				{
					"name": "ear11",
					"parent": "ear10",
					"pivot": [2.53584, 34.01585, -3.18628],
					"rotation": [0, 0, 30],
					"cubes": [
						{
							"origin": [1.57354, 30.80208, -1.95527],
							"size": [1, 3, 1],
							"inflate": -0.001,
							"uv": {
								"north": {"uv": [26, 20], "uv_size": [-1, 3]},
								"east": {"uv": [27, 20], "uv_size": [-1, 3]},
								"south": {"uv": [28, 20], "uv_size": [-1, 3]},
								"west": {"uv": [25, 20], "uv_size": [-1, 3]},
								"up": {"uv": [0, 0], "uv_size": [0, 0]},
								"down": {"uv": [0, 0], "uv_size": [0, 0]}
							}
						}
					]
				},
				{
					"name": "bone5",
					"parent": "ear10",
					"pivot": [2.03584, 37.01585, -2.18628],
					"cubes": [
						{
							"origin": [0.53584, 34.01585, -2.74878],
							"size": [3, 3, 2],
							"inflate": -0.7,
							"uv": {
								"north": {"uv": [88, 34], "uv_size": [3, 3]},
								"east": {"uv": [0, 0], "uv_size": [0, 0]},
								"south": {"uv": [0, 0], "uv_size": [0, 0]},
								"west": {"uv": [0, 0], "uv_size": [0, 0]},
								"up": {"uv": [0, 0], "uv_size": [0, 0]},
								"down": {"uv": [0, 0], "uv_size": [0, 0]}
							}
						}
					]
				},
				{
					"name": "ear12",
					"parent": "ear4",
					"pivot": [2.78584, 31.01585, -1.18628],
					"cubes": [
						{
							"origin": [1.8577, 29.82527, -1.24912],
							"size": [1.95, 2, 1],
							"inflate": 0.001,
							"uv": {
								"north": {"uv": [3, 20], "uv_size": [-2, 2]},
								"east": {"uv": [4, 20], "uv_size": [-1, 2]},
								"south": {"uv": [6, 20], "uv_size": [-2, 2]},
								"west": {"uv": [1, 20], "uv_size": [-1, 2]},
								"up": {"uv": [3, 19], "uv_size": [-2, 1]},
								"down": {"uv": [0, 0], "uv_size": [0, 0]}
							}
						}
					]
				},
				{
					"name": "right_ear",
					"parent": "head",
					"pivot": [-2, 30, -1]
				},
				{
					"name": "ear2",
					"parent": "right_ear",
					"pivot": [-3, 32, -1],
					"rotation": [10, 0, -20],
					"cubes": [
						{
							"origin": [-2.49815, 30.80208, -1.95527],
							"size": [1, 3, 1],
							"uv": {
								"north": {"uv": [25, 20], "uv_size": [1, 3]},
								"east": {"uv": [24, 20], "uv_size": [1, 3]},
								"south": {"uv": [27, 20], "uv_size": [1, 3]},
								"west": {"uv": [26, 20], "uv_size": [1, 3]},
								"up": {"uv": [0, 0], "uv_size": [0, 0]},
								"down": {"uv": [0, 0], "uv_size": [0, 0]}
							}
						}
					]
				},
				{
					"name": "ear3",
					"parent": "ear2",
					"pivot": [-2.68584, 30.86585, -2.43628],
					"rotation": [13.5773, 1.77024, -7.28925],
					"cubes": [
						{
							"origin": [-3.76002, 31.16281, -1.05799],
							"size": [1.95, 3.175, 0.975],
							"uv": {
								"north": {"uv": [1, 3], "uv_size": [2, 3]},
								"east": {"uv": [0, 3], "uv_size": [1, 3]},
								"south": {"uv": [4, 3], "uv_size": [2, 3]},
								"west": {"uv": [3, 3], "uv_size": [1, 3]},
								"up": {"uv": [1, 2], "uv_size": [2, 1]},
								"down": {"uv": [0, 0], "uv_size": [0, 0]}
							}
						}
					]
				},
				{
					"name": "ear7",
					"parent": "ear2",
					"pivot": [-1.53584, 34.01585, -3.18628],
					"rotation": [0, 0, -35],
					"cubes": [
						{"origin": [-2.62758, 33.81912, -1.95527], "size": [1, 3, 1], "inflate": 0.001, "uv": [28, 20]}
					]
				},
				{
					"name": "ear8",
					"parent": "ear7",
					"pivot": [-2.53584, 37.01585, -3.18628],
					"rotation": [0, 0, 45],
					"cubes": [
						{"origin": [-2.46161, 33.81188, -1.95527], "size": [1, 3, 1], "uv": [28, 20]}
					]
				},
				{
					"name": "ear9",
					"parent": "ear8",
					"pivot": [-2.53584, 34.01585, -3.18628],
					"rotation": [0, 0, -30],
					"cubes": [
						{
							"origin": [-2.57354, 30.80208, -1.95527],
							"size": [1, 3, 1],
							"inflate": -0.001,
							"uv": {
								"north": {"uv": [25, 20], "uv_size": [1, 3]},
								"east": {"uv": [24, 20], "uv_size": [1, 3]},
								"south": {"uv": [27, 20], "uv_size": [1, 3]},
								"west": {"uv": [26, 20], "uv_size": [1, 3]},
								"up": {"uv": [0, 0], "uv_size": [0, 0]},
								"down": {"uv": [0, 0], "uv_size": [0, 0]}
							}
						}
					]
				},
				{
					"name": "ear13",
					"parent": "ear2",
					"pivot": [-2.78584, 31.01585, -1.18628],
					"cubes": [
						{
							"origin": [-3.8077, 29.82527, -1.24912],
							"size": [1.95, 2, 1],
							"inflate": 0.001,
							"uv": {
								"north": {"uv": [1, 20], "uv_size": [2, 2]},
								"east": {"uv": [0, 20], "uv_size": [1, 2]},
								"south": {"uv": [4, 20], "uv_size": [2, 2]},
								"west": {"uv": [3, 20], "uv_size": [1, 2]},
								"up": {"uv": [1, 19], "uv_size": [2, 1]},
								"down": {"uv": [0, 0], "uv_size": [0, 0]}
							}
						}
					]
				},
				{
					"name": "long_hair",
					"parent": "head",
					"pivot": [0, 24, 2]
				},
				{
					"name": "hair2",
					"parent": "head",
					"pivot": [3.07047, 29.84501, 0.47919],
					"rotation": [-82.47672, 41.93162, -52.27056]
				},
				{
					"name": "bone",
					"parent": "hair2",
					"pivot": [3.21757, 29.99603, 0.34482],
					"cubes": [
						{
							"origin": [2.21757, 29.99603, -0.65518],
							"size": [3, 3, 5],
							"uv": {
								"north": {"uv": [77, 6], "uv_size": [3, 3]},
								"east": {"uv": [72, 6], "uv_size": [5, 3]},
								"south": {"uv": [0, 0], "uv_size": [0, 0]},
								"west": {"uv": [80, 6], "uv_size": [5, 3]},
								"up": {"uv": [77, 1], "uv_size": [3, 5]},
								"down": {"uv": [80, 6], "uv_size": [3, -5]}
							}
						}
					]
				},
				{
					"name": "bone2",
					"parent": "hair2",
					"pivot": [3.25729, 29.62826, 0.75985],
					"rotation": [-35.03406, -26.02735, 10.23523],
					"cubes": [
						{
							"origin": [2.25729, 30.12826, 0.00985],
							"size": [3, 3, 5],
							"inflate": -0.07,
							"uv": {
								"north": {"uv": [77, 14], "uv_size": [3, 3]},
								"east": {"uv": [72, 14], "uv_size": [5, 3]},
								"south": {"uv": [0, 0], "uv_size": [0, 0]},
								"west": {"uv": [80, 14], "uv_size": [5, 3]},
								"up": {"uv": [77, 9], "uv_size": [3, 5]},
								"down": {"uv": [80, 14], "uv_size": [3, -5]}
							}
						},
						{
							"origin": [2.25729, 30.12826, 0.00985],
							"size": [3, 3, 5],
							"inflate": 0.1,
							"uv": {
								"north": {"uv": [0, 0], "uv_size": [0, 0]},
								"east": {"uv": [0, 0], "uv_size": [0, 0]},
								"south": {"uv": [0, 0], "uv_size": [0, 0]},
								"west": {"uv": [96, 14], "uv_size": [5, 3]},
								"up": {"uv": [93, 9], "uv_size": [3, 5]},
								"down": {"uv": [96, 14], "uv_size": [3, -5]}
							}
						}
					]
				},
				{
					"name": "bone3",
					"parent": "hair2",
					"pivot": [2.70218, 29.09973, 0.95354],
					"rotation": [-41.9209, -30.37735, 14.22682],
					"cubes": [
						{
							"origin": [1.6804, 29.57353, 0.97458],
							"size": [3, 3, 4],
							"inflate": -0.2,
							"uv": {
								"north": {"uv": [0, 0], "uv_size": [0, 0]},
								"east": {"uv": [72, 21], "uv_size": [4, 3]},
								"south": {"uv": [83, 21], "uv_size": [3, 3]},
								"west": {"uv": [79, 21], "uv_size": [4, 3]},
								"up": {"uv": [76, 17], "uv_size": [3, 4]},
								"down": {"uv": [79, 21], "uv_size": [3, -4]}
							}
						},
						{
							"origin": [1.6804, 29.57353, 0.97458],
							"size": [3, 3, 4],
							"inflate": 0.1,
							"uv": {
								"north": {"uv": [0, 0], "uv_size": [0, 0]},
								"east": {"uv": [0, 0], "uv_size": [0, 0]},
								"south": {"uv": [0, 0], "uv_size": [0, 0]},
								"west": {"uv": [79, 28], "uv_size": [4, 3]},
								"up": {"uv": [0, 0], "uv_size": [0, 0]},
								"down": {"uv": [0, 0], "uv_size": [0, 0]}
							}
						}
					]
				},
				{
					"name": "bone4",
					"parent": "hair2",
					"pivot": [4.08138, 31.82149, 0.05423],
					"rotation": [0, 45, -45],
					"cubes": [
						{"origin": [1.89075, 29.84584, -0.74253], "size": [4, 4, 1], "inflate": 0.2, "uv": [73, 31]}
					]
				},
				{
					"name": "hat",
					"pivot": [0, 24, 0]
				},
				{
					"name": "crown",
					"parent": "hat",
					"pivot": [-3, 33, 2],
					"rotation": [180, -15, 162.5],
					"cubes": [
						{
							"origin": [-5, 31.5, 0],
							"size": [4, 3, 4],
							"uv": {
								"north": {"uv": [4, 84], "uv_size": [4, 3]},
								"east": {"uv": [0, 84], "uv_size": [4, 3]},
								"south": {"uv": [12, 84], "uv_size": [4, 3]},
								"west": {"uv": [8, 84], "uv_size": [4, 3]},
								"up": {"uv": [4, 80], "uv_size": [4, 4]},
								"down": {"uv": [0, 0], "uv_size": [0, 0]}
							}
						},
						{
							"origin": [-5, 30.9, 0],
							"size": [4, 3, 4],
							"inflate": 0.2,
							"uv": {
								"north": {"uv": [4, 91], "uv_size": [4, 3]},
								"east": {"uv": [0, 91], "uv_size": [4, 3]},
								"south": {"uv": [12, 91], "uv_size": [4, 3]},
								"west": {"uv": [8, 91], "uv_size": [4, 3]},
								"up": {"uv": [0, 0], "uv_size": [0, 0]},
								"down": {"uv": [0, 0], "uv_size": [0, 0]}
							}
						},
						{"origin": [-3.5, 34.25, 1.5], "size": [1, 1, 1], "uv": [0, 94]}
					]
				},
				{
					"name": "tail",
					"pivot": [0, 15, 2]
				},
				{
					"name": "tail3",
					"parent": "tail",
					"pivot": [0, 18, 1],
					"rotation": [25, 0, 0],
					"cubes": [
						{
							"origin": [-1.5, 8, -1],
							"size": [3, 7, 4],
							"inflate": -0.5,
							"uv": {
								"north": {"uv": [34, 48], "uv_size": [3, 7]},
								"east": {"uv": [30, 48], "uv_size": [4, 7]},
								"south": {"uv": [41, 48], "uv_size": [3, 7]},
								"west": {"uv": [37, 48], "uv_size": [4, 7]},
								"up": {"uv": [34, 44], "uv_size": [3, 4]},
								"down": {"uv": [0, 0], "uv_size": [0, 0]}
							}
						}
					]
				},
				{
					"name": "tail_down",
					"parent": "tail",
					"pivot": [0, 10, 7],
					"rotation": [9.66, 0, 0],
					"cubes": [
						{
							"origin": [-1.5, 3.62865, 2.88723],
							"size": [3, 7, 4],
							"inflate": -0.5,
							"uv": {
								"north": {"uv": [20, 47], "uv_size": [3, 7]},
								"east": {"uv": [16, 47], "uv_size": [4, 7]},
								"south": {"uv": [27, 47], "uv_size": [3, 7]},
								"west": {"uv": [23, 47], "uv_size": [4, 7]},
								"up": {"uv": [20, 43], "uv_size": [3, 4]},
								"down": {"uv": [0, 0], "uv_size": [0, 0]}
							}
						},
						{
							"origin": [-1, 3.3641, 3.92286],
							"size": [2, 7, 2],
							"inflate": -0.5,
							"uv": {
								"north": {"uv": [22, 34], "uv_size": [2, 7]},
								"east": {"uv": [20, 34], "uv_size": [2, 7]},
								"south": {"uv": [26, 34], "uv_size": [2, 7]},
								"west": {"uv": [24, 34], "uv_size": [2, 7]},
								"up": {"uv": [22, 32], "uv_size": [2, 2]},
								"down": {"uv": [0, 0], "uv_size": [0, 0]}
							}
						}
					]
				},
				{
					"name": "body",
					"pivot": [0, 24, 0],
					"cubes": [
						{"origin": [-2.5, 21.8, -2.5], "size": [5, 4, 5], "inflate": -1.25, "uv": [27, 11]},
						{"origin": [-3.5, 11.73, -1.5], "size": [7, 12, 3], "inflate": -0.251, "uv": [0, 32]}
					]
				},
				{
					"name": "hide_parts",
					"parent": "body",
					"pivot": [0, 24, 0]
				},
				{
					"name": "chest",
					"parent": "hide_parts",
					"pivot": [0, 21.9, -1.5],
					"rotation": [-30, 0, 0],
					"cubes": [
						{
							"origin": [-3.5, 19.02624, -1.61429],
							"size": [7, 4, 3],
							"inflate": -0.252,
							"uv": {
								"north": {"uv": [27, 3], "uv_size": [7, 4]},
								"east": {"uv": [24, 3], "uv_size": [3, 4]},
								"south": {"uv": [0, 0], "uv_size": [0, 0]},
								"west": {"uv": [34, 3], "uv_size": [3, 4]},
								"up": {"uv": [0, 0], "uv_size": [0, 0]},
								"down": {"uv": [34, 3], "uv_size": [7, -3]}
							}
						}
					]
				},
				{
					"name": "deco_head2",
					"parent": "hide_parts",
					"pivot": [0, 22.25, -2.2375],
					"rotation": [-27.5, 0, 0],
					"cubes": [
						{"origin": [-0.5, 22.23492, -2.62301], "size": [1, 1, 1], "uv": [76, 38]}
					]
				},
				{
					"name": "deco_head3",
					"parent": "deco_head2",
					"pivot": [0.25, 23, -2.2375],
					"rotation": [0, 0, 45],
					"cubes": [
						{"origin": [0.33388, 22.16612, -2.32301], "size": [2, 1, 1], "inflate": 0.001, "uv": [75, 42], "mirror": true}
					]
				},
				{
					"name": "deco_head4",
					"parent": "deco_head3",
					"pivot": [2.5, 23, -2.2375],
					"rotation": [0, 0, -22.5],
					"cubes": [
						{"origin": [0.4101, 23.21704, -2.32301], "size": [2, 1, 1], "uv": [75, 42], "mirror": true}
					]
				},
				{
					"name": "bone64",
					"parent": "deco_head3",
					"pivot": [0.34289, 23.41066, -2.15199],
					"rotation": [0, 0, 20],
					"cubes": [
						{
							"origin": [1.34289, 22.41066, -1.90199],
							"size": [2, 1, 1],
							"inflate": 0.2,
							"uv": {
								"north": {"uv": [78, 46], "uv_size": [-2, 1]},
								"east": {"uv": [0, 0], "uv_size": [0, 0]},
								"south": {"uv": [0, 0], "uv_size": [0, 0]},
								"west": {"uv": [0, 0], "uv_size": [0, 0]},
								"up": {"uv": [0, 0], "uv_size": [0, 0]},
								"down": {"uv": [0, 0], "uv_size": [0, 0]}
							}
						}
					]
				},
				{
					"name": "deco_head5",
					"parent": "deco_head2",
					"pivot": [-0.25, 23, -2.2375],
					"rotation": [0, 0, -40],
					"cubes": [
						{"origin": [-2.34899, 22.17996, -2.32301], "size": [2, 1, 1], "inflate": 0.001, "uv": [75, 42]}
					]
				},
				{
					"name": "deco_head6",
					"parent": "deco_head5",
					"pivot": [-2.5, 23, -2.2375],
					"rotation": [0, 0, 22.5],
					"cubes": [
						{"origin": [-2.42936, 23.22405, -2.32301], "size": [2, 1, 1], "uv": [75, 42]}
					]
				},
				{
					"name": "bone65",
					"parent": "deco_head5",
					"pivot": [-0.40101, 23.32004, -2.15199],
					"rotation": [0, 0, -25],
					"cubes": [
						{
							"origin": [-3.32778, 22.49682, -1.90199],
							"size": [2, 1, 1],
							"inflate": 0.2,
							"uv": {
								"north": {"uv": [76, 46], "uv_size": [2, 1]},
								"east": {"uv": [0, 0], "uv_size": [0, 0]},
								"south": {"uv": [0, 0], "uv_size": [0, 0]},
								"west": {"uv": [0, 0], "uv_size": [0, 0]},
								"up": {"uv": [0, 0], "uv_size": [0, 0]},
								"down": {"uv": [0, 0], "uv_size": [0, 0]}
							}
						}
					]
				},
				{
					"name": "deco_head32",
					"parent": "hide_parts",
					"pivot": [2.75, 16.75, -2.2375],
					"rotation": [-17.5, 0, -22.5],
					"cubes": [
						{"origin": [2.25, 16.73492, -2.62301], "size": [1, 1, 1], "uv": [83, 38]}
					]
				},
				{
					"name": "deco_head33",
					"parent": "deco_head32",
					"pivot": [3, 17.5, -2.2375],
					"rotation": [0, 0, 45]
				},
				{
					"name": "deco_head34",
					"parent": "deco_head33",
					"pivot": [5.25, 17.5, -2.2375],
					"rotation": [0, 0, -22.5]
				},
				{
					"name": "bone97",
					"parent": "deco_head33",
					"pivot": [3.09289, 17.91066, -2.15199],
					"rotation": [0, 0, 20],
					"cubes": [
						{
							"origin": [3.34289, 16.66066, -1.90199],
							"size": [2, 1, 1],
							"inflate": 0.2,
							"uv": {
								"north": {"uv": [85, 46], "uv_size": [-2, 1]},
								"east": {"uv": [0, 0], "uv_size": [0, 0]},
								"south": {"uv": [0, 0], "uv_size": [0, 0]},
								"west": {"uv": [0, 0], "uv_size": [0, 0]},
								"up": {"uv": [0, 0], "uv_size": [0, 0]},
								"down": {"uv": [0, 0], "uv_size": [0, 0]}
							}
						}
					]
				},
				{
					"name": "deco_head35",
					"parent": "deco_head32",
					"pivot": [2.5, 17.5, -2.2375],
					"rotation": [0, 0, -40],
					"cubes": [
						{"origin": [0.40101, 16.67996, -2.32301], "size": [2, 1, 1], "inflate": 0.001, "uv": [82, 42]}
					]
				},
				{
					"name": "deco_head36",
					"parent": "deco_head35",
					"pivot": [0.25, 17.5, -2.2375],
					"rotation": [0, 0, 22.5],
					"cubes": [
						{"origin": [0.32064, 17.72405, -2.32301], "size": [2, 1, 1], "uv": [82, 42]}
					]
				},
				{
					"name": "bone98",
					"parent": "deco_head35",
					"pivot": [2.34899, 17.82004, -2.15199],
					"rotation": [0, 0, -25],
					"cubes": [
						{
							"origin": [-0.57778, 16.99682, -1.90199],
							"size": [2, 1, 1],
							"inflate": 0.2,
							"uv": {
								"north": {"uv": [83, 46], "uv_size": [2, 1]},
								"east": {"uv": [0, 0], "uv_size": [0, 0]},
								"south": {"uv": [0, 0], "uv_size": [0, 0]},
								"west": {"uv": [0, 0], "uv_size": [0, 0]},
								"up": {"uv": [0, 0], "uv_size": [0, 0]},
								"down": {"uv": [0, 0], "uv_size": [0, 0]}
							}
						}
					]
				},
				{
					"name": "deco_head13",
					"parent": "hide_parts",
					"pivot": [-4.25, 13.95992, -0.02301],
					"rotation": [-40, 90, 0],
					"cubes": [
						{"origin": [-4.75, 13.45992, -0.52301], "size": [1, 1, 1], "uv": [83, 38]}
					]
				},
				{
					"name": "deco_head14",
					"parent": "deco_head13",
					"pivot": [-4, 14.225, -0.1375],
					"rotation": [0, 0, 12.5],
					"cubes": [
						{"origin": [-3.91612, 13.39112, -0.22301], "size": [2, 1, 1], "inflate": 0.001, "uv": [82, 42], "mirror": true}
					]
				},
				{
					"name": "deco_head15",
					"parent": "deco_head14",
					"pivot": [-1.75, 14.225, -0.1375],
					"rotation": [0, 0, -22.5],
					"cubes": [
						{"origin": [-3.8399, 14.44204, -0.22301], "size": [2, 1, 1], "uv": [82, 42], "mirror": true}
					]
				},
				{
					"name": "bone72",
					"parent": "deco_head14",
					"pivot": [-3.90711, 14.63566, -0.05199],
					"rotation": [0, 0, 47.5],
					"cubes": [
						{
							"origin": [-3.1132, 13.82682, 0.31071],
							"size": [2, 1, 1],
							"inflate": 0.2,
							"uv": {
								"north": {"uv": [85, 46], "uv_size": [-2, 1]},
								"east": {"uv": [0, 0], "uv_size": [0, 0]},
								"south": {"uv": [0, 0], "uv_size": [0, 0]},
								"west": {"uv": [0, 0], "uv_size": [0, 0]},
								"up": {"uv": [0, 0], "uv_size": [0, 0]},
								"down": {"uv": [0, 0], "uv_size": [0, 0]}
							}
						}
					]
				},
				{
					"name": "deco_head16",
					"parent": "deco_head13",
					"pivot": [-4.5, 14.225, -0.1375],
					"rotation": [0, 0, -12.5],
					"cubes": [
						{"origin": [-6.59899, 13.40496, -0.22301], "size": [2, 1, 1], "inflate": 0.001, "uv": [82, 42]}
					]
				},
				{
					"name": "deco_head17",
					"parent": "deco_head16",
					"pivot": [-6.75, 14.225, -0.1375],
					"rotation": [0, 0, 22.5],
					"cubes": [
						{"origin": [-6.67936, 14.44905, -0.22301], "size": [2, 1, 1], "uv": [82, 42]}
					]
				},
				{
					"name": "bone73",
					"parent": "deco_head16",
					"pivot": [-4.65101, 14.54504, -0.05199],
					"rotation": [0, 0, -47.5],
					"cubes": [
						{
							"origin": [-7.30919, 13.80472, 0.31071],
							"size": [2, 1, 1],
							"inflate": 0.2,
							"uv": {
								"north": {"uv": [83, 46], "uv_size": [2, 1]},
								"east": {"uv": [0, 0], "uv_size": [0, 0]},
								"south": {"uv": [0, 0], "uv_size": [0, 0]},
								"west": {"uv": [0, 0], "uv_size": [0, 0]},
								"up": {"uv": [0, 0], "uv_size": [0, 0]},
								"down": {"uv": [0, 0], "uv_size": [0, 0]}
							}
						}
					]
				},
				{
					"name": "skirt",
					"parent": "hide_parts",
					"pivot": [0, 24, 0],
					"cubes": [
						{
							"origin": [-5.5, 13, -3.5],
							"size": [11, 6, 7],
							"inflate": -2.25,
							"uv": {
								"north": {"uv": [0, 0], "uv_size": [0, 0]},
								"east": {"uv": [2, 121], "uv_size": [7, 6]},
								"south": {"uv": [27, 121], "uv_size": [11, 6]},
								"west": {"uv": [20, 121], "uv_size": [7, 6]},
								"up": {"uv": [0, 0], "uv_size": [0, 0]},
								"down": {"uv": [0, 0], "uv_size": [0, 0]}
							}
						}
					]
				},
				{
					"name": "bone6",
					"parent": "skirt",
					"pivot": [0, 8, 0],
					"rotation": [0, 22.5, 0]
				},
				{
					"name": "bone9",
					"parent": "bone6",
					"pivot": [0, 8, 0]
				},
				{
					"name": "bone10",
					"parent": "bone9",
					"pivot": [0, 8, 5.12132],
					"rotation": [30, 0, 0]
				},
				{
					"name": "bone11",
					"parent": "bone10",
					"pivot": [0, 8, 5.12132],
					"rotation": [0, -45, 0],
					"cubes": [
						{
							"origin": [-1.85823, 8.75691, 3.2741],
							"size": [3, 6, 2.0375],
							"uv": {
								"north": {"uv": [0, 0], "uv_size": [0, 0]},
								"east": {"uv": [0, 0], "uv_size": [0, 0]},
								"south": {"uv": [79, 60], "uv_size": [3, 6]},
								"west": {"uv": [77, 60], "uv_size": [2, 6]},
								"up": {"uv": [0, 0], "uv_size": [0, 0]},
								"down": {"uv": [0, 0], "uv_size": [0, 0]}
							}
						}
					]
				},
				{
					"name": "bone12",
					"parent": "bone6",
					"pivot": [0, 8, 0],
					"rotation": [0, -45, 0]
				},
				{
					"name": "bone13",
					"parent": "bone12",
					"pivot": [0, 8, 5.12132],
					"rotation": [30, 0, 0]
				},
				{
					"name": "bone14",
					"parent": "bone13",
					"pivot": [0, 8, 5.12132],
					"rotation": [0, -45, 0],
					"cubes": [
						{
							"origin": [-1.72222, 8.76941, 3.17559],
							"size": [2, 6, 3],
							"uv": {
								"north": {"uv": [0, 0], "uv_size": [0, 0]},
								"east": {"uv": [0, 0], "uv_size": [0, 0]},
								"south": {"uv": [80, 60], "uv_size": [2, 6]},
								"west": {"uv": [77, 60], "uv_size": [3, 6]},
								"up": {"uv": [0, 0], "uv_size": [0, 0]},
								"down": {"uv": [0, 0], "uv_size": [0, 0]}
							}
						}
					]
				},
				{
					"name": "bone15",
					"parent": "bone6",
					"pivot": [0, 8, 0],
					"rotation": [0, -90, 0]
				},
				{
					"name": "bone16",
					"parent": "bone15",
					"pivot": [0, 8, 5.12132],
					"rotation": [30, 0, 0]
				},
				{
					"name": "bone17",
					"parent": "bone16",
					"pivot": [0, 8, 5.12132],
					"rotation": [0, -45, 0],
					"cubes": [
						{
							"origin": [-1.34559, 8.66266, 3.65401],
							"size": [2.225, 6, 3],
							"uv": {
								"north": {"uv": [0, 0], "uv_size": [0, 0]},
								"east": {"uv": [0, 0], "uv_size": [0, 0]},
								"south": {"uv": [80, 60], "uv_size": [2, 6]},
								"west": {"uv": [77, 60], "uv_size": [3, 6]},
								"up": {"uv": [0, 0], "uv_size": [0, 0]},
								"down": {"uv": [0, 0], "uv_size": [0, 0]}
							}
						}
					]
				},
				{
					"name": "bone18",
					"parent": "bone6",
					"pivot": [0, 8, 0],
					"rotation": [0, -135, 0]
				},
				{
					"name": "bone19",
					"parent": "bone18",
					"pivot": [0, 8, 5.12132],
					"rotation": [30, 0, 0]
				},
				{
					"name": "bone20",
					"parent": "bone19",
					"pivot": [0, 8, 5.12132],
					"rotation": [0, -45, 0],
					"cubes": [
						{
							"origin": [-1.46731, 8.66266, 3.80073],
							"size": [3, 6, 2.2],
							"uv": {
								"north": {"uv": [0, 0], "uv_size": [0, 0]},
								"east": {"uv": [0, 0], "uv_size": [0, 0]},
								"south": {"uv": [79, 60], "uv_size": [3, 6]},
								"west": {"uv": [77, 60], "uv_size": [2, 6]},
								"up": {"uv": [0, 0], "uv_size": [0, 0]},
								"down": {"uv": [0, 0], "uv_size": [0, 0]}
							}
						}
					]
				},
				{
					"name": "bone21",
					"parent": "bone6",
					"pivot": [0, 8, 0],
					"rotation": [0, -180, 0]
				},
				{
					"name": "bone22",
					"parent": "bone21",
					"pivot": [0, 8, 5.12132],
					"rotation": [30, 0, 0]
				},
				{
					"name": "bone23",
					"parent": "bone22",
					"pivot": [0, 8, 5.12132],
					"rotation": [0, -45, 0],
					"cubes": [
						{
							"origin": [-1.92194, 8.69143, 3.33319],
							"size": [3, 6, 2],
							"uv": {
								"north": {"uv": [0, 0], "uv_size": [0, 0]},
								"east": {"uv": [0, 0], "uv_size": [0, 0]},
								"south": {"uv": [79, 60], "uv_size": [3, 6]},
								"west": {"uv": [77, 60], "uv_size": [2, 6]},
								"up": {"uv": [0, 0], "uv_size": [0, 0]},
								"down": {"uv": [0, 0], "uv_size": [0, 0]}
							}
						}
					]
				},
				{
					"name": "bone24",
					"parent": "bone6",
					"pivot": [0, 8, 0],
					"rotation": [0, -225, 0]
				},
				{
					"name": "bone25",
					"parent": "bone24",
					"pivot": [0, 8, 5.12132],
					"rotation": [30, 0, 0]
				},
				{
					"name": "bone26",
					"parent": "bone25",
					"pivot": [0, 8, 5.12132],
					"rotation": [0, -45, 0],
					"cubes": [
						{
							"origin": [-1.72563, 8.70393, 3.14938],
							"size": [2, 6, 3],
							"uv": {
								"north": {"uv": [0, 0], "uv_size": [0, 0]},
								"east": {"uv": [0, 0], "uv_size": [0, 0]},
								"south": {"uv": [80, 60], "uv_size": [2, 6]},
								"west": {"uv": [77, 60], "uv_size": [3, 6]},
								"up": {"uv": [0, 0], "uv_size": [0, 0]},
								"down": {"uv": [0, 0], "uv_size": [0, 0]}
							}
						}
					]
				},
				{
					"name": "bone27",
					"parent": "bone6",
					"pivot": [0, 8, 0],
					"rotation": [0, -270, 0]
				},
				{
					"name": "bone28",
					"parent": "bone27",
					"pivot": [0, 8, 5.12132],
					"rotation": [30, 0, 0]
				},
				{
					"name": "bone29",
					"parent": "bone28",
					"pivot": [0, 8, 5.12132],
					"rotation": [0, -45, 0],
					"cubes": [
						{
							"origin": [-1.32059, 8.66266, 3.65401],
							"size": [2.2, 6, 3],
							"uv": {
								"north": {"uv": [0, 0], "uv_size": [0, 0]},
								"east": {"uv": [0, 0], "uv_size": [0, 0]},
								"south": {"uv": [80, 60], "uv_size": [2, 6]},
								"west": {"uv": [77, 60], "uv_size": [3, 6]},
								"up": {"uv": [0, 0], "uv_size": [0, 0]},
								"down": {"uv": [0, 0], "uv_size": [0, 0]}
							}
						}
					]
				},
				{
					"name": "bone30",
					"parent": "bone6",
					"pivot": [0, 8, 0],
					"rotation": [0, -315, 0]
				},
				{
					"name": "bone31",
					"parent": "bone30",
					"pivot": [0, 8, 5.12132],
					"rotation": [30, 0, 0]
				},
				{
					"name": "bone32",
					"parent": "bone31",
					"pivot": [0, 8, 5.12132],
					"rotation": [0, -45, 0],
					"cubes": [
						{
							"origin": [-1.29231, 8.66266, 3.77573],
							"size": [2.825, 6, 2.225],
							"uv": {
								"north": {"uv": [0, 0], "uv_size": [0, 0]},
								"east": {"uv": [0, 0], "uv_size": [0, 0]},
								"south": {"uv": [79, 60], "uv_size": [2, 6]},
								"west": {"uv": [77, 60], "uv_size": [2, 6]},
								"up": {"uv": [0, 0], "uv_size": [0, 0]},
								"down": {"uv": [0, 0], "uv_size": [0, 0]}
							}
						}
					]
				},
				{
					"name": "bone33",
					"parent": "skirt",
					"pivot": [0, 12, 0]
				},
				{
					"name": "bone34",
					"parent": "bone33",
					"pivot": [0, 12, 0]
				},
				{
					"name": "bone35",
					"parent": "bone34",
					"pivot": [0, 12, 4.3525],
					"rotation": [40, 0, 0]
				},
				{
					"name": "bone36",
					"parent": "bone35",
					"pivot": [0, 12, 4.3525],
					"rotation": [0, -45, 0],
					"cubes": [
						{
							"origin": [-1.40626, 12.48209, 2.94625],
							"size": [2, 4, 2],
							"uv": {
								"north": {"uv": [0, 0], "uv_size": [0, 0]},
								"east": {"uv": [0, 0], "uv_size": [0, 0]},
								"south": {"uv": [22, 83], "uv_size": [2, 4]},
								"west": {"uv": [20, 83], "uv_size": [2, 4]},
								"up": {"uv": [0, 0], "uv_size": [0, 0]},
								"down": {"uv": [20, 83], "uv_size": [2, -2]}
							}
						}
					]
				},
				{
					"name": "bone37",
					"parent": "bone33",
					"pivot": [0, 12, 0],
					"rotation": [0, -36, 0]
				},
				{
					"name": "bone38",
					"parent": "bone37",
					"pivot": [0, 12, 4.3525],
					"rotation": [40, 0, 0]
				},
				{
					"name": "bone39",
					"parent": "bone38",
					"pivot": [0, 12, 4.3525],
					"rotation": [0, -45, 0],
					"cubes": [
						{
							"origin": [-1.64039, 12.39002, 3.33555],
							"size": [2, 4, 2],
							"uv": {
								"north": {"uv": [0, 0], "uv_size": [0, 0]},
								"east": {"uv": [0, 0], "uv_size": [0, 0]},
								"south": {"uv": [22, 83], "uv_size": [2, 4]},
								"west": {"uv": [20, 83], "uv_size": [2, 4]},
								"up": {"uv": [0, 0], "uv_size": [0, 0]},
								"down": {"uv": [20, 83], "uv_size": [2, -2]}
							}
						}
					]
				},
				{
					"name": "bone40",
					"parent": "bone33",
					"pivot": [0, 12, 0],
					"rotation": [0, -72, 0]
				},
				{
					"name": "bone41",
					"parent": "bone40",
					"pivot": [0, 12, 4.3525],
					"rotation": [40, 0, 0]
				},
				{
					"name": "bone42",
					"parent": "bone41",
					"pivot": [0, 12, 4.3525],
					"rotation": [0, -45, 0],
					"cubes": [
						{
							"origin": [-1.07416, 12.15283, 3.16908],
							"size": [2, 4, 2],
							"uv": {
								"north": {"uv": [0, 0], "uv_size": [0, 0]},
								"east": {"uv": [0, 0], "uv_size": [0, 0]},
								"south": {"uv": [22, 83], "uv_size": [2, 4]},
								"west": {"uv": [20, 83], "uv_size": [2, 4]},
								"up": {"uv": [0, 0], "uv_size": [0, 0]},
								"down": {"uv": [20, 83], "uv_size": [2, -2]}
							}
						}
					]
				},
				{
					"name": "bone43",
					"parent": "bone33",
					"pivot": [0, 12, 0],
					"rotation": [0, -108, 0]
				},
				{
					"name": "bone44",
					"parent": "bone43",
					"pivot": [0, 12, 4.3525],
					"rotation": [40, 0, 0]
				},
				{
					"name": "bone45",
					"parent": "bone44",
					"pivot": [0, 12, 4.3525],
					"rotation": [0, -45, 0],
					"cubes": [
						{
							"origin": [-1.18342, 12.15283, 3.27834],
							"size": [2, 4, 2],
							"uv": {
								"north": {"uv": [0, 0], "uv_size": [0, 0]},
								"east": {"uv": [0, 0], "uv_size": [0, 0]},
								"south": {"uv": [22, 83], "uv_size": [2, 4]},
								"west": {"uv": [20, 83], "uv_size": [2, 4]},
								"up": {"uv": [0, 0], "uv_size": [0, 0]},
								"down": {"uv": [20, 83], "uv_size": [2, -2]}
							}
						}
					]
				},
				{
					"name": "bone46",
					"parent": "bone33",
					"pivot": [0, 12, 0],
					"rotation": [0, -144, 0]
				},
				{
					"name": "bone47",
					"parent": "bone46",
					"pivot": [0, 12, 4.3525],
					"rotation": [40, 0, 0]
				},
				{
					"name": "bone48",
					"parent": "bone47",
					"pivot": [0, 12, 4.3525],
					"rotation": [0, -45, 0],
					"cubes": [
						{
							"origin": [-1.01695, 12.39002, 2.71211],
							"size": [2, 4, 2],
							"uv": {
								"north": {"uv": [0, 0], "uv_size": [0, 0]},
								"east": {"uv": [0, 0], "uv_size": [0, 0]},
								"south": {"uv": [22, 83], "uv_size": [2, 4]},
								"west": {"uv": [20, 83], "uv_size": [2, 4]},
								"up": {"uv": [0, 0], "uv_size": [0, 0]},
								"down": {"uv": [20, 83], "uv_size": [2, -2]}
							}
						}
					]
				},
				{
					"name": "bone49",
					"parent": "bone33",
					"pivot": [0, 12, 0],
					"rotation": [0, -180, 0]
				},
				{
					"name": "bone50",
					"parent": "bone49",
					"pivot": [0, 12, 4.3525],
					"rotation": [40, 0, 0]
				},
				{
					"name": "bone51",
					"parent": "bone50",
					"pivot": [0, 12, 4.3525],
					"rotation": [0, -45, 0],
					"cubes": [
						{
							"origin": [-1.40626, 12.48209, 2.94625],
							"size": [2, 4, 2],
							"uv": {
								"north": {"uv": [0, 0], "uv_size": [0, 0]},
								"east": {"uv": [0, 0], "uv_size": [0, 0]},
								"south": {"uv": [22, 83], "uv_size": [2, 4]},
								"west": {"uv": [20, 83], "uv_size": [2, 4]},
								"up": {"uv": [0, 0], "uv_size": [0, 0]},
								"down": {"uv": [20, 83], "uv_size": [2, -2]}
							}
						}
					]
				},
				{
					"name": "bone52",
					"parent": "bone33",
					"pivot": [0, 12, 0],
					"rotation": [0, -216, 0]
				},
				{
					"name": "bone53",
					"parent": "bone52",
					"pivot": [0, 12, 4.3525],
					"rotation": [40, 0, 0]
				},
				{
					"name": "bone54",
					"parent": "bone53",
					"pivot": [0, 12, 4.3525],
					"rotation": [0, -45, 0],
					"cubes": [
						{
							"origin": [-1.64039, 12.39002, 3.33555],
							"size": [2, 4, 2],
							"uv": {
								"north": {"uv": [0, 0], "uv_size": [0, 0]},
								"east": {"uv": [0, 0], "uv_size": [0, 0]},
								"south": {"uv": [22, 83], "uv_size": [2, 4]},
								"west": {"uv": [20, 83], "uv_size": [2, 4]},
								"up": {"uv": [0, 0], "uv_size": [0, 0]},
								"down": {"uv": [20, 83], "uv_size": [2, -2]}
							}
						}
					]
				},
				{
					"name": "bone55",
					"parent": "bone33",
					"pivot": [0, 12, 0],
					"rotation": [0, -252, 0]
				},
				{
					"name": "bone56",
					"parent": "bone55",
					"pivot": [0, 12, 4.3525],
					"rotation": [40, 0, 0]
				},
				{
					"name": "bone57",
					"parent": "bone56",
					"pivot": [0, 12, 4.3525],
					"rotation": [0, -45, 0],
					"cubes": [
						{
							"origin": [-1.07416, 12.15283, 3.16908],
							"size": [2, 4, 2],
							"uv": {
								"north": {"uv": [0, 0], "uv_size": [0, 0]},
								"east": {"uv": [0, 0], "uv_size": [0, 0]},
								"south": {"uv": [22, 83], "uv_size": [2, 4]},
								"west": {"uv": [20, 83], "uv_size": [2, 4]},
								"up": {"uv": [0, 0], "uv_size": [0, 0]},
								"down": {"uv": [20, 83], "uv_size": [2, -2]}
							}
						}
					]
				},
				{
					"name": "bone58",
					"parent": "bone33",
					"pivot": [0, 12, 0],
					"rotation": [0, -288, 0]
				},
				{
					"name": "bone59",
					"parent": "bone58",
					"pivot": [0, 12, 4.3525],
					"rotation": [40, 0, 0]
				},
				{
					"name": "bone60",
					"parent": "bone59",
					"pivot": [0, 12, 4.3525],
					"rotation": [0, -45, 0],
					"cubes": [
						{
							"origin": [-1.18342, 12.15283, 3.27834],
							"size": [2, 4, 2],
							"uv": {
								"north": {"uv": [0, 0], "uv_size": [0, 0]},
								"east": {"uv": [0, 0], "uv_size": [0, 0]},
								"south": {"uv": [22, 83], "uv_size": [2, 4]},
								"west": {"uv": [20, 83], "uv_size": [2, 4]},
								"up": {"uv": [0, 0], "uv_size": [0, 0]},
								"down": {"uv": [20, 83], "uv_size": [2, -2]}
							}
						}
					]
				},
				{
					"name": "bone61",
					"parent": "bone33",
					"pivot": [0, 12, 0],
					"rotation": [0, -324, 0]
				},
				{
					"name": "bone62",
					"parent": "bone61",
					"pivot": [0, 12, 4.3525],
					"rotation": [40, 0, 0]
				},
				{
					"name": "bone63",
					"parent": "bone62",
					"pivot": [0, 12, 4.3525],
					"rotation": [0, -45, 0],
					"cubes": [
						{
							"origin": [-1.01695, 12.39002, 2.71211],
							"size": [2, 4, 2],
							"uv": {
								"north": {"uv": [0, 0], "uv_size": [0, 0]},
								"east": {"uv": [0, 0], "uv_size": [0, 0]},
								"south": {"uv": [22, 83], "uv_size": [2, 4]},
								"west": {"uv": [20, 83], "uv_size": [2, 4]},
								"up": {"uv": [0, 0], "uv_size": [0, 0]},
								"down": {"uv": [20, 83], "uv_size": [2, -2]}
							}
						}
					]
				},
				{
					"name": "deco_head20",
					"parent": "hide_parts",
					"pivot": [-4, 15, 0.05],
					"rotation": [-60, 90, 0],
					"cubes": [
						{"origin": [-4.5, 14.73492, -0.23551], "size": [1, 1, 1], "inflate": -0.25, "uv": [76, 38]}
					]
				},
				{
					"name": "deco_head23",
					"parent": "deco_head20",
					"pivot": [-3.75, 15.75, 0.05],
					"rotation": [0, 0, 45]
				},
				{
					"name": "bone74",
					"parent": "deco_head23",
					"pivot": [-3.65711, 16.16066, 0.13551],
					"rotation": [0, 0, 20],
					"cubes": [
						{
							"origin": [-3.63966, 15.05827, -0.11449],
							"size": [2, 1.25, 1],
							"inflate": -0.3,
							"uv": {
								"north": {"uv": [78, 46], "uv_size": [-2, 1]},
								"east": {"uv": [0, 0], "uv_size": [0, 0]},
								"south": {"uv": [0, 0], "uv_size": [0, 0]},
								"west": {"uv": [0, 0], "uv_size": [0, 0]},
								"up": {"uv": [0, 0], "uv_size": [0, 0]},
								"down": {"uv": [0, 0], "uv_size": [0, 0]}
							}
						}
					]
				},
				{
					"name": "deco_head24",
					"parent": "deco_head20",
					"pivot": [-4.25, 15.75, 0.05],
					"rotation": [0, 0, -40]
				},
				{
					"name": "bone75",
					"parent": "deco_head24",
					"pivot": [-3.45692, 15.80859, 0.36189],
					"rotation": [0, 0, -150],
					"cubes": [
						{"origin": [-4.44373, 16.28065, -0.13811], "size": [1.5, 1, 1], "inflate": -0.249, "uv": [75, 42]}
					]
				},
				{
					"name": "deco_head25",
					"parent": "bone75",
					"pivot": [-5.10641, 17.1924, 0.05],
					"rotation": [0, 0, 22.5],
					"cubes": [
						{"origin": [-4.45261, 17.14277, -0.13911], "size": [1.5, 1, 1], "inflate": -0.25, "uv": [75, 42]}
					]
				},
				{
					"name": "bone76",
					"parent": "deco_head24",
					"pivot": [-6.3625, 16.5625, 0.05],
					"rotation": [0, 0, 25],
					"cubes": [
						{"origin": [-5.46302, 15.67869, -0.13811], "size": [1.5, 1, 1], "inflate": -0.249, "uv": [75, 42]}
					]
				},
				{
					"name": "deco_head26",
					"parent": "bone76",
					"pivot": [-6.3625, 16.5625, 0.05],
					"rotation": [0, 0, 22.5],
					"cubes": [
						{"origin": [-5.50062, 16.62931, -0.13911], "size": [1.5, 1, 1], "inflate": -0.25, "uv": [75, 42]}
					]
				},
				{
					"name": "bone77",
					"parent": "deco_head24",
					"pivot": [-4.40101, 16.07004, 0.13551],
					"rotation": [0, 0, -25],
					"cubes": [
						{
							"origin": [-6.32778, 14.99682, -0.11449],
							"size": [2, 1.25, 1],
							"inflate": -0.3,
							"uv": {
								"north": {"uv": [76, 46], "uv_size": [2, 1]},
								"east": {"uv": [0, 0], "uv_size": [0, 0]},
								"south": {"uv": [0, 0], "uv_size": [0, 0]},
								"west": {"uv": [0, 0], "uv_size": [0, 0]},
								"up": {"uv": [0, 0], "uv_size": [0, 0]},
								"down": {"uv": [0, 0], "uv_size": [0, 0]}
							}
						}
					]
				},
				{
					"name": "deco_head27",
					"parent": "hide_parts",
					"pivot": [-4.1125, 15.1875, 0.05],
					"rotation": [-60, 90, 0],
					"cubes": [
						{"origin": [-4.6125, 14.77242, -0.21051], "size": [1, 1.3125, 1], "inflate": -0.4, "uv": [83, 38]}
					]
				},
				{
					"name": "deco_head28",
					"parent": "deco_head27",
					"pivot": [-3.8625, 15.9375, 0.05],
					"rotation": [0, 0, 45]
				},
				{
					"name": "bone93",
					"parent": "deco_head28",
					"pivot": [-3.76961, 16.34816, 0.13551],
					"rotation": [0, 0, 20],
					"cubes": [
						{
							"origin": [-3.75216, 15.24577, -0.11449],
							"size": [2, 1.25, 1],
							"inflate": -0.45,
							"uv": {
								"north": {"uv": [85, 46], "uv_size": [-2, 1]},
								"east": {"uv": [0, 0], "uv_size": [0, 0]},
								"south": {"uv": [0, 0], "uv_size": [0, 0]},
								"west": {"uv": [0, 0], "uv_size": [0, 0]},
								"up": {"uv": [0, 0], "uv_size": [0, 0]},
								"down": {"uv": [0, 0], "uv_size": [0, 0]}
							}
						}
					]
				},
				{
					"name": "deco_head29",
					"parent": "deco_head27",
					"pivot": [-4.3625, 15.9375, 0.05],
					"rotation": [0, 0, -40]
				},
				{
					"name": "bone94",
					"parent": "deco_head29",
					"pivot": [-3.56942, 15.99609, 0.36189],
					"rotation": [0, 0, -150],
					"cubes": [
						{"origin": [-4.69924, 16.4052, -0.13811], "size": [2, 1, 1], "inflate": -0.399, "uv": [82, 42]}
					]
				},
				{
					"name": "deco_head30",
					"parent": "bone94",
					"pivot": [-5.21891, 17.3799, 0.05],
					"rotation": [0, 0, 22.5],
					"cubes": [
						{"origin": [-4.7112, 17.40873, -0.13911], "size": [2, 1, 1], "inflate": -0.4, "uv": [82, 42]}
					]
				},
				{
					"name": "bone95",
					"parent": "deco_head29",
					"pivot": [-6.475, 16.75, 0.05],
					"rotation": [0, 0, 25],
					"cubes": [
						{"origin": [-5.70332, 15.80573, -0.14436], "size": [2, 1, 1], "inflate": -0.399, "uv": [82, 42]}
					]
				},
				{
					"name": "deco_head31",
					"parent": "bone95",
					"pivot": [-6.475, 16.75, 0.05],
					"rotation": [0, 0, 22.5],
					"cubes": [
						{"origin": [-5.7367, 16.85607, -0.14536], "size": [2, 1, 1], "inflate": -0.4, "uv": [82, 42]}
					]
				},
				{
					"name": "bone96",
					"parent": "deco_head29",
					"pivot": [-4.51351, 16.25754, 0.13551],
					"rotation": [0, 0, -25],
					"cubes": [
						{
							"origin": [-6.44028, 15.18432, -0.11449],
							"size": [2, 1.25, 1],
							"inflate": -0.45,
							"uv": {
								"north": {"uv": [83, 46], "uv_size": [2, 1]},
								"east": {"uv": [0, 0], "uv_size": [0, 0]},
								"south": {"uv": [0, 0], "uv_size": [0, 0]},
								"west": {"uv": [0, 0], "uv_size": [0, 0]},
								"up": {"uv": [0, 0], "uv_size": [0, 0]},
								"down": {"uv": [0, 0], "uv_size": [0, 0]}
							}
						}
					]
				},
				{
					"name": "bone92",
					"parent": "hide_parts",
					"pivot": [0, 0, 0]
				},
				{
					"name": "bone91",
					"parent": "bone92",
					"pivot": [1.90064, 16.4737, 1.5125],
					"rotation": [0, 0, -30],
					"cubes": [
						{
							"origin": [-0.13525, 15.9166, 0.5125],
							"size": [4, 3.4, 2],
							"inflate": -0.999,
							"uv": {
								"north": {"uv": [101, 121], "uv_size": [4, 3]},
								"east": {"uv": [0, 0], "uv_size": [0, 0]},
								"south": {"uv": [0, 0], "uv_size": [0, 0]},
								"west": {"uv": [0, 0], "uv_size": [0, 0]},
								"up": {"uv": [0, 0], "uv_size": [0, 0]},
								"down": {"uv": [0, 0], "uv_size": [0, 0]}
							}
						}
					]
				},
				{
					"name": "bone79",
					"parent": "bone92",
					"pivot": [1.90064, 16.4737, 1.5125],
					"rotation": [0, 0, -50],
					"cubes": [
						{
							"origin": [0.07842, 14.64258, 0.5],
							"size": [3.875, 3.6, 2],
							"inflate": -0.999,
							"uv": {
								"north": {"uv": [101, 124], "uv_size": [4, 3]},
								"east": {"uv": [0, 0], "uv_size": [0, 0]},
								"south": {"uv": [0, 0], "uv_size": [0, 0]},
								"west": {"uv": [0, 0], "uv_size": [0, 0]},
								"up": {"uv": [0, 0], "uv_size": [0, 0]},
								"down": {"uv": [0, 0], "uv_size": [0, 0]}
							}
						}
					]
				},
				{
					"name": "bone90",
					"parent": "bone92",
					"pivot": [1.90064, 16.4737, 1.5125],
					"rotation": [0, 0, -80],
					"cubes": [
						{
							"origin": [-0.22734, 13.67725, 0.5125],
							"size": [4.06635, 3.48642, 1.97228],
							"inflate": -0.999,
							"uv": {
								"north": {"uv": [101, 123], "uv_size": [4, 3]},
								"east": {"uv": [0, 0], "uv_size": [0, 0]},
								"south": {"uv": [0, 0], "uv_size": [0, 0]},
								"west": {"uv": [0, 0], "uv_size": [0, 0]},
								"up": {"uv": [0, 0], "uv_size": [0, 0]},
								"down": {"uv": [0, 0], "uv_size": [0, 0]}
							}
						}
					]
				},
				{
					"name": "bone83",
					"parent": "bone92",
					"pivot": [0, 0, 0]
				},
				{
					"name": "bone82",
					"parent": "bone83",
					"pivot": [0.58722, 20.48396, -2.8369],
					"rotation": [5, 0, -30],
					"cubes": [
						{
							"origin": [-2.41378, 18.23296, -3.8359],
							"size": [4, 3.25, 2],
							"inflate": -0.999,
							"uv": {
								"north": {"uv": [101, 120], "uv_size": [4, 3]},
								"east": {"uv": [0, 0], "uv_size": [0, 0]},
								"south": {"uv": [0, 0], "uv_size": [0, 0]},
								"west": {"uv": [0, 0], "uv_size": [0, 0]},
								"up": {"uv": [0, 0], "uv_size": [0, 0]},
								"down": {"uv": [0, 0], "uv_size": [0, 0]}
							}
						}
					]
				},
				{
					"name": "bone84",
					"parent": "bone83",
					"pivot": [1.21084, 19.40382, -2.72778],
					"rotation": [22.5, 0, -30],
					"cubes": [
						{
							"origin": [-1.79016, 16.30282, -3.72678],
							"size": [4, 4.1, 2],
							"inflate": -0.999,
							"uv": {
								"north": {"uv": [101, 122], "uv_size": [4, 4]},
								"east": {"uv": [0, 0], "uv_size": [0, 0]},
								"south": {"uv": [0, 0], "uv_size": [0, 0]},
								"west": {"uv": [0, 0], "uv_size": [0, 0]},
								"up": {"uv": [0, 0], "uv_size": [0, 0]},
								"down": {"uv": [0, 0], "uv_size": [0, 0]}
							}
						}
					]
				},
				{
					"name": "bone85",
					"parent": "bone83",
					"pivot": [0.44926, 16.71893, -2.0383],
					"rotation": [10, 0, -30],
					"cubes": [
						{
							"origin": [-0.54974, 14.60033, -2.92371],
							"size": [4, 3.1, 2],
							"inflate": -0.999,
							"uv": {
								"north": {"uv": [101, 123], "uv_size": [4, 3]},
								"east": {"uv": [0, 0], "uv_size": [0, 0]},
								"south": {"uv": [0, 0], "uv_size": [0, 0]},
								"west": {"uv": [0, 0], "uv_size": [0, 0]},
								"up": {"uv": [0, 0], "uv_size": [0, 0]},
								"down": {"uv": [0, 0], "uv_size": [0, 0]}
							}
						}
					]
				},
				{
					"name": "bone86",
					"parent": "bone83",
					"pivot": [3.53117, 15.01952, -1.50708],
					"rotation": [6.46635, 7.64427, -79.56754],
					"cubes": [
						{
							"origin": [2.51715, 14.00792, -2.39249],
							"size": [4, 3.6, 2],
							"inflate": -0.999,
							"uv": {
								"north": {"uv": [101, 124], "uv_size": [4, 3]},
								"east": {"uv": [0, 0], "uv_size": [0, 0]},
								"south": {"uv": [0, 0], "uv_size": [0, 0]},
								"west": {"uv": [0, 0], "uv_size": [0, 0]},
								"up": {"uv": [0, 0], "uv_size": [0, 0]},
								"down": {"uv": [0, 0], "uv_size": [0, 0]}
							}
						}
					]
				},
				{
					"name": "bone88",
					"parent": "bone83",
					"pivot": [3.53117, 15.01952, -1.50708],
					"rotation": [91.46635, 7.64427, -79.56754],
					"cubes": [
						{
							"origin": [2.51715, 12.90393, -2.52175],
							"size": [4.00221, 3.00033, 2.01302],
							"inflate": -0.999,
							"uv": {
								"north": {"uv": [101, 119], "uv_size": [4, 3]},
								"east": {"uv": [0, 0], "uv_size": [0, 0]},
								"south": {"uv": [0, 0], "uv_size": [0, 0]},
								"west": {"uv": [0, 0], "uv_size": [0, 0]},
								"up": {"uv": [0, 0], "uv_size": [0, 0]},
								"down": {"uv": [0, 0], "uv_size": [0, 0]}
							}
						}
					]
				},
				{
					"name": "bone89",
					"parent": "bone83",
					"pivot": [3.88937, 17.10634, -0.7826],
					"rotation": [91.45348, -0.85298, -79.78428],
					"cubes": [
						{
							"origin": [0.82722, 13.78192, -1.79728],
							"size": [4.06572, 4.20622, 2.01302],
							"inflate": -0.999,
							"uv": {
								"north": {"uv": [101, 124], "uv_size": [4, 4]},
								"east": {"uv": [0, 0], "uv_size": [0, 0]},
								"south": {"uv": [0, 0], "uv_size": [0, 0]},
								"west": {"uv": [0, 0], "uv_size": [0, 0]},
								"up": {"uv": [0, 0], "uv_size": [0, 0]},
								"down": {"uv": [0, 0], "uv_size": [0, 0]}
							}
						}
					]
				},
				{
					"name": "bone87",
					"parent": "bone83",
					"pivot": [0.9909, 15.78077, -1.84729],
					"rotation": [8.45862, 5.35355, -62.10382],
					"cubes": [
						{
							"origin": [-0.01863, 13.66325, -2.745],
							"size": [4, 3.1, 2],
							"inflate": -0.999,
							"uv": {
								"north": {"uv": [101, 123], "uv_size": [4, 3]},
								"east": {"uv": [0, 0], "uv_size": [0, 0]},
								"south": {"uv": [0, 0], "uv_size": [0, 0]},
								"west": {"uv": [0, 0], "uv_size": [0, 0]},
								"up": {"uv": [0, 0], "uv_size": [0, 0]},
								"down": {"uv": [0, 0], "uv_size": [0, 0]}
							}
						}
					]
				},
				{
					"name": "bone81",
					"parent": "bone83",
					"pivot": [-1.299, 23.751, -1.501],
					"rotation": [-19.5, 0, -30],
					"cubes": [
						{
							"origin": [-4.3, 18.75, -2.5],
							"size": [4, 6, 2],
							"inflate": -0.999,
							"uv": {
								"north": {"uv": [101, 112], "uv_size": [4, 6]},
								"east": {"uv": [0, 0], "uv_size": [0, 0]},
								"south": {"uv": [0, 0], "uv_size": [0, 0]},
								"west": {"uv": [0, 0], "uv_size": [0, 0]},
								"up": {"uv": [0, 0], "uv_size": [0, 0]},
								"down": {"uv": [0, 0], "uv_size": [0, 0]}
							}
						}
					]
				},
				{
					"name": "bone80",
					"parent": "bone83",
					"pivot": [0.7, 19.25, 0],
					"rotation": [0, 0, -30],
					"cubes": [
						{
							"origin": [-1.68426, 17.09023, -2.4875],
							"size": [4, 8.075, 5],
							"inflate": -0.999,
							"pivot": [1.31674, 18.08923, 1.5135],
							"rotation": [0, 0, -1],
							"uv": {
								"north": {"uv": [0, 0], "uv_size": [0, 0]},
								"east": {"uv": [0, 0], "uv_size": [0, 0]},
								"south": {"uv": [101, 112], "uv_size": [4, 8]},
								"west": {"uv": [0, 0], "uv_size": [0, 0]},
								"up": {"uv": [0, 0], "uv_size": [0, 0]},
								"down": {"uv": [0, 0], "uv_size": [0, 0]}
							}
						}
					]
				},
				{
					"name": "bone78",
					"parent": "bone83",
					"pivot": [0, 0, 0],
					"cubes": [
						{
							"origin": [-4.03178, 21.751, -2.5],
							"size": [3.725, 3, 5],
							"inflate": -0.999,
							"uv": {
								"north": {"uv": [101, 108], "uv_size": [4, 3]},
								"east": {"uv": [0, 0], "uv_size": [0, 0]},
								"south": {"uv": [110, 108], "uv_size": [4, 3]},
								"west": {"uv": [0, 0], "uv_size": [0, 0]},
								"up": {"uv": [101, 103], "uv_size": [4, 5]},
								"down": {"uv": [0, 0], "uv_size": [0, 0]}
							}
						}
					]
				},
				{
					"name": "right_arm",
					"pivot": [-4, 22, 0],
					"cubes": [
						{"origin": [-6.25, 17.25, -1.5], "size": [3.25, 6.5, 3], "inflate": -0.251, "uv": [0, 47], "mirror": true}
					]
				},
				{
					"name": "right_arm_down",
					"parent": "right_arm",
					"pivot": [-4.75, 17.5, 1.25],
					"cubes": [
						{"origin": [-6.25, 12.25, -1.5], "size": [3.25, 5.5, 3], "inflate": -0.251, "uv": [41, 53], "mirror": true},
						{
							"origin": [-6.1, 12.471, -1.5],
							"size": [3, 5, 3],
							"inflate": 0.03,
							"uv": {
								"north": {"uv": [53, 19], "uv_size": [3, 5]},
								"east": {"uv": [50, 19], "uv_size": [3, 5]},
								"south": {"uv": [59, 19], "uv_size": [3, 5]},
								"west": {"uv": [56, 19], "uv_size": [3, 5]},
								"up": {"uv": [0, 0], "uv_size": [0, 0]},
								"down": {"uv": [0, 0], "uv_size": [0, 0]}
							}
						}
					]
				},
				{
					"name": "left_arm",
					"pivot": [4, 22, 0],
					"cubes": [
						{"origin": [3, 17.25, -1.5], "size": [3.25, 6.5, 3], "inflate": -0.251, "uv": [0, 47]}
					]
				},
				{
					"name": "left_arm_down",
					"parent": "left_arm",
					"pivot": [4.75, 17.5, 1.25],
					"cubes": [
						{"origin": [3, 12.25, -1.5], "size": [3.25, 5.5, 3], "inflate": -0.251, "uv": [41, 53]},
						{
							"origin": [3.1, 12.471, -1.5],
							"size": [3, 5, 3],
							"inflate": 0.03,
							"uv": {
								"north": {"uv": [56, 19], "uv_size": [-3, 5]},
								"east": {"uv": [59, 19], "uv_size": [-3, 5]},
								"south": {"uv": [62, 19], "uv_size": [-3, 5]},
								"west": {"uv": [53, 19], "uv_size": [-3, 5]},
								"up": {"uv": [0, 0], "uv_size": [0, 0]},
								"down": {"uv": [0, 0], "uv_size": [0, 0]}
							}
						}
					]
				},
				{
					"name": "right_leg",
					"pivot": [-1.75, 12, 0],
					"cubes": [
						{"origin": [-3.25, 7, -1.5], "size": [3, 5, 3], "uv": [53, 50], "mirror": true}
					]
				},
				{
					"name": "right_leg_down",
					"parent": "right_leg",
					"pivot": [-1.75, 7, -1.5],
					"cubes": [
						{"origin": [-3.25, 1.01, -1.5], "size": [3, 6, 3], "uv": [49, 35], "mirror": true}
					]
				},
				{
					"name": "right_foot",
					"parent": "right_leg_down",
					"pivot": [-1.75, 7, -1.5],
					"cubes": [
						{"origin": [-2.75, 0, -4.36603], "size": [2, 2, 1], "inflate": 0.001, "uv": [0, 16], "mirror": true},
						{"origin": [-3.25, 0, 0.5], "size": [3, 1, 1], "uv": [0, 0], "mirror": true},
						{"origin": [-3.25, 0, -3.5], "size": [3, 1, 3], "inflate": 0.01, "uv": [32, 7], "mirror": true},
						{"origin": [-3.25, 1, -3.5], "size": [3, 1, 5], "inflate": 0.01, "uv": [42, 10], "mirror": true},
						{"origin": [-3.25, 2, -1.5], "size": [3, 4, 3], "inflate": 0.02, "uv": [9, 54], "mirror": true}
					]
				},
				{
					"name": "shoes4",
					"parent": "right_foot",
					"pivot": [-3.25, 0, -3.5],
					"rotation": [0, -30, 0],
					"cubes": [
						{"origin": [-3.25, 0, -4.5], "size": [1, 2, 1], "uv": [41, 0]}
					]
				},
				{
					"name": "shoes5",
					"parent": "right_foot",
					"pivot": [-0.25, 0, -3.5],
					"rotation": [0, 30, 0],
					"cubes": [
						{"origin": [-1.25, 0, -4.5], "size": [1, 2, 1], "uv": [41, 0], "mirror": true}
					]
				},
				{
					"name": "shoes6",
					"parent": "right_foot",
					"pivot": [-1.75, 2, -3.5],
					"rotation": [27.5, 0, 0],
					"cubes": [
						{"origin": [-3.25, 1, -3.5], "size": [3, 1, 4], "inflate": 0.021, "uv": [53, 10], "mirror": true}
					]
				},
				{
					"name": "deco_head18",
					"parent": "right_foot",
					"pivot": [-1.75, 2.75, -2.7],
					"rotation": [-60, 0, 0],
					"cubes": [
						{"origin": [-2.25, 2.48492, -3.08551], "size": [1, 1, 1], "inflate": -0.25, "uv": [76, 38]}
					]
				},
				{
					"name": "deco_head19",
					"parent": "deco_head18",
					"pivot": [-1.5, 3.5, -2.7],
					"rotation": [0, 0, 45]
				},
				{
					"name": "bone7",
					"parent": "deco_head19",
					"pivot": [-1.40711, 3.91066, -2.61449],
					"rotation": [0, 0, 20],
					"cubes": [
						{
							"origin": [-1.38966, 2.80827, -2.86449],
							"size": [2, 1.25, 1],
							"inflate": -0.3,
							"uv": {
								"north": {"uv": [78, 46], "uv_size": [-2, 1]},
								"east": {"uv": [0, 0], "uv_size": [0, 0]},
								"south": {"uv": [0, 0], "uv_size": [0, 0]},
								"west": {"uv": [0, 0], "uv_size": [0, 0]},
								"up": {"uv": [0, 0], "uv_size": [0, 0]},
								"down": {"uv": [0, 0], "uv_size": [0, 0]}
							}
						}
					]
				},
				{
					"name": "deco_head21",
					"parent": "deco_head18",
					"pivot": [-2, 3.5, -2.7],
					"rotation": [0, 0, -40]
				},
				{
					"name": "bone66",
					"parent": "deco_head21",
					"pivot": [-1.20692, 3.55859, -2.38811],
					"rotation": [0, 0, -150],
					"cubes": [
						{"origin": [-2.19373, 4.03065, -2.88811], "size": [1.5, 1, 1], "inflate": -0.249, "uv": [75, 42]}
					]
				},
				{
					"name": "deco_head22",
					"parent": "bone66",
					"pivot": [-2.85641, 4.9424, -2.7],
					"rotation": [0, 0, 22.5],
					"cubes": [
						{"origin": [-2.20261, 4.89277, -2.88911], "size": [1.5, 1, 1], "inflate": -0.25, "uv": [75, 42]}
					]
				},
				{
					"name": "bone67",
					"parent": "deco_head21",
					"pivot": [-4.1125, 4.3125, -2.7],
					"rotation": [0, 0, 25],
					"cubes": [
						{"origin": [-3.21302, 3.42869, -2.88811], "size": [1.5, 1, 1], "inflate": -0.249, "uv": [75, 42]}
					]
				},
				{
					"name": "deco_head7",
					"parent": "bone67",
					"pivot": [-4.1125, 4.3125, -2.7],
					"rotation": [0, 0, 22.5],
					"cubes": [
						{"origin": [-3.25062, 4.37931, -2.88911], "size": [1.5, 1, 1], "inflate": -0.25, "uv": [75, 42]}
					]
				},
				{
					"name": "bone8",
					"parent": "deco_head21",
					"pivot": [-2.15101, 3.82004, -2.61449],
					"rotation": [0, 0, -25],
					"cubes": [
						{
							"origin": [-4.07778, 2.74682, -2.86449],
							"size": [2, 1.25, 1],
							"inflate": -0.3,
							"uv": {
								"north": {"uv": [76, 46], "uv_size": [2, 1]},
								"east": {"uv": [0, 0], "uv_size": [0, 0]},
								"south": {"uv": [0, 0], "uv_size": [0, 0]},
								"west": {"uv": [0, 0], "uv_size": [0, 0]},
								"up": {"uv": [0, 0], "uv_size": [0, 0]},
								"down": {"uv": [0, 0], "uv_size": [0, 0]}
							}
						}
					]
				},
				{
					"name": "right_leg_hide_parts",
					"parent": "right_leg",
					"pivot": [-23.5, 21, -2]
				},
				{
					"name": "left_leg",
					"pivot": [1.75, 12, 0],
					"cubes": [
						{"origin": [0.25, 7, -1.5], "size": [3, 5, 3], "uv": [53, 50]}
					]
				},
				{
					"name": "left_leg_down",
					"parent": "left_leg",
					"pivot": [1.75, 7, -1.5],
					"cubes": [
						{"origin": [0.25, 1.01, -1.5], "size": [3, 6, 3], "uv": [49, 35]}
					]
				},
				{
					"name": "left_foot",
					"parent": "left_leg_down",
					"pivot": [1.75, 7, -1.5],
					"cubes": [
						{"origin": [0.75, 0, -4.36603], "size": [2, 2, 1], "inflate": 0.001, "uv": [0, 16]},
						{"origin": [0.25, 0, 0.5], "size": [3, 1, 1], "uv": [0, 0]},
						{"origin": [0.25, 0, -3.5], "size": [3, 1, 3], "inflate": 0.01, "uv": [32, 7]},
						{"origin": [0.25, 1, -3.5], "size": [3, 1, 5], "inflate": 0.01, "uv": [42, 10]},
						{"origin": [0.25, 2, -1.5], "size": [3, 4, 3], "inflate": 0.02, "uv": [9, 54]}
					]
				},
				{
					"name": "deco_head8",
					"parent": "left_foot",
					"pivot": [1.75, 2.75, -2.7],
					"rotation": [-60, 0, 0],
					"cubes": [
						{"origin": [1.25, 2.48492, -3.08551], "size": [1, 1, 1], "inflate": -0.25, "uv": [76, 38]}
					]
				},
				{
					"name": "deco_head9",
					"parent": "deco_head8",
					"pivot": [2, 3.5, -2.7],
					"rotation": [0, 0, 45]
				},
				{
					"name": "bone68",
					"parent": "deco_head9",
					"pivot": [2.09289, 3.91066, -2.61449],
					"rotation": [0, 0, 20],
					"cubes": [
						{
							"origin": [2.11034, 2.78327, -2.86449],
							"size": [2, 1.25, 1],
							"inflate": -0.3,
							"uv": {
								"north": {"uv": [78, 46], "uv_size": [-2, 1]},
								"east": {"uv": [0, 0], "uv_size": [0, 0]},
								"south": {"uv": [0, 0], "uv_size": [0, 0]},
								"west": {"uv": [0, 0], "uv_size": [0, 0]},
								"up": {"uv": [0, 0], "uv_size": [0, 0]},
								"down": {"uv": [0, 0], "uv_size": [0, 0]}
							}
						}
					]
				},
				{
					"name": "deco_head10",
					"parent": "deco_head8",
					"pivot": [1.5, 3.5, -2.7],
					"rotation": [0, 0, -40]
				},
				{
					"name": "bone69",
					"parent": "deco_head10",
					"pivot": [2.29308, 3.55859, -2.38811],
					"rotation": [0, 0, -150],
					"cubes": [
						{"origin": [1.30627, 4.03065, -2.88811], "size": [1.5, 1, 1], "inflate": -0.249, "uv": [75, 42]}
					]
				},
				{
					"name": "deco_head11",
					"parent": "bone69",
					"pivot": [0.64359, 4.9424, -2.7],
					"rotation": [0, 0, 22.5],
					"cubes": [
						{"origin": [1.29739, 4.89277, -2.88911], "size": [1.5, 1, 1], "inflate": -0.25, "uv": [75, 42]}
					]
				},
				{
					"name": "bone70",
					"parent": "deco_head10",
					"pivot": [-0.6125, 4.3125, -2.7],
					"rotation": [0, 0, 25],
					"cubes": [
						{"origin": [0.28698, 3.42869, -2.88811], "size": [1.5, 1, 1], "inflate": -0.249, "uv": [75, 42]}
					]
				},
				{
					"name": "deco_head12",
					"parent": "bone70",
					"pivot": [-0.6125, 4.3125, -2.7],
					"rotation": [0, 0, 22.5],
					"cubes": [
						{"origin": [0.24938, 4.37931, -2.88911], "size": [1.5, 1, 1], "inflate": -0.25, "uv": [75, 42]}
					]
				},
				{
					"name": "bone71",
					"parent": "deco_head10",
					"pivot": [1.34899, 3.82004, -2.61449],
					"rotation": [0, 0, -25],
					"cubes": [
						{
							"origin": [-0.57778, 2.74682, -2.86449],
							"size": [2, 1.25, 1],
							"inflate": -0.3,
							"uv": {
								"north": {"uv": [76, 46], "uv_size": [2, 1]},
								"east": {"uv": [0, 0], "uv_size": [0, 0]},
								"south": {"uv": [0, 0], "uv_size": [0, 0]},
								"west": {"uv": [0, 0], "uv_size": [0, 0]},
								"up": {"uv": [0, 0], "uv_size": [0, 0]},
								"down": {"uv": [0, 0], "uv_size": [0, 0]}
							}
						}
					]
				},
				{
					"name": "shoes2",
					"parent": "left_foot",
					"pivot": [3.25, 0, -3.5],
					"rotation": [0, 30, 0],
					"cubes": [
						{"origin": [2.25, 0, -4.5], "size": [1, 2, 1], "uv": [41, 0], "mirror": true}
					]
				},
				{
					"name": "shoes3",
					"parent": "left_foot",
					"pivot": [0.25, 0, -3.5],
					"rotation": [0, -30, 0],
					"cubes": [
						{"origin": [0.25, 0, -4.5], "size": [1, 2, 1], "uv": [41, 0]}
					]
				},
				{
					"name": "shoes",
					"parent": "left_foot",
					"pivot": [1.75, 2, -3.5],
					"rotation": [27.5, 0, 0],
					"cubes": [
						{"origin": [0.25, 1, -3.5], "size": [3, 1, 4], "inflate": 0.021, "uv": [53, 10]}
					]
				},
				{
					"name": "left_leg_hide_parts",
					"parent": "left_leg",
					"pivot": [-20, 21, -2]
				}
			]
		}
	]
}