{
	"format_version": "1.12.0",
	"minecraft:geometry": [
		{
			"description": {
				"identifier": "geometry.model",
				"texture_width": 128,
				"texture_height": 128,
				"visible_bounds_width": 2,
				"visible_bounds_height": 3.5,
				"visible_bounds_offset": [0, 1.25, 0]
			},
			"bones": [
				{
					"name": "hat",
					"pivot": [0, 24, 0]
				},
				{
					"name": "bone9",
					"parent": "hat",
					"pivot": [0, 24, 0],
					"rotation": [179.34574, -80.08577, -153.15426],
					"cubes": [
						{
							"origin": [-3.25117, 30.41223, -2.03482],
							"size": [1, 5, 5],
							"inflate": -0.8,
							"uv": {
								"north": {"uv": [0, 0], "uv_size": [0, 0]},
								"east": {"uv": [48, 42], "uv_size": [5, 5]},
								"south": {"uv": [0, 0], "uv_size": [0, 0]},
								"west": {"uv": [0, 0], "uv_size": [0, 0]},
								"up": {"uv": [0, 0], "uv_size": [0, 0]},
								"down": {"uv": [0, 0], "uv_size": [0, 0]}
							}
						}
					]
				},
				{
					"name": "head",
					"pivot": [0, 24, 0],
					"cubes": [
						{"origin": [-4, 24, -4], "size": [8, 8, 8], "uv": [0, 16]},
						{
							"origin": [-4, 24, -4],
							"size": [8, 8, 8],
							"inflate": 0.3,
							"uv": {
								"north": {"uv": [8, 8], "uv_size": [8, 8]},
								"east": {"uv": [0, 8], "uv_size": [8, 8]},
								"south": {"uv": [24, 8], "uv_size": [8, 8]},
								"west": {"uv": [16, 8], "uv_size": [8, 8]},
								"up": {"uv": [8, 0], "uv_size": [8, 8]},
								"down": {"uv": [0, 0], "uv_size": [0, 0]}
							}
						}
					]
				},
				{
					"name": "right_ear",
					"parent": "head",
					"pivot": [-3, 30, -1]
				},
				{
					"name": "ear2",
					"parent": "right_ear",
					"pivot": [-3, 32, -1],
					"rotation": [10, 0, -20],
					"cubes": [
						{
							"origin": [-2.49815, 30.80208, -1.95527],
							"size": [1, 3, 1],
							"uv": {
								"north": {"uv": [25, 1], "uv_size": [1, 3]},
								"east": {"uv": [24, 1], "uv_size": [1, 3]},
								"south": {"uv": [27, 1], "uv_size": [1, 3]},
								"west": {"uv": [26, 1], "uv_size": [1, 3]},
								"up": {"uv": [0, 0], "uv_size": [0, 0]},
								"down": {"uv": [26, 1], "uv_size": [1, -1]}
							}
						}
					]
				},
				{
					"name": "ear3",
					"parent": "ear2",
					"pivot": [-2.68584, 30.86585, -2.43628],
					"rotation": [13.5773, 1.77024, -7.28925],
					"cubes": [
						{
							"origin": [-3.76002, 31.16281, -1.08299],
							"size": [2, 3, 1],
							"uv": {
								"north": {"uv": [1, 17], "uv_size": [2, 3]},
								"east": {"uv": [0, 17], "uv_size": [1, 3]},
								"south": {"uv": [4, 17], "uv_size": [2, 3]},
								"west": {"uv": [3, 17], "uv_size": [1, 3]},
								"up": {"uv": [1, 16], "uv_size": [2, 1]},
								"down": {"uv": [0, 0], "uv_size": [0, 0]}
							}
						}
					]
				},
				{
					"name": "ear7",
					"parent": "ear2",
					"pivot": [-1.53584, 34.01585, -3.18628],
					"rotation": [0, 0, -35],
					"cubes": [
						{
							"origin": [-2.62758, 33.81912, -1.95527],
							"size": [1, 3, 1],
							"inflate": 0.001,
							"uv": {
								"north": {"uv": [35, 1], "uv_size": [1, 3]},
								"east": {"uv": [34, 1], "uv_size": [1, 3]},
								"south": {"uv": [37, 1], "uv_size": [1, 3]},
								"west": {"uv": [36, 1], "uv_size": [1, 3]},
								"up": {"uv": [35, 0], "uv_size": [1, 1]},
								"down": {"uv": [0, 0], "uv_size": [0, 0]}
							}
						}
					]
				},
				{
					"name": "ear8",
					"parent": "ear7",
					"pivot": [-2.53584, 37.01585, -3.18628],
					"rotation": [0, 0, 45],
					"cubes": [
						{
							"origin": [-2.46161, 33.81188, -1.95527],
							"size": [1, 3, 1],
							"uv": {
								"north": {"uv": [29, 21], "uv_size": [1, 3]},
								"east": {"uv": [28, 21], "uv_size": [1, 3]},
								"south": {"uv": [31, 21], "uv_size": [1, 3]},
								"west": {"uv": [30, 21], "uv_size": [1, 3]},
								"up": {"uv": [0, 0], "uv_size": [0, 0]},
								"down": {"uv": [0, 0], "uv_size": [0, 0]}
							}
						}
					]
				},
				{
					"name": "ear9",
					"parent": "ear8",
					"pivot": [-2.53584, 34.01585, -3.18628],
					"rotation": [0, 0, -30],
					"cubes": [
						{
							"origin": [-2.57354, 30.80208, -1.95527],
							"size": [1, 3, 1],
							"inflate": -0.001,
							"uv": {
								"north": {"uv": [25, 21], "uv_size": [1, 3]},
								"east": {"uv": [24, 21], "uv_size": [1, 3]},
								"south": {"uv": [27, 21], "uv_size": [1, 3]},
								"west": {"uv": [26, 21], "uv_size": [1, 3]},
								"up": {"uv": [0, 0], "uv_size": [0, 0]},
								"down": {"uv": [26, 21], "uv_size": [1, -1]}
							}
						}
					]
				},
				{
					"name": "ear13",
					"parent": "ear2",
					"pivot": [-2.78584, 31.01585, -1.18628],
					"cubes": [
						{
							"origin": [-3.8077, 29.82527, -1.24912],
							"size": [2, 2, 1],
							"inflate": 0.001,
							"uv": {
								"north": {"uv": [25, 6], "uv_size": [2, 2]},
								"east": {"uv": [24, 6], "uv_size": [1, 2]},
								"south": {"uv": [28, 6], "uv_size": [2, 2]},
								"west": {"uv": [27, 6], "uv_size": [1, 2]},
								"up": {"uv": [0, 0], "uv_size": [0, 0]},
								"down": {"uv": [27, 6], "uv_size": [2, -1]}
							}
						}
					]
				},
				{
					"name": "left_ear",
					"parent": "head",
					"pivot": [3, 30, -1]
				},
				{
					"name": "ear4",
					"parent": "left_ear",
					"pivot": [3, 32, -1],
					"rotation": [10, 0, 20],
					"cubes": [
						{
							"origin": [1.49815, 30.80208, -1.95527],
							"size": [1, 3, 1],
							"uv": {
								"north": {"uv": [26, 1], "uv_size": [-1, 3]},
								"east": {"uv": [27, 1], "uv_size": [-1, 3]},
								"south": {"uv": [28, 1], "uv_size": [-1, 3]},
								"west": {"uv": [25, 1], "uv_size": [-1, 3]},
								"up": {"uv": [0, 0], "uv_size": [0, 0]},
								"down": {"uv": [27, 1], "uv_size": [-1, -1]}
							}
						}
					]
				},
				{
					"name": "ear5",
					"parent": "ear4",
					"pivot": [2.68584, 30.86585, -2.43628],
					"rotation": [13.5773, -1.77024, 7.28925],
					"cubes": [
						{
							"origin": [1.76002, 31.16281, -1.08299],
							"size": [2, 3, 1],
							"uv": {
								"north": {"uv": [3, 17], "uv_size": [-2, 3]},
								"east": {"uv": [4, 17], "uv_size": [-1, 3]},
								"south": {"uv": [6, 17], "uv_size": [-2, 3]},
								"west": {"uv": [1, 17], "uv_size": [-1, 3]},
								"up": {"uv": [3, 16], "uv_size": [-2, 1]},
								"down": {"uv": [0, 0], "uv_size": [0, 0]}
							}
						}
					]
				},
				{
					"name": "ear6",
					"parent": "ear4",
					"pivot": [1.53584, 34.01585, -3.18628],
					"rotation": [0, 0, 35],
					"cubes": [
						{
							"origin": [1.62758, 33.81912, -1.95527],
							"size": [1, 3, 1],
							"inflate": 0.001,
							"uv": {
								"north": {"uv": [36, 1], "uv_size": [-1, 3]},
								"east": {"uv": [37, 1], "uv_size": [-1, 3]},
								"south": {"uv": [38, 1], "uv_size": [-1, 3]},
								"west": {"uv": [35, 1], "uv_size": [-1, 3]},
								"up": {"uv": [36, 0], "uv_size": [-1, 1]},
								"down": {"uv": [0, 0], "uv_size": [0, 0]}
							}
						}
					]
				},
				{
					"name": "ear10",
					"parent": "ear6",
					"pivot": [2.53584, 37.01585, -3.18628],
					"rotation": [0, 0, -45],
					"cubes": [
						{
							"origin": [1.46161, 33.81188, -1.95527],
							"size": [1, 3, 1],
							"uv": {
								"north": {"uv": [30, 21], "uv_size": [-1, 3]},
								"east": {"uv": [31, 21], "uv_size": [-1, 3]},
								"south": {"uv": [32, 21], "uv_size": [-1, 3]},
								"west": {"uv": [29, 21], "uv_size": [-1, 3]},
								"up": {"uv": [0, 0], "uv_size": [0, 0]},
								"down": {"uv": [0, 0], "uv_size": [0, 0]}
							}
						}
					]
				},
				{
					"name": "ear11",
					"parent": "ear10",
					"pivot": [2.53584, 34.01585, -3.18628],
					"rotation": [0, 0, 30],
					"cubes": [
						{
							"origin": [1.57354, 30.80208, -1.95527],
							"size": [1, 3, 1],
							"inflate": -0.001,
							"uv": {
								"north": {"uv": [26, 21], "uv_size": [-1, 3]},
								"east": {"uv": [27, 21], "uv_size": [-1, 3]},
								"south": {"uv": [28, 21], "uv_size": [-1, 3]},
								"west": {"uv": [25, 21], "uv_size": [-1, 3]},
								"up": {"uv": [0, 0], "uv_size": [0, 0]},
								"down": {"uv": [27, 21], "uv_size": [-1, -1]}
							}
						}
					]
				},
				{
					"name": "ear12",
					"parent": "ear4",
					"pivot": [2.78584, 31.01585, -1.18628],
					"cubes": [
						{
							"origin": [1.8077, 29.82527, -1.24912],
							"size": [2, 2, 1],
							"inflate": 0.001,
							"uv": {
								"north": {"uv": [27, 6], "uv_size": [-2, 2]},
								"east": {"uv": [28, 6], "uv_size": [-1, 2]},
								"south": {"uv": [30, 6], "uv_size": [-2, 2]},
								"west": {"uv": [25, 6], "uv_size": [-1, 2]},
								"up": {"uv": [0, 0], "uv_size": [0, 0]},
								"down": {"uv": [29, 6], "uv_size": [-2, -1]}
							}
						}
					]
				},
				{
					"name": "ahoge",
					"parent": "head",
					"pivot": [0, 32.25, 0]
				},
				{
					"name": "hair",
					"parent": "head",
					"pivot": [-3.5, 27, 0]
				},
				{
					"name": "left",
					"parent": "hair",
					"pivot": [3.5, 27, 0],
					"rotation": [9.5, 0, -15],
					"cubes": [
						{
							"origin": [2.8, 24.5, -4.2],
							"size": [1, 4, 8],
							"inflate": 0.4,
							"uv": {
								"north": {"uv": [0, 0], "uv_size": [0, 0]},
								"east": {"uv": [0, 0], "uv_size": [0, 0]},
								"south": {"uv": [0, 0], "uv_size": [0, 0]},
								"west": {"uv": [32, 16], "uv_size": [-8, 4]},
								"up": {"uv": [0, 0], "uv_size": [0, 0]},
								"down": {"uv": [0, 0], "uv_size": [0, 0]}
							}
						}
					]
				},
				{
					"name": "back",
					"parent": "hair",
					"pivot": [0, 25.5, 3.5],
					"rotation": [15, 0, 0],
					"cubes": [
						{
							"origin": [-4, 25, 3.2],
							"size": [8, 3, 1],
							"inflate": 0.4,
							"uv": {
								"north": {"uv": [0, 0], "uv_size": [0, 0]},
								"east": {"uv": [0, 0], "uv_size": [0, 0]},
								"south": {"uv": [52, 16], "uv_size": [8, 3]},
								"west": {"uv": [0, 0], "uv_size": [0, 0]},
								"up": {"uv": [0, 0], "uv_size": [0, 0]},
								"down": {"uv": [0, 0], "uv_size": [0, 0]}
							}
						}
					]
				},
				{
					"name": "right",
					"parent": "hair",
					"pivot": [-3.5, 27, 0],
					"rotation": [9.5, 0, 15],
					"cubes": [
						{
							"origin": [-3.8, 24.5, -4.2],
							"size": [1, 4, 8],
							"inflate": 0.4,
							"uv": {
								"north": {"uv": [0, 0], "uv_size": [0, 0]},
								"east": {"uv": [24, 16], "uv_size": [8, 4]},
								"south": {"uv": [0, 0], "uv_size": [0, 0]},
								"west": {"uv": [0, 0], "uv_size": [0, 0]},
								"up": {"uv": [0, 0], "uv_size": [0, 0]},
								"down": {"uv": [0, 0], "uv_size": [0, 0]}
							}
						}
					]
				},
				{
					"name": "tail",
					"pivot": [0, 15, 2]
				},
				{
					"name": "tail3",
					"parent": "tail",
					"pivot": [0, 18, 1],
					"rotation": [25, 0, 0],
					"cubes": [
						{
							"origin": [-1.5, 8, -1],
							"size": [3, 7, 4],
							"inflate": -0.5,
							"uv": {
								"north": {"uv": [38, 46], "uv_size": [3, 7]},
								"east": {"uv": [34, 46], "uv_size": [4, 7]},
								"south": {"uv": [45, 46], "uv_size": [3, 7]},
								"west": {"uv": [41, 46], "uv_size": [4, 7]},
								"up": {"uv": [38, 42], "uv_size": [3, 4]},
								"down": {"uv": [0, 0], "uv_size": [0, 0]}
							}
						}
					]
				},
				{
					"name": "tail_down",
					"parent": "tail",
					"pivot": [0, 10, 7],
					"rotation": [9.66, 0, 0],
					"cubes": [
						{
							"origin": [-1.5, 3.62865, 2.88723],
							"size": [3, 7, 4],
							"inflate": -0.5,
							"uv": {
								"north": {"uv": [24, 46], "uv_size": [3, 7]},
								"east": {"uv": [20, 46], "uv_size": [4, 7]},
								"south": {"uv": [31, 46], "uv_size": [3, 7]},
								"west": {"uv": [27, 46], "uv_size": [4, 7]},
								"up": {"uv": [0, 0], "uv_size": [0, 0]},
								"down": {"uv": [0, 0], "uv_size": [0, 0]}
							}
						},
						{
							"origin": [-1, 3.3641, 3.92286],
							"size": [2, 7, 2],
							"inflate": -0.5,
							"uv": {
								"north": {"uv": [22, 34], "uv_size": [2, 7]},
								"east": {"uv": [20, 34], "uv_size": [2, 7]},
								"south": {"uv": [26, 34], "uv_size": [2, 7]},
								"west": {"uv": [24, 34], "uv_size": [2, 7]},
								"up": {"uv": [0, 0], "uv_size": [0, 0]},
								"down": {"uv": [0, 0], "uv_size": [0, 0]}
							}
						}
					]
				},
				{
					"name": "body",
					"pivot": [0, 24, 0],
					"cubes": [
						{"origin": [-2.5, 22, -2.5], "size": [5, 4, 5], "inflate": -1.25, "uv": [34, 0]},
						{"origin": [-3.5, 11.75, -1.5], "size": [7, 12, 3], "inflate": -0.251, "uv": [0, 32]}
					]
				},
				{
					"name": "hide_parts",
					"parent": "body",
					"pivot": [-0.75, 0, 0.5],
					"cubes": [
						{
							"origin": [-4, 14, -2],
							"size": [8, 10, 4],
							"inflate": -0.5,
							"uv": {
								"north": {"uv": [32, 32], "uv_size": [8, 10]},
								"east": {"uv": [28, 32], "uv_size": [4, 10]},
								"south": {"uv": [44, 32], "uv_size": [8, 10]},
								"west": {"uv": [40, 32], "uv_size": [4, 10]},
								"up": {"uv": [0, 0], "uv_size": [0, 0]},
								"down": {"uv": [0, 0], "uv_size": [0, 0]}
							}
						}
					]
				},
				{
					"name": "chest",
					"parent": "hide_parts",
					"pivot": [0, 21.9, -1.5],
					"rotation": [-31, 0, 0],
					"cubes": [
						{
							"origin": [-3.5, 19.25124, -1.61429],
							"size": [7, 4, 3],
							"inflate": -0.252,
							"uv": {
								"north": {"uv": [35, 23], "uv_size": [7, 4]},
								"east": {"uv": [32, 23], "uv_size": [3, 4]},
								"south": {"uv": [0, 0], "uv_size": [0, 0]},
								"west": {"uv": [42, 23], "uv_size": [3, 4]},
								"up": {"uv": [0, 0], "uv_size": [0, 0]},
								"down": {"uv": [42, 23], "uv_size": [7, -3]}
							}
						},
						{
							"origin": [-3.5, 19.32124, -1.56429],
							"size": [7, 3, 3],
							"inflate": -0.011,
							"uv": {
								"north": {"uv": [37, 12], "uv_size": [7, 3]},
								"east": {"uv": [34, 12], "uv_size": [3, 3]},
								"south": {"uv": [0, 0], "uv_size": [0, 0]},
								"west": {"uv": [44, 12], "uv_size": [3, 3]},
								"up": {"uv": [0, 0], "uv_size": [0, 0]},
								"down": {"uv": [0, 0], "uv_size": [0, 0]}
							}
						}
					]
				},
				{
					"name": "bone",
					"parent": "chest",
					"pivot": [2.5, 22.30625, -1.55625],
					"rotation": [0, 0, -20],
					"cubes": [
						{
							"origin": [0.51377, 20.32049, -1.5633],
							"size": [2, 2, 3],
							"inflate": -0.011,
							"uv": {
								"north": {"uv": [62, 54], "uv_size": [2, 2]},
								"east": {"uv": [0, 0], "uv_size": [0, 0]},
								"south": {"uv": [0, 0], "uv_size": [0, 0]},
								"west": {"uv": [0, 0], "uv_size": [0, 0]},
								"up": {"uv": [0, 0], "uv_size": [0, 0]},
								"down": {"uv": [0, 0], "uv_size": [0, 0]}
							}
						}
					]
				},
				{
					"name": "bone2",
					"parent": "chest",
					"pivot": [-2.5, 22.30625, -1.55625],
					"rotation": [0, 0, 20],
					"cubes": [
						{
							"origin": [-2.51377, 20.32049, -1.5633],
							"size": [2, 2, 3],
							"inflate": -0.011,
							"uv": {
								"north": {"uv": [64, 54], "uv_size": [-2, 2]},
								"east": {"uv": [0, 0], "uv_size": [0, 0]},
								"south": {"uv": [0, 0], "uv_size": [0, 0]},
								"west": {"uv": [0, 0], "uv_size": [0, 0]},
								"up": {"uv": [0, 0], "uv_size": [0, 0]},
								"down": {"uv": [0, 0], "uv_size": [0, 0]}
							}
						}
					]
				},
				{
					"name": "bone5",
					"parent": "chest",
					"pivot": [0, 20.98997, -2.68827],
					"rotation": [20, 0, 0]
				},
				{
					"name": "bone4",
					"parent": "bone5",
					"pivot": [0, 20.98997, -2.68827],
					"rotation": [0, 0, -45],
					"cubes": [
						{
							"origin": [-1.42015, 19.56982, -2.23643],
							"size": [3, 3, 2],
							"inflate": -1,
							"uv": {
								"north": {"uv": [62, 44], "uv_size": [3, 3]},
								"east": {"uv": [0, 0], "uv_size": [0, 0]},
								"south": {"uv": [0, 0], "uv_size": [0, 0]},
								"west": {"uv": [0, 0], "uv_size": [0, 0]},
								"up": {"uv": [0, 0], "uv_size": [0, 0]},
								"down": {"uv": [0, 0], "uv_size": [0, 0]}
							}
						}
					]
				},
				{
					"name": "bone6",
					"parent": "hide_parts",
					"pivot": [0, 17.75, -1.05],
					"rotation": [0, 0, -45],
					"cubes": [
						{
							"origin": [-1.5, 16.25, -2.05],
							"size": [3, 3, 1],
							"inflate": -0.5,
							"uv": {
								"north": {"uv": [1, 1], "uv_size": [3, 3]},
								"east": {"uv": [0, 0], "uv_size": [0, 0]},
								"south": {"uv": [0, 0], "uv_size": [0, 0]},
								"west": {"uv": [0, 0], "uv_size": [0, 0]},
								"up": {"uv": [0, 0], "uv_size": [0, 0]},
								"down": {"uv": [0, 0], "uv_size": [0, 0]}
							}
						}
					]
				},
				{
					"name": "coat",
					"parent": "hide_parts",
					"pivot": [-2, 4, 0]
				},
				{
					"name": "right2",
					"parent": "coat",
					"pivot": [-2, 4, 0]
				},
				{
					"name": "coat14",
					"parent": "right2",
					"pivot": [-2, 4, 0],
					"rotation": [0, 135, 0]
				},
				{
					"name": "coat15",
					"parent": "coat14",
					"pivot": [-2, 4, -6.00269],
					"rotation": [-23.72636, 0, 0],
					"cubes": [
						{
							"origin": [-2.71969, 8.9948, -6.10528],
							"size": [1.4, 5, 0],
							"uv": {
								"north": {"uv": [49, 0], "uv_size": [1, 5]},
								"east": {"uv": [0, 0], "uv_size": [0, 0]},
								"south": {"uv": [0, 0], "uv_size": [0, 0]},
								"west": {"uv": [0, 0], "uv_size": [0, 0]},
								"up": {"uv": [0, 0], "uv_size": [0, 0]},
								"down": {"uv": [0, 0], "uv_size": [0, 0]}
							}
						}
					]
				},
				{
					"name": "coat16",
					"parent": "coat15",
					"pivot": [-4.48639, 4, -6.00269],
					"rotation": [0, 0, 9.46232],
					"cubes": [
						{
							"origin": [-4.52382, 9.22376, -6.1061],
							"size": [1, 7, 0],
							"uv": {
								"north": {"uv": [14, 62], "uv_size": [1, 7]},
								"east": {"uv": [0, 0], "uv_size": [0, 0]},
								"south": {"uv": [0, 0], "uv_size": [0, 0]},
								"west": {"uv": [0, 0], "uv_size": [0, 0]},
								"up": {"uv": [0, 0], "uv_size": [0, 0]},
								"down": {"uv": [0, 0], "uv_size": [0, 0]}
							}
						}
					]
				},
				{
					"name": "coat17",
					"parent": "coat15",
					"pivot": [0.48639, 4, -6.00269],
					"rotation": [0, 0, -9.46232],
					"cubes": [
						{
							"origin": [-0.47398, 9.22376, -6.10528],
							"size": [1, 7, 0],
							"uv": {
								"north": {"uv": [14, 62], "uv_size": [1, 7]},
								"east": {"uv": [0, 0], "uv_size": [0, 0]},
								"south": {"uv": [0, 0], "uv_size": [0, 0]},
								"west": {"uv": [0, 0], "uv_size": [0, 0]},
								"up": {"uv": [0, 0], "uv_size": [0, 0]},
								"down": {"uv": [0, 0], "uv_size": [0, 0]}
							}
						}
					]
				},
				{
					"name": "coat10",
					"parent": "right2",
					"pivot": [-2, 4, 0],
					"rotation": [0, 90, 0]
				},
				{
					"name": "coat11",
					"parent": "coat10",
					"pivot": [-2, 4, -6.00269],
					"rotation": [-23.72636, 0, 0],
					"cubes": [
						{
							"origin": [-2.72445, 8.99546, -6.10553],
							"size": [1.4, 5, 0],
							"uv": {
								"north": {"uv": [18, 47], "uv_size": [1, 5]},
								"east": {"uv": [0, 0], "uv_size": [0, 0]},
								"south": {"uv": [0, 0], "uv_size": [0, 0]},
								"west": {"uv": [0, 0], "uv_size": [0, 0]},
								"up": {"uv": [0, 0], "uv_size": [0, 0]},
								"down": {"uv": [0, 0], "uv_size": [0, 0]}
							}
						}
					]
				},
				{
					"name": "coat12",
					"parent": "coat11",
					"pivot": [-4.48639, 4, -6.00269],
					"rotation": [0, 0, 9.46232],
					"cubes": [
						{
							"origin": [-4.52382, 9.22376, -6.1061],
							"size": [1, 7, 0],
							"uv": {
								"north": {"uv": [14, 62], "uv_size": [1, 7]},
								"east": {"uv": [0, 0], "uv_size": [0, 0]},
								"south": {"uv": [0, 0], "uv_size": [0, 0]},
								"west": {"uv": [0, 0], "uv_size": [0, 0]},
								"up": {"uv": [0, 0], "uv_size": [0, 0]},
								"down": {"uv": [0, 0], "uv_size": [0, 0]}
							}
						}
					]
				},
				{
					"name": "coat13",
					"parent": "coat11",
					"pivot": [0.48639, 4, -6.00269],
					"rotation": [0, 0, -9.46232],
					"cubes": [
						{
							"origin": [-0.47857, 9.22519, -6.10553],
							"size": [1, 7, 0],
							"uv": {
								"north": {"uv": [14, 62], "uv_size": [1, 7]},
								"east": {"uv": [0, 0], "uv_size": [0, 0]},
								"south": {"uv": [0, 0], "uv_size": [0, 0]},
								"west": {"uv": [0, 0], "uv_size": [0, 0]},
								"up": {"uv": [0, 0], "uv_size": [0, 0]},
								"down": {"uv": [0, 0], "uv_size": [0, 0]}
							}
						}
					]
				},
				{
					"name": "coat6",
					"parent": "right2",
					"pivot": [-2, 4, 0],
					"rotation": [0, 45, 0]
				},
				{
					"name": "coat7",
					"parent": "coat6",
					"pivot": [-2, 4, -6.00269],
					"rotation": [-23.72636, 0, 0],
					"cubes": [
						{
							"origin": [-2.722, 8.99645, -6.10328],
							"size": [1.4, 5, 0],
							"uv": {
								"north": {"uv": [16, 47], "uv_size": [1, 5]},
								"east": {"uv": [0, 0], "uv_size": [0, 0]},
								"south": {"uv": [0, 0], "uv_size": [0, 0]},
								"west": {"uv": [0, 0], "uv_size": [0, 0]},
								"up": {"uv": [0, 0], "uv_size": [0, 0]},
								"down": {"uv": [0, 0], "uv_size": [0, 0]}
							}
						}
					]
				},
				{
					"name": "coat8",
					"parent": "coat7",
					"pivot": [-4.48639, 4, -6.00269],
					"rotation": [0, 0, 9.46232],
					"cubes": [
						{
							"origin": [-4.52745, 9.22519, -6.1035],
							"size": [1, 7, 0],
							"uv": {
								"north": {"uv": [14, 62], "uv_size": [1, 7]},
								"east": {"uv": [0, 0], "uv_size": [0, 0]},
								"south": {"uv": [0, 0], "uv_size": [0, 0]},
								"west": {"uv": [0, 0], "uv_size": [0, 0]},
								"up": {"uv": [0, 0], "uv_size": [0, 0]},
								"down": {"uv": [0, 0], "uv_size": [0, 0]}
							}
						}
					]
				},
				{
					"name": "coat9",
					"parent": "coat7",
					"pivot": [0.48639, 4, -6.00269],
					"rotation": [0, 0, -9.46232],
					"cubes": [
						{
							"origin": [-0.47598, 9.22576, -6.1045],
							"size": [1, 7, 0],
							"uv": {
								"north": {"uv": [12, 62], "uv_size": [1, 7]},
								"east": {"uv": [0, 0], "uv_size": [0, 0]},
								"south": {"uv": [0, 0], "uv_size": [0, 0]},
								"west": {"uv": [0, 0], "uv_size": [0, 0]},
								"up": {"uv": [0, 0], "uv_size": [0, 0]},
								"down": {"uv": [0, 0], "uv_size": [0, 0]}
							}
						}
					]
				},
				{
					"name": "coat3",
					"parent": "right2",
					"pivot": [-2, 4, 0]
				},
				{
					"name": "coat4",
					"parent": "coat3",
					"pivot": [-2, 4, -6.00269],
					"rotation": [-23.72636, 0, 0]
				},
				{
					"name": "coat5",
					"parent": "coat4",
					"pivot": [-4.48639, 4, -6.00269],
					"rotation": [0, 0, 9.46232],
					"cubes": [
						{
							"origin": [-4.52402, 9.22576, -6.10328],
							"size": [1, 7, 0],
							"uv": {
								"north": {"uv": [61, 56], "uv_size": [1, 7]},
								"east": {"uv": [0, 0], "uv_size": [0, 0]},
								"south": {"uv": [0, 0], "uv_size": [0, 0]},
								"west": {"uv": [0, 0], "uv_size": [0, 0]},
								"up": {"uv": [0, 0], "uv_size": [0, 0]},
								"down": {"uv": [0, 0], "uv_size": [0, 0]}
							}
						}
					]
				},
				{
					"name": "left2",
					"parent": "coat",
					"pivot": [2, 4, 0]
				},
				{
					"name": "coat22",
					"parent": "left2",
					"pivot": [2, 4, 0],
					"rotation": [0, -135, 0]
				},
				{
					"name": "coat23",
					"parent": "coat22",
					"pivot": [2, 4, -6.00269],
					"rotation": [-23.72636, 0, 0],
					"cubes": [
						{
							"origin": [1.32193, 8.99544, -6.10469],
							"size": [1.4, 5, 0],
							"uv": {
								"north": {"uv": [50, 0], "uv_size": [-1, 5]},
								"east": {"uv": [0, 0], "uv_size": [0, 0]},
								"south": {"uv": [0, 0], "uv_size": [0, 0]},
								"west": {"uv": [0, 0], "uv_size": [0, 0]},
								"up": {"uv": [0, 0], "uv_size": [0, 0]},
								"down": {"uv": [0, 0], "uv_size": [0, 0]}
							}
						}
					]
				},
				{
					"name": "coat24",
					"parent": "coat23",
					"pivot": [4.48639, 4, -6.00269],
					"rotation": [0, 0, -9.46232],
					"cubes": [
						{
							"origin": [3.52502, 9.22476, -6.10428],
							"size": [1, 7, 0],
							"uv": {
								"north": {"uv": [15, 62], "uv_size": [-1, 7]},
								"east": {"uv": [0, 0], "uv_size": [0, 0]},
								"south": {"uv": [0, 0], "uv_size": [0, 0]},
								"west": {"uv": [0, 0], "uv_size": [0, 0]},
								"up": {"uv": [0, 0], "uv_size": [0, 0]},
								"down": {"uv": [0, 0], "uv_size": [0, 0]}
							}
						}
					]
				},
				{
					"name": "coat25",
					"parent": "coat23",
					"pivot": [-0.48639, 4, -6.00269],
					"rotation": [0, 0, 9.46232],
					"cubes": [
						{
							"origin": [-0.52392, 9.22476, -6.10469],
							"size": [1, 7, 0],
							"uv": {
								"north": {"uv": [15, 62], "uv_size": [-1, 7]},
								"east": {"uv": [0, 0], "uv_size": [0, 0]},
								"south": {"uv": [0, 0], "uv_size": [0, 0]},
								"west": {"uv": [0, 0], "uv_size": [0, 0]},
								"up": {"uv": [0, 0], "uv_size": [0, 0]},
								"down": {"uv": [0, 0], "uv_size": [0, 0]}
							}
						}
					]
				},
				{
					"name": "coat26",
					"parent": "left2",
					"pivot": [2, 4, 0],
					"rotation": [0, -90, 0]
				},
				{
					"name": "coat27",
					"parent": "coat26",
					"pivot": [2, 4, -6.00269],
					"rotation": [-23.72636, 0, 0],
					"cubes": [
						{
							"origin": [1.32193, 8.99544, -6.10469],
							"size": [1.4, 5, 0],
							"uv": {
								"north": {"uv": [19, 47], "uv_size": [-1, 5]},
								"east": {"uv": [0, 0], "uv_size": [0, 0]},
								"south": {"uv": [0, 0], "uv_size": [0, 0]},
								"west": {"uv": [0, 0], "uv_size": [0, 0]},
								"up": {"uv": [0, 0], "uv_size": [0, 0]},
								"down": {"uv": [0, 0], "uv_size": [0, 0]}
							}
						}
					]
				},
				{
					"name": "coat28",
					"parent": "coat27",
					"pivot": [4.48639, 4, -6.00269],
					"rotation": [0, 0, -9.46232],
					"cubes": [
						{
							"origin": [3.52502, 9.22476, -6.10428],
							"size": [1, 7, 0],
							"uv": {
								"north": {"uv": [15, 62], "uv_size": [-1, 7]},
								"east": {"uv": [0, 0], "uv_size": [0, 0]},
								"south": {"uv": [0, 0], "uv_size": [0, 0]},
								"west": {"uv": [0, 0], "uv_size": [0, 0]},
								"up": {"uv": [0, 0], "uv_size": [0, 0]},
								"down": {"uv": [0, 0], "uv_size": [0, 0]}
							}
						}
					]
				},
				{
					"name": "coat29",
					"parent": "coat27",
					"pivot": [-0.48639, 4, -6.00269],
					"rotation": [0, 0, 9.46232],
					"cubes": [
						{
							"origin": [-0.52392, 9.22476, -6.10469],
							"size": [1, 7, 0],
							"uv": {
								"north": {"uv": [15, 62], "uv_size": [-1, 7]},
								"east": {"uv": [0, 0], "uv_size": [0, 0]},
								"south": {"uv": [0, 0], "uv_size": [0, 0]},
								"west": {"uv": [0, 0], "uv_size": [0, 0]},
								"up": {"uv": [0, 0], "uv_size": [0, 0]},
								"down": {"uv": [0, 0], "uv_size": [0, 0]}
							}
						}
					]
				},
				{
					"name": "coat30",
					"parent": "left2",
					"pivot": [2, 4, 0],
					"rotation": [0, -45, 0]
				},
				{
					"name": "coat31",
					"parent": "coat30",
					"pivot": [2, 4, -6.00269],
					"rotation": [-23.72636, 0, 0],
					"cubes": [
						{
							"origin": [1.322, 8.99645, -6.10328],
							"size": [1.4, 5, 0],
							"uv": {
								"north": {"uv": [17, 47], "uv_size": [-1, 5]},
								"east": {"uv": [0, 0], "uv_size": [0, 0]},
								"south": {"uv": [0, 0], "uv_size": [0, 0]},
								"west": {"uv": [0, 0], "uv_size": [0, 0]},
								"up": {"uv": [0, 0], "uv_size": [0, 0]},
								"down": {"uv": [0, 0], "uv_size": [0, 0]}
							}
						}
					]
				},
				{
					"name": "coat32",
					"parent": "coat31",
					"pivot": [4.48639, 4, -6.00269],
					"rotation": [0, 0, -9.46232],
					"cubes": [
						{
							"origin": [3.52502, 9.22476, -6.10428],
							"size": [1, 7, 0],
							"uv": {
								"north": {"uv": [15, 62], "uv_size": [-1, 7]},
								"east": {"uv": [0, 0], "uv_size": [0, 0]},
								"south": {"uv": [0, 0], "uv_size": [0, 0]},
								"west": {"uv": [0, 0], "uv_size": [0, 0]},
								"up": {"uv": [0, 0], "uv_size": [0, 0]},
								"down": {"uv": [0, 0], "uv_size": [0, 0]}
							}
						}
					]
				},
				{
					"name": "coat33",
					"parent": "coat31",
					"pivot": [-0.48639, 4, -6.00269],
					"rotation": [0, 0, 9.46232],
					"cubes": [
						{
							"origin": [-0.52402, 9.22576, -6.1046],
							"size": [1, 7, 0],
							"uv": {
								"north": {"uv": [13, 62], "uv_size": [-1, 7]},
								"east": {"uv": [0, 0], "uv_size": [0, 0]},
								"south": {"uv": [0, 0], "uv_size": [0, 0]},
								"west": {"uv": [0, 0], "uv_size": [0, 0]},
								"up": {"uv": [0, 0], "uv_size": [0, 0]},
								"down": {"uv": [0, 0], "uv_size": [0, 0]}
							}
						}
					]
				},
				{
					"name": "coat34",
					"parent": "left2",
					"pivot": [2, 4, 0]
				},
				{
					"name": "coat35",
					"parent": "coat34",
					"pivot": [2, 4, -6.00269],
					"rotation": [-23.72636, 0, 0]
				},
				{
					"name": "coat36",
					"parent": "coat35",
					"pivot": [4.48639, 4, -6.00269],
					"rotation": [0, 0, -9.46232],
					"cubes": [
						{
							"origin": [3.52402, 9.22576, -6.10328],
							"size": [1, 7, 0],
							"uv": {
								"north": {"uv": [62, 56], "uv_size": [-1, 7]},
								"east": {"uv": [0, 0], "uv_size": [0, 0]},
								"south": {"uv": [0, 0], "uv_size": [0, 0]},
								"west": {"uv": [0, 0], "uv_size": [0, 0]},
								"up": {"uv": [0, 0], "uv_size": [0, 0]},
								"down": {"uv": [0, 0], "uv_size": [0, 0]}
							}
						}
					]
				},
				{
					"name": "coat18",
					"parent": "coat",
					"pivot": [-2, 4.05, 0],
					"rotation": [0, 180, 0]
				},
				{
					"name": "coat19",
					"parent": "coat18",
					"pivot": [-2, 4.05, -6.00269],
					"rotation": [-23.72636, 0, 0],
					"cubes": [
						{
							"origin": [-7.5, 9.07303, -6.08276],
							"size": [7, 7, 0],
							"uv": {
								"north": {"uv": [48, 47], "uv_size": [7, 7]},
								"east": {"uv": [0, 0], "uv_size": [0, 0]},
								"south": {"uv": [0, 0], "uv_size": [0, 0]},
								"west": {"uv": [0, 0], "uv_size": [0, 0]},
								"up": {"uv": [0, 0], "uv_size": [0, 0]},
								"down": {"uv": [0, 0], "uv_size": [0, 0]}
							}
						}
					]
				},
				{
					"name": "coat20",
					"parent": "coat19",
					"pivot": [-8.48639, 4.05, -6.00269],
					"rotation": [0, 0, 9.46232],
					"cubes": [
						{
							"origin": [-8.5164, 9.22961, -6.08457],
							"size": [1, 7, 0],
							"uv": {
								"north": {"uv": [6, 16], "uv_size": [1, 7]},
								"east": {"uv": [0, 0], "uv_size": [0, 0]},
								"south": {"uv": [0, 0], "uv_size": [0, 0]},
								"west": {"uv": [0, 0], "uv_size": [0, 0]},
								"up": {"uv": [0, 0], "uv_size": [0, 0]},
								"down": {"uv": [0, 0], "uv_size": [0, 0]}
							}
						}
					]
				},
				{
					"name": "coat21",
					"parent": "coat19",
					"pivot": [0.48639, 4.05, -6.00269],
					"rotation": [0, 0, -9.46232],
					"cubes": [
						{
							"origin": [-0.48151, 9.22861, -6.08516],
							"size": [1, 7, 0],
							"uv": {
								"north": {"uv": [6, 16], "uv_size": [1, 7]},
								"east": {"uv": [0, 0], "uv_size": [0, 0]},
								"south": {"uv": [0, 0], "uv_size": [0, 0]},
								"west": {"uv": [0, 0], "uv_size": [0, 0]},
								"up": {"uv": [0, 0], "uv_size": [0, 0]},
								"down": {"uv": [0, 0], "uv_size": [0, 0]}
							}
						}
					]
				},
				{
					"name": "coat2",
					"parent": "hide_parts",
					"pivot": [-2, 3.25, 0]
				},
				{
					"name": "right3",
					"parent": "coat2",
					"pivot": [-2, 3.25, 0]
				},
				{
					"name": "coat37",
					"parent": "right3",
					"pivot": [-2, 3.25, 0],
					"rotation": [0, 135, 0]
				},
				{
					"name": "coat38",
					"parent": "coat37",
					"pivot": [-2, 3.25, -6.00269],
					"rotation": [-23.72636, 0, 0],
					"cubes": [
						{
							"origin": [-2.71969, 8.2448, -5.10528],
							"size": [1.4, 2, 0],
							"uv": {
								"north": {"uv": [6, 6], "uv_size": [1, 2]},
								"east": {"uv": [0, 0], "uv_size": [0, 0]},
								"south": {"uv": [0, 0], "uv_size": [0, 0]},
								"west": {"uv": [0, 0], "uv_size": [0, 0]},
								"up": {"uv": [0, 0], "uv_size": [0, 0]},
								"down": {"uv": [0, 0], "uv_size": [0, 0]}
							}
						}
					]
				},
				{
					"name": "coat39",
					"parent": "coat38",
					"pivot": [-4.48639, 3.25, -6.00269],
					"rotation": [0, 0, 9.46232],
					"cubes": [
						{
							"origin": [-4.52382, 8.47376, -6.1061],
							"size": [1, 2, 1],
							"uv": {
								"north": {"uv": [31, 43], "uv_size": [1, 2]},
								"east": {"uv": [0, 0], "uv_size": [0, 0]},
								"south": {"uv": [0, 0], "uv_size": [0, 0]},
								"west": {"uv": [32, 43], "uv_size": [1, 2]},
								"up": {"uv": [0, 0], "uv_size": [0, 0]},
								"down": {"uv": [0, 0], "uv_size": [0, 0]}
							}
						}
					]
				},
				{
					"name": "coat40",
					"parent": "coat38",
					"pivot": [0.48639, 3.25, -6.00269],
					"rotation": [0, 0, -9.46232],
					"cubes": [
						{
							"origin": [-0.47398, 8.47376, -6.10528],
							"size": [1, 2, 1],
							"uv": {
								"north": {"uv": [35, 43], "uv_size": [1, 2]},
								"east": {"uv": [34, 43], "uv_size": [1, 2]},
								"south": {"uv": [0, 0], "uv_size": [0, 0]},
								"west": {"uv": [0, 0], "uv_size": [0, 0]},
								"up": {"uv": [0, 0], "uv_size": [0, 0]},
								"down": {"uv": [0, 0], "uv_size": [0, 0]}
							}
						}
					]
				},
				{
					"name": "coat41",
					"parent": "right3",
					"pivot": [-2, 3.25, 0],
					"rotation": [0, 90, 0]
				},
				{
					"name": "coat42",
					"parent": "coat41",
					"pivot": [-2, 3.25, -6.00269],
					"rotation": [-23.72636, 0, 0],
					"cubes": [
						{
							"origin": [-2.72445, 8.24546, -5.10553],
							"size": [1.4, 2, 0],
							"uv": {
								"north": {"uv": [4, 6], "uv_size": [1, 2]},
								"east": {"uv": [0, 0], "uv_size": [0, 0]},
								"south": {"uv": [0, 0], "uv_size": [0, 0]},
								"west": {"uv": [0, 0], "uv_size": [0, 0]},
								"up": {"uv": [0, 0], "uv_size": [0, 0]},
								"down": {"uv": [0, 0], "uv_size": [0, 0]}
							}
						}
					]
				},
				{
					"name": "coat43",
					"parent": "coat42",
					"pivot": [-4.48639, 3.25, -6.00269],
					"rotation": [0, 0, 9.46232],
					"cubes": [
						{
							"origin": [-4.52382, 8.47376, -6.1061],
							"size": [1, 2, 1],
							"uv": {
								"north": {"uv": [31, 43], "uv_size": [1, 2]},
								"east": {"uv": [0, 0], "uv_size": [0, 0]},
								"south": {"uv": [0, 0], "uv_size": [0, 0]},
								"west": {"uv": [32, 43], "uv_size": [1, 2]},
								"up": {"uv": [0, 0], "uv_size": [0, 0]},
								"down": {"uv": [0, 0], "uv_size": [0, 0]}
							}
						}
					]
				},
				{
					"name": "coat44",
					"parent": "coat42",
					"pivot": [0.48639, 3.25, -6.00269],
					"rotation": [0, 0, -9.46232],
					"cubes": [
						{
							"origin": [-0.47857, 8.47519, -6.10553],
							"size": [1, 2, 1],
							"uv": {
								"north": {"uv": [35, 43], "uv_size": [1, 2]},
								"east": {"uv": [34, 43], "uv_size": [1, 2]},
								"south": {"uv": [0, 0], "uv_size": [0, 0]},
								"west": {"uv": [0, 0], "uv_size": [0, 0]},
								"up": {"uv": [0, 0], "uv_size": [0, 0]},
								"down": {"uv": [0, 0], "uv_size": [0, 0]}
							}
						}
					]
				},
				{
					"name": "coat45",
					"parent": "right3",
					"pivot": [-2, 3.25, 0],
					"rotation": [0, 45, 0]
				},
				{
					"name": "coat46",
					"parent": "coat45",
					"pivot": [-2, 3.25, -6.00269],
					"rotation": [-23.72636, 0, 0],
					"cubes": [
						{
							"origin": [-2.722, 8.24645, -5.10328],
							"size": [1.4, 2, 0],
							"uv": {
								"north": {"uv": [2, 6], "uv_size": [1, 2]},
								"east": {"uv": [0, 0], "uv_size": [0, 0]},
								"south": {"uv": [0, 0], "uv_size": [0, 0]},
								"west": {"uv": [0, 0], "uv_size": [0, 0]},
								"up": {"uv": [0, 0], "uv_size": [0, 0]},
								"down": {"uv": [0, 0], "uv_size": [0, 0]}
							}
						}
					]
				},
				{
					"name": "coat47",
					"parent": "coat46",
					"pivot": [-4.48639, 3.25, -6.00269],
					"rotation": [0, 0, 9.46232],
					"cubes": [
						{
							"origin": [-4.52745, 8.47519, -6.1035],
							"size": [1, 2, 1],
							"uv": {
								"north": {"uv": [31, 43], "uv_size": [1, 2]},
								"east": {"uv": [0, 0], "uv_size": [0, 0]},
								"south": {"uv": [0, 0], "uv_size": [0, 0]},
								"west": {"uv": [32, 43], "uv_size": [1, 2]},
								"up": {"uv": [0, 0], "uv_size": [0, 0]},
								"down": {"uv": [0, 0], "uv_size": [0, 0]}
							}
						}
					]
				},
				{
					"name": "coat48",
					"parent": "coat46",
					"pivot": [0.48639, 3.25, -6.00269],
					"rotation": [0, 0, -9.46232],
					"cubes": [
						{
							"origin": [-0.47598, 8.47576, -6.1045],
							"size": [1, 2, 1],
							"uv": {
								"north": {"uv": [21, 42], "uv_size": [1, 2]},
								"east": {"uv": [20, 42], "uv_size": [1, 2]},
								"south": {"uv": [0, 0], "uv_size": [0, 0]},
								"west": {"uv": [0, 0], "uv_size": [0, 0]},
								"up": {"uv": [0, 0], "uv_size": [0, 0]},
								"down": {"uv": [0, 0], "uv_size": [0, 0]}
							}
						}
					]
				},
				{
					"name": "left3",
					"parent": "coat2",
					"pivot": [2, 3.25, 0]
				},
				{
					"name": "coat52",
					"parent": "left3",
					"pivot": [2, 3.25, 0],
					"rotation": [0, -135, 0]
				},
				{
					"name": "coat53",
					"parent": "coat52",
					"pivot": [2, 3.25, -6.00269],
					"rotation": [-23.72636, 0, 0],
					"cubes": [
						{
							"origin": [1.32193, 8.24544, -5.10469],
							"size": [1.4, 2, 0],
							"uv": {
								"north": {"uv": [7, 6], "uv_size": [-1, 2]},
								"east": {"uv": [0, 0], "uv_size": [0, 0]},
								"south": {"uv": [0, 0], "uv_size": [0, 0]},
								"west": {"uv": [0, 0], "uv_size": [0, 0]},
								"up": {"uv": [0, 0], "uv_size": [0, 0]},
								"down": {"uv": [0, 0], "uv_size": [0, 0]}
							}
						}
					]
				},
				{
					"name": "coat54",
					"parent": "coat53",
					"pivot": [4.48639, 3.25, -6.00269],
					"rotation": [0, 0, -9.46232],
					"cubes": [
						{
							"origin": [3.52502, 8.47476, -6.10428],
							"size": [1, 2, 1],
							"uv": {
								"north": {"uv": [32, 43], "uv_size": [-1, 2]},
								"east": {"uv": [33, 43], "uv_size": [-1, 2]},
								"south": {"uv": [0, 0], "uv_size": [0, 0]},
								"west": {"uv": [0, 0], "uv_size": [0, 0]},
								"up": {"uv": [0, 0], "uv_size": [0, 0]},
								"down": {"uv": [0, 0], "uv_size": [0, 0]}
							}
						}
					]
				},
				{
					"name": "coat55",
					"parent": "coat53",
					"pivot": [-0.48639, 3.25, -6.00269],
					"rotation": [0, 0, 9.46232],
					"cubes": [
						{
							"origin": [-0.52392, 8.47476, -6.10469],
							"size": [1, 2, 1],
							"uv": {
								"north": {"uv": [36, 43], "uv_size": [-1, 2]},
								"east": {"uv": [0, 0], "uv_size": [0, 0]},
								"south": {"uv": [0, 0], "uv_size": [0, 0]},
								"west": {"uv": [35, 43], "uv_size": [-1, 2]},
								"up": {"uv": [0, 0], "uv_size": [0, 0]},
								"down": {"uv": [0, 0], "uv_size": [0, 0]}
							}
						}
					]
				},
				{
					"name": "coat56",
					"parent": "left3",
					"pivot": [2, 3.25, 0],
					"rotation": [0, -90, 0]
				},
				{
					"name": "coat57",
					"parent": "coat56",
					"pivot": [2, 3.25, -6.00269],
					"rotation": [-23.72636, 0, 0],
					"cubes": [
						{
							"origin": [1.32193, 8.24544, -5.10469],
							"size": [1.4, 2, 0],
							"uv": {
								"north": {"uv": [5, 6], "uv_size": [-1, 2]},
								"east": {"uv": [0, 0], "uv_size": [0, 0]},
								"south": {"uv": [0, 0], "uv_size": [0, 0]},
								"west": {"uv": [0, 0], "uv_size": [0, 0]},
								"up": {"uv": [0, 0], "uv_size": [0, 0]},
								"down": {"uv": [0, 0], "uv_size": [0, 0]}
							}
						}
					]
				},
				{
					"name": "coat58",
					"parent": "coat57",
					"pivot": [4.48639, 3.25, -6.00269],
					"rotation": [0, 0, -9.46232],
					"cubes": [
						{
							"origin": [3.52502, 8.47476, -6.10428],
							"size": [1, 2, 1],
							"uv": {
								"north": {"uv": [32, 43], "uv_size": [-1, 2]},
								"east": {"uv": [33, 43], "uv_size": [-1, 2]},
								"south": {"uv": [0, 0], "uv_size": [0, 0]},
								"west": {"uv": [0, 0], "uv_size": [0, 0]},
								"up": {"uv": [0, 0], "uv_size": [0, 0]},
								"down": {"uv": [0, 0], "uv_size": [0, 0]}
							}
						}
					]
				},
				{
					"name": "coat59",
					"parent": "coat57",
					"pivot": [-0.48639, 3.25, -6.00269],
					"rotation": [0, 0, 9.46232],
					"cubes": [
						{
							"origin": [-0.52392, 8.47476, -6.10469],
							"size": [1, 2, 1],
							"uv": {
								"north": {"uv": [36, 43], "uv_size": [-1, 2]},
								"east": {"uv": [0, 0], "uv_size": [0, 0]},
								"south": {"uv": [0, 0], "uv_size": [0, 0]},
								"west": {"uv": [35, 43], "uv_size": [-1, 2]},
								"up": {"uv": [0, 0], "uv_size": [0, 0]},
								"down": {"uv": [0, 0], "uv_size": [0, 0]}
							}
						}
					]
				},
				{
					"name": "coat60",
					"parent": "left3",
					"pivot": [2, 3.25, 0],
					"rotation": [0, -45, 0]
				},
				{
					"name": "coat61",
					"parent": "coat60",
					"pivot": [2, 3.25, -6.00269],
					"rotation": [-23.72636, 0, 0],
					"cubes": [
						{
							"origin": [1.322, 8.24645, -5.10328],
							"size": [1.4, 2, 0],
							"uv": {
								"north": {"uv": [3, 6], "uv_size": [-1, 2]},
								"east": {"uv": [0, 0], "uv_size": [0, 0]},
								"south": {"uv": [0, 0], "uv_size": [0, 0]},
								"west": {"uv": [0, 0], "uv_size": [0, 0]},
								"up": {"uv": [0, 0], "uv_size": [0, 0]},
								"down": {"uv": [0, 0], "uv_size": [0, 0]}
							}
						}
					]
				},
				{
					"name": "coat62",
					"parent": "coat61",
					"pivot": [4.48639, 3.25, -6.00269],
					"rotation": [0, 0, -9.46232],
					"cubes": [
						{
							"origin": [3.52502, 8.47476, -6.10428],
							"size": [1, 2, 1],
							"uv": {
								"north": {"uv": [32, 43], "uv_size": [-1, 2]},
								"east": {"uv": [33, 43], "uv_size": [-1, 2]},
								"south": {"uv": [0, 0], "uv_size": [0, 0]},
								"west": {"uv": [0, 0], "uv_size": [0, 0]},
								"up": {"uv": [0, 0], "uv_size": [0, 0]},
								"down": {"uv": [0, 0], "uv_size": [0, 0]}
							}
						}
					]
				},
				{
					"name": "coat63",
					"parent": "coat61",
					"pivot": [-0.48639, 3.25, -6.00269],
					"rotation": [0, 0, 9.46232],
					"cubes": [
						{
							"origin": [-0.52402, 8.47576, -6.1046],
							"size": [1, 2, 1],
							"uv": {
								"north": {"uv": [22, 42], "uv_size": [-1, 2]},
								"east": {"uv": [0, 0], "uv_size": [0, 0]},
								"south": {"uv": [0, 0], "uv_size": [0, 0]},
								"west": {"uv": [21, 42], "uv_size": [-1, 2]},
								"up": {"uv": [0, 0], "uv_size": [0, 0]},
								"down": {"uv": [0, 0], "uv_size": [0, 0]}
							}
						}
					]
				},
				{
					"name": "coat67",
					"parent": "coat2",
					"pivot": [-2, 3.3, 0],
					"rotation": [0, 180, 0]
				},
				{
					"name": "coat68",
					"parent": "coat67",
					"pivot": [-2, 3.3, -6.00269],
					"rotation": [-23.72636, 0, 0],
					"cubes": [
						{
							"origin": [-7.5, 8.32303, -6.05776],
							"size": [7, 2, 0],
							"uv": {
								"north": {"uv": [49, 19], "uv_size": [7, 2]},
								"east": {"uv": [0, 0], "uv_size": [0, 0]},
								"south": {"uv": [0, 0], "uv_size": [0, 0]},
								"west": {"uv": [0, 0], "uv_size": [0, 0]},
								"up": {"uv": [0, 0], "uv_size": [0, 0]},
								"down": {"uv": [0, 0], "uv_size": [0, 0]}
							}
						},
						{
							"origin": [-2.5, 8.32303, -6.05776],
							"size": [1, 2, 1],
							"uv": {
								"north": {"uv": [0, 0], "uv_size": [0, 0]},
								"east": {"uv": [30, 6], "uv_size": [1, 2]},
								"south": {"uv": [33, 6], "uv_size": [1, 2]},
								"west": {"uv": [32, 6], "uv_size": [1, 2]},
								"up": {"uv": [0, 0], "uv_size": [0, 0]},
								"down": {"uv": [0, 0], "uv_size": [0, 0]}
							}
						},
						{
							"origin": [-4.5, 8.32303, -6.05776],
							"size": [1, 2, 1],
							"uv": {
								"north": {"uv": [0, 0], "uv_size": [0, 0]},
								"east": {"uv": [30, 6], "uv_size": [1, 2]},
								"south": {"uv": [33, 6], "uv_size": [1, 2]},
								"west": {"uv": [32, 6], "uv_size": [1, 2]},
								"up": {"uv": [0, 0], "uv_size": [0, 0]},
								"down": {"uv": [0, 0], "uv_size": [0, 0]}
							}
						},
						{
							"origin": [-6.5, 8.32303, -6.05776],
							"size": [1, 2, 1],
							"uv": {
								"north": {"uv": [0, 0], "uv_size": [0, 0]},
								"east": {"uv": [30, 6], "uv_size": [1, 2]},
								"south": {"uv": [33, 6], "uv_size": [1, 2]},
								"west": {"uv": [32, 6], "uv_size": [1, 2]},
								"up": {"uv": [0, 0], "uv_size": [0, 0]},
								"down": {"uv": [0, 0], "uv_size": [0, 0]}
							}
						}
					]
				},
				{
					"name": "coat69",
					"parent": "coat68",
					"pivot": [-8.48639, 3.3, -6.00269],
					"rotation": [0, 0, 9.46232],
					"cubes": [
						{
							"origin": [-8.5164, 8.47961, -6.08457],
							"size": [1, 2, 0],
							"uv": {
								"north": {"uv": [0, 6], "uv_size": [1, 2]},
								"east": {"uv": [0, 0], "uv_size": [0, 0]},
								"south": {"uv": [0, 0], "uv_size": [0, 0]},
								"west": {"uv": [0, 0], "uv_size": [0, 0]},
								"up": {"uv": [0, 0], "uv_size": [0, 0]},
								"down": {"uv": [0, 0], "uv_size": [0, 0]}
							}
						}
					]
				},
				{
					"name": "coat70",
					"parent": "coat68",
					"pivot": [0.48639, 3.3, -6.00269],
					"rotation": [0, 0, -9.46232],
					"cubes": [
						{
							"origin": [-0.48151, 8.47861, -6.08516],
							"size": [1, 2, 0],
							"uv": {
								"north": {"uv": [0, 6], "uv_size": [1, 2]},
								"east": {"uv": [0, 0], "uv_size": [0, 0]},
								"south": {"uv": [0, 0], "uv_size": [0, 0]},
								"west": {"uv": [0, 0], "uv_size": [0, 0]},
								"up": {"uv": [0, 0], "uv_size": [0, 0]},
								"down": {"uv": [0, 0], "uv_size": [0, 0]}
							}
						}
					]
				},
				{
					"name": "bone7",
					"parent": "hide_parts",
					"pivot": [0, 14.86875, -1.25],
					"rotation": [-20, 0, 0],
					"cubes": [
						{
							"origin": [-3.5, 8.61875, -1.5],
							"size": [7, 7, 1],
							"inflate": -0.251,
							"uv": {
								"north": {"uv": [1, 48], "uv_size": [7, 7]},
								"east": {"uv": [0, 0], "uv_size": [0, 0]},
								"south": {"uv": [0, 0], "uv_size": [0, 0]},
								"west": {"uv": [0, 0], "uv_size": [0, 0]},
								"up": {"uv": [0, 0], "uv_size": [0, 0]},
								"down": {"uv": [0, 0], "uv_size": [0, 0]}
							}
						}
					]
				},
				{
					"name": "left_arm",
					"pivot": [4, 22, 0],
					"cubes": [
						{"origin": [3, 17.25, -1.5], "size": [3.25, 6.5, 3], "inflate": -0.251, "uv": [37, 53]}
					]
				},
				{
					"name": "left_chestplate",
					"parent": "left_arm",
					"pivot": [4.75, 22, 0]
				},
				{
					"name": "bone3",
					"parent": "left_chestplate",
					"pivot": [3.21875, 22.225, -1.5],
					"rotation": [0, 0, -10],
					"cubes": [
						{
							"origin": [2.75, 20.1935, -1.5],
							"size": [3.5, 2, 3],
							"inflate": -0.01,
							"uv": {
								"north": {"uv": [58, 40], "uv_size": [3, 2]},
								"east": {"uv": [55, 40], "uv_size": [3, 2]},
								"south": {"uv": [64, 40], "uv_size": [3, 2]},
								"west": {"uv": [61, 40], "uv_size": [3, 2]},
								"up": {"uv": [0, 0], "uv_size": [0, 0]},
								"down": {"uv": [0, 0], "uv_size": [0, 0]}
							}
						}
					]
				},
				{
					"name": "left_arm_down",
					"parent": "left_arm",
					"pivot": [4.75, 17.5, 1.25],
					"cubes": [
						{"origin": [3, 12.25, -1.5], "size": [3.25, 5.5, 3], "inflate": -0.251, "uv": [0, 55]},
						{
							"origin": [3.1, 11.971, -1.5],
							"size": [3, 5, 3],
							"inflate": 0.03,
							"uv": {
								"north": {"uv": [52, 57], "uv_size": [3, 5]},
								"east": {"uv": [49, 57], "uv_size": [3, 5]},
								"south": {"uv": [58, 57], "uv_size": [3, 5]},
								"west": {"uv": [55, 57], "uv_size": [3, 5]},
								"up": {"uv": [0, 0], "uv_size": [0, 0]},
								"down": {"uv": [0, 0], "uv_size": [0, 0]}
							}
						}
					]
				},
				{
					"name": "right_arm",
					"pivot": [-4, 22, 0],
					"cubes": [
						{"origin": [-6.25, 17.25, -1.5], "size": [3.25, 6.5, 3], "inflate": -0.251, "uv": [37, 53], "mirror": true}
					]
				},
				{
					"name": "right_chestplate",
					"parent": "right_arm",
					"pivot": [-4.75, 22, 0]
				},
				{
					"name": "bone8",
					"parent": "right_chestplate",
					"pivot": [-3.21875, 22.225, -1.5],
					"rotation": [0, 0, 10],
					"cubes": [
						{
							"origin": [-6.25, 20.1935, -1.5],
							"size": [3.5, 2, 3],
							"inflate": -0.01,
							"uv": {
								"north": {"uv": [61, 40], "uv_size": [-3, 2]},
								"east": {"uv": [64, 40], "uv_size": [-3, 2]},
								"south": {"uv": [67, 40], "uv_size": [-3, 2]},
								"west": {"uv": [58, 40], "uv_size": [-3, 2]},
								"up": {"uv": [0, 0], "uv_size": [0, 0]},
								"down": {"uv": [0, 0], "uv_size": [0, 0]}
							}
						}
					]
				},
				{
					"name": "right_arm_down",
					"parent": "right_arm",
					"pivot": [-4.75, 17.5, 1.25],
					"cubes": [
						{"origin": [-6.25, 12.25, -1.5], "size": [3.25, 5.5, 3], "inflate": -0.251, "uv": [0, 55], "mirror": true},
						{
							"origin": [-6.1, 11.971, -1.5],
							"size": [3, 5, 3],
							"inflate": 0.03,
							"uv": {
								"north": {"uv": [55, 57], "uv_size": [-3, 5]},
								"east": {"uv": [58, 57], "uv_size": [-3, 5]},
								"south": {"uv": [61, 57], "uv_size": [-3, 5]},
								"west": {"uv": [52, 57], "uv_size": [-3, 5]},
								"up": {"uv": [0, 0], "uv_size": [0, 0]},
								"down": {"uv": [0, 0], "uv_size": [0, 0]}
							}
						}
					]
				},
				{
					"name": "left_leg",
					"pivot": [1.75, 12, 0],
					"mirror": true,
					"cubes": [
						{"origin": [0.25, 7, -1.5], "size": [3, 5, 3], "uv": [54, 0], "mirror": false}
					]
				},
				{
					"name": "left_leg_down",
					"parent": "left_leg",
					"pivot": [1.75, 7, -1.5],
					"mirror": true,
					"cubes": [
						{"origin": [0.25, 1.01, -1.5], "size": [3, 6, 3], "uv": [25, 53], "mirror": false}
					]
				},
				{
					"name": "left_foot",
					"parent": "left_leg_down",
					"pivot": [1.75, 7, -1.5],
					"mirror": true,
					"cubes": [
						{"origin": [0.75, 0, -4.36603], "size": [2, 2, 1], "inflate": 0.001, "uv": [0, 20], "mirror": false},
						{"origin": [0.25, 0, 0.5], "size": [3, 1, 1], "uv": [0, 4], "mirror": false},
						{"origin": [0.25, 0, -3.5], "size": [3, 1, 3], "inflate": 0.01, "uv": [58, 21], "mirror": false},
						{"origin": [0.25, 1, -3.5], "size": [3, 1, 5], "inflate": 0.01, "uv": [47, 22], "mirror": false},
						{"origin": [0.25, 2, -1.5], "size": [3, 4, 3], "inflate": 0.02, "uv": [54, 8], "mirror": false}
					]
				},
				{
					"name": "shoes2",
					"parent": "left_foot",
					"pivot": [3.25, 0, -3.5],
					"rotation": [0, 30, 0],
					"mirror": true,
					"cubes": [
						{"origin": [2.25, 0, -4.5], "size": [1, 2, 1], "uv": [44, 42], "mirror": false}
					]
				},
				{
					"name": "shoes3",
					"parent": "left_foot",
					"pivot": [0.25, 0, -3.5],
					"rotation": [0, -30, 0],
					"mirror": true,
					"cubes": [
						{"origin": [0.25, 0, -4.5], "size": [1, 2, 1], "uv": [44, 42], "mirror": false}
					]
				},
				{
					"name": "shoes",
					"parent": "left_foot",
					"pivot": [1.75, 2, -3.5],
					"rotation": [27.5, 0, 0],
					"mirror": true,
					"cubes": [
						{"origin": [0.25, 1, -3.5], "size": [3, 1, 4], "inflate": 0.021, "uv": [24, 0], "mirror": false}
					]
				},
				{
					"name": "left_leg_hide_parts",
					"parent": "left_leg",
					"pivot": [-20, 21, -2],
					"mirror": true,
					"cubes": [
						{
							"origin": [0.25, 6, -1.5],
							"size": [3, 6, 3],
							"inflate": 0.1,
							"uv": {
								"north": {"uv": [16, 56], "uv_size": [3, 6]},
								"east": {"uv": [13, 56], "uv_size": [3, 6]},
								"south": {"uv": [22, 56], "uv_size": [3, 6]},
								"west": {"uv": [19, 56], "uv_size": [3, 6]},
								"up": {"uv": [0, 0], "uv_size": [0, 0]},
								"down": {"uv": [0, 0], "uv_size": [0, 0]}
							}
						}
					]
				},
				{
					"name": "right_leg",
					"pivot": [-1.75, 12, 0],
					"mirror": true,
					"cubes": [
						{"origin": [-3.25, 7, -1.5], "size": [3, 5, 3], "uv": [54, 0]}
					]
				},
				{
					"name": "right_leg_down",
					"parent": "right_leg",
					"pivot": [-1.75, 7, -1.5],
					"mirror": true,
					"cubes": [
						{"origin": [-3.25, 1.01, -1.5], "size": [3, 6, 3], "uv": [25, 53]}
					]
				},
				{
					"name": "right_foot",
					"parent": "right_leg_down",
					"pivot": [-1.75, 7, -1.5],
					"mirror": true,
					"cubes": [
						{"origin": [-2.75, 0, -4.36603], "size": [2, 2, 1], "inflate": 0.001, "uv": [0, 20]},
						{"origin": [-3.25, 0, 0.5], "size": [3, 1, 1], "uv": [0, 4]},
						{"origin": [-3.25, 0, -3.5], "size": [3, 1, 3], "inflate": 0.01, "uv": [58, 21]},
						{"origin": [-3.25, 1, -3.5], "size": [3, 1, 5], "inflate": 0.01, "uv": [47, 22]},
						{"origin": [-3.25, 2, -1.5], "size": [3, 4, 3], "inflate": 0.02, "uv": [54, 8]}
					]
				},
				{
					"name": "shoes4",
					"parent": "right_foot",
					"pivot": [-3.25, 0, -3.5],
					"rotation": [0, -30, 0],
					"mirror": true,
					"cubes": [
						{"origin": [-3.25, 0, -4.5], "size": [1, 2, 1], "uv": [44, 42]}
					]
				},
				{
					"name": "shoes5",
					"parent": "right_foot",
					"pivot": [-0.25, 0, -3.5],
					"rotation": [0, 30, 0],
					"mirror": true,
					"cubes": [
						{"origin": [-1.25, 0, -4.5], "size": [1, 2, 1], "uv": [44, 42]}
					]
				},
				{
					"name": "shoes6",
					"parent": "right_foot",
					"pivot": [-1.75, 2, -3.5],
					"rotation": [27.5, 0, 0],
					"mirror": true,
					"cubes": [
						{"origin": [-3.25, 1, -3.5], "size": [3, 1, 4], "inflate": 0.021, "uv": [24, 0]}
					]
				},
				{
					"name": "right_leg_hide_parts",
					"parent": "right_leg",
					"pivot": [20, 21, -2],
					"mirror": true,
					"cubes": [
						{
							"origin": [-3.25, 6, -1.5],
							"size": [3, 6, 3],
							"inflate": 0.1,
							"uv": {
								"north": {"uv": [19, 56], "uv_size": [-3, 6]},
								"east": {"uv": [22, 56], "uv_size": [-3, 6]},
								"south": {"uv": [25, 56], "uv_size": [-3, 6]},
								"west": {"uv": [16, 56], "uv_size": [-3, 6]},
								"up": {"uv": [0, 0], "uv_size": [0, 0]},
								"down": {"uv": [0, 0], "uv_size": [0, 0]}
							}
						}
					]
				}
			]
		}
	]
}