{
	"format_version": "1.12.0",
	"minecraft:geometry": [
		{
			"description": {
				"identifier": "geometry.model",
				"texture_width": 128,
				"texture_height": 128,
				"visible_bounds_width": 3,
				"visible_bounds_height": 3.5,
				"visible_bounds_offset": [0, 1.25, 0]
			},
			"bones": [
				{
					"name": "hat",
					"pivot": [0, 24, 0]
				},
				{
					"name": "bone",
					"parent": "hat",
					"pivot": [2.5, 29.5, -4.65],
					"rotation": [0, 0, -10],
					"cubes": [
						{
							"origin": [1, 29, -5.2],
							"size": [2, 1, 2],
							"inflate": -0.3,
							"uv": {
								"north": {"uv": [28, 20], "uv_size": [2, 1]},
								"east": {"uv": [0, 0], "uv_size": [0, 0]},
								"south": {"uv": [0, 0], "uv_size": [0, 0]},
								"west": {"uv": [0, 0], "uv_size": [0, 0]},
								"up": {"uv": [0, 0], "uv_size": [0, 0]},
								"down": {"uv": [0, 0], "uv_size": [0, 0]}
							}
						},
						{
							"origin": [2.5, 29, -5.1],
							"size": [1, 1, 2],
							"inflate": -0.2,
							"uv": {
								"north": {"uv": [36, 20], "uv_size": [1, 1]},
								"east": {"uv": [0, 0], "uv_size": [0, 0]},
								"south": {"uv": [0, 0], "uv_size": [0, 0]},
								"west": {"uv": [0, 0], "uv_size": [0, 0]},
								"up": {"uv": [0, 0], "uv_size": [0, 0]},
								"down": {"uv": [0, 0], "uv_size": [0, 0]}
							}
						}
					]
				},
				{
					"name": "right_arm",
					"pivot": [-4, 22, 0],
					"cubes": [
						{"origin": [-6.5, 17.5, -1.5], "size": [3, 6, 3], "uv": [0, 97], "mirror": true}
					]
				},
				{
					"name": "right_chestplate",
					"parent": "right_arm",
					"pivot": [-5, 22, 0],
					"cubes": [
						{
							"origin": [-7, 18, -2],
							"size": [4, 2, 4],
							"inflate": -0.4,
							"uv": {
								"north": {"uv": [9, 114], "uv_size": [-4, 2]},
								"east": {"uv": [13, 114], "uv_size": [-4, 2]},
								"south": {"uv": [17, 114], "uv_size": [-4, 2]},
								"west": {"uv": [5, 114], "uv_size": [-4, 2]},
								"up": {"uv": [0, 0], "uv_size": [0, 0]},
								"down": {"uv": [0, 0], "uv_size": [0, 0]}
							}
						},
						{
							"origin": [-7, 16.5, -2],
							"size": [4, 2, 4],
							"inflate": -0.4,
							"uv": {
								"north": {"uv": [9, 114], "uv_size": [-4, 2]},
								"east": {"uv": [13, 114], "uv_size": [-4, 2]},
								"south": {"uv": [17, 114], "uv_size": [-4, 2]},
								"west": {"uv": [5, 114], "uv_size": [-4, 2]},
								"up": {"uv": [0, 0], "uv_size": [0, 0]},
								"down": {"uv": [0, 0], "uv_size": [0, 0]}
							}
						},
						{
							"origin": [-7.5, 19.6, -2.5],
							"size": [5, 4, 5],
							"inflate": -0.8,
							"uv": {
								"north": {"uv": [44, 124], "uv_size": [-5, 4]},
								"east": {"uv": [49, 124], "uv_size": [-5, 4]},
								"south": {"uv": [54, 124], "uv_size": [-5, 4]},
								"west": {"uv": [0, 0], "uv_size": [0, 0]},
								"up": {"uv": [0, 0], "uv_size": [0, 0]},
								"down": {"uv": [0, 0], "uv_size": [0, 0]}
							}
						},
						{
							"origin": [-7.5, 17.8, -2.5],
							"size": [5, 4, 5],
							"inflate": -0.8,
							"uv": {
								"north": {"uv": [44, 124], "uv_size": [-5, 4]},
								"east": {"uv": [49, 124], "uv_size": [-5, 4]},
								"south": {"uv": [54, 124], "uv_size": [-5, 4]},
								"west": {"uv": [0, 0], "uv_size": [0, 0]},
								"up": {"uv": [0, 0], "uv_size": [0, 0]},
								"down": {"uv": [0, 0], "uv_size": [0, 0]}
							}
						}
					]
				},
				{
					"name": "right_arm_down",
					"parent": "right_arm",
					"pivot": [-4.75, 17.5, 1.25],
					"cubes": [
						{"origin": [-6.5, 12.5, -1.5], "size": [3, 5, 3], "uv": [21, 120], "mirror": true},
						{
							"origin": [-7.5, 13.3, -2.5],
							"size": [5, 3, 5],
							"inflate": -0.8,
							"uv": {
								"north": {"uv": [10, 125], "uv_size": [-5, 3]},
								"east": {"uv": [15, 125], "uv_size": [-5, 3]},
								"south": {"uv": [20, 125], "uv_size": [-5, 3]},
								"west": {"uv": [5, 125], "uv_size": [-5, 3]},
								"up": {"uv": [0, 0], "uv_size": [0, 0]},
								"down": {"uv": [0, 0], "uv_size": [0, 0]}
							}
						},
						{
							"origin": [-7.5, 12, -2.5],
							"size": [5, 3, 5],
							"inflate": -0.8,
							"uv": {
								"north": {"uv": [29, 114], "uv_size": [-5, 3]},
								"east": {"uv": [34, 114], "uv_size": [-5, 3]},
								"south": {"uv": [39, 114], "uv_size": [-5, 3]},
								"west": {"uv": [24, 114], "uv_size": [-5, 3]},
								"up": {"uv": [0, 0], "uv_size": [0, 0]},
								"down": {"uv": [0, 0], "uv_size": [0, 0]}
							}
						}
					]
				},
				{
					"name": "left_arm",
					"pivot": [4, 22, 0],
					"cubes": [
						{"origin": [3.5, 17.5, -1.5], "size": [3, 6, 3], "uv": [0, 97]}
					]
				},
				{
					"name": "left_chestplate",
					"parent": "left_arm",
					"pivot": [5, 22, 0],
					"cubes": [
						{
							"origin": [3, 18, -2],
							"size": [4, 2, 4],
							"inflate": -0.4,
							"uv": {
								"north": {"uv": [5, 114], "uv_size": [4, 2]},
								"east": {"uv": [1, 114], "uv_size": [4, 2]},
								"south": {"uv": [13, 114], "uv_size": [4, 2]},
								"west": {"uv": [9, 114], "uv_size": [4, 2]},
								"up": {"uv": [0, 0], "uv_size": [0, 0]},
								"down": {"uv": [0, 0], "uv_size": [0, 0]}
							}
						},
						{
							"origin": [3, 16.5, -2],
							"size": [4, 2, 4],
							"inflate": -0.4,
							"uv": {
								"north": {"uv": [5, 114], "uv_size": [4, 2]},
								"east": {"uv": [1, 114], "uv_size": [4, 2]},
								"south": {"uv": [13, 114], "uv_size": [4, 2]},
								"west": {"uv": [9, 114], "uv_size": [4, 2]},
								"up": {"uv": [0, 0], "uv_size": [0, 0]},
								"down": {"uv": [0, 0], "uv_size": [0, 0]}
							}
						},
						{
							"origin": [2.5, 19.6, -2.5],
							"size": [5, 4, 5],
							"inflate": -0.8,
							"uv": {
								"north": {"uv": [39, 124], "uv_size": [5, 4]},
								"east": {"uv": [0, 0], "uv_size": [0, 0]},
								"south": {"uv": [49, 124], "uv_size": [5, 4]},
								"west": {"uv": [44, 124], "uv_size": [5, 4]},
								"up": {"uv": [0, 0], "uv_size": [0, 0]},
								"down": {"uv": [0, 0], "uv_size": [0, 0]}
							}
						},
						{
							"origin": [2.5, 17.8, -2.5],
							"size": [5, 4, 5],
							"inflate": -0.8,
							"uv": {
								"north": {"uv": [39, 124], "uv_size": [5, 4]},
								"east": {"uv": [0, 0], "uv_size": [0, 0]},
								"south": {"uv": [49, 124], "uv_size": [5, 4]},
								"west": {"uv": [44, 124], "uv_size": [5, 4]},
								"up": {"uv": [0, 0], "uv_size": [0, 0]},
								"down": {"uv": [0, 0], "uv_size": [0, 0]}
							}
						}
					]
				},
				{
					"name": "left_arm_down",
					"parent": "left_arm",
					"pivot": [4.75, 17.5, 1.25],
					"cubes": [
						{"origin": [3.5, 12.5, -1.5], "size": [3, 5, 3], "uv": [21, 120]},
						{
							"origin": [2.5, 13.8, -2.5],
							"size": [5, 3, 5],
							"inflate": -0.8,
							"uv": {
								"north": {"uv": [45, 114], "uv_size": [5, 3]},
								"east": {"uv": [40, 114], "uv_size": [5, 3]},
								"south": {"uv": [55, 114], "uv_size": [5, 3]},
								"west": {"uv": [50, 114], "uv_size": [5, 3]},
								"up": {"uv": [0, 0], "uv_size": [0, 0]},
								"down": {"uv": [0, 0], "uv_size": [0, 0]}
							}
						}
					]
				},
				{
					"name": "head",
					"pivot": [0, 24, 0],
					"cubes": [
						{"origin": [-4, 24, -4], "size": [8, 8, 8], "uv": [0, 0]},
						{
							"origin": [-4, 24, -4],
							"size": [8, 8, 8],
							"inflate": 0.3,
							"uv": {
								"north": {"uv": [40, 8], "uv_size": [8, 8]},
								"east": {"uv": [32, 8], "uv_size": [8, 8]},
								"south": {"uv": [56, 8], "uv_size": [8, 8]},
								"west": {"uv": [48, 8], "uv_size": [8, 8]},
								"up": {"uv": [40, 0], "uv_size": [8, 8]},
								"down": {"uv": [0, 0], "uv_size": [0, 0]}
							}
						},
						{
							"origin": [-4, 24, -4.3],
							"size": [8, 8, 8],
							"inflate": 0.335,
							"uv": {
								"north": {"uv": [50, 25], "uv_size": [8, 8]},
								"east": {"uv": [0, 0], "uv_size": [0, 0]},
								"south": {"uv": [66, 25], "uv_size": [8, 8]},
								"west": {"uv": [0, 0], "uv_size": [0, 0]},
								"up": {"uv": [0, 0], "uv_size": [0, 0]},
								"down": {"uv": [0, 0], "uv_size": [0, 0]}
							}
						}
					]
				},
				{
					"name": "right_ear",
					"parent": "head",
					"pivot": [-2, 30, -1]
				},
				{
					"name": "ear14",
					"parent": "right_ear",
					"pivot": [-3, 33, 2],
					"rotation": [10, 0, -20],
					"cubes": [
						{
							"origin": [-4.5, 32.2, -2.05],
							"size": [2, 3, 0],
							"uv": {
								"north": {"uv": [62, 4], "uv_size": [-2, 3]},
								"east": {"uv": [0, 0], "uv_size": [0, 0]},
								"south": {"uv": [0, 0], "uv_size": [0, 0]},
								"west": {"uv": [0, 0], "uv_size": [0, 0]},
								"up": {"uv": [0, 0], "uv_size": [0, 0]},
								"down": {"uv": [0, 0], "uv_size": [0, 0]}
							}
						},
						{
							"origin": [-2.84017, 31.39761, -2.07287],
							"size": [1, 3, 1],
							"uv": {
								"north": {"uv": [68, 1], "uv_size": [1, 3]},
								"east": {"uv": [67, 1], "uv_size": [1, 3]},
								"south": {"uv": [70, 1], "uv_size": [1, 3]},
								"west": {"uv": [69, 1], "uv_size": [1, 3]},
								"up": {"uv": [0, 0], "uv_size": [0, 0]},
								"down": {"uv": [69, 1], "uv_size": [1, -1]}
							}
						}
					]
				},
				{
					"name": "ear15",
					"parent": "ear14",
					"pivot": [-2.68584, 31.86585, 0.56372],
					"rotation": [13.5773, 1.77024, -7.28925],
					"cubes": [
						{
							"origin": [-4.0541, 32.54936, -1.20774],
							"size": [2, 3, 1],
							"uv": {
								"north": {"uv": [26, 1], "uv_size": [2, 3]},
								"east": {"uv": [25, 1], "uv_size": [1, 3]},
								"south": {"uv": [29, 1], "uv_size": [2, 3]},
								"west": {"uv": [28, 1], "uv_size": [1, 3]},
								"up": {"uv": [26, 0], "uv_size": [2, 1]},
								"down": {"uv": [0, 0], "uv_size": [0, 0]}
							}
						}
					]
				},
				{
					"name": "ear16",
					"parent": "ear14",
					"pivot": [-1.53584, 35.01585, -0.18628],
					"rotation": [0, 0, -35],
					"cubes": [
						{
							"origin": [-3.13974, 34.68397, -2.07287],
							"size": [1, 3, 1],
							"inflate": 0.001,
							"uv": {
								"north": {"uv": [73, 1], "uv_size": [1, 3]},
								"east": {"uv": [72, 1], "uv_size": [1, 3]},
								"south": {"uv": [75, 1], "uv_size": [1, 3]},
								"west": {"uv": [74, 1], "uv_size": [1, 3]},
								"up": {"uv": [73, 0], "uv_size": [1, 1]},
								"down": {"uv": [0, 0], "uv_size": [0, 0]}
							}
						}
					]
				},
				{
					"name": "ear17",
					"parent": "ear16",
					"pivot": [-2.53584, 38.01585, -0.18628],
					"rotation": [0, 0, 45],
					"cubes": [
						{
							"origin": [-3.32819, 35, -2.5729],
							"size": [1.6, 1, 2],
							"inflate": -0.3,
							"uv": {
								"north": {"uv": [28, 38], "uv_size": [1, 1]},
								"east": {"uv": [26, 38], "uv_size": [2, 1]},
								"south": {"uv": [31, 38], "uv_size": [1, 1]},
								"west": {"uv": [29, 38], "uv_size": [2, 1]},
								"up": {"uv": [0, 0], "uv_size": [0, 0]},
								"down": {"uv": [0, 0], "uv_size": [0, 0]}
							}
						},
						{
							"origin": [-3.32819, 34.35416, -2.5729],
							"size": [1.6, 1, 2],
							"inflate": -0.3,
							"uv": {
								"north": {"uv": [28, 35], "uv_size": [1, 1]},
								"east": {"uv": [26, 35], "uv_size": [2, 1]},
								"south": {"uv": [31, 35], "uv_size": [1, 1]},
								"west": {"uv": [29, 35], "uv_size": [2, 1]},
								"up": {"uv": [0, 0], "uv_size": [0, 0]},
								"down": {"uv": [0, 0], "uv_size": [0, 0]}
							}
						},
						{
							"origin": [-2.72819, 34.35416, -2.07287],
							"size": [1, 3, 1],
							"uv": {
								"north": {"uv": [2, 1], "uv_size": [1, 3]},
								"east": {"uv": [1, 1], "uv_size": [1, 3]},
								"south": {"uv": [4, 1], "uv_size": [1, 3]},
								"west": {"uv": [3, 1], "uv_size": [1, 3]},
								"up": {"uv": [0, 0], "uv_size": [0, 0]},
								"down": {"uv": [0, 0], "uv_size": [0, 0]}
							}
						},
						{
							"origin": [-3.32819, 36, -2.5729],
							"size": [1.6, 1, 2],
							"inflate": -0.3,
							"uv": {
								"north": {"uv": [22, 38], "uv_size": [1, 1]},
								"east": {"uv": [20, 38], "uv_size": [2, 1]},
								"south": {"uv": [25, 38], "uv_size": [1, 1]},
								"west": {"uv": [23, 38], "uv_size": [2, 1]},
								"up": {"uv": [0, 0], "uv_size": [0, 0]},
								"down": {"uv": [0, 0], "uv_size": [0, 0]}
							}
						}
					]
				},
				{
					"name": "bone10",
					"parent": "ear17",
					"pivot": [-2.55, 35.3, -0.0729],
					"rotation": [0, 0, -10],
					"cubes": [
						{
							"origin": [-6.05, 31.8, -0.5729],
							"size": [7, 7, 1],
							"inflate": -2.1,
							"uv": {
								"north": {"uv": [0, 0], "uv_size": [0, 0]},
								"east": {"uv": [0, 0], "uv_size": [0, 0]},
								"south": {"uv": [33, 50], "uv_size": [7, 7]},
								"west": {"uv": [0, 0], "uv_size": [0, 0]},
								"up": {"uv": [0, 0], "uv_size": [0, 0]},
								"down": {"uv": [0, 0], "uv_size": [0, 0]}
							}
						}
					]
				},
				{
					"name": "ear18",
					"parent": "ear17",
					"pivot": [-2.53584, 35.01585, -0.18628],
					"rotation": [0, 0, -30],
					"cubes": [
						{
							"origin": [-3.03327, 32.53898, -2.07287],
							"size": [1, 2, 1],
							"inflate": -0.001,
							"uv": {
								"north": {"uv": [33, 1], "uv_size": [1, 2]},
								"east": {"uv": [32, 1], "uv_size": [1, 2]},
								"south": {"uv": [35, 1], "uv_size": [1, 2]},
								"west": {"uv": [34, 1], "uv_size": [1, 2]},
								"up": {"uv": [0, 0], "uv_size": [0, 0]},
								"down": {"uv": [34, 1], "uv_size": [1, -1]}
							}
						}
					]
				},
				{
					"name": "ear19",
					"parent": "ear14",
					"pivot": [-2.78584, 32.01585, 1.81372],
					"cubes": [
						{
							"origin": [-4.14972, 30.4208, -1.36672],
							"size": [2, 2, 1],
							"inflate": 0.001,
							"uv": {
								"north": {"uv": [61, 1], "uv_size": [2, 2]},
								"east": {"uv": [60, 1], "uv_size": [1, 2]},
								"south": {"uv": [64, 1], "uv_size": [2, 2]},
								"west": {"uv": [63, 1], "uv_size": [1, 2]},
								"up": {"uv": [0, 0], "uv_size": [0, 0]},
								"down": {"uv": [63, 1], "uv_size": [2, -1]}
							}
						}
					]
				},
				{
					"name": "bone2",
					"parent": "right_ear",
					"pivot": [-5.49, 28.76356, -1.69664],
					"rotation": [0, -12.5, 15],
					"cubes": [
						{
							"origin": [-5.99, 28.26356, -3.19664],
							"size": [1, 1, 2],
							"inflate": -0.2,
							"uv": {
								"north": {"uv": [0, 0], "uv_size": [0, 0]},
								"east": {"uv": [28, 41], "uv_size": [2, 1]},
								"south": {"uv": [0, 0], "uv_size": [0, 0]},
								"west": {"uv": [0, 0], "uv_size": [0, 0]},
								"up": {"uv": [0, 0], "uv_size": [0, 0]},
								"down": {"uv": [0, 0], "uv_size": [0, 0]}
							}
						}
					]
				},
				{
					"name": "bone7",
					"parent": "bone2",
					"pivot": [-5.49, 26.76356, -1.69664],
					"rotation": [0, -35, 0],
					"cubes": [
						{
							"origin": [-6.49, 26.76356, -3.69664],
							"size": [2, 4, 4],
							"inflate": -0.8,
							"uv": {
								"north": {"uv": [0, 0], "uv_size": [0, 0]},
								"east": {"uv": [26, 27], "uv_size": [4, 4]},
								"south": {"uv": [0, 0], "uv_size": [0, 0]},
								"west": {"uv": [0, 0], "uv_size": [0, 0]},
								"up": {"uv": [0, 0], "uv_size": [0, 0]},
								"down": {"uv": [0, 0], "uv_size": [0, 0]}
							}
						}
					]
				},
				{
					"name": "bone3",
					"parent": "bone2",
					"pivot": [-5.5, 28.5, -0.5],
					"rotation": [-60, 0, 0],
					"cubes": [
						{
							"origin": [-5.99, 28.6472, -3.05],
							"size": [1, 1, 3],
							"inflate": -0.2,
							"uv": {
								"north": {"uv": [0, 0], "uv_size": [0, 0]},
								"east": {"uv": [27, 46], "uv_size": [3, 1]},
								"south": {"uv": [0, 0], "uv_size": [0, 0]},
								"west": {"uv": [0, 0], "uv_size": [0, 0]},
								"up": {"uv": [0, 0], "uv_size": [0, 0]},
								"down": {"uv": [0, 0], "uv_size": [0, 0]}
							}
						}
					]
				},
				{
					"name": "bone4",
					"parent": "bone2",
					"pivot": [-5.5, 28.5, -2.5],
					"rotation": [60, 0, 0],
					"cubes": [
						{
							"origin": [-5.99, 28.7237, -2.96164],
							"size": [1, 1, 4],
							"inflate": -0.2,
							"uv": {
								"north": {"uv": [0, 0], "uv_size": [0, 0]},
								"east": {"uv": [36, 41], "uv_size": [4, 1]},
								"south": {"uv": [0, 0], "uv_size": [0, 0]},
								"west": {"uv": [0, 0], "uv_size": [0, 0]},
								"up": {"uv": [0, 0], "uv_size": [0, 0]},
								"down": {"uv": [0, 0], "uv_size": [0, 0]}
							}
						}
					]
				},
				{
					"name": "bone5",
					"parent": "bone2",
					"pivot": [0, 0, -1],
					"cubes": [
						{
							"origin": [-5.99, 28.2571, -2.87431],
							"size": [1, 1, 3],
							"inflate": -0.2,
							"uv": {
								"north": {"uv": [0, 0], "uv_size": [0, 0]},
								"east": {"uv": [27, 46], "uv_size": [3, 1]},
								"south": {"uv": [0, 0], "uv_size": [0, 0]},
								"west": {"uv": [0, 0], "uv_size": [0, 0]},
								"up": {"uv": [0, 0], "uv_size": [0, 0]},
								"down": {"uv": [0, 0], "uv_size": [0, 0]}
							}
						}
					]
				},
				{
					"name": "bone6",
					"parent": "bone5",
					"pivot": [-5.5, 28.5, -0.5],
					"rotation": [-60, 0, 0],
					"cubes": [
						{
							"origin": [-5.99, 28.6472, -3.73611],
							"size": [1, 1, 2],
							"inflate": -0.2,
							"uv": {
								"north": {"uv": [0, 0], "uv_size": [0, 0]},
								"east": {"uv": [28, 41], "uv_size": [2, 1]},
								"south": {"uv": [0, 0], "uv_size": [0, 0]},
								"west": {"uv": [0, 0], "uv_size": [0, 0]},
								"up": {"uv": [0, 0], "uv_size": [0, 0]},
								"down": {"uv": [0, 0], "uv_size": [0, 0]}
							}
						}
					]
				},
				{
					"name": "left_ear",
					"parent": "head",
					"pivot": [2, 24, -1]
				},
				{
					"name": "ear2",
					"parent": "left_ear",
					"pivot": [3, 33, 2],
					"rotation": [10, 0, 20],
					"cubes": [
						{
							"origin": [2.5, 32.2, -2.05],
							"size": [2, 3, 0],
							"uv": {
								"north": {"uv": [60, 4], "uv_size": [2, 3]},
								"east": {"uv": [0, 0], "uv_size": [0, 0]},
								"south": {"uv": [0, 0], "uv_size": [0, 0]},
								"west": {"uv": [0, 0], "uv_size": [0, 0]},
								"up": {"uv": [0, 0], "uv_size": [0, 0]},
								"down": {"uv": [0, 0], "uv_size": [0, 0]}
							}
						},
						{
							"origin": [1.84017, 31.39761, -2.07287],
							"size": [1, 3, 1],
							"uv": {
								"north": {"uv": [69, 1], "uv_size": [-1, 3]},
								"east": {"uv": [70, 1], "uv_size": [-1, 3]},
								"south": {"uv": [71, 1], "uv_size": [-1, 3]},
								"west": {"uv": [68, 1], "uv_size": [-1, 3]},
								"up": {"uv": [0, 0], "uv_size": [0, 0]},
								"down": {"uv": [70, 1], "uv_size": [-1, -1]}
							}
						}
					]
				},
				{
					"name": "ear3",
					"parent": "ear2",
					"pivot": [2.68584, 31.86585, 0.56372],
					"rotation": [13.5773, -1.77024, 7.28925],
					"cubes": [
						{
							"origin": [2.0541, 32.54936, -1.20774],
							"size": [2, 3, 1],
							"uv": {
								"north": {"uv": [28, 1], "uv_size": [-2, 3]},
								"east": {"uv": [29, 1], "uv_size": [-1, 3]},
								"south": {"uv": [31, 1], "uv_size": [-2, 3]},
								"west": {"uv": [26, 1], "uv_size": [-1, 3]},
								"up": {"uv": [28, 0], "uv_size": [-2, 1]},
								"down": {"uv": [0, 0], "uv_size": [0, 0]}
							}
						}
					]
				},
				{
					"name": "ear4",
					"parent": "ear2",
					"pivot": [1.53584, 35.01585, -0.18628],
					"rotation": [0, 0, 35],
					"cubes": [
						{
							"origin": [2.13974, 34.68397, -2.07287],
							"size": [1, 3, 1],
							"inflate": 0.001,
							"uv": {
								"north": {"uv": [74, 1], "uv_size": [-1, 3]},
								"east": {"uv": [75, 1], "uv_size": [-1, 3]},
								"south": {"uv": [76, 1], "uv_size": [-1, 3]},
								"west": {"uv": [73, 1], "uv_size": [-1, 3]},
								"up": {"uv": [74, 0], "uv_size": [-1, 1]},
								"down": {"uv": [0, 0], "uv_size": [0, 0]}
							}
						}
					]
				},
				{
					"name": "ear5",
					"parent": "ear4",
					"pivot": [2.53584, 38.01585, -0.18628],
					"rotation": [0, 0, -45],
					"cubes": [
						{
							"origin": [1.72819, 34.35416, -2.07287],
							"size": [1, 3, 1],
							"uv": {
								"north": {"uv": [3, 1], "uv_size": [-1, 3]},
								"east": {"uv": [4, 1], "uv_size": [-1, 3]},
								"south": {"uv": [5, 1], "uv_size": [-1, 3]},
								"west": {"uv": [2, 1], "uv_size": [-1, 3]},
								"up": {"uv": [0, 0], "uv_size": [0, 0]},
								"down": {"uv": [0, 0], "uv_size": [0, 0]}
							}
						}
					]
				},
				{
					"name": "bone9",
					"parent": "ear5",
					"pivot": [2.22819, 36.85416, -1.57287],
					"rotation": [-45, 0, 0],
					"cubes": [
						{
							"origin": [2, 36.35416, -2.07287],
							"size": [1, 1, 1],
							"inflate": -0.2,
							"uv": {
								"north": {"uv": [0, 0], "uv_size": [0, 0]},
								"east": {"uv": [0, 0], "uv_size": [0, 0]},
								"south": {"uv": [0, 0], "uv_size": [0, 0]},
								"west": {"uv": [34, 35], "uv_size": [-1, 1]},
								"up": {"uv": [0, 0], "uv_size": [0, 0]},
								"down": {"uv": [0, 0], "uv_size": [0, 0]}
							}
						}
					]
				},
				{
					"name": "bone8",
					"parent": "ear5",
					"pivot": [3.22819, 35.85416, -1.57287],
					"rotation": [-45, 0, 0],
					"cubes": [
						{
							"origin": [2, 35.46127, -2.17997],
							"size": [1, 1, 1],
							"inflate": -0.2,
							"uv": {
								"north": {"uv": [0, 0], "uv_size": [0, 0]},
								"east": {"uv": [0, 0], "uv_size": [0, 0]},
								"south": {"uv": [0, 0], "uv_size": [0, 0]},
								"west": {"uv": [34, 38], "uv_size": [-1, 1]},
								"up": {"uv": [0, 0], "uv_size": [0, 0]},
								"down": {"uv": [0, 0], "uv_size": [0, 0]}
							}
						}
					]
				},
				{
					"name": "ear6",
					"parent": "ear5",
					"pivot": [2.53584, 35.01585, -0.18628],
					"rotation": [0, 0, 30],
					"cubes": [
						{
							"origin": [2.03327, 32.53898, -2.07287],
							"size": [1, 2, 1],
							"inflate": -0.001,
							"uv": {
								"north": {"uv": [34, 1], "uv_size": [-1, 2]},
								"east": {"uv": [35, 1], "uv_size": [-1, 2]},
								"south": {"uv": [36, 1], "uv_size": [-1, 2]},
								"west": {"uv": [33, 1], "uv_size": [-1, 2]},
								"up": {"uv": [0, 0], "uv_size": [0, 0]},
								"down": {"uv": [35, 1], "uv_size": [-1, -1]}
							}
						}
					]
				},
				{
					"name": "ear7",
					"parent": "ear2",
					"pivot": [2.78584, 32.01585, 1.81372],
					"cubes": [
						{
							"origin": [2.14972, 30.4208, -1.36672],
							"size": [2, 2, 1],
							"inflate": 0.001,
							"uv": {
								"north": {"uv": [63, 1], "uv_size": [-2, 2]},
								"east": {"uv": [64, 1], "uv_size": [-1, 2]},
								"south": {"uv": [66, 1], "uv_size": [-2, 2]},
								"west": {"uv": [61, 1], "uv_size": [-1, 2]},
								"up": {"uv": [0, 0], "uv_size": [0, 0]},
								"down": {"uv": [65, 1], "uv_size": [-2, -1]}
							}
						}
					]
				},
				{
					"name": "hair",
					"parent": "head",
					"pivot": [0, 24, 0],
					"cubes": [
						{
							"origin": [-4, 20.5, -4],
							"size": [8, 4, 8],
							"inflate": 0.25,
							"uv": {
								"north": {"uv": [0, 0], "uv_size": [0, 0]},
								"east": {"uv": [40, 57], "uv_size": [8, 4]},
								"south": {"uv": [0, 0], "uv_size": [0, 0]},
								"west": {"uv": [56, 57], "uv_size": [8, 4]},
								"up": {"uv": [0, 0], "uv_size": [0, 0]},
								"down": {"uv": [0, 0], "uv_size": [0, 0]}
							}
						},
						{
							"origin": [-4, 20.5, -4],
							"size": [8, 3, 8],
							"inflate": 0.29,
							"uv": {
								"north": {"uv": [0, 0], "uv_size": [0, 0]},
								"east": {"uv": [40, 45], "uv_size": [8, 3]},
								"south": {"uv": [0, 0], "uv_size": [0, 0]},
								"west": {"uv": [56, 45], "uv_size": [8, 3]},
								"up": {"uv": [0, 0], "uv_size": [0, 0]},
								"down": {"uv": [0, 0], "uv_size": [0, 0]}
							}
						}
					]
				},
				{
					"name": "hair2",
					"parent": "head",
					"pivot": [1.07047, 31.34501, 1.97919],
					"rotation": [-21.42348, 35.14823, -5.06104]
				},
				{
					"name": "bone18",
					"parent": "hair2",
					"pivot": [1.61268, 32.73682, 4.55895],
					"rotation": [109.00657, -21.96444, 41.98471],
					"cubes": [
						{
							"origin": [0.65302, 29.89204, 1.92023],
							"size": [4, 4, 4],
							"uv": {
								"north": {"uv": [0, 0], "uv_size": [0, 0]},
								"east": {"uv": [112, 56], "uv_size": [4, 4]},
								"south": {"uv": [124, 56], "uv_size": [4, 4]},
								"west": {"uv": [0, 0], "uv_size": [0, 0]},
								"up": {"uv": [0, 0], "uv_size": [0, 0]},
								"down": {"uv": [0, 0], "uv_size": [0, 0]}
							}
						},
						{
							"origin": [0.65302, 29.89204, 1.92023],
							"size": [4, 4, 4],
							"inflate": -0.1,
							"uv": {
								"north": {"uv": [0, 0], "uv_size": [0, 0]},
								"east": {"uv": [112, 84], "uv_size": [4, 4]},
								"south": {"uv": [124, 84], "uv_size": [4, 4]},
								"west": {"uv": [0, 0], "uv_size": [0, 0]},
								"up": {"uv": [0, 0], "uv_size": [0, 0]},
								"down": {"uv": [0, 0], "uv_size": [0, 0]}
							}
						}
					]
				},
				{
					"name": "bone19",
					"parent": "hair2",
					"pivot": [1.61268, 31.73682, 5.55895],
					"rotation": [86.89575, 13.82502, 48.07948],
					"cubes": [
						{
							"origin": [-0.10151, 28.29201, 3.37246],
							"size": [4, 4, 4],
							"uv": {
								"north": {"uv": [0, 0], "uv_size": [0, 0]},
								"east": {"uv": [112, 65], "uv_size": [4, 4]},
								"south": {"uv": [124, 65], "uv_size": [4, 4]},
								"west": {"uv": [0, 0], "uv_size": [0, 0]},
								"up": {"uv": [0, 0], "uv_size": [0, 0]},
								"down": {"uv": [0, 0], "uv_size": [0, 0]}
							}
						},
						{
							"origin": [-0.10151, 28.29201, 3.37246],
							"size": [4, 4, 4],
							"inflate": -0.1,
							"uv": {
								"north": {"uv": [0, 0], "uv_size": [0, 0]},
								"east": {"uv": [112, 93], "uv_size": [4, 4]},
								"south": {"uv": [124, 93], "uv_size": [4, 4]},
								"west": {"uv": [0, 0], "uv_size": [0, 0]},
								"up": {"uv": [0, 0], "uv_size": [0, 0]},
								"down": {"uv": [0, 0], "uv_size": [0, 0]}
							}
						}
					]
				},
				{
					"name": "bone20",
					"parent": "hair2",
					"pivot": [1.61268, 30.73682, 6.55895],
					"rotation": [70.44483, 29.25456, 49.71325],
					"cubes": [
						{
							"origin": [-0.4866, 27.04112, 4.81537],
							"size": [4, 4, 4],
							"uv": {
								"north": {"uv": [0, 0], "uv_size": [0, 0]},
								"east": {"uv": [112, 74], "uv_size": [4, 4]},
								"south": {"uv": [124, 74], "uv_size": [4, 4]},
								"west": {"uv": [0, 0], "uv_size": [0, 0]},
								"up": {"uv": [0, 0], "uv_size": [0, 0]},
								"down": {"uv": [0, 0], "uv_size": [0, 0]}
							}
						},
						{
							"origin": [-0.4866, 27.04112, 4.81537],
							"size": [4, 4, 4],
							"inflate": -0.1,
							"uv": {
								"north": {"uv": [0, 0], "uv_size": [0, 0]},
								"east": {"uv": [112, 93], "uv_size": [4, 4]},
								"south": {"uv": [124, 93], "uv_size": [4, 4]},
								"west": {"uv": [0, 0], "uv_size": [0, 0]},
								"up": {"uv": [0, 0], "uv_size": [0, 0]},
								"down": {"uv": [0, 0], "uv_size": [0, 0]}
							}
						}
					]
				},
				{
					"name": "bone21",
					"parent": "hair2",
					"pivot": [1.61268, 29.73682, 6.55895],
					"rotation": [42.39118, 54.39922, 34.31685],
					"cubes": [
						{
							"origin": [-1.14902, 26.38668, 5.17885],
							"size": [4, 4, 4],
							"uv": {
								"north": {"uv": [0, 0], "uv_size": [0, 0]},
								"east": {"uv": [112, 74], "uv_size": [4, 4]},
								"south": {"uv": [124, 74], "uv_size": [4, 4]},
								"west": {"uv": [0, 0], "uv_size": [0, 0]},
								"up": {"uv": [0, 0], "uv_size": [0, 0]},
								"down": {"uv": [0, 0], "uv_size": [0, 0]}
							}
						},
						{
							"origin": [-1.14902, 26.38668, 5.17885],
							"size": [4, 4, 4],
							"inflate": -0.1,
							"uv": {
								"north": {"uv": [0, 0], "uv_size": [0, 0]},
								"east": {"uv": [112, 93], "uv_size": [4, 4]},
								"south": {"uv": [124, 93], "uv_size": [4, 4]},
								"west": {"uv": [0, 0], "uv_size": [0, 0]},
								"up": {"uv": [0, 0], "uv_size": [0, 0]},
								"down": {"uv": [0, 0], "uv_size": [0, 0]}
							}
						}
					]
				},
				{
					"name": "tail",
					"pivot": [0, 15, 2]
				},
				{
					"name": "tail3",
					"parent": "tail",
					"pivot": [0, 18, 1],
					"rotation": [25, 0, 0],
					"cubes": [
						{
							"origin": [-1.5, 8, -1],
							"size": [3, 7, 4],
							"inflate": -0.5,
							"uv": {
								"north": {"uv": [91, 22], "uv_size": [3, 7]},
								"east": {"uv": [87, 22], "uv_size": [4, 7]},
								"south": {"uv": [98, 22], "uv_size": [3, 7]},
								"west": {"uv": [94, 22], "uv_size": [4, 7]},
								"up": {"uv": [91, 18], "uv_size": [3, 4]},
								"down": {"uv": [0, 0], "uv_size": [0, 0]}
							}
						}
					]
				},
				{
					"name": "tail_down",
					"parent": "tail",
					"pivot": [0, 10, 7],
					"rotation": [9.66, 0, 0],
					"cubes": [
						{
							"origin": [-1.5, 3.62865, 2.88723],
							"size": [3, 7, 4],
							"inflate": -0.5,
							"uv": {
								"north": {"uv": [107, 22], "uv_size": [3, 7]},
								"east": {"uv": [103, 22], "uv_size": [4, 7]},
								"south": {"uv": [114, 22], "uv_size": [3, 7]},
								"west": {"uv": [110, 22], "uv_size": [4, 7]},
								"up": {"uv": [0, 0], "uv_size": [0, 0]},
								"down": {"uv": [0, 0], "uv_size": [0, 0]}
							}
						},
						{
							"origin": [-1, 3.3641, 3.92286],
							"size": [2, 7, 2],
							"inflate": -0.5,
							"uv": {
								"north": {"uv": [121, 22], "uv_size": [2, 7]},
								"east": {"uv": [119, 22], "uv_size": [2, 7]},
								"south": {"uv": [125, 22], "uv_size": [2, 7]},
								"west": {"uv": [123, 22], "uv_size": [2, 7]},
								"up": {"uv": [0, 0], "uv_size": [0, 0]},
								"down": {"uv": [0, 0], "uv_size": [0, 0]}
							}
						}
					]
				},
				{
					"name": "body",
					"pivot": [0, 24, 0],
					"cubes": [
						{"origin": [-2.5, 22, -2.5], "size": [5, 4, 5], "inflate": -1.3, "uv": [97, 0]},
						{"origin": [-3.5, 11.75, -1.5], "size": [7, 12, 3], "inflate": -0.251, "uv": [77, 0]}
					]
				},
				{
					"name": "hide_parts",
					"parent": "body",
					"pivot": [-0.75, 0, 0.5],
					"cubes": [
						{
							"origin": [-4, 14, -2],
							"size": [8, 10, 4],
							"inflate": -0.49,
							"uv": {
								"north": {"uv": [4, 21], "uv_size": [8, 10]},
								"east": {"uv": [0, 21], "uv_size": [4, 10]},
								"south": {"uv": [16, 21], "uv_size": [8, 10]},
								"west": {"uv": [12, 21], "uv_size": [4, 10]},
								"up": {"uv": [4, 17], "uv_size": [8, 4]},
								"down": {"uv": [0, 0], "uv_size": [0, 0]}
							}
						}
					]
				},
				{
					"name": "bone11",
					"parent": "hide_parts",
					"pivot": [-0.75, 0, 0.5],
					"cubes": [
						{
							"origin": [-4, 21.1, -2],
							"size": [8, 2, 4],
							"inflate": -0.48,
							"uv": {
								"north": {"uv": [4, 61], "uv_size": [8, 2]},
								"east": {"uv": [0, 61], "uv_size": [4, 2]},
								"south": {"uv": [16, 61], "uv_size": [8, 2]},
								"west": {"uv": [12, 61], "uv_size": [4, 2]},
								"up": {"uv": [0, 0], "uv_size": [0, 0]},
								"down": {"uv": [0, 0], "uv_size": [0, 0]}
							}
						},
						{
							"origin": [-4, 17, -2],
							"size": [8, 2, 4],
							"inflate": -0.48,
							"uv": {
								"north": {"uv": [4, 61], "uv_size": [8, 2]},
								"east": {"uv": [0, 61], "uv_size": [4, 2]},
								"south": {"uv": [16, 61], "uv_size": [8, 2]},
								"west": {"uv": [12, 61], "uv_size": [4, 2]},
								"up": {"uv": [0, 0], "uv_size": [0, 0]},
								"down": {"uv": [0, 0], "uv_size": [0, 0]}
							}
						},
						{
							"origin": [-4, 19.35, -2.35],
							"size": [8, 2, 4.35],
							"inflate": -0.48,
							"uv": {
								"north": {"uv": [4, 61], "uv_size": [8, 2]},
								"east": {"uv": [0, 61], "uv_size": [4, 2]},
								"south": {"uv": [16, 61], "uv_size": [8, 2]},
								"west": {"uv": [12, 61], "uv_size": [4, 2]},
								"up": {"uv": [0, 0], "uv_size": [0, 0]},
								"down": {"uv": [0, 0], "uv_size": [0, 0]}
							}
						}
					]
				},
				{
					"name": "bone14",
					"parent": "hide_parts",
					"pivot": [0.54501, 18.99959, -2.45871],
					"rotation": [7.5, -15, 10],
					"cubes": [
						{
							"origin": [0.56691, 17.8031, -3.16655],
							"size": [1, 2, 1],
							"inflate": -0.3,
							"uv": {
								"north": {"uv": [51, 68], "uv_size": [1, 2]},
								"east": {"uv": [0, 0], "uv_size": [0, 0]},
								"south": {"uv": [0, 0], "uv_size": [0, 0]},
								"west": {"uv": [0, 0], "uv_size": [0, 0]},
								"up": {"uv": [0, 0], "uv_size": [0, 0]},
								"down": {"uv": [0, 0], "uv_size": [0, 0]}
							}
						},
						{
							"origin": [-0.6749, 17.44955, -3.16655],
							"size": [1, 3, 1],
							"inflate": -0.3,
							"uv": {
								"north": {"uv": [46, 68], "uv_size": [1, 3]},
								"east": {"uv": [0, 0], "uv_size": [0, 0]},
								"south": {"uv": [0, 0], "uv_size": [0, 0]},
								"west": {"uv": [0, 0], "uv_size": [0, 0]},
								"up": {"uv": [0, 0], "uv_size": [0, 0]},
								"down": {"uv": [0, 0], "uv_size": [0, 0]}
							}
						}
					]
				},
				{
					"name": "bone15",
					"parent": "bone14",
					"pivot": [-0.8461, 19.97492, -2.33751],
					"rotation": [0, 0, 27.5],
					"cubes": [
						{
							"origin": [-0.45397, 19.83209, -3.16655],
							"size": [2, 1, 1],
							"inflate": -0.3,
							"uv": {
								"north": {"uv": [46, 76], "uv_size": [2, 1]},
								"east": {"uv": [0, 0], "uv_size": [0, 0]},
								"south": {"uv": [0, 0], "uv_size": [0, 0]},
								"west": {"uv": [0, 0], "uv_size": [0, 0]},
								"up": {"uv": [0, 0], "uv_size": [0, 0]},
								"down": {"uv": [0, 0], "uv_size": [0, 0]}
							}
						}
					]
				},
				{
					"name": "bone16",
					"parent": "bone14",
					"pivot": [-0.8461, 17.97492, -2.33751],
					"rotation": [0, 0, -26],
					"cubes": [
						{
							"origin": [-0.59075, 16.86384, -3.16655],
							"size": [2, 1, 1],
							"inflate": -0.3,
							"uv": {
								"north": {"uv": [46, 73], "uv_size": [2, 1]},
								"east": {"uv": [0, 0], "uv_size": [0, 0]},
								"south": {"uv": [0, 0], "uv_size": [0, 0]},
								"west": {"uv": [0, 0], "uv_size": [0, 0]},
								"up": {"uv": [0, 0], "uv_size": [0, 0]},
								"down": {"uv": [0, 0], "uv_size": [0, 0]}
							}
						}
					]
				},
				{
					"name": "bone17",
					"parent": "bone14",
					"pivot": [-0.8461, 17.97492, -2.33751],
					"rotation": [0, 0, -26],
					"cubes": [
						{
							"origin": [-0.82139, 16.8658, -3.16655],
							"size": [2, 1, 1],
							"inflate": -0.3,
							"uv": {
								"north": {"uv": [46, 73], "uv_size": [2, 1]},
								"east": {"uv": [0, 0], "uv_size": [0, 0]},
								"south": {"uv": [0, 0], "uv_size": [0, 0]},
								"west": {"uv": [0, 0], "uv_size": [0, 0]},
								"up": {"uv": [0, 0], "uv_size": [0, 0]},
								"down": {"uv": [0, 0], "uv_size": [0, 0]}
							}
						}
					]
				},
				{
					"name": "shirt2",
					"parent": "hide_parts",
					"pivot": [0, 22.5, -1.5],
					"rotation": [-31, 0, 0],
					"cubes": [
						{
							"origin": [-3.75, 19.83572, -1.8015],
							"size": [4, 3, 2],
							"inflate": -0.251,
							"uv": {
								"north": {"uv": [112, 12], "uv_size": [4, 3]},
								"east": {"uv": [110, 12], "uv_size": [2, 3]},
								"south": {"uv": [0, 0], "uv_size": [0, 0]},
								"west": {"uv": [0, 0], "uv_size": [0, 0]},
								"up": {"uv": [0, 0], "uv_size": [0, 0]},
								"down": {"uv": [116, 12], "uv_size": [4, -2]}
							}
						},
						{
							"origin": [-0.25, 19.83572, -1.8015],
							"size": [4, 3, 2],
							"inflate": -0.251,
							"uv": {
								"north": {"uv": [103, 12], "uv_size": [-4, 3]},
								"east": {"uv": [105, 12], "uv_size": [-2, 3]},
								"south": {"uv": [0, 0], "uv_size": [0, 0]},
								"west": {"uv": [99, 12], "uv_size": [-2, 3]},
								"up": {"uv": [0, 0], "uv_size": [0, 0]},
								"down": {"uv": [107, 12], "uv_size": [-4, -2]}
							}
						},
						{
							"origin": [-3.76, 21.83572, -1.85],
							"size": [7.52, 1, 2],
							"inflate": -0.251,
							"uv": {
								"north": {"uv": [70, 18], "uv_size": [7, 1]},
								"east": {"uv": [68, 18], "uv_size": [2, 1]},
								"south": {"uv": [0, 0], "uv_size": [0, 0]},
								"west": {"uv": [77, 18], "uv_size": [2, 1]},
								"up": {"uv": [0, 0], "uv_size": [0, 0]},
								"down": {"uv": [0, 0], "uv_size": [0, 0]}
							}
						},
						{
							"origin": [-3.75, 19.83572, -1.2],
							"size": [7.5, 2, 1],
							"inflate": -0.25,
							"uv": {
								"north": {"uv": [0, 0], "uv_size": [0, 0]},
								"east": {"uv": [9, 65], "uv_size": [-1, 2]},
								"south": {"uv": [0, 0], "uv_size": [0, 0]},
								"west": {"uv": [1, 65], "uv_size": [-1, 2]},
								"up": {"uv": [0, 0], "uv_size": [0, 0]},
								"down": {"uv": [15, 65], "uv_size": [-7, -1]}
							}
						},
						{
							"origin": [-4, 16.83572, -1],
							"size": [8, 10, 2],
							"inflate": -2.8,
							"uv": {
								"north": {"uv": [0, 0], "uv_size": [0, 0]},
								"east": {"uv": [0, 0], "uv_size": [0, 0]},
								"south": {"uv": [79, 36], "uv_size": [8, 10]},
								"west": {"uv": [0, 0], "uv_size": [0, 0]},
								"up": {"uv": [0, 0], "uv_size": [0, 0]},
								"down": {"uv": [0, 0], "uv_size": [0, 0]}
							}
						}
					]
				},
				{
					"name": "shorts",
					"parent": "hide_parts",
					"pivot": [0, 0, 0],
					"cubes": [
						{
							"origin": [-3.5, 11.5, -1.5],
							"size": [7, 3, 3],
							"uv": {
								"north": {"uv": [3, 73], "uv_size": [7, 3]},
								"east": {"uv": [0, 73], "uv_size": [3, 3]},
								"south": {"uv": [13, 73], "uv_size": [7, 3]},
								"west": {"uv": [10, 73], "uv_size": [3, 3]},
								"up": {"uv": [0, 0], "uv_size": [0, 0]},
								"down": {"uv": [0, 0], "uv_size": [0, 0]}
							}
						}
					]
				},
				{
					"name": "belt",
					"parent": "shorts",
					"pivot": [0, 0, 0]
				},
				{
					"name": "bone12",
					"parent": "belt",
					"pivot": [-4, 12, 0],
					"rotation": [0, 0, -55],
					"cubes": [
						{
							"origin": [-6.5, 11.2, -1.75],
							"size": [5, 1, 3.5],
							"inflate": -0.1,
							"uv": {
								"north": {"uv": [24, 73], "uv_size": [5, 1]},
								"east": {"uv": [21, 73], "uv_size": [3, 1]},
								"south": {"uv": [32, 73], "uv_size": [5, 1]},
								"west": {"uv": [0, 0], "uv_size": [0, 0]},
								"up": {"uv": [0, 0], "uv_size": [0, 0]},
								"down": {"uv": [0, 0], "uv_size": [0, 0]}
							}
						}
					]
				},
				{
					"name": "belt3",
					"parent": "belt",
					"pivot": [0, 1, 0],
					"cubes": [
						{
							"origin": [-5, 11.5, -3],
							"size": [10, 4, 6],
							"inflate": -1.4,
							"uv": {
								"north": {"uv": [6, 82], "uv_size": [10, 4]},
								"east": {"uv": [0, 0], "uv_size": [0, 0]},
								"south": {"uv": [22, 82], "uv_size": [10, 4]},
								"west": {"uv": [16, 82], "uv_size": [6, 4]},
								"up": {"uv": [0, 0], "uv_size": [0, 0]},
								"down": {"uv": [0, 0], "uv_size": [0, 0]}
							}
						},
						{
							"origin": [-2, 13, -1.92],
							"size": [1, 1, 1],
							"inflate": -0.3,
							"uv": {
								"north": {"uv": [37, 46], "uv_size": [1, 1]},
								"east": {"uv": [0, 0], "uv_size": [0, 0]},
								"south": {"uv": [0, 0], "uv_size": [0, 0]},
								"west": {"uv": [0, 0], "uv_size": [0, 0]},
								"up": {"uv": [0, 0], "uv_size": [0, 0]},
								"down": {"uv": [0, 0], "uv_size": [0, 0]}
							}
						}
					]
				},
				{
					"name": "bone13",
					"parent": "belt",
					"pivot": [-1.5, 13.5, -2.5],
					"rotation": [0, -20, 0],
					"cubes": [
						{
							"origin": [-4, 11, -0.8],
							"size": [5, 5, 1],
							"inflate": -1.9,
							"uv": {
								"north": {"uv": [0, 0], "uv_size": [0, 0]},
								"east": {"uv": [0, 0], "uv_size": [0, 0]},
								"south": {"uv": [35, 59], "uv_size": [5, 5]},
								"west": {"uv": [0, 0], "uv_size": [0, 0]},
								"up": {"uv": [0, 0], "uv_size": [0, 0]},
								"down": {"uv": [0, 0], "uv_size": [0, 0]}
							}
						}
					]
				},
				{
					"name": "belt2",
					"parent": "belt",
					"pivot": [1, 13.5, -2.5],
					"rotation": [0, 20, 0],
					"cubes": [
						{
							"origin": [-2, 11.5, -3.35],
							"size": [6, 4, 3],
							"inflate": -1.4,
							"uv": {
								"north": {"uv": [3, 89], "uv_size": [6, 4]},
								"east": {"uv": [0, 0], "uv_size": [0, 0]},
								"south": {"uv": [0, 0], "uv_size": [0, 0]},
								"west": {"uv": [0, 0], "uv_size": [0, 0]},
								"up": {"uv": [0, 0], "uv_size": [0, 0]},
								"down": {"uv": [0, 0], "uv_size": [0, 0]}
							}
						},
						{
							"origin": [1, 13, -2.3],
							"size": [1, 1, 1],
							"inflate": -0.3,
							"uv": {
								"north": {"uv": [37, 46], "uv_size": [1, 1]},
								"east": {"uv": [0, 0], "uv_size": [0, 0]},
								"south": {"uv": [0, 0], "uv_size": [0, 0]},
								"west": {"uv": [0, 0], "uv_size": [0, 0]},
								"up": {"uv": [0, 0], "uv_size": [0, 0]},
								"down": {"uv": [0, 0], "uv_size": [0, 0]}
							}
						},
						{
							"origin": [0, 13, -2.3],
							"size": [1, 1, 1],
							"inflate": -0.3,
							"uv": {
								"north": {"uv": [37, 46], "uv_size": [1, 1]},
								"east": {"uv": [0, 0], "uv_size": [0, 0]},
								"south": {"uv": [0, 0], "uv_size": [0, 0]},
								"west": {"uv": [0, 0], "uv_size": [0, 0]},
								"up": {"uv": [0, 0], "uv_size": [0, 0]},
								"down": {"uv": [0, 0], "uv_size": [0, 0]}
							}
						}
					]
				},
				{
					"name": "deco_head18",
					"parent": "hide_parts",
					"pivot": [2, 15.5, -2.2],
					"rotation": [0, 0, 17.5],
					"cubes": [
						{"origin": [1.5, 15.25, -2.5], "size": [1, 1, 1], "uv": [16, 101]}
					]
				},
				{
					"name": "deco_head19",
					"parent": "deco_head18",
					"pivot": [2, 16, -2.2],
					"cubes": [
						{"origin": [2.25, 15, -2.2], "size": [2, 1, 1], "inflate": 0.001, "uv": [15, 105], "mirror": true}
					]
				},
				{
					"name": "deco_head20",
					"parent": "deco_head19",
					"pivot": [4.25, 16, -2.2],
					"rotation": [0, 0, -22.5],
					"cubes": [
						{"origin": [2.25, 16, -2.2], "size": [2, 1, 1], "uv": [15, 105], "mirror": true}
					]
				},
				{
					"name": "deco_head21",
					"parent": "deco_head18",
					"pivot": [2, 16, -2.2],
					"cubes": [
						{"origin": [-0.25, 15, -2.2], "size": [2, 1, 1], "inflate": 0.001, "uv": [15, 105]}
					]
				},
				{
					"name": "deco_head22",
					"parent": "deco_head21",
					"pivot": [-0.25, 16, -2.2],
					"rotation": [0, 0, 22.5],
					"cubes": [
						{"origin": [-0.25, 16, -2.2], "size": [2, 1, 1], "uv": [15, 105]}
					]
				},
				{
					"name": "right_leg",
					"pivot": [-1.75, 12, 0],
					"cubes": [
						{"origin": [-3.25, 7, -1.5], "size": [3, 5, 3], "inflate": -0.01, "uv": [116, 120], "mirror": true},
						{
							"origin": [-3.5, 11, -1.5],
							"size": [3.4, 1, 3],
							"inflate": 0.05,
							"uv": {
								"north": {"uv": [70, 55], "uv_size": [-3, 1]},
								"east": {"uv": [73, 55], "uv_size": [-3, 1]},
								"south": {"uv": [76, 55], "uv_size": [-3, 1]},
								"west": {"uv": [67, 55], "uv_size": [-3, 1]},
								"up": {"uv": [0, 0], "uv_size": [0, 0]},
								"down": {"uv": [0, 0], "uv_size": [0, 0]}
							}
						}
					]
				},
				{
					"name": "right_leg_down",
					"parent": "right_leg",
					"pivot": [-1.75, 7, -1.5],
					"cubes": [
						{"origin": [-3.25, 1.01, -1.5], "size": [3, 6, 3], "inflate": -0.01, "uv": [102, 119], "mirror": true}
					]
				},
				{
					"name": "right_foot",
					"parent": "right_leg_down",
					"pivot": [-1.75, 7, -1.5],
					"cubes": [
						{
							"origin": [-3.75, 4.25, -2],
							"size": [4, 3, 4],
							"inflate": -0.45,
							"uv": {
								"north": {"uv": [84, 53], "uv_size": [-4, 3]},
								"east": {"uv": [88, 53], "uv_size": [-4, 3]},
								"south": {"uv": [92, 53], "uv_size": [-4, 3]},
								"west": {"uv": [80, 53], "uv_size": [-4, 3]},
								"up": {"uv": [0, 0], "uv_size": [0, 0]},
								"down": {"uv": [0, 0], "uv_size": [0, 0]}
							}
						},
						{
							"origin": [-2.75, 0, -4.36603],
							"size": [2, 2, 1],
							"inflate": 0.001,
							"uv": {
								"north": {"uv": [81, 121], "uv_size": [-2, 2]},
								"east": {"uv": [0, 0], "uv_size": [0, 0]},
								"south": {"uv": [0, 0], "uv_size": [0, 0]},
								"west": {"uv": [0, 0], "uv_size": [0, 0]},
								"up": {"uv": [81, 120], "uv_size": [-2, 1]},
								"down": {"uv": [83, 121], "uv_size": [-2, -1]}
							}
						},
						{
							"origin": [-3.25, 0, 0.5],
							"size": [3, 1, 1],
							"uv": {
								"north": {"uv": [89, 120], "uv_size": [-3, 1]},
								"east": {"uv": [90, 120], "uv_size": [-1, 1]},
								"south": {"uv": [93, 120], "uv_size": [-3, 1]},
								"west": {"uv": [86, 120], "uv_size": [-1, 1]},
								"up": {"uv": [0, 0], "uv_size": [0, 0]},
								"down": {"uv": [92, 120], "uv_size": [-3, -1]}
							}
						},
						{
							"origin": [-3.25, 0, -3.5],
							"size": [3, 1, 3],
							"inflate": 0.01,
							"uv": {
								"north": {"uv": [81, 127], "uv_size": [-3, 1]},
								"east": {"uv": [84, 127], "uv_size": [-3, 1]},
								"south": {"uv": [87, 127], "uv_size": [-3, 1]},
								"west": {"uv": [78, 127], "uv_size": [-3, 1]},
								"up": {"uv": [0, 0], "uv_size": [0, 0]},
								"down": {"uv": [84, 127], "uv_size": [-3, -3]}
							}
						},
						{
							"origin": [-3.25, 1, -3.5],
							"size": [3, 1, 5],
							"inflate": 0.01,
							"uv": {
								"north": {"uv": [0, 0], "uv_size": [0, 0]},
								"east": {"uv": [77, 110], "uv_size": [-5, 1]},
								"south": {"uv": [80, 110], "uv_size": [-3, 1]},
								"west": {"uv": [69, 110], "uv_size": [-5, 1]},
								"up": {"uv": [0, 0], "uv_size": [0, 0]},
								"down": {"uv": [75, 110], "uv_size": [-3, -5]}
							}
						},
						{
							"origin": [-3.25, 2, -1.5],
							"size": [3, 3, 3],
							"inflate": 0.02,
							"uv": {
								"north": {"uv": [70, 119], "uv_size": [-3, 3]},
								"east": {"uv": [73, 119], "uv_size": [-3, 3]},
								"south": {"uv": [76, 119], "uv_size": [-3, 3]},
								"west": {"uv": [67, 119], "uv_size": [-3, 3]},
								"up": {"uv": [0, 0], "uv_size": [0, 0]},
								"down": {"uv": [0, 0], "uv_size": [0, 0]}
							}
						}
					]
				},
				{
					"name": "shoes4",
					"parent": "right_foot",
					"pivot": [-3.25, 0, -3.5],
					"rotation": [0, -30, 0],
					"cubes": [
						{
							"origin": [-3.25, 0, -4.5],
							"size": [1, 2, 1],
							"uv": {
								"north": {"uv": [0, 0], "uv_size": [0, 0]},
								"east": {"uv": [85, 124], "uv_size": [1, 2]},
								"south": {"uv": [0, 0], "uv_size": [0, 0]},
								"west": {"uv": [0, 0], "uv_size": [0, 0]},
								"up": {"uv": [86, 123], "uv_size": [1, 1]},
								"down": {"uv": [87, 124], "uv_size": [1, -1]}
							}
						}
					]
				},
				{
					"name": "shoes5",
					"parent": "right_foot",
					"pivot": [-0.25, 0, -3.5],
					"rotation": [0, 30, 0],
					"cubes": [
						{
							"origin": [-1.25, 0, -4.5],
							"size": [1, 2, 1],
							"uv": {
								"north": {"uv": [0, 0], "uv_size": [0, 0]},
								"east": {"uv": [0, 0], "uv_size": [0, 0]},
								"south": {"uv": [0, 0], "uv_size": [0, 0]},
								"west": {"uv": [86, 124], "uv_size": [-1, 2]},
								"up": {"uv": [87, 123], "uv_size": [-1, 1]},
								"down": {"uv": [88, 124], "uv_size": [-1, -1]}
							}
						}
					]
				},
				{
					"name": "shoes6",
					"parent": "right_foot",
					"pivot": [-1.75, 2, -3.5],
					"rotation": [27.5, 0, 0],
					"cubes": [
						{
							"origin": [-3.25, 1, -3.5],
							"size": [3, 1, 4],
							"inflate": 0.03,
							"uv": {
								"north": {"uv": [88, 107], "uv_size": [-3, 1]},
								"east": {"uv": [92, 107], "uv_size": [-4, 1]},
								"south": {"uv": [0, 0], "uv_size": [0, 0]},
								"west": {"uv": [85, 107], "uv_size": [-4, 1]},
								"up": {"uv": [88, 103], "uv_size": [-3, 4]},
								"down": {"uv": [0, 0], "uv_size": [0, 0]}
							}
						}
					]
				},
				{
					"name": "left_leg",
					"pivot": [1.75, 12, 0],
					"cubes": [
						{
							"origin": [0.1, 11, -1.5],
							"size": [3.4, 1, 3],
							"inflate": 0.05,
							"uv": {
								"north": {"uv": [67, 55], "uv_size": [3, 1]},
								"east": {"uv": [64, 55], "uv_size": [3, 1]},
								"south": {"uv": [73, 55], "uv_size": [3, 1]},
								"west": {"uv": [70, 55], "uv_size": [3, 1]},
								"up": {"uv": [0, 0], "uv_size": [0, 0]},
								"down": {"uv": [0, 0], "uv_size": [0, 0]}
							}
						},
						{"origin": [0.25, 7, -1.5], "size": [3, 5, 3], "inflate": -0.01, "uv": [116, 120]}
					]
				},
				{
					"name": "left_leg_down",
					"parent": "left_leg",
					"pivot": [1.75, 7, -1.5],
					"cubes": [
						{"origin": [0.25, 1.01, -1.5], "size": [3, 6, 3], "inflate": -0.01, "uv": [102, 119]}
					]
				},
				{
					"name": "left_foot",
					"parent": "left_leg_down",
					"pivot": [1.75, 7, -1.5],
					"cubes": [
						{
							"origin": [-0.25, 4.25, -2],
							"size": [4, 3, 4],
							"inflate": -0.45,
							"uv": {
								"north": {"uv": [80, 53], "uv_size": [4, 3]},
								"east": {"uv": [76, 53], "uv_size": [4, 3]},
								"south": {"uv": [88, 53], "uv_size": [4, 3]},
								"west": {"uv": [84, 53], "uv_size": [4, 3]},
								"up": {"uv": [0, 0], "uv_size": [0, 0]},
								"down": {"uv": [0, 0], "uv_size": [0, 0]}
							}
						},
						{
							"origin": [0.75, 0, -4.36603],
							"size": [2, 2, 1],
							"inflate": 0.001,
							"uv": {
								"north": {"uv": [79, 121], "uv_size": [2, 2]},
								"east": {"uv": [0, 0], "uv_size": [0, 0]},
								"south": {"uv": [0, 0], "uv_size": [0, 0]},
								"west": {"uv": [0, 0], "uv_size": [0, 0]},
								"up": {"uv": [79, 120], "uv_size": [2, 1]},
								"down": {"uv": [81, 121], "uv_size": [2, -1]}
							}
						},
						{
							"origin": [0.25, 0, 0.5],
							"size": [3, 1, 1],
							"uv": {
								"north": {"uv": [86, 120], "uv_size": [3, 1]},
								"east": {"uv": [85, 120], "uv_size": [1, 1]},
								"south": {"uv": [90, 120], "uv_size": [3, 1]},
								"west": {"uv": [89, 120], "uv_size": [1, 1]},
								"up": {"uv": [0, 0], "uv_size": [0, 0]},
								"down": {"uv": [89, 120], "uv_size": [3, -1]}
							}
						},
						{
							"origin": [0.25, 0, -3.5],
							"size": [3, 1, 3],
							"inflate": 0.01,
							"uv": {
								"north": {"uv": [78, 127], "uv_size": [3, 1]},
								"east": {"uv": [75, 127], "uv_size": [3, 1]},
								"south": {"uv": [84, 127], "uv_size": [3, 1]},
								"west": {"uv": [81, 127], "uv_size": [3, 1]},
								"up": {"uv": [0, 0], "uv_size": [0, 0]},
								"down": {"uv": [81, 127], "uv_size": [3, -3]}
							}
						},
						{
							"origin": [0.25, 1, -3.5],
							"size": [3, 1, 5],
							"inflate": 0.01,
							"uv": {
								"north": {"uv": [0, 0], "uv_size": [0, 0]},
								"east": {"uv": [64, 110], "uv_size": [5, 1]},
								"south": {"uv": [77, 110], "uv_size": [3, 1]},
								"west": {"uv": [72, 110], "uv_size": [5, 1]},
								"up": {"uv": [0, 0], "uv_size": [0, 0]},
								"down": {"uv": [72, 110], "uv_size": [3, -5]}
							}
						},
						{
							"origin": [0.25, 2, -1.5],
							"size": [3, 3, 3],
							"inflate": 0.02,
							"uv": {
								"north": {"uv": [67, 119], "uv_size": [3, 3]},
								"east": {"uv": [64, 119], "uv_size": [3, 3]},
								"south": {"uv": [73, 119], "uv_size": [3, 3]},
								"west": {"uv": [70, 119], "uv_size": [3, 3]},
								"up": {"uv": [0, 0], "uv_size": [0, 0]},
								"down": {"uv": [0, 0], "uv_size": [0, 0]}
							}
						}
					]
				},
				{
					"name": "shoes2",
					"parent": "left_foot",
					"pivot": [3.25, 0, -3.5],
					"rotation": [0, 30, 0],
					"cubes": [
						{
							"origin": [2.25, 0, -4.5],
							"size": [1, 2, 1],
							"uv": {
								"north": {"uv": [0, 0], "uv_size": [0, 0]},
								"east": {"uv": [0, 0], "uv_size": [0, 0]},
								"south": {"uv": [0, 0], "uv_size": [0, 0]},
								"west": {"uv": [86, 124], "uv_size": [-1, 2]},
								"up": {"uv": [87, 123], "uv_size": [-1, 1]},
								"down": {"uv": [88, 124], "uv_size": [-1, -1]}
							}
						}
					]
				},
				{
					"name": "shoes3",
					"parent": "left_foot",
					"pivot": [0.25, 0, -3.5],
					"rotation": [0, -30, 0],
					"cubes": [
						{
							"origin": [0.25, 0, -4.5],
							"size": [1, 2, 1],
							"uv": {
								"north": {"uv": [0, 0], "uv_size": [0, 0]},
								"east": {"uv": [85, 124], "uv_size": [1, 2]},
								"south": {"uv": [0, 0], "uv_size": [0, 0]},
								"west": {"uv": [0, 0], "uv_size": [0, 0]},
								"up": {"uv": [86, 123], "uv_size": [1, 1]},
								"down": {"uv": [87, 124], "uv_size": [1, -1]}
							}
						}
					]
				},
				{
					"name": "shoes7",
					"parent": "left_foot",
					"pivot": [1.75, 2, -3.5],
					"rotation": [27.5, 0, 0],
					"cubes": [
						{
							"origin": [0.25, 1, -3.5],
							"size": [3, 1, 4],
							"inflate": 0.03,
							"uv": {
								"north": {"uv": [85, 107], "uv_size": [3, 1]},
								"east": {"uv": [81, 107], "uv_size": [4, 1]},
								"south": {"uv": [0, 0], "uv_size": [0, 0]},
								"west": {"uv": [88, 107], "uv_size": [4, 1]},
								"up": {"uv": [85, 103], "uv_size": [3, 4]},
								"down": {"uv": [0, 0], "uv_size": [0, 0]}
							}
						}
					]
				}
			]
		}
	]
}