{
	"format_version": "1.12.0",
	"minecraft:geometry": [
		{
			"description": {
				"identifier": "geometry.model",
				"texture_width": 128,
				"texture_height": 128,
				"visible_bounds_width": 3,
				"visible_bounds_height": 3.5,
				"visible_bounds_offset": [0, 1.25, 0]
			},
			"bones": [
				{
					"name": "hat",
					"pivot": [0, 24, 0]
				},
				{
					"name": "head",
					"pivot": [0, 24, 0],
					"cubes": [
						{
							"origin": [-4, 24, -4],
							"size": [8, 8, 8],
							"uv": {
								"north": {"uv": [8, 24], "uv_size": [8, 8]},
								"east": {"uv": [24, 24], "uv_size": [-8, 8]},
								"south": {"uv": [24, 24], "uv_size": [8, 8]},
								"west": {"uv": [16, 24], "uv_size": [8, 8]},
								"up": {"uv": [8, 16], "uv_size": [8, 8]},
								"down": {"uv": [16, 24], "uv_size": [8, -8]}
							}
						},
						{
							"origin": [-4, 24, -4],
							"size": [8, 8, 8],
							"inflate": 0.25,
							"uv": {
								"north": {"uv": [108, 0], "uv_size": [-8, 8]},
								"east": {"uv": [108, 8], "uv_size": [-8, 8]},
								"south": {"uv": [108, 8], "uv_size": [8, 8]},
								"west": {"uv": [100, 8], "uv_size": [8, 8]},
								"up": {"uv": [108, 0], "uv_size": [8, 8]},
								"down": {"uv": [0, 0], "uv_size": [0, 0]}
							}
						},
						{
							"origin": [-4, 24, -4],
							"size": [8, 8, 8],
							"inflate": 0.5,
							"uv": {
								"north": {"uv": [108, 21], "uv_size": [-8, 8]},
								"east": {"uv": [108, 29], "uv_size": [-8, 8]},
								"south": {"uv": [108, 29], "uv_size": [8, 8]},
								"west": {"uv": [100, 29], "uv_size": [8, 8]},
								"up": {"uv": [108, 21], "uv_size": [8, 8]},
								"down": {"uv": [0, 0], "uv_size": [0, 0]}
							}
						},
						{
							"origin": [-4, 15.5, -4],
							"size": [8, 8, 1.625],
							"inflate": 0.25,
							"uv": {
								"north": {"uv": [0, 0], "uv_size": [0, 0]},
								"east": {"uv": [100, 0], "uv_size": [-2, 8]},
								"south": {"uv": [0, 0], "uv_size": [0, 0]},
								"west": {"uv": [98, 0], "uv_size": [2, 8]},
								"up": {"uv": [0, 0], "uv_size": [0, 0]},
								"down": {"uv": [0, 0], "uv_size": [0, 0]}
							}
						}
					]
				},
				{
					"name": "Grear",
					"parent": "head",
					"pivot": [0, 23.75, 0]
				},
				{
					"name": "bone5",
					"parent": "Grear",
					"pivot": [-4.025, 26.85, -1.05],
					"cubes": [
						{
							"origin": [-4.025, 23.82503, -3.09199],
							"size": [0.2, 3.75, 1],
							"pivot": [-3.925, 25.57503, -2.49199],
							"rotation": [-40, 0, 0],
							"uv": {
								"north": {"uv": [97, 1], "uv_size": [1, 7]},
								"east": {"uv": [97, 1], "uv_size": [1, 7]},
								"south": {"uv": [97, 1], "uv_size": [1, 7]},
								"west": {"uv": [97, 1], "uv_size": [1, 7]},
								"up": {"uv": [98, 0], "uv_size": [-1, 1]},
								"down": {"uv": [98, 0], "uv_size": [-1, 1]}
							}
						}
					]
				},
				{
					"name": "bone6",
					"parent": "bone5",
					"pivot": [-3.925, 24.22853, -3.75238],
					"cubes": [
						{
							"origin": [-4.025, 23.50801, -4.05641],
							"size": [0.2, 0.9, 0.475],
							"pivot": [-3.925, 23.95801, -3.81891],
							"rotation": [-60, 0, 0],
							"uv": {
								"north": {"uv": [0, 0], "uv_size": [0, 0]},
								"east": {"uv": [97, 4], "uv_size": [-1, 1]},
								"south": {"uv": [96, 1], "uv_size": [1, 1]},
								"west": {"uv": [96, 1], "uv_size": [1, 1]},
								"up": {"uv": [0, 0], "uv_size": [0, 0]},
								"down": {"uv": [0, 0], "uv_size": [0, 0]}
							}
						},
						{
							"origin": [-4.025, 23.66603, -4.24473],
							"size": [0.2, 0.9, 0.475],
							"pivot": [-3.925, 24.11603, -4.00723],
							"rotation": [-20, 0, 0],
							"uv": {
								"north": {"uv": [96, 0], "uv_size": [1, 1]},
								"east": {"uv": [97, 4], "uv_size": [-1, 1]},
								"south": {"uv": [0, 0], "uv_size": [0, 0]},
								"west": {"uv": [96, 0], "uv_size": [1, 1]},
								"up": {"uv": [0, 0], "uv_size": [0, 0]},
								"down": {"uv": [0, 0], "uv_size": [0, 0]}
							}
						}
					]
				},
				{
					"name": "bone7",
					"parent": "bone6",
					"pivot": [-3.025, 23.84143, -4.07693],
					"cubes": [
						{
							"origin": [-1.475, 23.38992, -4.49762],
							"size": [0.75, 0.5215, 0.5215],
							"inflate": 0.05,
							"pivot": [-3.025, 23.64992, -4.23762],
							"rotation": [5, 0, 0],
							"uv": {
								"north": {"uv": [91, 4], "uv_size": [-1, 1]},
								"east": {"uv": [91, 4], "uv_size": [1, 1]},
								"south": {"uv": [90, 4], "uv_size": [1, 1]},
								"west": {"uv": [91, 4], "uv_size": [1, 1]},
								"up": {"uv": [91, 5], "uv_size": [-1, -1]},
								"down": {"uv": [91, 5], "uv_size": [-1, -1]}
							}
						},
						{
							"origin": [-4.025, 23.51492, -4.37262],
							"size": [3.2, 0.2715, 0.2715],
							"pivot": [-3.025, 23.64992, -4.23762],
							"rotation": [5, 0, 0],
							"uv": {
								"north": {"uv": [89, 4], "uv_size": [2, 1]},
								"east": {"uv": [88, 4], "uv_size": [1, 1]},
								"south": {"uv": [91, 4], "uv_size": [-2, 1]},
								"west": {"uv": [88, 4], "uv_size": [1, 1]},
								"up": {"uv": [89, 5], "uv_size": [2, -1]},
								"down": {"uv": [89, 5], "uv_size": [2, -1]}
							}
						}
					]
				},
				{
					"name": "right_ear",
					"parent": "head",
					"pivot": [-2, 30, -1]
				},
				{
					"name": "ear2",
					"parent": "right_ear",
					"pivot": [-3, 32, -1],
					"rotation": [10, 0, -20],
					"cubes": [
						{
							"origin": [-2.49815, 30.80208, -1.95527],
							"size": [1, 3, 1],
							"uv": {
								"north": {"uv": [25, 20], "uv_size": [1, 3]},
								"east": {"uv": [24, 20], "uv_size": [1, 3]},
								"south": {"uv": [27, 20], "uv_size": [1, 3]},
								"west": {"uv": [26, 20], "uv_size": [1, 3]},
								"up": {"uv": [0, 0], "uv_size": [0, 0]},
								"down": {"uv": [0, 0], "uv_size": [0, 0]}
							}
						}
					]
				},
				{
					"name": "ear3",
					"parent": "ear2",
					"pivot": [-2.68584, 30.86585, -2.43628],
					"rotation": [13.5773, 1.77024, -7.28925],
					"cubes": [
						{
							"origin": [-3.73502, 31.16269, -1.03521],
							"size": [1.95, 3.145, 0.95],
							"pivot": [-1.76002, 34.28269, -0.11021],
							"rotation": [-1.99988, -1.24995, -0.01091],
							"uv": {
								"north": {"uv": [3, 3], "uv_size": [-2, 3]},
								"east": {"uv": [0, 3], "uv_size": [1, 3]},
								"south": {"uv": [6, 3], "uv_size": [-2, 3]},
								"west": {"uv": [3, 3], "uv_size": [1, 3]},
								"up": {"uv": [1, 2], "uv_size": [2, 1]},
								"down": {"uv": [3, 2], "uv_size": [2, 1]}
							}
						},
						{
							"origin": [-3.73259, 29.01872, -1.14463],
							"size": [1.95, 2.145, 0.95],
							"pivot": [-1.78259, 31.16372, -0.19463],
							"rotation": [-14.49988, -1.24995, -0.01091],
							"uv": {
								"north": {"uv": [1, 20], "uv_size": [2, 2]},
								"east": {"uv": [0, 20], "uv_size": [1, 2]},
								"south": {"uv": [4, 22], "uv_size": [2, -2]},
								"west": {"uv": [3, 20], "uv_size": [1, 2]},
								"up": {"uv": [1, 19], "uv_size": [2, 1]},
								"down": {"uv": [3, 19], "uv_size": [2, 1]}
							}
						}
					]
				},
				{
					"name": "ear7",
					"parent": "ear2",
					"pivot": [-1.53584, 34.01585, -3.18628],
					"rotation": [0, 0, -35],
					"cubes": [
						{
							"origin": [-2.62758, 33.81912, -1.95527],
							"size": [1, 3, 1],
							"inflate": 0.001,
							"uv": {
								"north": {"uv": [33, 21], "uv_size": [1, 3]},
								"east": {"uv": [32, 21], "uv_size": [1, 3]},
								"south": {"uv": [35, 21], "uv_size": [1, 3]},
								"west": {"uv": [34, 21], "uv_size": [1, 3]},
								"up": {"uv": [33, 20], "uv_size": [1, 1]},
								"down": {"uv": [0, 0], "uv_size": [0, 0]}
							}
						}
					]
				},
				{
					"name": "ear8",
					"parent": "ear7",
					"pivot": [-2.53584, 37.01585, -3.18628],
					"rotation": [0, 0, 45],
					"cubes": [
						{
							"origin": [-2.46161, 33.81188, -1.95527],
							"size": [1, 3, 1],
							"uv": {
								"north": {"uv": [29, 21], "uv_size": [1, 3]},
								"east": {"uv": [28, 21], "uv_size": [1, 3]},
								"south": {"uv": [31, 21], "uv_size": [1, 3]},
								"west": {"uv": [30, 21], "uv_size": [1, 3]},
								"up": {"uv": [0, 0], "uv_size": [0, 0]},
								"down": {"uv": [0, 0], "uv_size": [0, 0]}
							}
						}
					]
				},
				{
					"name": "ear9",
					"parent": "ear8",
					"pivot": [-2.53584, 34.01585, -3.18628],
					"rotation": [0, 0, -30],
					"cubes": [
						{
							"origin": [-2.57354, 30.80208, -1.95527],
							"size": [1, 3, 1],
							"inflate": -0.001,
							"uv": {
								"north": {"uv": [37, 21], "uv_size": [1, 3]},
								"east": {"uv": [36, 21], "uv_size": [1, 3]},
								"south": {"uv": [39, 21], "uv_size": [1, 3]},
								"west": {"uv": [38, 21], "uv_size": [1, 3]},
								"up": {"uv": [0, 0], "uv_size": [0, 0]},
								"down": {"uv": [0, 0], "uv_size": [0, 0]}
							}
						}
					]
				},
				{
					"name": "left_ear",
					"parent": "head",
					"pivot": [2, 30, -1]
				},
				{
					"name": "ear4",
					"parent": "left_ear",
					"pivot": [3, 32, -1],
					"rotation": [10, 0, 20],
					"cubes": [
						{
							"origin": [1.49815, 30.80208, -1.95527],
							"size": [1, 3, 1],
							"uv": {
								"north": {"uv": [26, 20], "uv_size": [-1, 3]},
								"east": {"uv": [27, 20], "uv_size": [-1, 3]},
								"south": {"uv": [28, 20], "uv_size": [-1, 3]},
								"west": {"uv": [25, 20], "uv_size": [-1, 3]},
								"up": {"uv": [0, 0], "uv_size": [0, 0]},
								"down": {"uv": [0, 0], "uv_size": [0, 0]}
							}
						}
					]
				},
				{
					"name": "ear5",
					"parent": "ear4",
					"pivot": [2.68584, 30.86585, -2.43628],
					"rotation": [13.5773, -1.77024, 7.28925],
					"cubes": [
						{
							"origin": [1.78502, 31.16269, -1.03521],
							"size": [1.95, 3.145, 0.95],
							"pivot": [1.76002, 34.28269, -0.11021],
							"rotation": [-1.99988, 1.24995, 0.01091],
							"uv": {
								"north": {"uv": [1, 3], "uv_size": [2, 3]},
								"east": {"uv": [4, 3], "uv_size": [-1, 3]},
								"south": {"uv": [4, 3], "uv_size": [2, 3]},
								"west": {"uv": [1, 3], "uv_size": [-1, 3]},
								"up": {"uv": [3, 2], "uv_size": [-2, 1]},
								"down": {"uv": [5, 2], "uv_size": [-2, 1]}
							}
						},
						{
							"origin": [1.78259, 29.01872, -1.14463],
							"size": [1.95, 2.145, 0.95],
							"pivot": [1.78259, 31.16372, -0.19463],
							"rotation": [-14.49988, 1.24995, 0.01091],
							"uv": {
								"north": {"uv": [3, 20], "uv_size": [-2, 2]},
								"east": {"uv": [4, 20], "uv_size": [-1, 2]},
								"south": {"uv": [6, 22], "uv_size": [-2, -2]},
								"west": {"uv": [1, 20], "uv_size": [-1, 2]},
								"up": {"uv": [3, 19], "uv_size": [-2, 1]},
								"down": {"uv": [5, 19], "uv_size": [-2, 1]}
							}
						}
					]
				},
				{
					"name": "ear10",
					"parent": "ear4",
					"pivot": [1.53584, 34.01585, -3.18628],
					"rotation": [0, 0, 35],
					"cubes": [
						{
							"origin": [1.62758, 33.81912, -1.95527],
							"size": [1, 3, 1],
							"inflate": 0.001,
							"uv": {
								"north": {"uv": [34, 21], "uv_size": [-1, 3]},
								"east": {"uv": [35, 21], "uv_size": [-1, 3]},
								"south": {"uv": [36, 21], "uv_size": [-1, 3]},
								"west": {"uv": [33, 21], "uv_size": [-1, 3]},
								"up": {"uv": [34, 20], "uv_size": [-1, 1]},
								"down": {"uv": [0, 0], "uv_size": [0, 0]}
							}
						}
					]
				},
				{
					"name": "ear11",
					"parent": "ear10",
					"pivot": [2.53584, 37.01585, -3.18628],
					"rotation": [0, 0, -45],
					"cubes": [
						{
							"origin": [1.46161, 33.81188, -1.95527],
							"size": [1, 3, 1],
							"uv": {
								"north": {"uv": [30, 21], "uv_size": [-1, 3]},
								"east": {"uv": [31, 21], "uv_size": [-1, 3]},
								"south": {"uv": [32, 21], "uv_size": [-1, 3]},
								"west": {"uv": [29, 21], "uv_size": [-1, 3]},
								"up": {"uv": [0, 0], "uv_size": [0, 0]},
								"down": {"uv": [0, 0], "uv_size": [0, 0]}
							}
						}
					]
				},
				{
					"name": "ear13",
					"parent": "ear11",
					"pivot": [2.53584, 34.01585, -3.18628],
					"rotation": [0, 0, 30],
					"cubes": [
						{
							"origin": [1.57354, 30.80208, -1.95527],
							"size": [1, 3, 1],
							"inflate": -0.001,
							"uv": {
								"north": {"uv": [38, 21], "uv_size": [-1, 3]},
								"east": {"uv": [39, 21], "uv_size": [-1, 3]},
								"south": {"uv": [40, 21], "uv_size": [-1, 3]},
								"west": {"uv": [37, 21], "uv_size": [-1, 3]},
								"up": {"uv": [0, 0], "uv_size": [0, 0]},
								"down": {"uv": [0, 0], "uv_size": [0, 0]}
							}
						}
					]
				},
				{
					"name": "long_hair",
					"parent": "head",
					"pivot": [0, 23.75, 3.225]
				},
				{
					"name": "bone28",
					"parent": "long_hair",
					"pivot": [0, 23.75, 3.225],
					"rotation": [5, 0, 0]
				},
				{
					"name": "bone3",
					"parent": "bone28",
					"pivot": [4, 23.75, 4.225],
					"rotation": [12, 0, 0]
				},
				{
					"name": "mid",
					"parent": "bone3",
					"pivot": [0, 0, 0.225],
					"cubes": [
						{
							"origin": [-4.25, 6.75, 3.225],
							"size": [8.5, 17.25, 1],
							"uv": {
								"north": {"uv": [0, 0], "uv_size": [0, 0]},
								"east": {"uv": [119, 2], "uv_size": [1, 17]},
								"south": {"uv": [120, 2], "uv_size": [8, 17]},
								"west": {"uv": [119, 2], "uv_size": [1, 17]},
								"up": {"uv": [0, 0], "uv_size": [0, 0]},
								"down": {"uv": [0, 0], "uv_size": [0, 0]}
							}
						}
					]
				},
				{
					"name": "right2",
					"parent": "bone3",
					"pivot": [4, 24, 4.225],
					"cubes": [
						{
							"origin": [-6.25, 7.75, 4.224],
							"size": [2, 16.25, 0],
							"pivot": [-4.25, 8, 4.225],
							"rotation": [0, -55, 0],
							"uv": {
								"north": {"uv": [0, 0], "uv_size": [0, 0]},
								"east": {"uv": [0, 0], "uv_size": [0, 0]},
								"south": {"uv": [119, 2], "uv_size": [-2, 16]},
								"west": {"uv": [0, 0], "uv_size": [0, 0]},
								"up": {"uv": [0, 0], "uv_size": [0, 0]},
								"down": {"uv": [0, 0], "uv_size": [0, 0]}
							}
						}
					]
				},
				{
					"name": "left2",
					"parent": "bone3",
					"pivot": [4, 24, 4.225],
					"cubes": [
						{
							"origin": [4.25, 7.75, 4.224],
							"size": [2, 16.25, 0],
							"pivot": [4.25, 8, 4.225],
							"rotation": [0, 55, 0],
							"uv": {
								"north": {"uv": [0, 0], "uv_size": [0, 0]},
								"east": {"uv": [0, 0], "uv_size": [0, 0]},
								"south": {"uv": [117, 2], "uv_size": [2, 16]},
								"west": {"uv": [0, 0], "uv_size": [0, 0]},
								"up": {"uv": [0, 0], "uv_size": [0, 0]},
								"down": {"uv": [0, 0], "uv_size": [0, 0]}
							}
						}
					]
				},
				{
					"name": "bone2",
					"parent": "bone28",
					"pivot": [4, 23.85, 4.325],
					"rotation": [13.5, 0, 0]
				},
				{
					"name": "mid2",
					"parent": "bone2",
					"pivot": [0, 0.1, 0.325],
					"cubes": [
						{
							"origin": [-4, 7.1, 3.225],
							"size": [8, 17, 1],
							"uv": {
								"north": {"uv": [0, 0], "uv_size": [0, 0]},
								"east": {"uv": [0, 0], "uv_size": [0, 0]},
								"south": {"uv": [120, 19], "uv_size": [8, 17]},
								"west": {"uv": [0, 0], "uv_size": [0, 0]},
								"up": {"uv": [0, 0], "uv_size": [0, 0]},
								"down": {"uv": [0, 0], "uv_size": [0, 0]}
							}
						}
					]
				},
				{
					"name": "bone4",
					"parent": "bone28",
					"pivot": [4, 23.85, 4.325],
					"rotation": [15.25, 0, 0]
				},
				{
					"name": "mid3",
					"parent": "bone4",
					"pivot": [0, 0.1, 1.325],
					"cubes": [
						{
							"origin": [-3.75, 7.35, 4.225],
							"size": [7.5, 16.75, 0],
							"uv": {
								"north": {"uv": [0, 0], "uv_size": [0, 0]},
								"east": {"uv": [0, 0], "uv_size": [0, 0]},
								"south": {"uv": [120, 36], "uv_size": [8, 17]},
								"west": {"uv": [0, 0], "uv_size": [0, 0]},
								"up": {"uv": [0, 0], "uv_size": [0, 0]},
								"down": {"uv": [0, 0], "uv_size": [0, 0]}
							}
						}
					]
				},
				{
					"name": "tail",
					"pivot": [0, 15, 2]
				},
				{
					"name": "tail3",
					"parent": "tail",
					"pivot": [0, 18, 1],
					"rotation": [25, 0, 0],
					"cubes": [
						{"origin": [-1.5, 8, -1], "size": [3, 7, 4], "inflate": -0.5, "uv": [30, 44]}
					]
				},
				{
					"name": "tail_down",
					"parent": "tail",
					"pivot": [0, 10, 7],
					"rotation": [9.66, 0, 0],
					"cubes": [
						{"origin": [-1.5, 3.62865, 2.88723], "size": [3, 7, 4], "inflate": -0.49, "uv": [16, 43]},
						{"origin": [-1, 3.3641, 3.92286], "size": [2, 7, 2], "inflate": -0.5, "uv": [20, 32]}
					]
				},
				{
					"name": "body",
					"pivot": [0, 24, 0],
					"cubes": [
						{
							"origin": [-2.5, 21.8, -2.475],
							"size": [5, 4, 4.95],
							"inflate": -1.25,
							"uv": {
								"north": {"uv": [32, 16], "uv_size": [5, 4]},
								"east": {"uv": [27, 16], "uv_size": [5, 4]},
								"south": {"uv": [42, 16], "uv_size": [5, 4]},
								"west": {"uv": [37, 16], "uv_size": [5, 4]},
								"up": {"uv": [32, 11], "uv_size": [5, 5]},
								"down": {"uv": [37, 16], "uv_size": [5, -5]}
							}
						},
						{"origin": [-3.5, 11.73, -1.5], "size": [7, 12, 3], "inflate": -0.251, "uv": [0, 32]}
					]
				},
				{
					"name": "hide_parts",
					"parent": "body",
					"pivot": [0, 24, 0]
				},
				{
					"name": "underwear",
					"parent": "hide_parts",
					"pivot": [-0.25814, 11.94047, -1.29],
					"cubes": [
						{
							"origin": [-3.25, 14.89047, -1.275],
							"size": [6.5, 0.475, 2.55],
							"uv": {
								"north": {"uv": [88, 68], "uv_size": [14, 1]},
								"east": {"uv": [85, 68], "uv_size": [3, 1]},
								"south": {"uv": [102, 68], "uv_size": [-14, 1]},
								"west": {"uv": [85, 68], "uv_size": [3, 1]},
								"up": {"uv": [0, 0], "uv_size": [0, 0]},
								"down": {"uv": [0, 0], "uv_size": [0, 0]}
							}
						}
					]
				},
				{
					"name": "mid4",
					"parent": "underwear",
					"pivot": [1.75, 11.94047, -0.275],
					"cubes": [
						{
							"origin": [-0.525, 11.96547, -1.275],
							"size": [1.05, 1, 2.55],
							"uv": {
								"north": {"uv": [85, 67], "uv_size": [1, 1]},
								"east": {"uv": [0, 0], "uv_size": [0, 0]},
								"south": {"uv": [86, 67], "uv_size": [-1, 1]},
								"west": {"uv": [0, 0], "uv_size": [0, 0]},
								"up": {"uv": [0, 0], "uv_size": [0, 0]},
								"down": {"uv": [84, 67], "uv_size": [1, 3]}
							}
						}
					]
				},
				{
					"name": "right",
					"parent": "underwear",
					"pivot": [-2.8, 15.36547, -1.275],
					"cubes": [
						{
							"origin": [-2.8, 14.89047, -1.275],
							"size": [4.075, 0.475, 2.55],
							"pivot": [-2.8, 15.36547, -1.275],
							"rotation": [0, 0, 38.25],
							"uv": {
								"north": {"uv": [85, 69], "uv_size": [5, 1]},
								"east": {"uv": [0, 0], "uv_size": [0, 0]},
								"south": {"uv": [90, 69], "uv_size": [-5, 1]},
								"west": {"uv": [0, 0], "uv_size": [0, 0]},
								"up": {"uv": [0, 0], "uv_size": [0, 0]},
								"down": {"uv": [0, 0], "uv_size": [0, 0]}
							}
						},
						{
							"origin": [-2.8, 14.89047, -1.275],
							"size": [4.065, 0.475, 2.55],
							"pivot": [-2.8, 15.36547, -1.275],
							"rotation": [0, 0, 49.5],
							"uv": {
								"north": {"uv": [90, 69], "uv_size": [5, 1]},
								"east": {"uv": [0, 0], "uv_size": [0, 0]},
								"south": {"uv": [95, 69], "uv_size": [-5, 1]},
								"west": {"uv": [0, 0], "uv_size": [0, 0]},
								"up": {"uv": [0, 0], "uv_size": [0, 0]},
								"down": {"uv": [0, 0], "uv_size": [0, 0]}
							}
						}
					]
				},
				{
					"name": "left",
					"parent": "underwear",
					"pivot": [2.8, 15.36547, -1.275],
					"cubes": [
						{
							"origin": [-1.275, 14.89047, -1.275],
							"size": [4.075, 0.475, 2.55],
							"pivot": [2.8, 15.36547, -1.275],
							"rotation": [0, 0, -38.25],
							"uv": {
								"north": {"uv": [90, 69], "uv_size": [-5, 1]},
								"east": {"uv": [0, 0], "uv_size": [0, 0]},
								"south": {"uv": [85, 69], "uv_size": [5, 1]},
								"west": {"uv": [0, 0], "uv_size": [0, 0]},
								"up": {"uv": [0, 0], "uv_size": [0, 0]},
								"down": {"uv": [0, 0], "uv_size": [0, 0]}
							}
						},
						{
							"origin": [-1.265, 14.89047, -1.275],
							"size": [4.065, 0.475, 2.55],
							"pivot": [2.8, 15.36547, -1.275],
							"rotation": [0, 0, -49.5],
							"uv": {
								"north": {"uv": [95, 69], "uv_size": [-5, 1]},
								"east": {"uv": [0, 0], "uv_size": [0, 0]},
								"south": {"uv": [90, 69], "uv_size": [5, 1]},
								"west": {"uv": [0, 0], "uv_size": [0, 0]},
								"up": {"uv": [0, 0], "uv_size": [0, 0]},
								"down": {"uv": [0, 0], "uv_size": [0, 0]}
							}
						}
					]
				},
				{
					"name": "pants",
					"parent": "hide_parts",
					"pivot": [-0.25814, 11.94047, -1.29],
					"cubes": [
						{
							"origin": [-3.54814, 11.93047, -1.3],
							"size": [3.3, 1.75, 2.6],
							"inflate": -0.01,
							"pivot": [-0.25814, 11.94047, -1.29],
							"rotation": [0, 0, 7],
							"uv": {
								"north": {"uv": [30, 86], "uv_size": [7, 2]},
								"east": {"uv": [27, 86], "uv_size": [3, 2]},
								"south": {"uv": [37, 86], "uv_size": [-7, 2]},
								"west": {"uv": [0, 0], "uv_size": [0, 0]},
								"up": {"uv": [27, 83], "uv_size": [7, 3]},
								"down": {"uv": [27, 86], "uv_size": [7, -3]}
							}
						},
						{
							"origin": [0.24814, 11.93047, -1.3],
							"size": [3.3, 1.75, 2.6],
							"inflate": -0.01,
							"pivot": [0.25814, 11.94047, -1.29],
							"rotation": [0, 0, -7],
							"uv": {
								"north": {"uv": [37, 86], "uv_size": [-7, 2]},
								"east": {"uv": [0, 0], "uv_size": [0, 0]},
								"south": {"uv": [30, 86], "uv_size": [7, 2]},
								"west": {"uv": [30, 86], "uv_size": [-3, 2]},
								"up": {"uv": [34, 83], "uv_size": [-7, 3]},
								"down": {"uv": [34, 86], "uv_size": [-7, -3]}
							}
						},
						{
							"origin": [-0.27, 11.93047, -1.3],
							"size": [0.54, 1.75, 2.6],
							"inflate": -0.01,
							"uv": {
								"north": {"uv": [26, 86], "uv_size": [1, 2]},
								"east": {"uv": [27, 86], "uv_size": [3, 2]},
								"south": {"uv": [26, 86], "uv_size": [1, 2]},
								"west": {"uv": [0, 0], "uv_size": [0, 0]},
								"up": {"uv": [27, 83], "uv_size": [7, 3]},
								"down": {"uv": [34, 86], "uv_size": [1, -3]}
							}
						}
					]
				},
				{
					"name": "coat",
					"parent": "hide_parts",
					"pivot": [0, 24, 0],
					"cubes": [
						{
							"origin": [-3.5, 20.55, -1.5],
							"size": [7, 3, 3],
							"inflate": -0.01,
							"uv": {
								"north": {"uv": [3, 85], "uv_size": [7, 6]},
								"east": {"uv": [0, 85], "uv_size": [3, 6]},
								"south": {"uv": [13, 85], "uv_size": [7, 6]},
								"west": {"uv": [10, 85], "uv_size": [3, 6]},
								"up": {"uv": [3, 82], "uv_size": [7, 3]},
								"down": {"uv": [10, 85], "uv_size": [7, -3]}
							}
						}
					]
				},
				{
					"name": "chest",
					"parent": "hide_parts",
					"pivot": [0, 21.9, -1.5],
					"rotation": [-31, 0, 0],
					"cubes": [
						{
							"origin": [-3.5, 19.72124, -1.56429],
							"size": [7, 3, 2.275],
							"inflate": -0.011,
							"uv": {
								"north": {"uv": [44, 7], "uv_size": [7, 3]},
								"east": {"uv": [54, 7], "uv_size": [-3, 3]},
								"south": {"uv": [0, 0], "uv_size": [0, 0]},
								"west": {"uv": [51, 7], "uv_size": [3, 3]},
								"up": {"uv": [0, 0], "uv_size": [0, 0]},
								"down": {"uv": [51, 7], "uv_size": [7, -3]}
							}
						},
						{
							"origin": [-3.5, 19.57624, -1.61429],
							"size": [7, 3.9, 2.9],
							"inflate": -0.252,
							"uv": {
								"north": {"uv": [27, 0], "uv_size": [7, 7]},
								"east": {"uv": [24, 0], "uv_size": [3, 7]},
								"south": {"uv": [0, 0], "uv_size": [0, 0]},
								"west": {"uv": [27, 0], "uv_size": [-3, 7]},
								"up": {"uv": [0, 0], "uv_size": [0, 0]},
								"down": {"uv": [34, 3], "uv_size": [7, -3]}
							}
						}
					]
				},
				{
					"name": "patch_left",
					"parent": "chest",
					"pivot": [-0.25, 24, 0.25],
					"cubes": [
						{
							"origin": [3.48794, 19.73351, -0.80748],
							"size": [0, 0.7, 1.25],
							"pivot": [3.48794, 19.73351, -0.80748],
							"rotation": [52.7, 0.23747, -1.46976],
							"uv": {
								"north": {"uv": [0, 0], "uv_size": [0, 0]},
								"east": {"uv": [4, 0], "uv_size": [0, 0]},
								"south": {"uv": [0, 0], "uv_size": [0, 0]},
								"west": {"uv": [54, 0], "uv_size": [3, 1]},
								"up": {"uv": [0, 0], "uv_size": [0, 0]},
								"down": {"uv": [0, 0], "uv_size": [0, 0]}
							}
						},
						{
							"origin": [3.46558, 20.72761, -0.05],
							"size": [0, 0.7, 2.375],
							"pivot": [3.46558, 20.72761, -0.05],
							"rotation": [40.99417, 0.92672, -0.45134],
							"uv": {
								"north": {"uv": [0, 0], "uv_size": [0, 0]},
								"east": {"uv": [4, 0], "uv_size": [0, 0]},
								"south": {"uv": [0, 0], "uv_size": [0, 0]},
								"west": {"uv": [54, 1], "uv_size": [5, 1]},
								"up": {"uv": [0, 0], "uv_size": [0, 0]},
								"down": {"uv": [0, 0], "uv_size": [0, 0]}
							}
						}
					]
				},
				{
					"name": "patch_right",
					"parent": "chest",
					"pivot": [0.25, 24, 0.25],
					"cubes": [
						{
							"origin": [-3.48794, 19.73351, -0.80748],
							"size": [0, 0.7, 1.25],
							"pivot": [-3.48794, 19.73351, -0.80748],
							"rotation": [52.7, -0.23747, 1.46976],
							"uv": {
								"north": {"uv": [0, 0], "uv_size": [0, 0]},
								"east": {"uv": [57, 0], "uv_size": [-3, 1]},
								"south": {"uv": [0, 0], "uv_size": [0, 0]},
								"west": {"uv": [4, 0], "uv_size": [0, 0]},
								"up": {"uv": [0, 0], "uv_size": [0, 0]},
								"down": {"uv": [0, 0], "uv_size": [0, 0]}
							}
						},
						{
							"origin": [-3.46558, 20.72761, -0.05],
							"size": [0, 0.7, 2.375],
							"pivot": [-3.46558, 20.72761, -0.05],
							"rotation": [40.99417, -0.92672, 0.45134],
							"uv": {
								"north": {"uv": [0, 0], "uv_size": [0, 0]},
								"east": {"uv": [59, 1], "uv_size": [-5, 1]},
								"south": {"uv": [0, 0], "uv_size": [0, 0]},
								"west": {"uv": [4, 0], "uv_size": [0, 0]},
								"up": {"uv": [0, 0], "uv_size": [0, 0]},
								"down": {"uv": [0, 0], "uv_size": [0, 0]}
							}
						}
					]
				},
				{
					"name": "chest_rig",
					"parent": "hide_parts",
					"pivot": [0, 24, 0],
					"cubes": [
						{
							"origin": [-3.3, 16.05, -1.3],
							"size": [6.6, 2, 2.625],
							"inflate": -0.01,
							"uv": {
								"north": {"uv": [3, 96], "uv_size": [7, 5]},
								"east": {"uv": [0, 96], "uv_size": [3, 5]},
								"south": {"uv": [13, 96], "uv_size": [7, 5]},
								"west": {"uv": [10, 96], "uv_size": [3, 5]},
								"up": {"uv": [0, 0], "uv_size": [0, 0]},
								"down": {"uv": [0, 0], "uv_size": [0, 0]}
							}
						},
						{
							"origin": [-3.5, 22.149, -1.5],
							"size": [7, 1.401, 3],
							"inflate": 0.1,
							"uv": {
								"north": {"uv": [3, 112], "uv_size": [7, 3]},
								"east": {"uv": [0, 0], "uv_size": [0, 0]},
								"south": {"uv": [13, 112], "uv_size": [7, 3]},
								"west": {"uv": [0, 0], "uv_size": [0, 0]},
								"up": {"uv": [3, 109], "uv_size": [7, 3]},
								"down": {"uv": [0, 0], "uv_size": [0, 0]}
							}
						}
					]
				},
				{
					"name": "bag_front",
					"parent": "chest_rig",
					"pivot": [-0.5, 24.2, 0.25]
				},
				{
					"name": "bag_right",
					"parent": "bag_front",
					"pivot": [0.075, 24.2, 0]
				},
				{
					"name": "bag",
					"parent": "bag_right",
					"pivot": [0.075, 24.2, 0],
					"cubes": [
						{
							"origin": [-3.175, 15.2, -1.875],
							"size": [1.45, 2.5, 0.615],
							"uv": {
								"north": {"uv": [51, 124], "uv_size": [1, 4]},
								"east": {"uv": [50, 124], "uv_size": [1, 4]},
								"south": {"uv": [53, 124], "uv_size": [1, 4]},
								"west": {"uv": [52, 124], "uv_size": [1, 4]},
								"up": {"uv": [0, 0], "uv_size": [0, 0]},
								"down": {"uv": [49, 120], "uv_size": [1, -1]}
							}
						},
						{
							"origin": [-3, 17.975, -1.84],
							"size": [1.15, 0.5, 0.5],
							"pivot": [-3.3, 17.975, -1.84],
							"rotation": [0, 0, 15],
							"uv": {
								"north": {"uv": [95, 52], "uv_size": [2, 1]},
								"east": {"uv": [95, 52], "uv_size": [-1, 1]},
								"south": {"uv": [95, 52], "uv_size": [2, 1]},
								"west": {"uv": [95, 52], "uv_size": [1, 1]},
								"up": {"uv": [94, 51], "uv_size": [1, 1]},
								"down": {"uv": [94, 51], "uv_size": [1, 1]}
							}
						},
						{
							"origin": [-3, 17.075, -1.84],
							"size": [1.15, 0.9, 0.5],
							"pivot": [-3.3, 17.975, -1.84],
							"rotation": [0, 0, 7.5],
							"uv": {
								"north": {"uv": [95, 55], "uv_size": [1, 2]},
								"east": {"uv": [95, 55], "uv_size": [-1, 2]},
								"south": {"uv": [95, 55], "uv_size": [1, 2]},
								"west": {"uv": [95, 55], "uv_size": [1, 2]},
								"up": {"uv": [94, 54], "uv_size": [1, 1]},
								"down": {"uv": [94, 54], "uv_size": [1, 1]}
							}
						}
					]
				},
				{
					"name": "bag2",
					"parent": "bag_right",
					"pivot": [1.725, 24.2, 0],
					"cubes": [
						{
							"origin": [-1.525, 15.2, -1.875],
							"size": [1.45, 2.5, 0.615],
							"uv": {
								"north": {"uv": [59, 124], "uv_size": [1, 4]},
								"east": {"uv": [58, 124], "uv_size": [1, 4]},
								"south": {"uv": [61, 124], "uv_size": [1, 4]},
								"west": {"uv": [60, 124], "uv_size": [1, 4]},
								"up": {"uv": [0, 0], "uv_size": [0, 0]},
								"down": {"uv": [57, 120], "uv_size": [1, -1]}
							}
						},
						{
							"origin": [-1.35, 17.975, -1.84],
							"size": [1.15, 0.5, 0.5],
							"pivot": [-1.65, 17.975, -1.84],
							"rotation": [0, 0, 15],
							"uv": {
								"north": {"uv": [99, 52], "uv_size": [2, 1]},
								"east": {"uv": [99, 52], "uv_size": [-1, 1]},
								"south": {"uv": [99, 52], "uv_size": [2, 1]},
								"west": {"uv": [99, 52], "uv_size": [1, 1]},
								"up": {"uv": [98, 51], "uv_size": [1, 1]},
								"down": {"uv": [98, 51], "uv_size": [1, 1]}
							}
						},
						{
							"origin": [-1.35, 17.075, -1.84],
							"size": [1.15, 0.9, 0.5],
							"pivot": [-1.65, 17.975, -1.84],
							"rotation": [0, 0, 7.5],
							"uv": {
								"north": {"uv": [99, 55], "uv_size": [1, 2]},
								"east": {"uv": [99, 55], "uv_size": [-1, 2]},
								"south": {"uv": [99, 55], "uv_size": [1, 2]},
								"west": {"uv": [99, 55], "uv_size": [1, 2]},
								"up": {"uv": [98, 54], "uv_size": [1, 1]},
								"down": {"uv": [98, 54], "uv_size": [1, 1]}
							}
						}
					]
				},
				{
					"name": "bag_left",
					"parent": "bag_front",
					"pivot": [-0.075, 24.2, 0]
				},
				{
					"name": "bag3",
					"parent": "bag_left",
					"pivot": [-0.075, 24.2, 0],
					"cubes": [
						{
							"origin": [1.725, 15.2, -1.875],
							"size": [1.45, 2.5, 0.615],
							"uv": {
								"north": {"uv": [52, 124], "uv_size": [-1, 4]},
								"east": {"uv": [53, 124], "uv_size": [-1, 4]},
								"south": {"uv": [54, 124], "uv_size": [-1, 4]},
								"west": {"uv": [51, 124], "uv_size": [-1, 4]},
								"up": {"uv": [0, 0], "uv_size": [0, 0]},
								"down": {"uv": [50, 120], "uv_size": [-1, -1]}
							}
						},
						{
							"origin": [1.9, 17.975, -1.84],
							"size": [1.15, 0.5, 0.5],
							"pivot": [1.6, 17.975, -1.84],
							"rotation": [0, 0, 15],
							"uv": {
								"north": {"uv": [95, 52], "uv_size": [2, 1]},
								"east": {"uv": [95, 52], "uv_size": [-1, 1]},
								"south": {"uv": [95, 52], "uv_size": [2, 1]},
								"west": {"uv": [95, 52], "uv_size": [1, 1]},
								"up": {"uv": [94, 51], "uv_size": [1, 1]},
								"down": {"uv": [94, 51], "uv_size": [1, 1]}
							}
						},
						{
							"origin": [1.9, 17.075, -1.84],
							"size": [1.15, 0.9, 0.5],
							"pivot": [1.6, 17.975, -1.84],
							"rotation": [0, 0, 7.5],
							"uv": {
								"north": {"uv": [95, 55], "uv_size": [1, 2]},
								"east": {"uv": [95, 55], "uv_size": [-1, 2]},
								"south": {"uv": [95, 55], "uv_size": [1, 2]},
								"west": {"uv": [95, 55], "uv_size": [1, 2]},
								"up": {"uv": [94, 54], "uv_size": [1, 1]},
								"down": {"uv": [94, 54], "uv_size": [1, 1]}
							}
						}
					]
				},
				{
					"name": "bag4",
					"parent": "bag_left",
					"pivot": [-1.725, 24.2, 0],
					"cubes": [
						{
							"origin": [0.075, 15.2, -1.875],
							"size": [1.45, 2.5, 0.615],
							"uv": {
								"north": {"uv": [60, 124], "uv_size": [-1, 4]},
								"east": {"uv": [61, 124], "uv_size": [-1, 4]},
								"south": {"uv": [62, 124], "uv_size": [-1, 4]},
								"west": {"uv": [59, 124], "uv_size": [-1, 4]},
								"up": {"uv": [0, 0], "uv_size": [0, 0]},
								"down": {"uv": [58, 120], "uv_size": [-1, -1]}
							}
						},
						{
							"origin": [0.25, 17.975, -1.84],
							"size": [1.15, 0.5, 0.5],
							"pivot": [-0.05, 17.975, -1.84],
							"rotation": [0, 0, 15],
							"uv": {
								"north": {"uv": [99, 52], "uv_size": [2, 1]},
								"east": {"uv": [99, 52], "uv_size": [-1, 1]},
								"south": {"uv": [99, 52], "uv_size": [2, 1]},
								"west": {"uv": [99, 52], "uv_size": [1, 1]},
								"up": {"uv": [98, 51], "uv_size": [1, 1]},
								"down": {"uv": [98, 51], "uv_size": [1, 1]}
							}
						},
						{
							"origin": [0.25, 17.075, -1.84],
							"size": [1.15, 0.9, 0.5],
							"pivot": [-0.05, 17.975, -1.84],
							"rotation": [0, 0, 7.5],
							"uv": {
								"north": {"uv": [99, 55], "uv_size": [1, 2]},
								"east": {"uv": [99, 55], "uv_size": [-1, 2]},
								"south": {"uv": [99, 55], "uv_size": [1, 2]},
								"west": {"uv": [99, 55], "uv_size": [1, 2]},
								"up": {"uv": [98, 54], "uv_size": [1, 1]},
								"down": {"uv": [98, 54], "uv_size": [1, 1]}
							}
						}
					]
				},
				{
					"name": "bag_back",
					"parent": "chest_rig",
					"pivot": [-0.5, 24, -0.25]
				},
				{
					"name": "SICC_left",
					"parent": "bag_back",
					"pivot": [0, 24, 0]
				},
				{
					"name": "bag8",
					"parent": "SICC_left",
					"pivot": [-1.4, 24, 0],
					"cubes": [
						{
							"origin": [0.15, 15.25, 1.26],
							"size": [3, 2.25, 0.54],
							"uv": {
								"north": {"uv": [0, 0], "uv_size": [0, 0]},
								"east": {"uv": [63, 118], "uv_size": [1, 3]},
								"south": {"uv": [67, 111], "uv_size": [-8, 6]},
								"west": {"uv": [59, 118], "uv_size": [1, 3]},
								"up": {"uv": [0, 0], "uv_size": [0, 0]},
								"down": {"uv": [59, 116], "uv_size": [8, 1]}
							}
						},
						{
							"origin": [0.15, 15.55, 1.3],
							"size": [3, 2, 0.525],
							"uv": {
								"north": {"uv": [0, 0], "uv_size": [0, 0]},
								"east": {"uv": [0, 0], "uv_size": [0, 0]},
								"south": {"uv": [51, 111], "uv_size": [8, 6]},
								"west": {"uv": [0, 0], "uv_size": [0, 0]},
								"up": {"uv": [59, 112], "uv_size": [-8, -1]},
								"down": {"uv": [0, 0], "uv_size": [0, 0]}
							}
						}
					]
				},
				{
					"name": "bone9",
					"parent": "bag8",
					"pivot": [-1.4, 24, 0],
					"cubes": [
						{
							"origin": [1.4, 15.3, 1.825],
							"size": [0.5, 0.5, 0],
							"uv": {
								"north": {"uv": [0, 0], "uv_size": [0, 0]},
								"east": {"uv": [0, 0], "uv_size": [0, 0]},
								"south": {"uv": [53, 119], "uv_size": [1, 1]},
								"west": {"uv": [0, 0], "uv_size": [0, 0]},
								"up": {"uv": [0, 0], "uv_size": [0, 0]},
								"down": {"uv": [0, 0], "uv_size": [0, 0]}
							}
						},
						{
							"origin": [1.4, 16.8, 1.85],
							"size": [0.5, 0.5, 0],
							"uv": {
								"north": {"uv": [0, 0], "uv_size": [0, 0]},
								"east": {"uv": [0, 0], "uv_size": [0, 0]},
								"south": {"uv": [43, 112], "uv_size": [5, 5]},
								"west": {"uv": [0, 0], "uv_size": [0, 0]},
								"up": {"uv": [0, 0], "uv_size": [0, 0]},
								"down": {"uv": [0, 0], "uv_size": [0, 0]}
							}
						},
						{
							"origin": [1.4, 16.8, 1.85],
							"size": [0.5, 0.5, 0],
							"pivot": [1.65, 17.05, 1.85],
							"rotation": [0, 0, -45],
							"uv": {
								"north": {"uv": [0, 0], "uv_size": [0, 0]},
								"east": {"uv": [0, 0], "uv_size": [0, 0]},
								"south": {"uv": [38, 112], "uv_size": [5, 5]},
								"west": {"uv": [0, 0], "uv_size": [0, 0]},
								"up": {"uv": [0, 0], "uv_size": [0, 0]},
								"down": {"uv": [0, 0], "uv_size": [0, 0]}
							}
						}
					]
				},
				{
					"name": "TOOLS_right",
					"parent": "bag_back",
					"pivot": [-0.5, 24, 0.25]
				},
				{
					"name": "vise",
					"parent": "TOOLS_right",
					"pivot": [0, 24, 0],
					"cubes": [
						{
							"origin": [-2.35, 16.075, 1.26],
							"size": [1.25, 1.425, 0.5],
							"uv": {
								"north": {"uv": [64, 123], "uv_size": [4, 2]},
								"east": {"uv": [65, 123], "uv_size": [-1, 2]},
								"south": {"uv": [68, 123], "uv_size": [-4, 2]},
								"west": {"uv": [67, 123], "uv_size": [1, 2]},
								"up": {"uv": [0, 0], "uv_size": [0, 0]},
								"down": {"uv": [65, 122], "uv_size": [1, 1]}
							}
						}
					]
				},
				{
					"name": "bone11",
					"parent": "vise",
					"pivot": [-2.175, 17.625, 1.485],
					"cubes": [
						{
							"origin": [-2.325, 17.25, 1.335],
							"size": [0.3, 0.75, 0.3],
							"pivot": [-2.175, 17.625, 1.485],
							"rotation": [0, 0, -10],
							"uv": {
								"north": {"uv": [47, 123], "uv_size": [-1, 2]},
								"east": {"uv": [47, 123], "uv_size": [-1, 2]},
								"south": {"uv": [47, 123], "uv_size": [-1, 2]},
								"west": {"uv": [47, 123], "uv_size": [-1, 2]},
								"up": {"uv": [46, 123], "uv_size": [1, -1]},
								"down": {"uv": [47, 123], "uv_size": [-1, -1]}
							}
						},
						{
							"origin": [-2.2326, 16.00465, 1.435],
							"size": [0.2, 1.25, 0.1],
							"pivot": [-2.2576, 17.22965, 1.635],
							"rotation": [0, 0, -35],
							"uv": {
								"north": {"uv": [46, 123], "uv_size": [-1, 2]},
								"east": {"uv": [46, 123], "uv_size": [-1, 2]},
								"south": {"uv": [46, 123], "uv_size": [-1, 2]},
								"west": {"uv": [46, 123], "uv_size": [-1, 2]},
								"up": {"uv": [45, 123], "uv_size": [1, -1]},
								"down": {"uv": [0, 0], "uv_size": [0, 0]}
							}
						}
					]
				},
				{
					"name": "bone12",
					"parent": "vise",
					"pivot": [-1.275, 17.625, 1.485],
					"cubes": [
						{
							"origin": [-1.425, 17.25, 1.335],
							"size": [0.3, 0.75, 0.3],
							"pivot": [-1.275, 17.625, 1.485],
							"rotation": [0, 0, 10],
							"uv": {
								"north": {"uv": [47, 123], "uv_size": [-1, 2]},
								"east": {"uv": [47, 123], "uv_size": [-1, 2]},
								"south": {"uv": [47, 123], "uv_size": [-1, 2]},
								"west": {"uv": [47, 123], "uv_size": [-1, 2]},
								"up": {"uv": [46, 123], "uv_size": [1, -1]},
								"down": {"uv": [47, 123], "uv_size": [-1, -1]}
							}
						},
						{
							"origin": [-1.4174, 16.00465, 1.435],
							"size": [0.2, 1.25, 0.1],
							"pivot": [-1.1924, 17.22965, 1.535],
							"rotation": [0, 0, 35],
							"uv": {
								"north": {"uv": [46, 123], "uv_size": [-1, 2]},
								"east": {"uv": [46, 123], "uv_size": [-1, 2]},
								"south": {"uv": [46, 123], "uv_size": [-1, 2]},
								"west": {"uv": [46, 123], "uv_size": [-1, 2]},
								"up": {"uv": [45, 123], "uv_size": [1, -1]},
								"down": {"uv": [0, 0], "uv_size": [0, 0]}
							}
						}
					]
				},
				{
					"name": "scredriver",
					"parent": "TOOLS_right",
					"pivot": [0, 24, 0],
					"cubes": [
						{
							"origin": [-3.25, 15, 1.26],
							"size": [0.75, 2.5, 0.5],
							"uv": {
								"north": {"uv": [81, 121], "uv_size": [-1, 5]},
								"east": {"uv": [78, 121], "uv_size": [-1, 5]},
								"south": {"uv": [79, 121], "uv_size": [-1, 5]},
								"west": {"uv": [80, 121], "uv_size": [-1, 5]},
								"up": {"uv": [0, 0], "uv_size": [0, 0]},
								"down": {"uv": [79, 120], "uv_size": [1, 1]}
							}
						},
						{
							"origin": [-3.1, 17.7, 1.31],
							"size": [0.45, 0.3, 0.45],
							"uv": {
								"north": {"uv": [0, 0], "uv_size": [0, 0]},
								"east": {"uv": [70, 123], "uv_size": [-1, 1]},
								"south": {"uv": [71, 123], "uv_size": [-1, 1]},
								"west": {"uv": [72, 123], "uv_size": [-1, 1]},
								"up": {"uv": [0, 0], "uv_size": [0, 0]},
								"down": {"uv": [0, 0], "uv_size": [0, 0]}
							}
						},
						{
							"origin": [-3.075, 17.5, 1.335],
							"size": [0.4, 1, 0.4],
							"uv": {
								"north": {"uv": [47, 120], "uv_size": [-1, 2]},
								"east": {"uv": [47, 120], "uv_size": [-1, 2]},
								"south": {"uv": [47, 120], "uv_size": [-1, 2]},
								"west": {"uv": [47, 120], "uv_size": [-1, 2]},
								"up": {"uv": [46, 120], "uv_size": [1, -1]},
								"down": {"uv": [0, 0], "uv_size": [0, 0]}
							}
						},
						{
							"origin": [-2.95, 15.5, 1.46],
							"size": [0.15, 2, 0.15],
							"pivot": [-2.875, 16.5, 1.535],
							"rotation": [0, 45, 0],
							"uv": {
								"north": {"uv": [45, 120], "uv_size": [-1, 2]},
								"east": {"uv": [45, 120], "uv_size": [-1, 2]},
								"south": {"uv": [45, 120], "uv_size": [-1, 2]},
								"west": {"uv": [45, 120], "uv_size": [-1, 2]},
								"up": {"uv": [44, 120], "uv_size": [1, -1]},
								"down": {"uv": [0, 0], "uv_size": [0, 0]}
							}
						}
					]
				},
				{
					"name": "scredriver2",
					"parent": "TOOLS_right",
					"pivot": [2.3, 24, 0],
					"cubes": [
						{
							"origin": [-0.95, 15, 1.26],
							"size": [0.75, 2.5, 0.5],
							"uv": {
								"north": {"uv": [77, 121], "uv_size": [-1, 5]},
								"east": {"uv": [74, 121], "uv_size": [-1, 5]},
								"south": {"uv": [75, 121], "uv_size": [-1, 5]},
								"west": {"uv": [76, 121], "uv_size": [-1, 5]},
								"up": {"uv": [0, 0], "uv_size": [0, 0]},
								"down": {"uv": [75, 120], "uv_size": [1, 1]}
							}
						},
						{
							"origin": [-0.8, 17.7, 1.31],
							"size": [0.45, 0.3, 0.45],
							"uv": {
								"north": {"uv": [0, 0], "uv_size": [0, 0]},
								"east": {"uv": [70, 122], "uv_size": [-1, 1]},
								"south": {"uv": [71, 122], "uv_size": [-1, 1]},
								"west": {"uv": [72, 122], "uv_size": [-1, 1]},
								"up": {"uv": [0, 0], "uv_size": [0, 0]},
								"down": {"uv": [0, 0], "uv_size": [0, 0]}
							}
						},
						{
							"origin": [-0.775, 17.5, 1.335],
							"size": [0.4, 1, 0.4],
							"uv": {
								"north": {"uv": [48, 120], "uv_size": [-1, 2]},
								"east": {"uv": [48, 120], "uv_size": [-1, 2]},
								"south": {"uv": [48, 120], "uv_size": [-1, 2]},
								"west": {"uv": [48, 120], "uv_size": [-1, 2]},
								"up": {"uv": [47, 120], "uv_size": [1, -1]},
								"down": {"uv": [0, 0], "uv_size": [0, 0]}
							}
						},
						{
							"origin": [-0.65, 15.5, 1.46],
							"size": [0.15, 2, 0.15],
							"pivot": [-0.575, 16.5, 1.535],
							"rotation": [0, 45, 0],
							"uv": {
								"north": {"uv": [46, 120], "uv_size": [-1, 2]},
								"east": {"uv": [46, 120], "uv_size": [-1, 2]},
								"south": {"uv": [46, 120], "uv_size": [-1, 2]},
								"west": {"uv": [46, 120], "uv_size": [-1, 2]},
								"up": {"uv": [45, 120], "uv_size": [1, -1]},
								"down": {"uv": [0, 0], "uv_size": [0, 0]}
							}
						}
					]
				},
				{
					"name": "belt2",
					"parent": "chest_rig",
					"pivot": [-3.6, 22.05, 1.601],
					"cubes": [
						{
							"origin": [-3.6, 18.025, 1.6],
							"size": [7.2, 4.026, 0],
							"pivot": [-3.6, 22.05, 1.601],
							"rotation": [-4.1, 0, 0],
							"uv": {
								"north": {"uv": [0, 0], "uv_size": [0, 0]},
								"east": {"uv": [0, 0], "uv_size": [0, 0]},
								"south": {"uv": [0, 104], "uv_size": [7, 4]},
								"west": {"uv": [0, 0], "uv_size": [0, 0]},
								"up": {"uv": [0, 0], "uv_size": [0, 0]},
								"down": {"uv": [0, 0], "uv_size": [0, 0]}
							}
						}
					]
				},
				{
					"name": "belt",
					"parent": "chest_rig",
					"pivot": [0, 21.9, -1.5],
					"rotation": [-31, 0, 0],
					"cubes": [
						{
							"origin": [-3.5, 19.82124, -1.56429],
							"size": [7, 2.075, 3],
							"inflate": 0.1,
							"uv": {
								"north": {"uv": [3, 119], "uv_size": [7, 5]},
								"east": {"uv": [0, 0], "uv_size": [0, 0]},
								"south": {"uv": [0, 0], "uv_size": [0, 0]},
								"west": {"uv": [0, 0], "uv_size": [0, 0]},
								"up": {"uv": [0, 0], "uv_size": [0, 0]},
								"down": {"uv": [0, 0], "uv_size": [0, 0]}
							}
						},
						{
							"origin": [-3.6125, 16.54624, -1.66429],
							"size": [7.225, 3.175, 0],
							"pivot": [-3.5875, 19.72124, -1.66429],
							"rotation": [66.25, 0, 0],
							"uv": {
								"north": {"uv": [32, 125], "uv_size": [7, 3]},
								"east": {"uv": [0, 0], "uv_size": [0, 0]},
								"south": {"uv": [0, 0], "uv_size": [0, 0]},
								"west": {"uv": [0, 0], "uv_size": [0, 0]},
								"up": {"uv": [0, 0], "uv_size": [0, 0]},
								"down": {"uv": [0, 0], "uv_size": [0, 0]}
							}
						}
					]
				},
				{
					"name": "shell_right",
					"parent": "belt",
					"pivot": [-0.25, 24.125, 0.25]
				},
				{
					"name": "bone65",
					"parent": "shell_right",
					"pivot": [-1.96247, 20.14035, -1.90185],
					"cubes": [
						{
							"origin": [-2.4001, 19.83734, -2.19166],
							"size": [0.6, 0.65, 0.575],
							"uv": {
								"north": {"uv": [72, 81], "uv_size": [1, 1]},
								"east": {"uv": [72, 81], "uv_size": [1, 1]},
								"south": {"uv": [72, 81], "uv_size": [1, 1]},
								"west": {"uv": [72, 81], "uv_size": [1, 1]},
								"up": {"uv": [71, 80], "uv_size": [1, 1]},
								"down": {"uv": [71, 82], "uv_size": [1, -1]}
							}
						},
						{
							"origin": [-2.8401, 19.89065, -2.12357],
							"size": [1.5, 0.5, 0.5],
							"uv": {
								"north": {"uv": [69, 76], "uv_size": [5, 1]},
								"east": {"uv": [76, 76], "uv_size": [3, 3]},
								"south": {"uv": [74, 76], "uv_size": [-5, 1]},
								"west": {"uv": [79, 76], "uv_size": [3, 3]},
								"up": {"uv": [69, 75], "uv_size": [5, 1]},
								"down": {"uv": [69, 77], "uv_size": [5, -1]}
							}
						}
					]
				},
				{
					"name": "bone22",
					"parent": "shell_right",
					"pivot": [-1.96247, 20.84035, -1.90185],
					"cubes": [
						{
							"origin": [-2.4001, 20.53734, -2.19166],
							"size": [0.6, 0.65, 0.575],
							"uv": {
								"north": {"uv": [72, 81], "uv_size": [1, 1]},
								"east": {"uv": [72, 81], "uv_size": [1, 1]},
								"south": {"uv": [72, 81], "uv_size": [1, 1]},
								"west": {"uv": [72, 81], "uv_size": [1, 1]},
								"up": {"uv": [71, 80], "uv_size": [1, 1]},
								"down": {"uv": [71, 82], "uv_size": [1, -1]}
							}
						},
						{
							"origin": [-2.8401, 20.59065, -2.12357],
							"size": [1.5, 0.5, 0.5],
							"uv": {
								"north": {"uv": [69, 76], "uv_size": [5, 1]},
								"east": {"uv": [76, 76], "uv_size": [3, 3]},
								"south": {"uv": [74, 76], "uv_size": [-5, 1]},
								"west": {"uv": [79, 76], "uv_size": [3, 3]},
								"up": {"uv": [69, 75], "uv_size": [5, 1]},
								"down": {"uv": [69, 77], "uv_size": [5, -1]}
							}
						}
					]
				},
				{
					"name": "bone23",
					"parent": "shell_right",
					"pivot": [-1.96247, 21.54035, -1.90185],
					"cubes": [
						{
							"origin": [-2.4001, 21.23734, -2.19166],
							"size": [0.6, 0.65, 0.575],
							"uv": {
								"north": {"uv": [72, 81], "uv_size": [1, 1]},
								"east": {"uv": [72, 81], "uv_size": [1, 1]},
								"south": {"uv": [72, 81], "uv_size": [1, 1]},
								"west": {"uv": [72, 81], "uv_size": [1, 1]},
								"up": {"uv": [71, 80], "uv_size": [1, 1]},
								"down": {"uv": [71, 82], "uv_size": [1, -1]}
							}
						},
						{
							"origin": [-2.8401, 21.29065, -2.12357],
							"size": [1.5, 0.5, 0.5],
							"uv": {
								"north": {"uv": [69, 76], "uv_size": [5, 1]},
								"east": {"uv": [76, 76], "uv_size": [3, 3]},
								"south": {"uv": [74, 76], "uv_size": [-5, 1]},
								"west": {"uv": [79, 76], "uv_size": [3, 3]},
								"up": {"uv": [69, 75], "uv_size": [5, 1]},
								"down": {"uv": [69, 77], "uv_size": [5, -1]}
							}
						}
					]
				},
				{
					"name": "shell_left",
					"parent": "belt",
					"pivot": [0.25, 24.125, 0.25]
				},
				{
					"name": "bone25",
					"parent": "shell_left",
					"pivot": [1.96247, 20.14035, -1.90185],
					"cubes": [
						{
							"origin": [1.8001, 19.83734, -2.19166],
							"size": [0.6, 0.65, 0.575],
							"uv": {
								"north": {"uv": [73, 81], "uv_size": [-1, 1]},
								"east": {"uv": [73, 81], "uv_size": [-1, 1]},
								"south": {"uv": [73, 81], "uv_size": [-1, 1]},
								"west": {"uv": [73, 81], "uv_size": [-1, 1]},
								"up": {"uv": [72, 80], "uv_size": [-1, 1]},
								"down": {"uv": [72, 82], "uv_size": [-1, -1]}
							}
						},
						{
							"origin": [1.3401, 19.89065, -2.12357],
							"size": [1.5, 0.5, 0.5],
							"uv": {
								"north": {"uv": [74, 76], "uv_size": [-5, 1]},
								"east": {"uv": [82, 76], "uv_size": [-3, 3]},
								"south": {"uv": [69, 76], "uv_size": [5, 1]},
								"west": {"uv": [79, 76], "uv_size": [-3, 3]},
								"up": {"uv": [74, 75], "uv_size": [-5, 1]},
								"down": {"uv": [74, 77], "uv_size": [-5, -1]}
							}
						}
					]
				},
				{
					"name": "bone26",
					"parent": "shell_left",
					"pivot": [1.96247, 20.84035, -1.90185],
					"cubes": [
						{
							"origin": [1.8001, 20.53734, -2.19166],
							"size": [0.6, 0.65, 0.575],
							"uv": {
								"north": {"uv": [73, 81], "uv_size": [-1, 1]},
								"east": {"uv": [73, 81], "uv_size": [-1, 1]},
								"south": {"uv": [73, 81], "uv_size": [-1, 1]},
								"west": {"uv": [73, 81], "uv_size": [-1, 1]},
								"up": {"uv": [72, 80], "uv_size": [-1, 1]},
								"down": {"uv": [72, 82], "uv_size": [-1, -1]}
							}
						},
						{
							"origin": [1.3401, 20.59065, -2.12357],
							"size": [1.5, 0.5, 0.5],
							"uv": {
								"north": {"uv": [74, 76], "uv_size": [-5, 1]},
								"east": {"uv": [82, 76], "uv_size": [-3, 3]},
								"south": {"uv": [69, 76], "uv_size": [5, 1]},
								"west": {"uv": [79, 76], "uv_size": [-3, 3]},
								"up": {"uv": [74, 75], "uv_size": [-5, 1]},
								"down": {"uv": [74, 77], "uv_size": [-5, -1]}
							}
						}
					]
				},
				{
					"name": "bone27",
					"parent": "shell_left",
					"pivot": [1.96247, 21.54035, -1.90185],
					"cubes": [
						{
							"origin": [1.8001, 21.23734, -2.19166],
							"size": [0.6, 0.65, 0.575],
							"uv": {
								"north": {"uv": [73, 81], "uv_size": [-1, 1]},
								"east": {"uv": [73, 81], "uv_size": [-1, 1]},
								"south": {"uv": [73, 81], "uv_size": [-1, 1]},
								"west": {"uv": [73, 81], "uv_size": [-1, 1]},
								"up": {"uv": [72, 80], "uv_size": [-1, 1]},
								"down": {"uv": [72, 82], "uv_size": [-1, -1]}
							}
						},
						{
							"origin": [1.3401, 21.29065, -2.12357],
							"size": [1.5, 0.5, 0.5],
							"uv": {
								"north": {"uv": [74, 76], "uv_size": [-5, 1]},
								"east": {"uv": [82, 76], "uv_size": [-3, 3]},
								"south": {"uv": [69, 76], "uv_size": [5, 1]},
								"west": {"uv": [79, 76], "uv_size": [-3, 3]},
								"up": {"uv": [74, 75], "uv_size": [-5, 1]},
								"down": {"uv": [74, 77], "uv_size": [-5, -1]}
							}
						}
					]
				},
				{
					"name": "bone21",
					"parent": "belt",
					"pivot": [-3.6, 19.77124, -1.63929]
				},
				{
					"name": "right3",
					"parent": "bone21",
					"pivot": [-3.6, 19.77124, -1.63929],
					"cubes": [
						{
							"origin": [-2.6, 18.12124, -1.73929],
							"size": [1.075, 1.125, 0.1],
							"pivot": [-3.6, 19.77124, -1.63929],
							"rotation": [66.25, 0, 0],
							"uv": {
								"north": {"uv": [2, 68], "uv_size": [5, 5]},
								"east": {"uv": [1, 68], "uv_size": [1, 5]},
								"south": {"uv": [7, 68], "uv_size": [-5, 5]},
								"west": {"uv": [1, 68], "uv_size": [1, 5]},
								"up": {"uv": [0, 0], "uv_size": [0, 0]},
								"down": {"uv": [0, 0], "uv_size": [0, 0]}
							}
						},
						{
							"origin": [-2.6, 18.12124, -1.73929],
							"size": [1.075, 1.125, 0.1],
							"inflate": -0.02,
							"pivot": [-3.6, 19.77124, -1.63929],
							"rotation": [66.25, 0, 0],
							"uv": {
								"north": {"uv": [2, 74], "uv_size": [5, 5]},
								"east": {"uv": [1, 74], "uv_size": [1, 5]},
								"south": {"uv": [7, 74], "uv_size": [-5, 5]},
								"west": {"uv": [1, 74], "uv_size": [1, 5]},
								"up": {"uv": [0, 0], "uv_size": [0, 0]},
								"down": {"uv": [0, 0], "uv_size": [0, 0]}
							}
						}
					]
				},
				{
					"name": "left3",
					"parent": "bone21",
					"pivot": [3.6, 19.77124, -1.63929],
					"cubes": [
						{
							"origin": [1.525, 18.12124, -1.73929],
							"size": [1.075, 1.125, 0.1],
							"pivot": [3.6, 19.77124, -1.63929],
							"rotation": [66.25, 0, 0],
							"uv": {
								"north": {"uv": [7, 68], "uv_size": [-5, 5]},
								"east": {"uv": [2, 68], "uv_size": [-1, 5]},
								"south": {"uv": [2, 68], "uv_size": [5, 5]},
								"west": {"uv": [2, 68], "uv_size": [-1, 5]},
								"up": {"uv": [0, 0], "uv_size": [0, 0]},
								"down": {"uv": [0, 0], "uv_size": [0, 0]}
							}
						},
						{
							"origin": [1.525, 18.12124, -1.73929],
							"size": [1.075, 1.125, 0.1],
							"inflate": -0.02,
							"pivot": [3.6, 19.77124, -1.63929],
							"rotation": [66.25, 0, 0],
							"uv": {
								"north": {"uv": [7, 74], "uv_size": [-5, 5]},
								"east": {"uv": [2, 74], "uv_size": [-1, 5]},
								"south": {"uv": [2, 74], "uv_size": [5, 5]},
								"west": {"uv": [2, 74], "uv_size": [-1, 5]},
								"up": {"uv": [0, 0], "uv_size": [0, 0]},
								"down": {"uv": [0, 0], "uv_size": [0, 0]}
							}
						}
					]
				},
				{
					"name": "right_arm",
					"pivot": [-4, 22, 0],
					"cubes": [
						{"origin": [-6.25, 17.25, -1.5], "size": [3.25, 6.5, 3], "inflate": -0.251, "uv": [0, 47], "mirror": true}
					]
				},
				{
					"name": "right_chestplate",
					"parent": "right_arm",
					"pivot": [-4.75, 22, 0],
					"cubes": [
						{
							"origin": [-6, 17.531, -1.25],
							"size": [2.75, 6, 2.5],
							"inflate": 0.03,
							"uv": {
								"north": {"uv": [47, 47], "uv_size": [3, 6]},
								"east": {"uv": [44, 47], "uv_size": [3, 6]},
								"south": {"uv": [53, 47], "uv_size": [3, 6]},
								"west": {"uv": [50, 47], "uv_size": [3, 6]},
								"up": {"uv": [47, 44], "uv_size": [3, 3]},
								"down": {"uv": [50, 47], "uv_size": [3, -3]}
							}
						},
						{
							"origin": [-6.05, 20.606, -1.35],
							"size": [2.85, 1.95, 2.7],
							"inflate": 0.03,
							"uv": {
								"north": {"uv": [68, 40], "uv_size": [-3, 4]},
								"east": {"uv": [62, 40], "uv_size": [3, 4]},
								"south": {"uv": [74, 40], "uv_size": [-3, 4]},
								"west": {"uv": [68, 40], "uv_size": [3, 4]},
								"up": {"uv": [0, 0], "uv_size": [0, 0]},
								"down": {"uv": [0, 0], "uv_size": [0, 0]}
							}
						}
					]
				},
				{
					"name": "bone24",
					"parent": "right_chestplate",
					"pivot": [20.25, 21.025, -2]
				},
				{
					"name": "logo2",
					"parent": "bone24",
					"pivot": [-4.625, 20.481, 0.075],
					"rotation": [0, -90, 0],
					"cubes": [
						{
							"origin": [-6.11, 21.231, -1.22],
							"size": [0, 0.7, 2.6],
							"uv": {
								"north": {"uv": [0, 0], "uv_size": [0, 0]},
								"east": {"uv": [75, 101], "uv_size": [26, 7]},
								"south": {"uv": [0, 0], "uv_size": [0, 0]},
								"west": {"uv": [0, 0], "uv_size": [0, 0]},
								"up": {"uv": [0, 0], "uv_size": [0, 0]},
								"down": {"uv": [0, 0], "uv_size": [0, 0]}
							}
						}
					]
				},
				{
					"name": "logo3",
					"parent": "bone24",
					"pivot": [-4.625, 20.481, -0.075],
					"rotation": [0, 90, 0],
					"cubes": [
						{
							"origin": [-6.11, 20.781, -1.03],
							"size": [0, 1.6, 1.9],
							"uv": {
								"north": {"uv": [0, 0], "uv_size": [0, 0]},
								"east": {"uv": [82, 109], "uv_size": [19, 16]},
								"south": {"uv": [0, 0], "uv_size": [0, 0]},
								"west": {"uv": [0, 0], "uv_size": [0, 0]},
								"up": {"uv": [0, 0], "uv_size": [0, 0]},
								"down": {"uv": [0, 0], "uv_size": [0, 0]}
							}
						}
					]
				},
				{
					"name": "logo",
					"parent": "right_chestplate",
					"pivot": [20.25, 21.025, -2],
					"cubes": [
						{
							"origin": [-6.1, 20.831, -0.75],
							"size": [0, 1.5, 1.5],
							"uv": {
								"north": {"uv": [0, 0], "uv_size": [0, 0]},
								"east": {"uv": [78, 85], "uv_size": [16, 16]},
								"south": {"uv": [0, 0], "uv_size": [0, 0]},
								"west": {"uv": [0, 0], "uv_size": [0, 0]},
								"up": {"uv": [0, 0], "uv_size": [0, 0]},
								"down": {"uv": [0, 0], "uv_size": [0, 0]}
							}
						}
					]
				},
				{
					"name": "right_arm_down",
					"parent": "right_arm",
					"pivot": [-4.75, 17.5, 1.25],
					"cubes": [
						{"origin": [-6.25, 12.25, -1.5], "size": [3.25, 5.5, 3], "inflate": -0.251, "uv": [41, 53], "mirror": true},
						{
							"origin": [-6, 13.471, -1.25],
							"size": [2.75, 4, 2.5],
							"inflate": 0.03,
							"uv": {
								"north": {"uv": [53, 19], "uv_size": [3, 4]},
								"east": {"uv": [50, 19], "uv_size": [3, 4]},
								"south": {"uv": [59, 19], "uv_size": [3, 4]},
								"west": {"uv": [56, 19], "uv_size": [3, 4]},
								"up": {"uv": [0, 0], "uv_size": [0, 0]},
								"down": {"uv": [0, 0], "uv_size": [0, 0]}
							}
						}
					]
				},
				{
					"name": "left_arm",
					"pivot": [4, 22, 0],
					"cubes": [
						{"origin": [3, 17.25, -1.5], "size": [3.25, 6.5, 3], "inflate": -0.251, "uv": [0, 47]}
					]
				},
				{
					"name": "left_chestplate",
					"parent": "left_arm",
					"pivot": [4.75, 22, 0],
					"cubes": [
						{
							"origin": [3.25, 17.531, -1.25],
							"size": [2.75, 6, 2.5],
							"inflate": 0.03,
							"uv": {
								"north": {"uv": [50, 47], "uv_size": [-3, 6]},
								"east": {"uv": [53, 47], "uv_size": [-3, 6]},
								"south": {"uv": [56, 47], "uv_size": [-3, 6]},
								"west": {"uv": [47, 47], "uv_size": [-3, 6]},
								"up": {"uv": [50, 44], "uv_size": [-3, 3]},
								"down": {"uv": [53, 47], "uv_size": [-3, -3]}
							}
						},
						{
							"origin": [3.2, 20.606, -1.35],
							"size": [2.85, 1.95, 2.7],
							"inflate": 0.03,
							"uv": {
								"north": {"uv": [65, 36], "uv_size": [3, 4]},
								"east": {"uv": [71, 36], "uv_size": [-3, 4]},
								"south": {"uv": [71, 36], "uv_size": [3, 4]},
								"west": {"uv": [65, 36], "uv_size": [-3, 4]},
								"up": {"uv": [0, 0], "uv_size": [0, 0]},
								"down": {"uv": [0, 0], "uv_size": [0, 0]}
							}
						}
					]
				},
				{
					"name": "meds",
					"parent": "left_chestplate",
					"pivot": [-20.25, 21.525, -2]
				},
				{
					"name": "bone8",
					"parent": "meds",
					"pivot": [-20.25, 21.525, -1.75],
					"cubes": [
						{
							"origin": [6.1, 20.406, -1.075],
							"size": [0.55, 2.35, 0.55],
							"inflate": 0.03,
							"uv": {
								"north": {"uv": [65, 46], "uv_size": [-1, 3]},
								"east": {"uv": [66, 46], "uv_size": [1, 3]},
								"south": {"uv": [66, 46], "uv_size": [-1, 3]},
								"west": {"uv": [64, 46], "uv_size": [-1, 3]},
								"up": {"uv": [0, 0], "uv_size": [0, 0]},
								"down": {"uv": [63, 47], "uv_size": [-1, -1]}
							}
						},
						{
							"origin": [6.125, 20.431, -1.05],
							"size": [0.5, 3.575, 0.5],
							"inflate": 0.03,
							"uv": {
								"north": {"uv": [75, 46], "uv_size": [1, 4]},
								"east": {"uv": [75, 46], "uv_size": [1, 4]},
								"south": {"uv": [75, 46], "uv_size": [1, 4]},
								"west": {"uv": [75, 46], "uv_size": [1, 4]},
								"up": {"uv": [76, 45], "uv_size": [-1, 1]},
								"down": {"uv": [76, 45], "uv_size": [-1, 1]}
							}
						}
					]
				},
				{
					"name": "bone13",
					"parent": "meds",
					"pivot": [-20.25, 21.525, 1.75],
					"cubes": [
						{
							"origin": [6.1, 20.406, 0.525],
							"size": [0.55, 2.35, 0.55],
							"inflate": 0.03,
							"uv": {
								"north": {"uv": [65, 46], "uv_size": [1, 3]},
								"east": {"uv": [67, 46], "uv_size": [-1, 3]},
								"south": {"uv": [64, 46], "uv_size": [1, 3]},
								"west": {"uv": [63, 46], "uv_size": [1, 3]},
								"up": {"uv": [0, 0], "uv_size": [0, 0]},
								"down": {"uv": [63, 46], "uv_size": [-1, 1]}
							}
						},
						{
							"origin": [6.125, 20.431, 0.55],
							"size": [0.5, 3.575, 0.5],
							"inflate": 0.03,
							"uv": {
								"north": {"uv": [75, 46], "uv_size": [-1, 4]},
								"east": {"uv": [75, 46], "uv_size": [-1, 4]},
								"south": {"uv": [75, 46], "uv_size": [-1, 4]},
								"west": {"uv": [75, 46], "uv_size": [-1, 4]},
								"up": {"uv": [75, 46], "uv_size": [-1, -1]},
								"down": {"uv": [75, 46], "uv_size": [-1, -1]}
							}
						}
					]
				},
				{
					"name": "bone10",
					"parent": "meds",
					"pivot": [-20.25, 21.525, -0.95],
					"cubes": [
						{
							"origin": [6.1, 20.406, -0.275],
							"size": [0.55, 2.35, 0.55],
							"inflate": 0.03,
							"uv": {
								"north": {"uv": [65, 46], "uv_size": [-1, 3]},
								"east": {"uv": [66, 46], "uv_size": [1, 3]},
								"south": {"uv": [66, 46], "uv_size": [-1, 3]},
								"west": {"uv": [64, 46], "uv_size": [-1, 3]},
								"up": {"uv": [0, 0], "uv_size": [0, 0]},
								"down": {"uv": [63, 47], "uv_size": [-1, -1]}
							}
						},
						{
							"origin": [6.125, 20.431, -0.25],
							"size": [0.5, 3.575, 0.5],
							"inflate": 0.03,
							"uv": {
								"north": {"uv": [76, 46], "uv_size": [1, 4]},
								"east": {"uv": [76, 46], "uv_size": [1, 4]},
								"south": {"uv": [76, 46], "uv_size": [1, 4]},
								"west": {"uv": [76, 46], "uv_size": [1, 4]},
								"up": {"uv": [77, 45], "uv_size": [-1, 1]},
								"down": {"uv": [77, 45], "uv_size": [-1, 1]}
							}
						}
					]
				},
				{
					"name": "left_arm_down",
					"parent": "left_arm",
					"pivot": [4.75, 17.5, 1.25],
					"cubes": [
						{"origin": [3, 12.25, -1.5], "size": [3.25, 5.5, 3], "inflate": -0.251, "uv": [41, 53]},
						{
							"origin": [3.25, 13.471, -1.25],
							"size": [2.75, 4, 2.5],
							"inflate": 0.03,
							"uv": {
								"north": {"uv": [56, 19], "uv_size": [-3, 4]},
								"east": {"uv": [59, 19], "uv_size": [-3, 4]},
								"south": {"uv": [62, 19], "uv_size": [-3, 4]},
								"west": {"uv": [53, 19], "uv_size": [-3, 4]},
								"up": {"uv": [0, 0], "uv_size": [0, 0]},
								"down": {"uv": [0, 0], "uv_size": [0, 0]}
							}
						}
					]
				},
				{
					"name": "right_leg",
					"pivot": [-1.75, 12, 0],
					"cubes": [
						{
							"origin": [-3.25, 7, -1.25],
							"size": [3, 5, 2.5],
							"uv": {
								"north": {"uv": [59, 53], "uv_size": [-3, 5]},
								"east": {"uv": [62, 53], "uv_size": [-3, 5]},
								"south": {"uv": [65, 53], "uv_size": [-3, 5]},
								"west": {"uv": [56, 53], "uv_size": [-3, 5]},
								"up": {"uv": [59, 50], "uv_size": [-3, 3]},
								"down": {"uv": [62, 53], "uv_size": [-3, -3]}
							}
						},
						{
							"origin": [-3.3, 10, -1.3],
							"size": [3.1, 1, 2.6],
							"uv": {
								"north": {"uv": [35, 56], "uv_size": [-3, 1]},
								"east": {"uv": [38, 56], "uv_size": [-3, 1]},
								"south": {"uv": [41, 56], "uv_size": [-3, 1]},
								"west": {"uv": [32, 56], "uv_size": [-3, 1]},
								"up": {"uv": [0, 0], "uv_size": [0, 0]},
								"down": {"uv": [0, 0], "uv_size": [0, 0]}
							}
						}
					]
				},
				{
					"name": "pistal",
					"parent": "right_leg",
					"pivot": [-4.275, 10.25, -0.5],
					"rotation": [0, -90, 0]
				},
				{
					"name": "APS",
					"parent": "pistal",
					"pivot": [-4.275, 10.25, 0.9492]
				},
				{
					"name": "bone19",
					"parent": "APS",
					"pivot": [-4.225, 10.25, -2.0508],
					"cubes": [
						{
							"origin": [-4.875, 8.975, -2.0258],
							"size": [1.475, 2.825, 1.5],
							"inflate": -0.599,
							"uv": {
								"north": {"uv": [120, 81], "uv_size": [2, 4]},
								"east": {"uv": [118, 81], "uv_size": [2, 4]},
								"south": {"uv": [124, 81], "uv_size": [2, 4]},
								"west": {"uv": [122, 81], "uv_size": [2, 4]},
								"up": {"uv": [120, 79], "uv_size": [2, 2]},
								"down": {"uv": [122, 81], "uv_size": [2, -2]}
							}
						},
						{
							"origin": [-4.325, 9.625, -1.9258],
							"size": [1.2, 1.65, 1.3],
							"inflate": -0.599,
							"uv": {
								"north": {"uv": [0, 0], "uv_size": [0, 0]},
								"east": {"uv": [0, 0], "uv_size": [0, 0]},
								"south": {"uv": [0, 0], "uv_size": [0, 0]},
								"west": {"uv": [122, 75], "uv_size": [2, 4]},
								"up": {"uv": [0, 0], "uv_size": [0, 0]},
								"down": {"uv": [0, 0], "uv_size": [0, 0]}
							}
						},
						{
							"origin": [-4.325, 9.173, -1.9258],
							"size": [1.2, 1.65, 1.3],
							"inflate": -0.599,
							"pivot": [-3.724, 10.224, -1.2248],
							"rotation": [0, 0, 75],
							"uv": {
								"north": {"uv": [0, 0], "uv_size": [0, 0]},
								"east": {"uv": [0, 0], "uv_size": [0, 0]},
								"south": {"uv": [0, 0], "uv_size": [0, 0]},
								"west": {"uv": [122, 75], "uv_size": [2, 4]},
								"up": {"uv": [0, 0], "uv_size": [0, 0]},
								"down": {"uv": [0, 0], "uv_size": [0, 0]}
							}
						},
						{
							"origin": [-4.6, 9.7, -1.9258],
							"size": [1.2, 1.45, 1.3],
							"inflate": -0.599,
							"pivot": [-3.999, 10.551, -1.2248],
							"rotation": [0, 0, -62.5],
							"uv": {
								"north": {"uv": [0, 0], "uv_size": [0, 0]},
								"east": {"uv": [0, 0], "uv_size": [0, 0]},
								"south": {"uv": [0, 0], "uv_size": [0, 0]},
								"west": {"uv": [122, 75], "uv_size": [2, 4]},
								"up": {"uv": [0, 0], "uv_size": [0, 0]},
								"down": {"uv": [0, 0], "uv_size": [0, 0]}
							}
						},
						{
							"origin": [-5.35, 8.225, -2.0258],
							"size": [1.675, 3.575, 1.5],
							"inflate": -0.599,
							"uv": {
								"north": {"uv": [120, 87], "uv_size": [2, 4]},
								"east": {"uv": [118, 87], "uv_size": [2, 4]},
								"south": {"uv": [124, 87], "uv_size": [2, 4]},
								"west": {"uv": [122, 87], "uv_size": [2, 4]},
								"up": {"uv": [120, 85], "uv_size": [2, 2]},
								"down": {"uv": [122, 87], "uv_size": [2, -2]}
							}
						}
					]
				},
				{
					"name": "bone15",
					"parent": "APS",
					"pivot": [-4.16443, 10.67121, 1.7242]
				},
				{
					"name": "bone17",
					"parent": "bone15",
					"pivot": [-4.00007, 10.8755, -1.2248],
					"cubes": [
						{
							"origin": [-4.52407, 10.0765, -2.0258],
							"size": [2.375, 1.725, 1.5],
							"inflate": -0.599,
							"pivot": [-4.00007, 10.8755, -1.2248],
							"rotation": [0, 0, -10],
							"uv": {
								"north": {"uv": [104, 81], "uv_size": [2, 4]},
								"east": {"uv": [102, 81], "uv_size": [2, 4]},
								"south": {"uv": [108, 81], "uv_size": [2, 4]},
								"west": {"uv": [106, 81], "uv_size": [2, 4]},
								"up": {"uv": [104, 79], "uv_size": [2, 2]},
								"down": {"uv": [106, 81], "uv_size": [2, -2]}
							}
						},
						{
							"origin": [-4.64907, 10.0265, -2.0008],
							"size": [2.55, 1.825, 1.45],
							"inflate": -0.599,
							"pivot": [-4.00007, 10.8755, -1.2248],
							"rotation": [0, 0, -10],
							"uv": {
								"north": {"uv": [112, 81], "uv_size": [2, 4]},
								"east": {"uv": [110, 81], "uv_size": [2, 4]},
								"south": {"uv": [116, 81], "uv_size": [2, 4]},
								"west": {"uv": [114, 81], "uv_size": [2, 4]},
								"up": {"uv": [112, 79], "uv_size": [2, 2]},
								"down": {"uv": [114, 81], "uv_size": [2, -2]}
							}
						},
						{
							"origin": [-3.52407, 10.0515, -1.9758],
							"size": [1.45, 1.7, 1.4],
							"inflate": -0.599,
							"pivot": [-4.00007, 10.8755, -1.2248],
							"rotation": [0, 0, -10],
							"uv": {
								"north": {"uv": [104, 87], "uv_size": [2, 4]},
								"east": {"uv": [0, 0], "uv_size": [0, 0]},
								"south": {"uv": [108, 87], "uv_size": [2, 4]},
								"west": {"uv": [0, 0], "uv_size": [0, 0]},
								"up": {"uv": [104, 85], "uv_size": [2, 2]},
								"down": {"uv": [106, 87], "uv_size": [2, -2]}
							}
						},
						{
							"origin": [-3.27407, 9.9265, -2.0008],
							"size": [1.2, 1.825, 1.45],
							"inflate": -0.599,
							"pivot": [-4.00007, 10.8755, -1.2248],
							"rotation": [0, 0, -10],
							"uv": {
								"north": {"uv": [0, 0], "uv_size": [0, 0]},
								"east": {"uv": [0, 0], "uv_size": [0, 0]},
								"south": {"uv": [0, 0], "uv_size": [0, 0]},
								"west": {"uv": [106, 87], "uv_size": [2, 4]},
								"up": {"uv": [0, 0], "uv_size": [0, 0]},
								"down": {"uv": [0, 0], "uv_size": [0, 0]}
							}
						}
					]
				},
				{
					"name": "bone18",
					"parent": "bone15",
					"pivot": [-6.79379, 10.85298, 1.8252],
					"cubes": [
						{
							"origin": [-5.35, 10.602, -2.0258],
							"size": [1.565, 1.855, 1.5],
							"inflate": -0.599,
							"pivot": [-4.751, 11.201, -1.1248],
							"rotation": [0, 0, 60.75],
							"uv": {
								"north": {"uv": [112, 87], "uv_size": [2, 4]},
								"east": {"uv": [110, 87], "uv_size": [2, 4]},
								"south": {"uv": [116, 87], "uv_size": [2, 4]},
								"west": {"uv": [114, 87], "uv_size": [2, 4]},
								"up": {"uv": [112, 85], "uv_size": [2, 2]},
								"down": {"uv": [114, 87], "uv_size": [2, -2]}
							}
						},
						{
							"origin": [-4.99489, 10.54387, -1.9758],
							"size": [1.315, 1.455, 1.4],
							"inflate": -0.599,
							"pivot": [-4.39589, 11.39987, -1.1748],
							"rotation": [0, 0, 85.75],
							"uv": {
								"north": {"uv": [112, 75], "uv_size": [2, 4]},
								"east": {"uv": [110, 75], "uv_size": [2, 4]},
								"south": {"uv": [116, 75], "uv_size": [2, 4]},
								"west": {"uv": [0, 0], "uv_size": [0, 0]},
								"up": {"uv": [0, 0], "uv_size": [0, 0]},
								"down": {"uv": [114, 75], "uv_size": [2, -2]}
							}
						}
					]
				},
				{
					"name": "bone20",
					"parent": "pistal",
					"pivot": [-3.95, 11, -0.95],
					"cubes": [
						{
							"origin": [-4.1, 10.85, -1.075],
							"size": [0.3, 0.3, 0.075],
							"pivot": [-3.95, 11, -0.95],
							"rotation": [0, 0, 45],
							"uv": {
								"north": {"uv": [54, 128], "uv_size": [1, -1]},
								"east": {"uv": [54, 128], "uv_size": [1, -1]},
								"south": {"uv": [54, 128], "uv_size": [1, -1]},
								"west": {"uv": [54, 128], "uv_size": [1, -1]},
								"up": {"uv": [55, 127], "uv_size": [-1, 1]},
								"down": {"uv": [55, 127], "uv_size": [-1, 1]}
							}
						}
					]
				},
				{
					"name": "bone149",
					"parent": "pistal",
					"pivot": [-4.275, 10.2, -0.5],
					"rotation": [0, 0, 12.5]
				},
				{
					"name": "bone16",
					"parent": "bone149",
					"pivot": [-3.34445, 9.34519, -0.6998]
				},
				{
					"name": "bone14",
					"parent": "bone16",
					"pivot": [-3.34445, 9.34519, -0.6998],
					"cubes": [
						{
							"origin": [-5.45, 8.225, -2.1008],
							"size": [2.05, 3.525, 1.65],
							"inflate": -0.599,
							"pivot": [-4.05, 10.675, -1.1008],
							"rotation": [0, 0, -12.5],
							"uv": {
								"north": {"uv": [120, 95], "uv_size": [2, 4]},
								"east": {"uv": [118, 95], "uv_size": [2, 4]},
								"south": {"uv": [124, 95], "uv_size": [2, 4]},
								"west": {"uv": [0, 0], "uv_size": [0, 0]},
								"up": {"uv": [0, 0], "uv_size": [0, 0]},
								"down": {"uv": [122, 95], "uv_size": [2, -2]}
							}
						},
						{
							"origin": [-5.45, 10.225, -2.1008],
							"size": [2.85, 2, 1.675],
							"inflate": -0.599,
							"pivot": [-4.05, 10.675, -1.1008],
							"rotation": [0, 0, -12.5],
							"uv": {
								"north": {"uv": [112, 95], "uv_size": [2, 4]},
								"east": {"uv": [0, 0], "uv_size": [0, 0]},
								"south": {"uv": [116, 95], "uv_size": [2, 4]},
								"west": {"uv": [0, 0], "uv_size": [0, 0]},
								"up": {"uv": [112, 93], "uv_size": [2, 2]},
								"down": {"uv": [0, 0], "uv_size": [0, 0]}
							}
						},
						{
							"origin": [-5.07458, 8.27891, -2.0998],
							"size": [2.075, 3.355, 1.65],
							"inflate": -0.6,
							"pivot": [-3.59958, 8.87891, -1.0498],
							"rotation": [0.25, 0, 9.5],
							"uv": {
								"north": {"uv": [120, 106], "uv_size": [2, 4]},
								"east": {"uv": [0, 0], "uv_size": [0, 0]},
								"south": {"uv": [124, 106], "uv_size": [2, 4]},
								"west": {"uv": [122, 106], "uv_size": [2, 4]},
								"up": {"uv": [0, 0], "uv_size": [0, 0]},
								"down": {"uv": [0, 0], "uv_size": [0, 0]}
							}
						}
					]
				},
				{
					"name": "right_leg_down",
					"parent": "right_leg",
					"pivot": [-1.75, 7, -1.5],
					"cubes": [
						{
							"origin": [-3.25, 1.01, -1.25],
							"size": [3, 6, 2.5],
							"uv": {
								"north": {"uv": [55, 38], "uv_size": [-3, 6]},
								"east": {"uv": [58, 38], "uv_size": [-3, 6]},
								"south": {"uv": [61, 38], "uv_size": [-3, 6]},
								"west": {"uv": [52, 38], "uv_size": [-3, 6]},
								"up": {"uv": [55, 35], "uv_size": [-3, 3]},
								"down": {"uv": [58, 38], "uv_size": [-3, -3]}
							}
						}
					]
				},
				{
					"name": "right_foot",
					"parent": "right_leg_down",
					"pivot": [-1.75, 7, -1.5],
					"cubes": [
						{
							"origin": [-2.769, 0.001, -4.38503],
							"size": [2.038, 2, 0.86],
							"inflate": 0.001,
							"uv": {
								"north": {"uv": [3, 17], "uv_size": [-2, 2]},
								"east": {"uv": [4, 17], "uv_size": [-1, 2]},
								"south": {"uv": [6, 17], "uv_size": [-2, 2]},
								"west": {"uv": [1, 17], "uv_size": [-1, 2]},
								"up": {"uv": [3, 16], "uv_size": [-2, 1]},
								"down": {"uv": [5, 17], "uv_size": [-2, -1]}
							}
						},
						{
							"origin": [-3.25, 0.02, 0.35],
							"size": [3, 0.96, 0.9],
							"inflate": 0.02,
							"uv": {
								"north": {"uv": [12, 3], "uv_size": [-3, 1]},
								"east": {"uv": [13, 3], "uv_size": [-1, 1]},
								"south": {"uv": [16, 3], "uv_size": [-3, 1]},
								"west": {"uv": [9, 3], "uv_size": [-1, 1]},
								"up": {"uv": [12, 2], "uv_size": [-3, 1]},
								"down": {"uv": [15, 3], "uv_size": [-3, -1]}
							}
						},
						{
							"origin": [-3.25, 0.02, -3.5],
							"size": [3, 0.96, 2.85],
							"inflate": 0.02,
							"uv": {
								"north": {"uv": [38, 10], "uv_size": [-3, 1]},
								"east": {"uv": [41, 10], "uv_size": [-3, 1]},
								"south": {"uv": [44, 10], "uv_size": [-3, 1]},
								"west": {"uv": [35, 10], "uv_size": [-3, 1]},
								"up": {"uv": [0, 0], "uv_size": [0, 0]},
								"down": {"uv": [41, 10], "uv_size": [-3, -3]}
							}
						},
						{
							"origin": [-3.25, 1.02, -3.5],
							"size": [3, 0.96, 4.75],
							"inflate": 0.02,
							"uv": {
								"north": {"uv": [50, 15], "uv_size": [-3, 1]},
								"east": {"uv": [55, 15], "uv_size": [-5, 1]},
								"south": {"uv": [58, 15], "uv_size": [-3, 1]},
								"west": {"uv": [47, 15], "uv_size": [-5, 1]},
								"up": {"uv": [50, 10], "uv_size": [-3, 5]},
								"down": {"uv": [53, 15], "uv_size": [-3, -5]}
							}
						},
						{
							"origin": [-3.25, 2, -1.35],
							"size": [3, 2, 2.6],
							"inflate": 0.02,
							"uv": {
								"north": {"uv": [15, 57], "uv_size": [-3, 2]},
								"east": {"uv": [18, 57], "uv_size": [-3, 2]},
								"south": {"uv": [21, 57], "uv_size": [-3, 2]},
								"west": {"uv": [12, 57], "uv_size": [-3, 2]},
								"up": {"uv": [0, 0], "uv_size": [0, 0]},
								"down": {"uv": [18, 57], "uv_size": [-3, -3]}
							}
						}
					]
				},
				{
					"name": "shoes4",
					"parent": "right_foot",
					"pivot": [-3.25, 0, -3.5],
					"rotation": [0, -30, 0],
					"cubes": [
						{
							"origin": [-3.27732, 0.01, -4.50732],
							"size": [1, 1.99, 1],
							"uv": {
								"north": {"uv": [0, 0], "uv_size": [0, 0]},
								"east": {"uv": [42, 1], "uv_size": [1, 2]},
								"south": {"uv": [0, 0], "uv_size": [0, 0]},
								"west": {"uv": [0, 0], "uv_size": [0, 0]},
								"up": {"uv": [43, 0], "uv_size": [1, 1]},
								"down": {"uv": [44, 1], "uv_size": [1, -1]}
							}
						}
					]
				},
				{
					"name": "shoes5",
					"parent": "right_foot",
					"pivot": [-0.25, 0, -3.5],
					"rotation": [0, 30, 0],
					"cubes": [
						{
							"origin": [-1.22268, 0.01, -4.50732],
							"size": [1, 1.99, 1],
							"uv": {
								"north": {"uv": [0, 0], "uv_size": [0, 0]},
								"east": {"uv": [0, 0], "uv_size": [0, 0]},
								"south": {"uv": [0, 0], "uv_size": [0, 0]},
								"west": {"uv": [43, 1], "uv_size": [-1, 2]},
								"up": {"uv": [44, 0], "uv_size": [-1, 1]},
								"down": {"uv": [45, 1], "uv_size": [-1, -1]}
							}
						}
					]
				},
				{
					"name": "shoes6",
					"parent": "right_foot",
					"pivot": [-1.75, 2, -3.5],
					"rotation": [27.5, 0, 0],
					"cubes": [
						{
							"origin": [-3.25, 1, -3.5],
							"size": [3, 1, 2.825],
							"inflate": 0.021,
							"uv": {
								"north": {"uv": [60, 14], "uv_size": [-3, 1]},
								"east": {"uv": [65, 10], "uv_size": [-3, 1]},
								"south": {"uv": [65, 14], "uv_size": [-3, 1]},
								"west": {"uv": [60, 10], "uv_size": [-3, 1]},
								"up": {"uv": [60, 11], "uv_size": [-3, 3]},
								"down": {"uv": [63, 14], "uv_size": [-3, -3]}
							}
						}
					]
				},
				{
					"name": "right_leg_hide_parts",
					"parent": "right_leg",
					"pivot": [-23.5, 21, -2]
				},
				{
					"name": "left_leg",
					"pivot": [1.75, 12, 0],
					"cubes": [
						{
							"origin": [0.25, 7, -1.25],
							"size": [3, 5, 2.5],
							"uv": {
								"north": {"uv": [68, 53], "uv_size": [3, 5]},
								"east": {"uv": [65, 53], "uv_size": [3, 5]},
								"south": {"uv": [74, 53], "uv_size": [3, 5]},
								"west": {"uv": [71, 53], "uv_size": [3, 5]},
								"up": {"uv": [68, 50], "uv_size": [3, 3]},
								"down": {"uv": [71, 53], "uv_size": [3, -3]}
							}
						}
					]
				},
				{
					"name": "left_leg_down",
					"parent": "left_leg",
					"pivot": [1.75, 7, -1.5],
					"cubes": [
						{
							"origin": [0.25, 1.01, -1.25],
							"size": [3, 6, 2.5],
							"uv": {
								"north": {"uv": [40, 38], "uv_size": [3, 6]},
								"east": {"uv": [37, 38], "uv_size": [3, 6]},
								"south": {"uv": [46, 38], "uv_size": [3, 6]},
								"west": {"uv": [43, 38], "uv_size": [3, 6]},
								"up": {"uv": [40, 35], "uv_size": [3, 3]},
								"down": {"uv": [43, 38], "uv_size": [3, -3]}
							}
						}
					]
				},
				{
					"name": "left_foot",
					"parent": "left_leg_down",
					"pivot": [1.75, 7, -1.5],
					"cubes": [
						{
							"origin": [0.731, 0.001, -4.38503],
							"size": [2.038, 2, 0.86],
							"inflate": 0.001,
							"uv": {
								"north": {"uv": [1, 17], "uv_size": [2, 2]},
								"east": {"uv": [0, 17], "uv_size": [1, 2]},
								"south": {"uv": [4, 17], "uv_size": [2, 2]},
								"west": {"uv": [3, 17], "uv_size": [1, 2]},
								"up": {"uv": [1, 16], "uv_size": [2, 1]},
								"down": {"uv": [3, 17], "uv_size": [2, -1]}
							}
						},
						{
							"origin": [0.25, 0.02, 0.35],
							"size": [3, 0.96, 0.9],
							"inflate": 0.02,
							"uv": {
								"north": {"uv": [9, 1], "uv_size": [3, 1]},
								"east": {"uv": [8, 1], "uv_size": [1, 1]},
								"south": {"uv": [13, 1], "uv_size": [3, 1]},
								"west": {"uv": [12, 1], "uv_size": [1, 1]},
								"up": {"uv": [9, 0], "uv_size": [3, 1]},
								"down": {"uv": [12, 1], "uv_size": [3, -1]}
							}
						},
						{
							"origin": [0.25, 0.02, -3.5],
							"size": [3, 0.96, 2.85],
							"inflate": 0.02,
							"uv": {
								"north": {"uv": [23, 10], "uv_size": [3, 1]},
								"east": {"uv": [20, 10], "uv_size": [3, 1]},
								"south": {"uv": [29, 10], "uv_size": [3, 1]},
								"west": {"uv": [26, 10], "uv_size": [3, 1]},
								"up": {"uv": [0, 0], "uv_size": [0, 0]},
								"down": {"uv": [26, 10], "uv_size": [3, -3]}
							}
						},
						{
							"origin": [0.25, 1.02, -3.5],
							"size": [3, 0.96, 4.75],
							"inflate": 0.02,
							"uv": {
								"north": {"uv": [47, 15], "uv_size": [3, 1]},
								"east": {"uv": [42, 15], "uv_size": [5, 1]},
								"south": {"uv": [55, 15], "uv_size": [3, 1]},
								"west": {"uv": [50, 15], "uv_size": [5, 1]},
								"up": {"uv": [47, 10], "uv_size": [3, 5]},
								"down": {"uv": [50, 15], "uv_size": [3, -5]}
							}
						},
						{
							"origin": [0.25, 2, -1.35],
							"size": [3, 2, 2.6],
							"inflate": 0.02,
							"uv": {
								"north": {"uv": [12, 57], "uv_size": [3, 2]},
								"east": {"uv": [9, 57], "uv_size": [3, 2]},
								"south": {"uv": [18, 57], "uv_size": [3, 2]},
								"west": {"uv": [15, 57], "uv_size": [3, 2]},
								"up": {"uv": [0, 0], "uv_size": [0, 0]},
								"down": {"uv": [15, 57], "uv_size": [3, -3]}
							}
						}
					]
				},
				{
					"name": "shoes2",
					"parent": "left_foot",
					"pivot": [3.25, 0, -3.5],
					"rotation": [0, 30, 0],
					"cubes": [
						{
							"origin": [2.27732, 0.01, -4.50732],
							"size": [1, 1.99, 1],
							"uv": {
								"north": {"uv": [0, 0], "uv_size": [0, 0]},
								"east": {"uv": [0, 0], "uv_size": [0, 0]},
								"south": {"uv": [0, 0], "uv_size": [0, 0]},
								"west": {"uv": [43, 1], "uv_size": [-1, 2]},
								"up": {"uv": [44, 0], "uv_size": [-1, 1]},
								"down": {"uv": [45, 1], "uv_size": [-1, -1]}
							}
						}
					]
				},
				{
					"name": "shoes3",
					"parent": "left_foot",
					"pivot": [0.25, 0, -3.5],
					"rotation": [0, -30, 0],
					"cubes": [
						{
							"origin": [0.22268, 0.01, -4.50732],
							"size": [1, 1.99, 1],
							"uv": {
								"north": {"uv": [0, 0], "uv_size": [0, 0]},
								"east": {"uv": [42, 1], "uv_size": [1, 2]},
								"south": {"uv": [0, 0], "uv_size": [0, 0]},
								"west": {"uv": [0, 0], "uv_size": [0, 0]},
								"up": {"uv": [43, 0], "uv_size": [1, 1]},
								"down": {"uv": [44, 1], "uv_size": [1, -1]}
							}
						}
					]
				},
				{
					"name": "shoes7",
					"parent": "left_foot",
					"pivot": [1.75, 2, -3.5],
					"rotation": [27.5, 0, 0],
					"cubes": [
						{
							"origin": [0.25, 1, -3.5],
							"size": [3, 1, 2.825],
							"inflate": 0.021,
							"uv": {
								"north": {"uv": [57, 14], "uv_size": [3, 1]},
								"east": {"uv": [57, 10], "uv_size": [3, 1]},
								"south": {"uv": [62, 14], "uv_size": [3, 1]},
								"west": {"uv": [62, 10], "uv_size": [3, 1]},
								"up": {"uv": [57, 11], "uv_size": [3, 3]},
								"down": {"uv": [60, 14], "uv_size": [3, -3]}
							}
						}
					]
				},
				{
					"name": "left_leg_hide_parts",
					"parent": "left_leg",
					"pivot": [23.5, 21, -2]
				}
			]
		}
	]
}