{
	"format_version": "1.12.0",
	"minecraft:geometry": [
		{
			"description": {
				"identifier": "geometry.model",
				"texture_width": 128,
				"texture_height": 128,
				"visible_bounds_width": 2,
				"visible_bounds_height": 3.5,
				"visible_bounds_offset": [0, 1.25, 0]
			},
			"bones": [
				{
					"name": "head",
					"pivot": [0, 24, 0],
					"cubes": [
						{"origin": [-4, 24, -4], "size": [8, 8, 8], "uv": [0, 16]},
						{
							"origin": [-4, 22, -4],
							"size": [8, 10, 8],
							"inflate": 0.25,
							"uv": {
								"north": {"uv": [8, 69], "uv_size": [8, 10]},
								"east": {"uv": [0, 69], "uv_size": [8, 10]},
								"south": {"uv": [0, 0], "uv_size": [0, 0]},
								"west": {"uv": [16, 69], "uv_size": [8, 10]},
								"up": {"uv": [8, 61], "uv_size": [8, 8]},
								"down": {"uv": [0, 0], "uv_size": [0, 0]}
							}
						}
					]
				},
				{
					"name": "left_ear",
					"parent": "head",
					"pivot": [2, 30, -1]
				},
				{
					"name": "ear4",
					"parent": "left_ear",
					"pivot": [3, 32, -1],
					"rotation": [10, 0, 20],
					"cubes": [
						{
							"origin": [1.49815, 30.80208, -1.95527],
							"size": [1, 3, 1],
							"uv": {
								"north": {"uv": [26, 20], "uv_size": [-1, 3]},
								"east": {"uv": [27, 20], "uv_size": [-1, 3]},
								"south": {"uv": [28, 20], "uv_size": [-1, 3]},
								"west": {"uv": [25, 20], "uv_size": [-1, 3]},
								"up": {"uv": [0, 0], "uv_size": [0, 0]},
								"down": {"uv": [0, 0], "uv_size": [0, 0]}
							}
						}
					]
				},
				{
					"name": "ear5",
					"parent": "ear4",
					"pivot": [2.68584, 30.86585, -2.43628],
					"rotation": [13.5773, -1.77024, 7.28925],
					"cubes": [
						{
							"origin": [1.81002, 31.16281, -1.05799],
							"size": [1.95, 3.175, 0.975],
							"uv": {
								"north": {"uv": [3, 3], "uv_size": [-2, 3]},
								"east": {"uv": [4, 3], "uv_size": [-1, 3]},
								"south": {"uv": [6, 3], "uv_size": [-2, 3]},
								"west": {"uv": [1, 3], "uv_size": [-1, 3]},
								"up": {"uv": [3, 2], "uv_size": [-2, 1]},
								"down": {"uv": [0, 0], "uv_size": [0, 0]}
							}
						}
					]
				},
				{
					"name": "ear6",
					"parent": "ear4",
					"pivot": [1.53584, 34.01585, -3.18628],
					"rotation": [0, 0, 35],
					"cubes": [
						{"origin": [1.62758, 33.81912, -1.95527], "size": [1, 3, 1], "inflate": 0.001, "uv": [28, 20], "mirror": true}
					]
				},
				{
					"name": "ear10",
					"parent": "ear6",
					"pivot": [2.53584, 37.01585, -3.18628],
					"rotation": [0, 0, -45],
					"cubes": [
						{"origin": [1.46161, 33.81188, -1.95527], "size": [1, 3, 1], "uv": [28, 20], "mirror": true}
					]
				},
				{
					"name": "ear11",
					"parent": "ear10",
					"pivot": [2.53584, 34.01585, -3.18628],
					"rotation": [0, 0, 30],
					"cubes": [
						{
							"origin": [1.57354, 30.80208, -1.95527],
							"size": [1, 3, 1],
							"inflate": -0.001,
							"uv": {
								"north": {"uv": [26, 20], "uv_size": [-1, 3]},
								"east": {"uv": [27, 20], "uv_size": [-1, 3]},
								"south": {"uv": [28, 20], "uv_size": [-1, 3]},
								"west": {"uv": [25, 20], "uv_size": [-1, 3]},
								"up": {"uv": [0, 0], "uv_size": [0, 0]},
								"down": {"uv": [0, 0], "uv_size": [0, 0]}
							}
						}
					]
				},
				{
					"name": "ear12",
					"parent": "ear4",
					"pivot": [2.78584, 31.01585, -1.18628],
					"cubes": [
						{
							"origin": [1.8577, 29.82527, -1.24912],
							"size": [1.95, 2, 1],
							"inflate": 0.001,
							"uv": {
								"north": {"uv": [3, 20], "uv_size": [-2, 2]},
								"east": {"uv": [4, 20], "uv_size": [-1, 2]},
								"south": {"uv": [6, 20], "uv_size": [-2, 2]},
								"west": {"uv": [1, 20], "uv_size": [-1, 2]},
								"up": {"uv": [3, 19], "uv_size": [-2, 1]},
								"down": {"uv": [5, 20], "uv_size": [-2, -1]}
							}
						}
					]
				},
				{
					"name": "flow2",
					"parent": "left_ear",
					"pivot": [4.4, 32.8, -2.6],
					"rotation": [7.5, 0, -17.5],
					"cubes": [
						{
							"origin": [-0.38991, 28.17199, -6.3],
							"size": [9, 9.2, 9.2],
							"inflate": -3.95,
							"uv": {
								"north": {"uv": [70, 40], "uv_size": [9, 9]},
								"east": {"uv": [0, 0], "uv_size": [0, 0]},
								"south": {"uv": [0, 0], "uv_size": [0, 0]},
								"west": {"uv": [0, 0], "uv_size": [0, 0]},
								"up": {"uv": [0, 0], "uv_size": [0, 0]},
								"down": {"uv": [0, 0], "uv_size": [0, 0]}
							}
						},
						{
							"origin": [-0.52261, 27.12548, -6.51],
							"size": [9, 9.2, 9.2],
							"inflate": -4.1,
							"uv": {
								"north": {"uv": [70, 40], "uv_size": [9, 9]},
								"east": {"uv": [0, 0], "uv_size": [0, 0]},
								"south": {"uv": [0, 0], "uv_size": [0, 0]},
								"west": {"uv": [0, 0], "uv_size": [0, 0]},
								"up": {"uv": [0, 0], "uv_size": [0, 0]},
								"down": {"uv": [0, 0], "uv_size": [0, 0]}
							}
						}
					]
				},
				{
					"name": "right_ear",
					"parent": "head",
					"pivot": [-2, 30, -1]
				},
				{
					"name": "ear2",
					"parent": "right_ear",
					"pivot": [-3, 32, -1],
					"rotation": [10, 0, -20],
					"cubes": [
						{
							"origin": [-2.49815, 30.80208, -1.95527],
							"size": [1, 3, 1],
							"uv": {
								"north": {"uv": [25, 20], "uv_size": [1, 3]},
								"east": {"uv": [24, 20], "uv_size": [1, 3]},
								"south": {"uv": [27, 20], "uv_size": [1, 3]},
								"west": {"uv": [26, 20], "uv_size": [1, 3]},
								"up": {"uv": [0, 0], "uv_size": [0, 0]},
								"down": {"uv": [0, 0], "uv_size": [0, 0]}
							}
						}
					]
				},
				{
					"name": "ear3",
					"parent": "ear2",
					"pivot": [-2.68584, 30.86585, -2.43628],
					"rotation": [13.5773, 1.77024, -7.28925],
					"cubes": [
						{
							"origin": [-3.68502, 31.16281, -1.05799],
							"size": [1.875, 3.175, 0.975],
							"uv": {
								"north": {"uv": [1, 3], "uv_size": [2, 3]},
								"east": {"uv": [0, 3], "uv_size": [1, 3]},
								"south": {"uv": [4, 3], "uv_size": [2, 3]},
								"west": {"uv": [3, 3], "uv_size": [1, 3]},
								"up": {"uv": [1, 2], "uv_size": [2, 1]},
								"down": {"uv": [0, 0], "uv_size": [0, 0]}
							}
						}
					]
				},
				{
					"name": "ear7",
					"parent": "ear2",
					"pivot": [-1.53584, 34.01585, -3.18628],
					"rotation": [0, 0, -35],
					"cubes": [
						{"origin": [-2.62758, 33.81912, -1.95527], "size": [1, 3, 1], "inflate": 0.001, "uv": [28, 20]}
					]
				},
				{
					"name": "ear8",
					"parent": "ear7",
					"pivot": [-2.53584, 37.01585, -3.18628],
					"rotation": [0, 0, 45],
					"cubes": [
						{"origin": [-2.46161, 33.81188, -1.95527], "size": [1, 3, 1], "uv": [28, 20]}
					]
				},
				{
					"name": "ear9",
					"parent": "ear8",
					"pivot": [-2.53584, 34.01585, -3.18628],
					"rotation": [0, 0, -30],
					"cubes": [
						{
							"origin": [-2.57354, 30.80208, -1.95527],
							"size": [1, 3, 1],
							"inflate": -0.001,
							"uv": {
								"north": {"uv": [25, 20], "uv_size": [1, 3]},
								"east": {"uv": [24, 20], "uv_size": [1, 3]},
								"south": {"uv": [27, 20], "uv_size": [1, 3]},
								"west": {"uv": [26, 20], "uv_size": [1, 3]},
								"up": {"uv": [0, 0], "uv_size": [0, 0]},
								"down": {"uv": [0, 0], "uv_size": [0, 0]}
							}
						}
					]
				},
				{
					"name": "ear13",
					"parent": "ear2",
					"pivot": [-2.78584, 31.01585, -1.18628],
					"cubes": [
						{
							"origin": [-3.8077, 29.82527, -1.24912],
							"size": [1.95, 2, 1],
							"inflate": 0.001,
							"uv": {
								"north": {"uv": [1, 20], "uv_size": [2, 2]},
								"east": {"uv": [0, 20], "uv_size": [1, 2]},
								"south": {"uv": [4, 20], "uv_size": [2, 2]},
								"west": {"uv": [3, 20], "uv_size": [1, 2]},
								"up": {"uv": [1, 19], "uv_size": [2, 1]},
								"down": {"uv": [3, 20], "uv_size": [2, -1]}
							}
						}
					]
				},
				{
					"name": "flow",
					"parent": "right_ear",
					"pivot": [-4.4, 32.8, -2.6],
					"rotation": [10, 0, 17.5],
					"cubes": [
						{
							"origin": [-8.61009, 28.17199, -6.3],
							"size": [9, 9.2, 9.2],
							"inflate": -3.95,
							"uv": {
								"north": {"uv": [79, 40], "uv_size": [-9, 9]},
								"east": {"uv": [0, 0], "uv_size": [0, 0]},
								"south": {"uv": [0, 0], "uv_size": [0, 0]},
								"west": {"uv": [0, 0], "uv_size": [0, 0]},
								"up": {"uv": [0, 0], "uv_size": [0, 0]},
								"down": {"uv": [0, 0], "uv_size": [0, 0]}
							}
						},
						{
							"origin": [-8.47739, 27.12548, -6.51],
							"size": [9, 9.2, 9.2],
							"inflate": -4.1,
							"uv": {
								"north": {"uv": [79, 40], "uv_size": [-9, 9]},
								"east": {"uv": [0, 0], "uv_size": [0, 0]},
								"south": {"uv": [0, 0], "uv_size": [0, 0]},
								"west": {"uv": [0, 0], "uv_size": [0, 0]},
								"up": {"uv": [0, 0], "uv_size": [0, 0]},
								"down": {"uv": [0, 0], "uv_size": [0, 0]}
							}
						}
					]
				},
				{
					"name": "long_hair",
					"parent": "head",
					"pivot": [0, 32, 0],
					"cubes": [
						{"origin": [-2, 27, 4], "size": [4, 4, 4], "inflate": -0.4, "uv": [36, 69]},
						{"origin": [-2, 27, 4], "size": [4, 4, 4], "inflate": -0.2, "uv": [36, 77]}
					]
				},
				{
					"name": "bone8",
					"parent": "head",
					"pivot": [-1.4, 28, 5.5],
					"rotation": [0, 0, 15],
					"cubes": [
						{
							"origin": [-2.9, 24, 4.3],
							"size": [3, 6, 1.8],
							"inflate": -0.9,
							"uv": {
								"north": {"uv": [14, 4], "uv_size": [3, 6]},
								"east": {"uv": [13, 4], "uv_size": [1, 6]},
								"south": {"uv": [18, 4], "uv_size": [3, 6]},
								"west": {"uv": [17, 4], "uv_size": [1, 6]},
								"up": {"uv": [0, 0], "uv_size": [0, 0]},
								"down": {"uv": [17, 4], "uv_size": [3, -1]}
							}
						}
					]
				},
				{
					"name": "bone9",
					"parent": "bone8",
					"pivot": [-1.7, 28, 5.5],
					"rotation": [0, 0, 27.5],
					"cubes": [
						{
							"origin": [-3.3, 25, 4.2],
							"size": [3, 5, 1.3],
							"inflate": -0.9,
							"uv": {
								"north": {"uv": [14, 5], "uv_size": [3, 5]},
								"east": {"uv": [13, 5], "uv_size": [1, 5]},
								"south": {"uv": [18, 5], "uv_size": [3, 5]},
								"west": {"uv": [17, 5], "uv_size": [1, 5]},
								"up": {"uv": [0, 0], "uv_size": [0, 0]},
								"down": {"uv": [17, 5], "uv_size": [3, -1]}
							}
						}
					]
				},
				{
					"name": "bone10",
					"parent": "head",
					"pivot": [1.4, 28, 5.5],
					"rotation": [0, 0, -15],
					"cubes": [
						{
							"origin": [-0.1, 24, 4.3],
							"size": [3, 6, 1.8],
							"inflate": -0.9,
							"uv": {
								"north": {"uv": [17, 4], "uv_size": [-3, 6]},
								"east": {"uv": [18, 4], "uv_size": [-1, 6]},
								"south": {"uv": [21, 4], "uv_size": [-3, 6]},
								"west": {"uv": [14, 4], "uv_size": [-1, 6]},
								"up": {"uv": [0, 0], "uv_size": [0, 0]},
								"down": {"uv": [20, 4], "uv_size": [-3, -1]}
							}
						}
					]
				},
				{
					"name": "bone11",
					"parent": "bone10",
					"pivot": [1.7, 28, 5.5],
					"rotation": [0, 0, -27.5],
					"cubes": [
						{
							"origin": [0.3, 25, 4.2],
							"size": [3, 5, 1.3],
							"inflate": -0.9,
							"uv": {
								"north": {"uv": [17, 4], "uv_size": [-3, 5]},
								"east": {"uv": [18, 4], "uv_size": [-1, 5]},
								"south": {"uv": [21, 4], "uv_size": [-3, 5]},
								"west": {"uv": [14, 4], "uv_size": [-1, 5]},
								"up": {"uv": [0, 0], "uv_size": [0, 0]},
								"down": {"uv": [20, 4], "uv_size": [-3, -1]}
							}
						}
					]
				},
				{
					"name": "tail",
					"pivot": [0, 15, 2]
				},
				{
					"name": "tail3",
					"parent": "tail",
					"pivot": [0, 18, 1],
					"rotation": [25, 0, 0],
					"cubes": [
						{
							"origin": [-1.5, 7.99, -0.99],
							"size": [3, 7, 4],
							"inflate": -0.51,
							"uv": {
								"north": {"uv": [34, 48], "uv_size": [3, 7]},
								"east": {"uv": [30, 48], "uv_size": [4, 7]},
								"south": {"uv": [41, 48], "uv_size": [3, 7]},
								"west": {"uv": [37, 48], "uv_size": [4, 7]},
								"up": {"uv": [34, 44], "uv_size": [3, 4]},
								"down": {"uv": [0, 0], "uv_size": [0, 0]}
							}
						}
					]
				},
				{
					"name": "tail_down",
					"parent": "tail",
					"pivot": [0, 10, 7],
					"rotation": [9.66, 0, 0],
					"cubes": [
						{
							"origin": [-1.5, 3.62865, 2.88723],
							"size": [3, 7, 4],
							"inflate": -0.5,
							"uv": {
								"north": {"uv": [20, 47], "uv_size": [3, 7]},
								"east": {"uv": [16, 47], "uv_size": [4, 7]},
								"south": {"uv": [27, 47], "uv_size": [3, 7]},
								"west": {"uv": [23, 47], "uv_size": [4, 7]},
								"up": {"uv": [20, 43], "uv_size": [3, 4]},
								"down": {"uv": [0, 0], "uv_size": [0, 0]}
							}
						},
						{
							"origin": [-1, 3.3641, 3.92286],
							"size": [2, 7, 2],
							"inflate": -0.5,
							"uv": {
								"north": {"uv": [22, 34], "uv_size": [2, 7]},
								"east": {"uv": [20, 34], "uv_size": [2, 7]},
								"south": {"uv": [26, 34], "uv_size": [2, 7]},
								"west": {"uv": [24, 34], "uv_size": [2, 7]},
								"up": {"uv": [22, 32], "uv_size": [2, 2]},
								"down": {"uv": [0, 0], "uv_size": [0, 0]}
							}
						}
					]
				},
				{
					"name": "body",
					"pivot": [0, 24, 0],
					"cubes": [
						{"origin": [-2.5, 21.8, -2.5], "size": [5, 4, 5], "inflate": -1.25, "uv": [27, 11]},
						{
							"origin": [-3.5, 11.73, -1.5],
							"size": [7, 12, 3],
							"inflate": -0.251,
							"uv": {
								"north": {"uv": [3, 35], "uv_size": [7, 12]},
								"east": {"uv": [0, 35], "uv_size": [3, 12]},
								"south": {"uv": [13, 35], "uv_size": [7, 12]},
								"west": {"uv": [10, 35], "uv_size": [3, 12]},
								"up": {"uv": [3, 32], "uv_size": [7, 3]},
								"down": {"uv": [0, 0], "uv_size": [0, 0]}
							}
						},
						{
							"origin": [-7, 11.7, -9.2],
							"size": [18.4, 18.4, 15.9],
							"inflate": -8.2,
							"uv": {
								"north": {"uv": [0, 0], "uv_size": [0, 0]},
								"east": {"uv": [0, 0], "uv_size": [0, 0]},
								"south": {"uv": [50, 114], "uv_size": [14, 14]},
								"west": {"uv": [0, 0], "uv_size": [0, 0]},
								"up": {"uv": [0, 0], "uv_size": [0, 0]},
								"down": {"uv": [0, 0], "uv_size": [0, 0]}
							}
						}
					]
				},
				{
					"name": "hide_parts",
					"parent": "body",
					"pivot": [0, 24, 0],
					"cubes": [
						{
							"origin": [-6.9, 14.1, -4.9],
							"size": [7, 8, 8],
							"inflate": -3.25,
							"uv": {
								"north": {"uv": [0, 0], "uv_size": [0, 0]},
								"east": {"uv": [1, 107], "uv_size": [8, 8]},
								"south": {"uv": [0, 0], "uv_size": [0, 0]},
								"west": {"uv": [0, 0], "uv_size": [0, 0]},
								"up": {"uv": [0, 0], "uv_size": [0, 0]},
								"down": {"uv": [0, 0], "uv_size": [0, 0]}
							}
						},
						{
							"origin": [-0.1, 14.1, -4.9],
							"size": [7, 8, 8],
							"inflate": -3.25,
							"uv": {
								"north": {"uv": [0, 0], "uv_size": [0, 0]},
								"east": {"uv": [0, 0], "uv_size": [0, 0]},
								"south": {"uv": [0, 0], "uv_size": [0, 0]},
								"west": {"uv": [9, 107], "uv_size": [-8, 8]},
								"up": {"uv": [0, 0], "uv_size": [0, 0]},
								"down": {"uv": [0, 0], "uv_size": [0, 0]}
							}
						}
					]
				},
				{
					"name": "skirt",
					"parent": "hide_parts",
					"pivot": [0, 24, 0]
				},
				{
					"name": "bone1",
					"parent": "skirt",
					"pivot": [0, 0, 0],
					"cubes": [
						{
							"origin": [2.43068, 9.1, 2.69588],
							"size": [2.8, 6.8, 1],
							"inflate": -0.4,
							"pivot": [3.83068, 9.5, 3.29588],
							"rotation": [-30, -147.27767, 0],
							"uv": {
								"north": {"uv": [87, 73], "uv_size": [2, 12]},
								"east": {"uv": [81, 73], "uv_size": [1, 12]},
								"south": {"uv": [0, 0], "uv_size": [0, 0]},
								"west": {"uv": [79, 73], "uv_size": [1, 12]},
								"up": {"uv": [0, 0], "uv_size": [0, 0]},
								"down": {"uv": [0, 0], "uv_size": [0, 0]}
							}
						},
						{
							"origin": [0.99469, 9.5, 3.93935],
							"size": [2, 6, 0.001],
							"pivot": [1.99469, 9.5, 3.93935],
							"rotation": [-30, -174.09379, 0],
							"uv": {
								"north": {"uv": [77, 73], "uv_size": [2, 12]},
								"east": {"uv": [9, 0], "uv_size": [0, 0]},
								"south": {"uv": [0, 0], "uv_size": [0, 0]},
								"west": {"uv": [4, 0], "uv_size": [0, 0]},
								"up": {"uv": [0, 0], "uv_size": [0, 0]},
								"down": {"uv": [0, 0], "uv_size": [0, 0]}
							}
						},
						{
							"origin": [-1.4, 9.1, 3.44225],
							"size": [2.8, 6.8, 1],
							"inflate": -0.4,
							"pivot": [0, 9.5, 4.04225],
							"rotation": [-30, -180, 0],
							"uv": {
								"north": {"uv": [87, 73], "uv_size": [2, 12]},
								"east": {"uv": [81, 73], "uv_size": [1, 12]},
								"south": {"uv": [0, 0], "uv_size": [0, 0]},
								"west": {"uv": [79, 73], "uv_size": [1, 12]},
								"up": {"uv": [0, 0], "uv_size": [0, 0]},
								"down": {"uv": [0, 0], "uv_size": [0, 0]}
							}
						},
						{
							"origin": [-2.99469, 9.5, 3.93935],
							"size": [2, 6, 0.001],
							"pivot": [-1.99469, 9.5, 3.93935],
							"rotation": [-30, 174.09379, 0],
							"uv": {
								"north": {"uv": [77, 73], "uv_size": [2, 12]},
								"east": {"uv": [9, 0], "uv_size": [0, 0]},
								"south": {"uv": [0, 0], "uv_size": [0, 0]},
								"west": {"uv": [4, 0], "uv_size": [0, 0]},
								"up": {"uv": [0, 0], "uv_size": [0, 0]},
								"down": {"uv": [0, 0], "uv_size": [0, 0]}
							}
						},
						{
							"origin": [-5.23068, 9.1, 2.69588],
							"size": [2.8, 6.8, 1],
							"inflate": -0.4,
							"pivot": [-3.83068, 9.5, 3.29588],
							"rotation": [-30, 147.27767, 0],
							"uv": {
								"north": {"uv": [87, 73], "uv_size": [2, 12]},
								"east": {"uv": [81, 73], "uv_size": [1, 12]},
								"south": {"uv": [0, 0], "uv_size": [0, 0]},
								"west": {"uv": [79, 73], "uv_size": [1, 12]},
								"up": {"uv": [0, 0], "uv_size": [0, 0]},
								"down": {"uv": [0, 0], "uv_size": [0, 0]}
							}
						},
						{
							"origin": [-6.15127, 9.5, 1.87766],
							"size": [2, 6, 0.001],
							"pivot": [-5.15127, 9.5, 1.87766],
							"rotation": [-30, 118.63883, 0],
							"uv": {
								"north": {"uv": [77, 73], "uv_size": [2, 12]},
								"east": {"uv": [9, 0], "uv_size": [0, 0]},
								"south": {"uv": [0, 0], "uv_size": [0, 0]},
								"west": {"uv": [4, 0], "uv_size": [0, 0]},
								"up": {"uv": [0, 0], "uv_size": [0, 0]},
								"down": {"uv": [0, 0], "uv_size": [0, 0]}
							}
						},
						{
							"origin": [-7.03056, 9.1, -0.6],
							"size": [2.8, 6.8, 1],
							"inflate": -0.4,
							"pivot": [-5.63056, 9.5, 0],
							"rotation": [-30, 90, 0],
							"uv": {
								"north": {"uv": [87, 73], "uv_size": [2, 12]},
								"east": {"uv": [81, 73], "uv_size": [1, 12]},
								"south": {"uv": [0, 0], "uv_size": [0, 0]},
								"west": {"uv": [79, 73], "uv_size": [1, 12]},
								"up": {"uv": [0, 0], "uv_size": [0, 0]},
								"down": {"uv": [0, 0], "uv_size": [0, 0]}
							}
						},
						{
							"origin": [-6.15127, 9.5, -1.87766],
							"size": [2, 6, 0.001],
							"pivot": [-5.15127, 9.5, -1.87766],
							"rotation": [-30, 61.36117, 0],
							"uv": {
								"north": {"uv": [77, 73], "uv_size": [2, 12]},
								"east": {"uv": [9, 0], "uv_size": [0, 0]},
								"south": {"uv": [0, 0], "uv_size": [0, 0]},
								"west": {"uv": [4, 0], "uv_size": [0, 0]},
								"up": {"uv": [0, 0], "uv_size": [0, 0]},
								"down": {"uv": [0, 0], "uv_size": [0, 0]}
							}
						},
						{
							"origin": [-5.23068, 9.1, -3.89588],
							"size": [2.8, 6.8, 1],
							"inflate": -0.4,
							"pivot": [-3.83068, 9.5, -3.29588],
							"rotation": [-30, 32.72233, 0],
							"uv": {
								"north": {"uv": [87, 73], "uv_size": [2, 12]},
								"east": {"uv": [81, 73], "uv_size": [1, 12]},
								"south": {"uv": [0, 0], "uv_size": [0, 0]},
								"west": {"uv": [79, 73], "uv_size": [1, 12]},
								"up": {"uv": [0, 0], "uv_size": [0, 0]},
								"down": {"uv": [0, 0], "uv_size": [0, 0]}
							}
						},
						{
							"origin": [-2.99469, 9.5, -3.93935],
							"size": [2, 6, 0.001],
							"pivot": [-1.99469, 9.5, -3.93935],
							"rotation": [-30, 5.90621, 0],
							"uv": {
								"north": {"uv": [77, 73], "uv_size": [2, 12]},
								"east": {"uv": [9, 0], "uv_size": [0, 0]},
								"south": {"uv": [0, 0], "uv_size": [0, 0]},
								"west": {"uv": [4, 0], "uv_size": [0, 0]},
								"up": {"uv": [0, 0], "uv_size": [0, 0]},
								"down": {"uv": [0, 0], "uv_size": [0, 0]}
							}
						},
						{
							"origin": [-1.4, 9.1, -4.64225],
							"size": [2.8, 6.8, 1],
							"inflate": -0.4,
							"pivot": [0, 9.5, -4.04225],
							"rotation": [-30, 0, 0],
							"uv": {
								"north": {"uv": [87, 73], "uv_size": [2, 12]},
								"east": {"uv": [81, 73], "uv_size": [1, 12]},
								"south": {"uv": [0, 0], "uv_size": [0, 0]},
								"west": {"uv": [79, 73], "uv_size": [1, 12]},
								"up": {"uv": [0, 0], "uv_size": [0, 0]},
								"down": {"uv": [0, 0], "uv_size": [0, 0]}
							}
						},
						{
							"origin": [0.99469, 9.5, -3.93935],
							"size": [2, 6, 0.001],
							"pivot": [1.99469, 9.5, -3.93935],
							"rotation": [-30, -5.90621, 0],
							"uv": {
								"north": {"uv": [77, 73], "uv_size": [2, 12]},
								"east": {"uv": [9, 0], "uv_size": [0, 0]},
								"south": {"uv": [0, 0], "uv_size": [0, 0]},
								"west": {"uv": [4, 0], "uv_size": [0, 0]},
								"up": {"uv": [0, 0], "uv_size": [0, 0]},
								"down": {"uv": [0, 0], "uv_size": [0, 0]}
							}
						},
						{
							"origin": [2.43068, 9.1, -3.89588],
							"size": [2.8, 6.8, 1],
							"inflate": -0.4,
							"pivot": [3.83068, 9.5, -3.29588],
							"rotation": [-30, -32.72233, 0],
							"uv": {
								"north": {"uv": [87, 73], "uv_size": [2, 12]},
								"east": {"uv": [81, 73], "uv_size": [1, 12]},
								"south": {"uv": [0, 0], "uv_size": [0, 0]},
								"west": {"uv": [79, 73], "uv_size": [1, 12]},
								"up": {"uv": [0, 0], "uv_size": [0, 0]},
								"down": {"uv": [0, 0], "uv_size": [0, 0]}
							}
						},
						{
							"origin": [4.15127, 9.5, -1.87766],
							"size": [2, 6, 0.001],
							"pivot": [5.15127, 9.5, -1.87766],
							"rotation": [-30, -61.36117, 0],
							"uv": {
								"north": {"uv": [77, 73], "uv_size": [2, 12]},
								"east": {"uv": [9, 0], "uv_size": [0, 0]},
								"south": {"uv": [0, 0], "uv_size": [0, 0]},
								"west": {"uv": [4, 0], "uv_size": [0, 0]},
								"up": {"uv": [0, 0], "uv_size": [0, 0]},
								"down": {"uv": [0, 0], "uv_size": [0, 0]}
							}
						},
						{
							"origin": [4.23056, 9.1, -0.6],
							"size": [2.8, 6.8, 1],
							"inflate": -0.4,
							"pivot": [5.63056, 9.5, 0],
							"rotation": [-30, -90, 0],
							"uv": {
								"north": {"uv": [87, 73], "uv_size": [2, 12]},
								"east": {"uv": [81, 73], "uv_size": [1, 12]},
								"south": {"uv": [0, 0], "uv_size": [0, 0]},
								"west": {"uv": [79, 73], "uv_size": [1, 12]},
								"up": {"uv": [0, 0], "uv_size": [0, 0]},
								"down": {"uv": [0, 0], "uv_size": [0, 0]}
							}
						},
						{
							"origin": [4.15127, 9.5, 1.87766],
							"size": [2, 6, 0.001],
							"pivot": [5.15127, 9.5, 1.87766],
							"rotation": [-30, -118.63883, 0],
							"uv": {
								"north": {"uv": [77, 73], "uv_size": [2, 12]},
								"east": {"uv": [9, 0], "uv_size": [0, 0]},
								"south": {"uv": [0, 0], "uv_size": [0, 0]},
								"west": {"uv": [4, 0], "uv_size": [0, 0]},
								"up": {"uv": [0, 0], "uv_size": [0, 0]},
								"down": {"uv": [0, 0], "uv_size": [0, 0]}
							}
						}
					]
				},
				{
					"name": "bone24",
					"parent": "skirt",
					"pivot": [0, -0.025, 0],
					"cubes": [
						{
							"origin": [2.43068, 9.075, 2.69588],
							"size": [2.8, 6.8, 1],
							"inflate": -0.41,
							"pivot": [3.83068, 9.475, 3.29588],
							"rotation": [-30, -147.27767, 0],
							"uv": {
								"north": {"uv": [102, 73], "uv_size": [2, 12]},
								"east": {"uv": [105, 73], "uv_size": [1, 12]},
								"south": {"uv": [0, 0], "uv_size": [0, 0]},
								"west": {"uv": [104, 73], "uv_size": [1, 12]},
								"up": {"uv": [0, 0], "uv_size": [0, 0]},
								"down": {"uv": [0, 0], "uv_size": [0, 0]}
							}
						},
						{
							"origin": [0.99469, 9.475, 3.93935],
							"size": [2, 6, 0.001],
							"pivot": [1.99469, 9.475, 3.93935],
							"rotation": [-30, -174.09379, 0],
							"uv": {
								"north": {"uv": [100, 73], "uv_size": [2, 12]},
								"east": {"uv": [9, 0], "uv_size": [0, 0]},
								"south": {"uv": [0, 0], "uv_size": [0, 0]},
								"west": {"uv": [4, 0], "uv_size": [0, 0]},
								"up": {"uv": [0, 0], "uv_size": [0, 0]},
								"down": {"uv": [0, 0], "uv_size": [0, 0]}
							}
						},
						{
							"origin": [-1.4, 9.075, 3.44225],
							"size": [2.8, 6.8, 1],
							"inflate": -0.41,
							"pivot": [0, 9.475, 4.04225],
							"rotation": [-30, -180, 0],
							"uv": {
								"north": {"uv": [102, 73], "uv_size": [2, 12]},
								"east": {"uv": [105, 73], "uv_size": [1, 12]},
								"south": {"uv": [0, 0], "uv_size": [0, 0]},
								"west": {"uv": [104, 73], "uv_size": [1, 12]},
								"up": {"uv": [0, 0], "uv_size": [0, 0]},
								"down": {"uv": [0, 0], "uv_size": [0, 0]}
							}
						},
						{
							"origin": [-2.99469, 9.475, 3.93935],
							"size": [2, 6, 0.001],
							"pivot": [-1.99469, 9.475, 3.93935],
							"rotation": [-30, 174.09379, 0],
							"uv": {
								"north": {"uv": [100, 73], "uv_size": [2, 12]},
								"east": {"uv": [9, 0], "uv_size": [0, 0]},
								"south": {"uv": [0, 0], "uv_size": [0, 0]},
								"west": {"uv": [4, 0], "uv_size": [0, 0]},
								"up": {"uv": [0, 0], "uv_size": [0, 0]},
								"down": {"uv": [0, 0], "uv_size": [0, 0]}
							}
						},
						{
							"origin": [-5.23068, 9.075, 2.69588],
							"size": [2.8, 6.8, 1],
							"inflate": -0.41,
							"pivot": [-3.83068, 9.475, 3.29588],
							"rotation": [-30, 147.27767, 0],
							"uv": {
								"north": {"uv": [102, 73], "uv_size": [2, 12]},
								"east": {"uv": [105, 73], "uv_size": [1, 12]},
								"south": {"uv": [0, 0], "uv_size": [0, 0]},
								"west": {"uv": [104, 73], "uv_size": [1, 12]},
								"up": {"uv": [0, 0], "uv_size": [0, 0]},
								"down": {"uv": [0, 0], "uv_size": [0, 0]}
							}
						},
						{
							"origin": [-6.15127, 9.475, 1.87766],
							"size": [2, 6, 0.001],
							"pivot": [-5.15127, 9.475, 1.87766],
							"rotation": [-30, 118.63883, 0],
							"uv": {
								"north": {"uv": [100, 73], "uv_size": [2, 12]},
								"east": {"uv": [9, 0], "uv_size": [0, 0]},
								"south": {"uv": [0, 0], "uv_size": [0, 0]},
								"west": {"uv": [4, 0], "uv_size": [0, 0]},
								"up": {"uv": [0, 0], "uv_size": [0, 0]},
								"down": {"uv": [0, 0], "uv_size": [0, 0]}
							}
						},
						{
							"origin": [-7.03056, 9.075, -0.6],
							"size": [2.8, 6.8, 1],
							"inflate": -0.41,
							"pivot": [-5.63056, 9.475, 0],
							"rotation": [-30, 90, 0],
							"uv": {
								"north": {"uv": [102, 73], "uv_size": [2, 12]},
								"east": {"uv": [105, 73], "uv_size": [1, 12]},
								"south": {"uv": [0, 0], "uv_size": [0, 0]},
								"west": {"uv": [104, 73], "uv_size": [1, 12]},
								"up": {"uv": [0, 0], "uv_size": [0, 0]},
								"down": {"uv": [0, 0], "uv_size": [0, 0]}
							}
						},
						{
							"origin": [-6.15127, 9.475, -1.87766],
							"size": [2, 6, 0.001],
							"pivot": [-5.15127, 9.475, -1.87766],
							"rotation": [-30, 61.36117, 0],
							"uv": {
								"north": {"uv": [100, 73], "uv_size": [2, 12]},
								"east": {"uv": [9, 0], "uv_size": [0, 0]},
								"south": {"uv": [0, 0], "uv_size": [0, 0]},
								"west": {"uv": [4, 0], "uv_size": [0, 0]},
								"up": {"uv": [0, 0], "uv_size": [0, 0]},
								"down": {"uv": [0, 0], "uv_size": [0, 0]}
							}
						},
						{
							"origin": [-5.23068, 9.075, -3.89588],
							"size": [2.8, 6.8, 1],
							"inflate": -0.41,
							"pivot": [-3.83068, 9.475, -3.29588],
							"rotation": [-30, 32.72233, 0],
							"uv": {
								"north": {"uv": [102, 73], "uv_size": [2, 12]},
								"east": {"uv": [105, 73], "uv_size": [1, 12]},
								"south": {"uv": [0, 0], "uv_size": [0, 0]},
								"west": {"uv": [104, 73], "uv_size": [1, 12]},
								"up": {"uv": [0, 0], "uv_size": [0, 0]},
								"down": {"uv": [0, 0], "uv_size": [0, 0]}
							}
						},
						{
							"origin": [-2.99469, 9.475, -3.93935],
							"size": [2, 6, 0.001],
							"pivot": [-1.99469, 9.475, -3.93935],
							"rotation": [-30, 5.90621, 0],
							"uv": {
								"north": {"uv": [100, 73], "uv_size": [2, 12]},
								"east": {"uv": [9, 0], "uv_size": [0, 0]},
								"south": {"uv": [0, 0], "uv_size": [0, 0]},
								"west": {"uv": [4, 0], "uv_size": [0, 0]},
								"up": {"uv": [0, 0], "uv_size": [0, 0]},
								"down": {"uv": [0, 0], "uv_size": [0, 0]}
							}
						},
						{
							"origin": [-1.4, 9.075, -4.64225],
							"size": [2.8, 6.8, 1],
							"inflate": -0.41,
							"pivot": [0, 9.475, -4.04225],
							"rotation": [-30, 0, 0],
							"uv": {
								"north": {"uv": [102, 73], "uv_size": [2, 12]},
								"east": {"uv": [105, 73], "uv_size": [1, 12]},
								"south": {"uv": [0, 0], "uv_size": [0, 0]},
								"west": {"uv": [104, 73], "uv_size": [1, 12]},
								"up": {"uv": [0, 0], "uv_size": [0, 0]},
								"down": {"uv": [0, 0], "uv_size": [0, 0]}
							}
						},
						{
							"origin": [0.99469, 9.475, -3.93935],
							"size": [2, 6, 0.001],
							"pivot": [1.99469, 9.475, -3.93935],
							"rotation": [-30, -5.90621, 0],
							"uv": {
								"north": {"uv": [100, 73], "uv_size": [2, 12]},
								"east": {"uv": [9, 0], "uv_size": [0, 0]},
								"south": {"uv": [0, 0], "uv_size": [0, 0]},
								"west": {"uv": [4, 0], "uv_size": [0, 0]},
								"up": {"uv": [0, 0], "uv_size": [0, 0]},
								"down": {"uv": [0, 0], "uv_size": [0, 0]}
							}
						},
						{
							"origin": [2.43068, 9.075, -3.89588],
							"size": [2.8, 6.8, 1],
							"inflate": -0.41,
							"pivot": [3.83068, 9.475, -3.29588],
							"rotation": [-30, -32.72233, 0],
							"uv": {
								"north": {"uv": [102, 73], "uv_size": [2, 12]},
								"east": {"uv": [105, 73], "uv_size": [1, 12]},
								"south": {"uv": [0, 0], "uv_size": [0, 0]},
								"west": {"uv": [104, 73], "uv_size": [1, 12]},
								"up": {"uv": [0, 0], "uv_size": [0, 0]},
								"down": {"uv": [0, 0], "uv_size": [0, 0]}
							}
						},
						{
							"origin": [4.15127, 9.475, -1.87766],
							"size": [2, 6, 0.001],
							"pivot": [5.15127, 9.475, -1.87766],
							"rotation": [-30, -61.36117, 0],
							"uv": {
								"north": {"uv": [100, 73], "uv_size": [2, 12]},
								"east": {"uv": [9, 0], "uv_size": [0, 0]},
								"south": {"uv": [0, 0], "uv_size": [0, 0]},
								"west": {"uv": [4, 0], "uv_size": [0, 0]},
								"up": {"uv": [0, 0], "uv_size": [0, 0]},
								"down": {"uv": [0, 0], "uv_size": [0, 0]}
							}
						},
						{
							"origin": [4.23056, 9.075, -0.6],
							"size": [2.8, 6.8, 1],
							"inflate": -0.41,
							"pivot": [5.63056, 9.475, 0],
							"rotation": [-30, -90, 0],
							"uv": {
								"north": {"uv": [102, 73], "uv_size": [2, 12]},
								"east": {"uv": [105, 73], "uv_size": [1, 12]},
								"south": {"uv": [0, 0], "uv_size": [0, 0]},
								"west": {"uv": [104, 73], "uv_size": [1, 12]},
								"up": {"uv": [0, 0], "uv_size": [0, 0]},
								"down": {"uv": [0, 0], "uv_size": [0, 0]}
							}
						},
						{
							"origin": [4.15127, 9.475, 1.87766],
							"size": [2, 6, 0.001],
							"pivot": [5.15127, 9.475, 1.87766],
							"rotation": [-30, -118.63883, 0],
							"uv": {
								"north": {"uv": [100, 73], "uv_size": [2, 12]},
								"east": {"uv": [9, 0], "uv_size": [0, 0]},
								"south": {"uv": [0, 0], "uv_size": [0, 0]},
								"west": {"uv": [4, 0], "uv_size": [0, 0]},
								"up": {"uv": [0, 0], "uv_size": [0, 0]},
								"down": {"uv": [0, 0], "uv_size": [0, 0]}
							}
						}
					]
				},
				{
					"name": "right",
					"parent": "skirt",
					"pivot": [0, 1, 0],
					"cubes": [
						{
							"origin": [-1.425, 10.1, 3.34225],
							"size": [2.85, 6.8, 1.1],
							"inflate": -0.4,
							"pivot": [0, 10.5, 4.04225],
							"rotation": [-30, -180, 0],
							"uv": {
								"north": {"uv": [86, 85], "uv_size": [2, 6]},
								"east": {"uv": [81, 85], "uv_size": [1, 6]},
								"south": {"uv": [0, 0], "uv_size": [0, 0]},
								"west": {"uv": [79, 85], "uv_size": [1, 6]},
								"up": {"uv": [0, 0], "uv_size": [0, 0]},
								"down": {"uv": [0, 0], "uv_size": [0, 0]}
							}
						},
						{
							"origin": [-5.23068, 10.1, 2.59588],
							"size": [2.8, 6.8, 1.1],
							"inflate": -0.4,
							"pivot": [-3.83068, 10.5, 3.29588],
							"rotation": [-30, 147.27767, 0],
							"uv": {
								"north": {"uv": [84, 85], "uv_size": [2, 6]},
								"east": {"uv": [84, 85], "uv_size": [1, 6]},
								"south": {"uv": [0, 0], "uv_size": [0, 0]},
								"west": {"uv": [79, 85], "uv_size": [1, 6]},
								"up": {"uv": [0, 0], "uv_size": [0, 0]},
								"down": {"uv": [0, 0], "uv_size": [0, 0]}
							}
						},
						{
							"origin": [-7.03056, 10.1, -0.7],
							"size": [2.8, 6.8, 1.1],
							"inflate": -0.4,
							"pivot": [-5.63056, 10.5, 0],
							"rotation": [-30, 90, 0],
							"uv": {
								"north": {"uv": [86, 85], "uv_size": [2, 6]},
								"east": {"uv": [81, 85], "uv_size": [1, 6]},
								"south": {"uv": [0, 0], "uv_size": [0, 0]},
								"west": {"uv": [79, 85], "uv_size": [1, 6]},
								"up": {"uv": [0, 0], "uv_size": [0, 0]},
								"down": {"uv": [0, 0], "uv_size": [0, 0]}
							}
						},
						{
							"origin": [-5.07198, 10.1, -3.45532],
							"size": [2.75, 6.45, 1.1],
							"inflate": -0.4,
							"pivot": [-4.67198, 10.5, -2.75532],
							"rotation": [-27.94652, 26.15774, 4.16964],
							"uv": {
								"north": {"uv": [86, 85], "uv_size": [2, 6]},
								"east": {"uv": [86, 85], "uv_size": [1, 6]},
								"south": {"uv": [0, 0], "uv_size": [0, 0]},
								"west": {"uv": [0, 0], "uv_size": [0, 0]},
								"up": {"uv": [0, 0], "uv_size": [0, 0]},
								"down": {"uv": [0, 0], "uv_size": [0, 0]}
							}
						}
					]
				},
				{
					"name": "bone23",
					"parent": "right",
					"pivot": [1.99469, 10.5, 3.93935],
					"cubes": [
						{
							"origin": [-6.15127, 10.5, 1.87866],
							"size": [2, 3, 0],
							"pivot": [-5.15127, 10.5, 1.87766],
							"rotation": [-30, 118.63883, 0],
							"uv": {
								"north": {"uv": [76, 91], "uv_size": [2, 3]},
								"east": {"uv": [0, 0], "uv_size": [0, 0]},
								"south": {"uv": [0, 0], "uv_size": [0, 0]},
								"west": {"uv": [0, 0], "uv_size": [0, 0]},
								"up": {"uv": [0, 0], "uv_size": [0, 0]},
								"down": {"uv": [0, 0], "uv_size": [0, 0]}
							}
						},
						{
							"origin": [-6.15127, 13.5, 1.87866],
							"size": [2, 3, 0],
							"pivot": [-5.15127, 10.5, 1.87766],
							"rotation": [-30, 118.63883, 0],
							"uv": {
								"north": {"uv": [81, 91], "uv_size": [-1, 3]},
								"east": {"uv": [9, 12], "uv_size": [0, 0]},
								"south": {"uv": [0, 0], "uv_size": [0, 0]},
								"west": {"uv": [4, 12], "uv_size": [0, 0]},
								"up": {"uv": [0, 0], "uv_size": [0, 0]},
								"down": {"uv": [0, 0], "uv_size": [0, 0]}
							}
						},
						{
							"origin": [-2.99469, 10.5, 3.93935],
							"size": [2, 6, 0.001],
							"pivot": [-1.99469, 10.5, 3.93935],
							"rotation": [-30, 174.09379, 0],
							"uv": {
								"north": {"uv": [76, 85], "uv_size": [2, 6]},
								"east": {"uv": [0, 0], "uv_size": [0, 0]},
								"south": {"uv": [0, 0], "uv_size": [0, 0]},
								"west": {"uv": [0, 0], "uv_size": [0, 0]},
								"up": {"uv": [0, 0], "uv_size": [0, 0]},
								"down": {"uv": [0, 0], "uv_size": [0, 0]}
							}
						},
						{
							"origin": [-6.15127, 10.5, -1.87766],
							"size": [2, 3, 0.001],
							"pivot": [-5.15127, 10.5, -1.87766],
							"rotation": [-30, 61.36117, 0],
							"uv": {
								"north": {"uv": [76, 91], "uv_size": [2, 3]},
								"east": {"uv": [0, 0], "uv_size": [0, 0]},
								"south": {"uv": [0, 0], "uv_size": [0, 0]},
								"west": {"uv": [0, 0], "uv_size": [0, 0]},
								"up": {"uv": [0, 0], "uv_size": [0, 0]},
								"down": {"uv": [0, 0], "uv_size": [0, 0]}
							}
						},
						{
							"origin": [-5.90127, 13.5, -1.87766],
							"size": [1.5, 3, 0.001],
							"pivot": [-5.15127, 10.5, -1.87766],
							"rotation": [-30, 61.36117, 0],
							"uv": {
								"north": {"uv": [79, 91], "uv_size": [1, 3]},
								"east": {"uv": [9, 12], "uv_size": [0, 0]},
								"south": {"uv": [0, 0], "uv_size": [0, 0]},
								"west": {"uv": [4, 12], "uv_size": [0, 0]},
								"up": {"uv": [0, 0], "uv_size": [0, 0]},
								"down": {"uv": [0, 0], "uv_size": [0, 0]}
							}
						}
					]
				},
				{
					"name": "left",
					"parent": "skirt",
					"pivot": [0, 1, 0],
					"cubes": [
						{
							"origin": [-1.425, 10.1, 3.34225],
							"size": [2.85, 6.8, 1.1],
							"inflate": -0.4,
							"pivot": [0, 10.5, 4.04225],
							"rotation": [-30, 180, 0],
							"uv": {
								"north": {"uv": [88, 85], "uv_size": [-2, 6]},
								"east": {"uv": [80, 85], "uv_size": [-1, 6]},
								"south": {"uv": [0, 0], "uv_size": [0, 0]},
								"west": {"uv": [82, 85], "uv_size": [-1, 6]},
								"up": {"uv": [0, 0], "uv_size": [0, 0]},
								"down": {"uv": [0, 0], "uv_size": [0, 0]}
							}
						},
						{
							"origin": [2.43068, 10.1, 2.59588],
							"size": [2.8, 6.8, 1.1],
							"inflate": -0.4,
							"pivot": [3.83068, 10.5, 3.29588],
							"rotation": [-30, -147.27767, 0],
							"uv": {
								"north": {"uv": [86, 85], "uv_size": [-2, 6]},
								"east": {"uv": [80, 85], "uv_size": [-1, 6]},
								"south": {"uv": [0, 0], "uv_size": [0, 0]},
								"west": {"uv": [85, 85], "uv_size": [-1, 6]},
								"up": {"uv": [0, 0], "uv_size": [0, 0]},
								"down": {"uv": [0, 0], "uv_size": [0, 0]}
							}
						},
						{
							"origin": [4.23056, 10.1, -0.7],
							"size": [2.8, 6.8, 1.1],
							"inflate": -0.4,
							"pivot": [5.63056, 10.5, 0],
							"rotation": [-30, -90, 0],
							"uv": {
								"north": {"uv": [88, 85], "uv_size": [-2, 6]},
								"east": {"uv": [80, 85], "uv_size": [-1, 6]},
								"south": {"uv": [0, 0], "uv_size": [0, 0]},
								"west": {"uv": [82, 85], "uv_size": [-1, 6]},
								"up": {"uv": [0, 0], "uv_size": [0, 0]},
								"down": {"uv": [0, 0], "uv_size": [0, 0]}
							}
						},
						{
							"origin": [2.32198, 10.1, -3.45532],
							"size": [2.75, 6.45, 1.1],
							"inflate": -0.4,
							"pivot": [4.67198, 10.5, -2.75532],
							"rotation": [-27.94652, -26.15774, -4.16964],
							"uv": {
								"north": {"uv": [88, 85], "uv_size": [-2, 6]},
								"east": {"uv": [0, 0], "uv_size": [0, 0]},
								"south": {"uv": [0, 0], "uv_size": [0, 0]},
								"west": {"uv": [87, 85], "uv_size": [-1, 6]},
								"up": {"uv": [0, 0], "uv_size": [0, 0]},
								"down": {"uv": [0, 0], "uv_size": [0, 0]}
							}
						}
					]
				},
				{
					"name": "bone25",
					"parent": "left",
					"pivot": [-1.99469, 10.5, 3.93935],
					"cubes": [
						{
							"origin": [4.15127, 10.5, 1.87866],
							"size": [2, 3, 0],
							"pivot": [5.15127, 10.5, 1.87766],
							"rotation": [-30, -118.63883, 0],
							"uv": {
								"north": {"uv": [78, 91], "uv_size": [-2, 3]},
								"east": {"uv": [0, 0], "uv_size": [0, 0]},
								"south": {"uv": [0, 0], "uv_size": [0, 0]},
								"west": {"uv": [0, 0], "uv_size": [0, 0]},
								"up": {"uv": [0, 0], "uv_size": [0, 0]},
								"down": {"uv": [0, 0], "uv_size": [0, 0]}
							}
						},
						{
							"origin": [4.15127, 13.5, 1.87866],
							"size": [2, 3, 0],
							"pivot": [5.15127, 10.5, 1.87766],
							"rotation": [-30, -118.63883, 0],
							"uv": {
								"north": {"uv": [80, 91], "uv_size": [1, 3]},
								"east": {"uv": [4, 12], "uv_size": [0, 0]},
								"south": {"uv": [0, 0], "uv_size": [0, 0]},
								"west": {"uv": [9, 12], "uv_size": [0, 0]},
								"up": {"uv": [0, 0], "uv_size": [0, 0]},
								"down": {"uv": [0, 0], "uv_size": [0, 0]}
							}
						},
						{
							"origin": [0.99469, 10.5, 3.93935],
							"size": [2, 6, 0.001],
							"pivot": [1.99469, 10.5, 3.93935],
							"rotation": [-30, -174.09379, 0],
							"uv": {
								"north": {"uv": [78, 85], "uv_size": [-2, 6]},
								"east": {"uv": [0, 0], "uv_size": [0, 0]},
								"south": {"uv": [0, 0], "uv_size": [0, 0]},
								"west": {"uv": [0, 0], "uv_size": [0, 0]},
								"up": {"uv": [0, 0], "uv_size": [0, 0]},
								"down": {"uv": [0, 0], "uv_size": [0, 0]}
							}
						},
						{
							"origin": [4.15127, 10.5, -1.87766],
							"size": [2, 3, 0.001],
							"pivot": [5.15127, 10.5, -1.87766],
							"rotation": [-30, -61.36117, 0],
							"uv": {
								"north": {"uv": [78, 91], "uv_size": [-2, 3]},
								"east": {"uv": [0, 0], "uv_size": [0, 0]},
								"south": {"uv": [0, 0], "uv_size": [0, 0]},
								"west": {"uv": [0, 0], "uv_size": [0, 0]},
								"up": {"uv": [0, 0], "uv_size": [0, 0]},
								"down": {"uv": [0, 0], "uv_size": [0, 0]}
							}
						},
						{
							"origin": [4.40127, 13.5, -1.87766],
							"size": [1.5, 3, 0.001],
							"pivot": [5.15127, 10.5, -1.87766],
							"rotation": [-30, -61.36117, 0],
							"uv": {
								"north": {"uv": [80, 91], "uv_size": [-1, 3]},
								"east": {"uv": [4, 12], "uv_size": [0, 0]},
								"south": {"uv": [0, 0], "uv_size": [0, 0]},
								"west": {"uv": [9, 12], "uv_size": [0, 0]},
								"up": {"uv": [0, 0], "uv_size": [0, 0]},
								"down": {"uv": [0, 0], "uv_size": [0, 0]}
							}
						}
					]
				},
				{
					"name": "coat",
					"parent": "hide_parts",
					"pivot": [0, 24, 0],
					"cubes": [
						{"origin": [-3.5, 11.55, -1.5], "size": [7, 12, 3], "inflate": -0.01, "uv": [29, 29]},
						{"origin": [-3.6, 11.55, -1.6], "size": [7.2, 12.1, 3.2], "inflate": -0.01, "uv": [53, 70]}
					]
				},
				{
					"name": "necktie",
					"parent": "hide_parts",
					"pivot": [-0.7, 23.7, -1.85],
					"cubes": [
						{
							"origin": [-4.5, 18.4, -5.55],
							"size": [9, 9.1, 7.5],
							"inflate": -3.8,
							"uv": {
								"north": {"uv": [0, 0], "uv_size": [0, 0]},
								"east": {"uv": [0, 0], "uv_size": [0, 0]},
								"south": {"uv": [24, 89], "uv_size": [9, 9]},
								"west": {"uv": [0, 0], "uv_size": [0, 0]},
								"up": {"uv": [8, 82], "uv_size": [9, 7]},
								"down": {"uv": [0, 0], "uv_size": [0, 0]}
							}
						}
					]
				},
				{
					"name": "bone6",
					"parent": "necktie",
					"pivot": [-0.2, 22.7, -1.8],
					"rotation": [0, 0, 33.5],
					"cubes": [
						{
							"origin": [-1.28, 20.8, -2.31],
							"size": [2.1, 2.8, 1],
							"inflate": -0.5,
							"uv": {
								"north": {"uv": [1, 83], "uv_size": [2, 2]},
								"east": {"uv": [0, 0], "uv_size": [0, 0]},
								"south": {"uv": [0, 0], "uv_size": [0, 0]},
								"west": {"uv": [0, 0], "uv_size": [0, 0]},
								"up": {"uv": [0, 0], "uv_size": [0, 0]},
								"down": {"uv": [0, 0], "uv_size": [0, 0]}
							}
						}
					]
				},
				{
					"name": "bone7",
					"parent": "necktie",
					"pivot": [0.2, 22.7, -1.8],
					"rotation": [0, 0, -33.5],
					"cubes": [
						{
							"origin": [-0.82, 20.8, -2.31],
							"size": [2.1, 2.8, 1],
							"inflate": -0.5,
							"uv": {
								"north": {"uv": [3, 83], "uv_size": [-2, 2]},
								"east": {"uv": [0, 0], "uv_size": [0, 0]},
								"south": {"uv": [0, 0], "uv_size": [0, 0]},
								"west": {"uv": [0, 0], "uv_size": [0, 0]},
								"up": {"uv": [0, 0], "uv_size": [0, 0]},
								"down": {"uv": [0, 0], "uv_size": [0, 0]}
							}
						}
					]
				},
				{
					"name": "bone5",
					"parent": "necktie",
					"pivot": [-0.1, 22.6, -1.8],
					"cubes": [
						{
							"origin": [-1.04568, 20.72722, -2.311],
							"size": [2.1, 2.8, 1],
							"inflate": -0.5,
							"uv": {
								"north": {"uv": [1, 83], "uv_size": [2, 2]},
								"east": {"uv": [0, 0], "uv_size": [0, 0]},
								"south": {"uv": [0, 0], "uv_size": [0, 0]},
								"west": {"uv": [0, 0], "uv_size": [0, 0]},
								"up": {"uv": [0, 0], "uv_size": [0, 0]},
								"down": {"uv": [0, 0], "uv_size": [0, 0]}
							}
						}
					]
				},
				{
					"name": "bone",
					"parent": "necktie",
					"pivot": [-0.2, 22.5, -1.4],
					"rotation": [0, 0, 22.5],
					"cubes": [
						{"origin": [-0.93869, 18.89176, -2.1], "size": [2, 4, 1], "inflate": -0.4, "uv": [0, 62]}
					]
				},
				{
					"name": "bone4",
					"parent": "necktie",
					"pivot": [-1.3, 23.2, -1.4],
					"rotation": [0, 0, 39.5],
					"cubes": [
						{"origin": [-0.91846, 20.67289, -2.2], "size": [1.5, 3, 1.1], "inflate": -0.4, "uv": [0, 62]}
					]
				},
				{
					"name": "bone3",
					"parent": "necktie",
					"pivot": [-0.4, 22.1, -1.4],
					"rotation": [0, 0, -39.5],
					"cubes": [
						{"origin": [-0.27289, 19.31846, -2.2], "size": [1.5, 3, 1.1], "inflate": -0.4, "uv": [0, 62]}
					]
				},
				{
					"name": "bone2",
					"parent": "necktie",
					"pivot": [-0.2, 22.5, -1.4],
					"rotation": [0, 0, -22.5],
					"cubes": [
						{"origin": [-0.99176, 18.73869, -2.101], "size": [2, 4, 1], "inflate": -0.4, "uv": [0, 62]}
					]
				},
				{
					"name": "bone22",
					"parent": "body",
					"pivot": [22.3, 18.7, -13.05]
				},
				{
					"name": "bone15",
					"parent": "bone22",
					"pivot": [1.6, 17.9, 0.95]
				},
				{
					"name": "bone16",
					"parent": "bone15",
					"pivot": [1.6, 17.9, 0.95],
					"rotation": [0, 0, -45],
					"cubes": [
						{
							"origin": [0.88284, 18.18284, -2.05],
							"size": [2, 2, 2],
							"inflate": -0.7,
							"uv": {
								"north": {"uv": [5, 108], "uv_size": [-2, 2]},
								"east": {"uv": [0, 0], "uv_size": [0, 0]},
								"south": {"uv": [0, 0], "uv_size": [0, 0]},
								"west": {"uv": [0, 0], "uv_size": [0, 0]},
								"up": {"uv": [0, 0], "uv_size": [0, 0]},
								"down": {"uv": [0, 0], "uv_size": [0, 0]}
							}
						}
					]
				},
				{
					"name": "bone17",
					"parent": "bone15",
					"pivot": [1.6, 15.7, 0.95],
					"rotation": [0, 0, -45],
					"cubes": [
						{
							"origin": [0.6, 15.7, -2.05],
							"size": [2, 2, 2],
							"inflate": -0.7,
							"uv": {
								"north": {"uv": [5, 108], "uv_size": [-2, 2]},
								"east": {"uv": [0, 0], "uv_size": [0, 0]},
								"south": {"uv": [0, 0], "uv_size": [0, 0]},
								"west": {"uv": [0, 0], "uv_size": [0, 0]},
								"up": {"uv": [0, 0], "uv_size": [0, 0]},
								"down": {"uv": [0, 0], "uv_size": [0, 0]}
							}
						}
					]
				},
				{
					"name": "bone14",
					"parent": "bone22",
					"pivot": [-1.6, 17.9, 0.95]
				},
				{
					"name": "bone12",
					"parent": "bone14",
					"pivot": [-1.6, 17.9, 0.95],
					"rotation": [0, 0, 45],
					"cubes": [
						{
							"origin": [-2.88284, 18.18284, -2.05],
							"size": [2, 2, 2],
							"inflate": -0.7,
							"uv": {
								"north": {"uv": [3, 108], "uv_size": [2, 2]},
								"east": {"uv": [0, 0], "uv_size": [0, 0]},
								"south": {"uv": [0, 0], "uv_size": [0, 0]},
								"west": {"uv": [0, 0], "uv_size": [0, 0]},
								"up": {"uv": [0, 0], "uv_size": [0, 0]},
								"down": {"uv": [0, 0], "uv_size": [0, 0]}
							}
						}
					]
				},
				{
					"name": "bone13",
					"parent": "bone14",
					"pivot": [-1.6, 15.7, 0.95],
					"rotation": [0, 0, 45],
					"cubes": [
						{
							"origin": [-2.6, 15.7, -2.05],
							"size": [2, 2, 2],
							"inflate": -0.7,
							"uv": {
								"north": {"uv": [3, 108], "uv_size": [2, 2]},
								"east": {"uv": [0, 0], "uv_size": [0, 0]},
								"south": {"uv": [0, 0], "uv_size": [0, 0]},
								"west": {"uv": [0, 0], "uv_size": [0, 0]},
								"up": {"uv": [0, 0], "uv_size": [0, 0]},
								"down": {"uv": [0, 0], "uv_size": [0, 0]}
							}
						}
					]
				},
				{
					"name": "coin",
					"parent": "body",
					"pivot": [-2, 17.6, -1.2]
				},
				{
					"name": "bone19",
					"parent": "coin",
					"pivot": [-2, 16.6, -1.2],
					"rotation": [0, 0, -45],
					"cubes": [
						{
							"origin": [-3, 15.6, -2.2],
							"size": [2, 2, 2],
							"inflate": -0.7,
							"uv": {
								"north": {"uv": [31, 58], "uv_size": [2, 2]},
								"east": {"uv": [0, 0], "uv_size": [0, 0]},
								"south": {"uv": [0, 0], "uv_size": [0, 0]},
								"west": {"uv": [0, 0], "uv_size": [0, 0]},
								"up": {"uv": [0, 0], "uv_size": [0, 0]},
								"down": {"uv": [0, 0], "uv_size": [0, 0]}
							}
						}
					]
				},
				{
					"name": "bone18",
					"parent": "coin",
					"pivot": [-2, 19.4, -1.2],
					"rotation": [0, 0, -45],
					"cubes": [
						{
							"origin": [-3, 18.4, -2.2],
							"size": [2, 2, 2],
							"inflate": -0.7,
							"uv": {
								"north": {"uv": [31, 58], "uv_size": [2, 2]},
								"east": {"uv": [0, 0], "uv_size": [0, 0]},
								"south": {"uv": [0, 0], "uv_size": [0, 0]},
								"west": {"uv": [0, 0], "uv_size": [0, 0]},
								"up": {"uv": [0, 0], "uv_size": [0, 0]},
								"down": {"uv": [0, 0], "uv_size": [0, 0]}
							}
						}
					]
				},
				{
					"name": "right_arm",
					"pivot": [-4, 22, 0],
					"cubes": [
						{"origin": [-6.25, 17.25, -1.5], "size": [3.25, 6.5, 3], "inflate": -0.251, "uv": [0, 47], "mirror": true}
					]
				},
				{
					"name": "right_chestplate",
					"parent": "right_arm",
					"pivot": [-4.75, 22, 0],
					"cubes": [
						{"origin": [-6.1, 17.531, -1.5], "size": [3, 6, 3], "inflate": 0.03, "uv": [44, 44]}
					]
				},
				{
					"name": "right_arm_down",
					"parent": "right_arm",
					"pivot": [-4.75, 17.5, 1.25],
					"cubes": [
						{"origin": [-6.25, 12.25, -1.5], "size": [3.25, 5.5, 3], "inflate": -0.251, "uv": [41, 53], "mirror": true},
						{
							"origin": [-6.1, 12.471, -1.5],
							"size": [3, 5, 3],
							"inflate": 0.03,
							"uv": {
								"north": {"uv": [53, 19], "uv_size": [3, 5]},
								"east": {"uv": [50, 19], "uv_size": [3, 5]},
								"south": {"uv": [59, 19], "uv_size": [3, 5]},
								"west": {"uv": [56, 19], "uv_size": [3, 5]},
								"up": {"uv": [0, 0], "uv_size": [0, 0]},
								"down": {"uv": [0, 0], "uv_size": [0, 0]}
							}
						},
						{
							"origin": [-6.15, 15.8, -1.55],
							"size": [3.1, 0.4, 3.1],
							"uv": {
								"north": {"uv": [68, 3], "uv_size": [3, 1]},
								"east": {"uv": [65, 3], "uv_size": [3, 1]},
								"south": {"uv": [74, 3], "uv_size": [3, 1]},
								"west": {"uv": [71, 3], "uv_size": [3, 1]},
								"up": {"uv": [0, 0], "uv_size": [0, 0]},
								"down": {"uv": [0, 0], "uv_size": [0, 0]}
							}
						},
						{
							"origin": [-6.15, 15.1, -1.55],
							"size": [3.1, 0.45, 3.1],
							"uv": {
								"north": {"uv": [53, 3], "uv_size": [3, 1]},
								"east": {"uv": [50, 3], "uv_size": [3, 1]},
								"south": {"uv": [59, 3], "uv_size": [3, 1]},
								"west": {"uv": [56, 3], "uv_size": [3, 1]},
								"up": {"uv": [0, 0], "uv_size": [0, 0]},
								"down": {"uv": [0, 0], "uv_size": [0, 0]}
							}
						},
						{
							"origin": [-6, 14, -1.25],
							"size": [2.75, 0.4, 2.5],
							"uv": {
								"north": {"uv": [81, 3], "uv_size": [3, 1]},
								"east": {"uv": [81, 2], "uv_size": [3, 1]},
								"south": {"uv": [85, 3], "uv_size": [3, 1]},
								"west": {"uv": [85, 2], "uv_size": [3, 1]},
								"up": {"uv": [0, 0], "uv_size": [0, 0]},
								"down": {"uv": [0, 0], "uv_size": [0, 0]}
							}
						},
						{
							"origin": [-9, 9.8, -3.5],
							"size": [7, 7, 7],
							"inflate": -3,
							"uv": {
								"north": {"uv": [0, 0], "uv_size": [0, 0]},
								"east": {"uv": [68, 20], "uv_size": [7, 7]},
								"south": {"uv": [0, 0], "uv_size": [0, 0]},
								"west": {"uv": [0, 0], "uv_size": [0, 0]},
								"up": {"uv": [0, 0], "uv_size": [0, 0]},
								"down": {"uv": [0, 0], "uv_size": [0, 0]}
							}
						}
					]
				},
				{
					"name": "left_arm",
					"pivot": [4, 22, 0],
					"cubes": [
						{"origin": [3, 17.25, -1.5], "size": [3.25, 6.5, 3], "inflate": -0.251, "uv": [0, 47]}
					]
				},
				{
					"name": "left_chestplate",
					"parent": "left_arm",
					"pivot": [4.75, 22, 0],
					"cubes": [
						{"origin": [3.1, 17.531, -1.5], "size": [3, 6, 3], "inflate": 0.03, "uv": [44, 44], "mirror": true}
					]
				},
				{
					"name": "left_arm_down",
					"parent": "left_arm",
					"pivot": [4.75, 17.5, 1.25],
					"cubes": [
						{
							"origin": [3, 12.25, -1.5],
							"size": [3.25, 5.5, 3],
							"inflate": -0.251,
							"uv": {
								"north": {"uv": [44, 56], "uv_size": [3, 5]},
								"east": {"uv": [41, 56], "uv_size": [3, 5]},
								"south": {"uv": [50, 56], "uv_size": [3, 5]},
								"west": {"uv": [47, 56], "uv_size": [3, 5]},
								"up": {"uv": [44, 53], "uv_size": [3, 3]},
								"down": {"uv": [47, 56], "uv_size": [3, -3]}
							}
						},
						{
							"origin": [3.1, 12.471, -1.5],
							"size": [3, 5, 3],
							"inflate": 0.03,
							"uv": {
								"north": {"uv": [56, 19], "uv_size": [-3, 5]},
								"east": {"uv": [59, 19], "uv_size": [-3, 5]},
								"south": {"uv": [62, 19], "uv_size": [-3, 5]},
								"west": {"uv": [53, 19], "uv_size": [-3, 5]},
								"up": {"uv": [0, 0], "uv_size": [0, 0]},
								"down": {"uv": [0, 0], "uv_size": [0, 0]}
							}
						},
						{
							"origin": [3.05, 15.1, -1.55],
							"size": [3.1, 0.45, 3.1],
							"uv": {
								"north": {"uv": [53, 3], "uv_size": [3, 1]},
								"east": {"uv": [50, 3], "uv_size": [3, 1]},
								"south": {"uv": [59, 3], "uv_size": [3, 1]},
								"west": {"uv": [56, 3], "uv_size": [3, 1]},
								"up": {"uv": [0, 0], "uv_size": [0, 0]},
								"down": {"uv": [0, 0], "uv_size": [0, 0]}
							}
						},
						{
							"origin": [3.05, 15.8, -1.55],
							"size": [3.1, 0.4, 3.1],
							"uv": {
								"north": {"uv": [68, 3], "uv_size": [3, 1]},
								"east": {"uv": [65, 3], "uv_size": [3, 1]},
								"south": {"uv": [74, 3], "uv_size": [3, 1]},
								"west": {"uv": [71, 3], "uv_size": [3, 1]},
								"up": {"uv": [0, 0], "uv_size": [0, 0]},
								"down": {"uv": [0, 0], "uv_size": [0, 0]}
							}
						},
						{
							"origin": [3.25, 14, -1.25],
							"size": [2.75, 0.4, 2.5],
							"uv": {
								"north": {"uv": [84, 3], "uv_size": [-3, 1]},
								"east": {"uv": [88, 2], "uv_size": [-3, 1]},
								"south": {"uv": [88, 3], "uv_size": [-3, 1]},
								"west": {"uv": [84, 2], "uv_size": [-3, 1]},
								"up": {"uv": [0, 0], "uv_size": [0, 0]},
								"down": {"uv": [0, 0], "uv_size": [0, 0]}
							}
						},
						{
							"origin": [2, 9.8, -3.5],
							"size": [7, 7, 7],
							"inflate": -3,
							"uv": {
								"north": {"uv": [0, 0], "uv_size": [0, 0]},
								"east": {"uv": [0, 0], "uv_size": [0, 0]},
								"south": {"uv": [0, 0], "uv_size": [0, 0]},
								"west": {"uv": [75, 20], "uv_size": [-7, 7]},
								"up": {"uv": [0, 0], "uv_size": [0, 0]},
								"down": {"uv": [0, 0], "uv_size": [0, 0]}
							}
						}
					]
				},
				{
					"name": "right_leg",
					"pivot": [-1.75, 12, 0],
					"cubes": [
						{"origin": [-3.25, 7, -1.5], "size": [3, 5, 3], "uv": [53, 50], "mirror": true}
					]
				},
				{
					"name": "right_leg_down",
					"parent": "right_leg",
					"pivot": [-1.75, 7, -1.5],
					"cubes": [
						{"origin": [-3.25, 1.01, -1.5], "size": [3, 6, 3], "uv": [49, 35], "mirror": true},
						{
							"origin": [-3.3, 5.5, -1.55],
							"size": [3.1, 0.4, 3.1],
							"uv": {
								"north": {"uv": [68, 3], "uv_size": [3, 1]},
								"east": {"uv": [65, 3], "uv_size": [3, 1]},
								"south": {"uv": [74, 3], "uv_size": [3, 1]},
								"west": {"uv": [71, 3], "uv_size": [3, 1]},
								"up": {"uv": [0, 0], "uv_size": [0, 0]},
								"down": {"uv": [0, 0], "uv_size": [0, 0]}
							}
						},
						{
							"origin": [-3.3, 4.9, -1.55],
							"size": [3.1, 0.4, 3.1],
							"uv": {
								"north": {"uv": [53, 3], "uv_size": [3, 1]},
								"east": {"uv": [50, 3], "uv_size": [3, 1]},
								"south": {"uv": [59, 3], "uv_size": [3, 1]},
								"west": {"uv": [56, 3], "uv_size": [3, 1]},
								"up": {"uv": [0, 0], "uv_size": [0, 0]},
								"down": {"uv": [0, 0], "uv_size": [0, 0]}
							}
						}
					]
				},
				{
					"name": "right_foot",
					"parent": "right_leg_down",
					"pivot": [-1.75, 7, -1.5],
					"cubes": [
						{"origin": [-2.75, 0, -4.36603], "size": [2, 2, 1], "inflate": 0.001, "uv": [0, 16], "mirror": true},
						{"origin": [-3.25, 0, 0.5], "size": [3, 1, 1], "uv": [0, 0], "mirror": true},
						{"origin": [-3.25, 0, -3.5], "size": [3, 1, 3], "inflate": 0.01, "uv": [32, 7], "mirror": true},
						{"origin": [-3.25, 1, -3.5], "size": [3, 1, 5], "inflate": 0.01, "uv": [42, 10], "mirror": true},
						{
							"origin": [-3.25, 2, -1.5],
							"size": [3, 4, 3],
							"inflate": 0.02,
							"uv": {
								"north": {"uv": [15, 57], "uv_size": [-3, 4]},
								"east": {"uv": [18, 57], "uv_size": [-3, 4]},
								"south": {"uv": [21, 57], "uv_size": [-3, 4]},
								"west": {"uv": [9, 57], "uv_size": [3, 4]},
								"up": {"uv": [0, 0], "uv_size": [0, 0]},
								"down": {"uv": [18, 57], "uv_size": [-3, -3]}
							}
						}
					]
				},
				{
					"name": "shoes4",
					"parent": "right_foot",
					"pivot": [-3.25, 0, -3.5],
					"rotation": [0, -30, 0],
					"cubes": [
						{"origin": [-3.25, 0, -4.5], "size": [1, 2, 1], "uv": [41, 0]}
					]
				},
				{
					"name": "shoes5",
					"parent": "right_foot",
					"pivot": [-0.25, 0, -3.5],
					"rotation": [0, 30, 0],
					"cubes": [
						{"origin": [-1.25, 0, -4.5], "size": [1, 2, 1], "uv": [41, 0], "mirror": true}
					]
				},
				{
					"name": "shoes6",
					"parent": "right_foot",
					"pivot": [-1.75, 2, -3.5],
					"rotation": [27.5, 0, 0],
					"cubes": [
						{"origin": [-3.25, 1, -3.5], "size": [3, 1, 3], "inflate": 0.021, "uv": [54, 11], "mirror": true}
					]
				},
				{
					"name": "right_leg_hide_parts",
					"parent": "right_leg",
					"pivot": [-23.5, 21, -2],
					"cubes": [
						{
							"origin": [-3.25, 6, -1.5],
							"size": [3, 6, 3],
							"inflate": 0.1,
							"uv": {
								"north": {"uv": [53, 19], "uv_size": [3, 6]},
								"east": {"uv": [50, 19], "uv_size": [3, 6]},
								"south": {"uv": [59, 19], "uv_size": [3, 6]},
								"west": {"uv": [56, 19], "uv_size": [3, 6]},
								"up": {"uv": [0, 0], "uv_size": [0, 0]},
								"down": {"uv": [0, 0], "uv_size": [0, 0]}
							}
						}
					]
				},
				{
					"name": "left_leg",
					"pivot": [1.75, 12, 0],
					"cubes": [
						{"origin": [0.25, 7, -1.5], "size": [3, 5, 3], "uv": [53, 50]}
					]
				},
				{
					"name": "left_leg_down",
					"parent": "left_leg",
					"pivot": [1.75, 7, -1.5],
					"cubes": [
						{"origin": [0.25, 1.01, -1.5], "size": [3, 6, 3], "uv": [49, 35]},
						{
							"origin": [0.2, 5.5, -1.55],
							"size": [3.1, 0.4, 3.1],
							"uv": {
								"north": {"uv": [68, 3], "uv_size": [3, 1]},
								"east": {"uv": [65, 3], "uv_size": [3, 1]},
								"south": {"uv": [74, 3], "uv_size": [3, 1]},
								"west": {"uv": [71, 3], "uv_size": [3, 1]},
								"up": {"uv": [0, 0], "uv_size": [0, 0]},
								"down": {"uv": [0, 0], "uv_size": [0, 0]}
							}
						},
						{
							"origin": [0.2, 4.9, -1.55],
							"size": [3.1, 0.4, 3.1],
							"uv": {
								"north": {"uv": [53, 3], "uv_size": [3, 1]},
								"east": {"uv": [50, 3], "uv_size": [3, 1]},
								"south": {"uv": [59, 3], "uv_size": [3, 1]},
								"west": {"uv": [56, 3], "uv_size": [3, 1]},
								"up": {"uv": [0, 0], "uv_size": [0, 0]},
								"down": {"uv": [0, 0], "uv_size": [0, 0]}
							}
						}
					]
				},
				{
					"name": "left_foot",
					"parent": "left_leg_down",
					"pivot": [1.75, 7, -1.5],
					"cubes": [
						{"origin": [0.75, 0, -4.36603], "size": [2, 2, 1], "inflate": 0.001, "uv": [0, 16]},
						{"origin": [0.25, 0, 0.5], "size": [3, 1, 1], "uv": [0, 0]},
						{"origin": [0.25, 0, -3.5], "size": [3, 1, 3], "inflate": 0.01, "uv": [32, 7]},
						{"origin": [0.25, 1, -3.5], "size": [3, 1, 5], "inflate": 0.01, "uv": [42, 10]},
						{
							"origin": [0.25, 2, -1.5],
							"size": [3, 4, 3],
							"inflate": 0.02,
							"uv": {
								"north": {"uv": [12, 57], "uv_size": [3, 4]},
								"east": {"uv": [12, 57], "uv_size": [-3, 4]},
								"south": {"uv": [18, 57], "uv_size": [3, 4]},
								"west": {"uv": [15, 57], "uv_size": [3, 4]},
								"up": {"uv": [12, 54], "uv_size": [3, 3]},
								"down": {"uv": [15, 57], "uv_size": [3, -3]}
							}
						}
					]
				},
				{
					"name": "shoes2",
					"parent": "left_foot",
					"pivot": [3.25, 0, -3.5],
					"rotation": [0, 30, 0],
					"cubes": [
						{"origin": [2.25, 0, -4.5], "size": [1, 2, 1], "uv": [41, 0], "mirror": true}
					]
				},
				{
					"name": "shoes3",
					"parent": "left_foot",
					"pivot": [0.25, 0, -3.5],
					"rotation": [0, -30, 0],
					"cubes": [
						{"origin": [0.25, 0, -4.5], "size": [1, 2, 1], "uv": [41, 0]}
					]
				},
				{
					"name": "shoes",
					"parent": "left_foot",
					"pivot": [1.75, 2, -3.5],
					"rotation": [27.5, 0, 0],
					"cubes": [
						{"origin": [0.25, 1, -3.5], "size": [3, 1, 3], "inflate": 0.021, "uv": [54, 11]}
					]
				},
				{
					"name": "left_leg_hide_parts",
					"parent": "left_leg",
					"pivot": [-20, 21, -2],
					"cubes": [
						{
							"origin": [0.25, 6, -1.5],
							"size": [3, 6, 3],
							"inflate": 0.1,
							"uv": {
								"north": {"uv": [53, 19], "uv_size": [3, 6]},
								"east": {"uv": [50, 19], "uv_size": [3, 6]},
								"south": {"uv": [59, 19], "uv_size": [3, 6]},
								"west": {"uv": [56, 19], "uv_size": [3, 6]},
								"up": {"uv": [0, 0], "uv_size": [0, 0]},
								"down": {"uv": [0, 0], "uv_size": [0, 0]}
							}
						}
					]
				},
				{
					"name": "hole",
					"pivot": [0, 0, 0]
				},
				{
					"name": "bone21",
					"parent": "hole",
					"pivot": [2.5, 16.575, -1.5],
					"rotation": [0, 0, 12.5],
					"cubes": [
						{
							"origin": [1.29763, 15.69664, -2.1],
							"size": [2.3, 1.6, 1.3],
							"inflate": -0.7,
							"uv": {
								"north": {"uv": [24, 58], "uv_size": [2, 1]},
								"east": {"uv": [0, 0], "uv_size": [0, 0]},
								"south": {"uv": [0, 0], "uv_size": [0, 0]},
								"west": {"uv": [0, 0], "uv_size": [0, 0]},
								"up": {"uv": [0, 0], "uv_size": [0, 0]},
								"down": {"uv": [0, 0], "uv_size": [0, 0]}
							}
						}
					]
				},
				{
					"name": "bone20",
					"parent": "hole",
					"pivot": [2.5, 19.3, -1.5],
					"rotation": [0, 0, 12.5],
					"cubes": [
						{
							"origin": [1.29763, 18.42164, -2.1],
							"size": [2.3, 1.6, 1.3],
							"inflate": -0.7,
							"uv": {
								"north": {"uv": [24, 58], "uv_size": [2, 1]},
								"east": {"uv": [0, 0], "uv_size": [0, 0]},
								"south": {"uv": [0, 0], "uv_size": [0, 0]},
								"west": {"uv": [0, 0], "uv_size": [0, 0]},
								"up": {"uv": [0, 0], "uv_size": [0, 0]},
								"down": {"uv": [0, 0], "uv_size": [0, 0]}
							}
						}
					]
				}
			]
		}
	]
}