{
	"format_version": "1.12.0",
	"minecraft:geometry": [
		{
			"description": {
				"identifier": "geometry.高多芬alpah1",
				"texture_width": 128,
				"texture_height": 128,
				"visible_bounds_width": 2,
				"visible_bounds_height": 3.5,
				"visible_bounds_offset": [0, 1.25, 0]
			},
			"bones": [
				{
					"name": "head",
					"pivot": [0, 24, -0.96316],
					"cubes": [
						{
							"origin": [-4, 24, -3.96316],
							"size": [8, 8, 8],
							"inflate": 0.3,
							"uv": {
								"north": {"uv": [8, 8], "uv_size": [8, 8]},
								"east": {"uv": [0, 8], "uv_size": [8, 8]},
								"south": {"uv": [24, 8], "uv_size": [8, 8]},
								"west": {"uv": [16, 8], "uv_size": [8, 8]},
								"up": {"uv": [16, 8], "uv_size": [0, 0]},
								"down": {"uv": [24, 0], "uv_size": [0, 0]}
							}
						},
						{
							"origin": [-4, 24, -3.96316],
							"size": [8, 8, 8],
							"inflate": 0.5,
							"uv": {
								"north": {"uv": [8, 70], "uv_size": [8, 8]},
								"east": {"uv": [0, 70], "uv_size": [8, 8]},
								"south": {"uv": [24, 70], "uv_size": [8, 8]},
								"west": {"uv": [16, 70], "uv_size": [8, 8]},
								"up": {"uv": [8, 62], "uv_size": [8, 8]},
								"down": {"uv": [24, 62], "uv_size": [0, 0]}
							}
						},
						{
							"origin": [-4, 24, -3.96316],
							"size": [8, 8, 8],
							"uv": {
								"north": {"uv": [8, 24], "uv_size": [8, 8]},
								"east": {"uv": [0, 24], "uv_size": [8, 8]},
								"south": {"uv": [24, 24], "uv_size": [8, 8]},
								"west": {"uv": [16, 24], "uv_size": [8, 8]},
								"up": {"uv": [8, 16], "uv_size": [8, 8]},
								"down": {"uv": [16, 24], "uv_size": [8, -8]}
							}
						}
					]
				},
				{
					"name": "head2",
					"parent": "head",
					"pivot": [0, 24, -0.96316]
				},
				{
					"name": "ahoge",
					"parent": "head2",
					"pivot": [0, 32.25, -0.96316]
				},
				{
					"name": "right_ear2",
					"parent": "head2",
					"pivot": [-2, 30, -1.96316]
				},
				{
					"name": "ear14",
					"parent": "right_ear2",
					"pivot": [-3, 32, -1.96316],
					"rotation": [10, 0, -20]
				},
				{
					"name": "bone",
					"parent": "ear14",
					"pivot": [-3.89593, 33.17615, -1.96316],
					"rotation": [0, 0, 52.5]
				},
				{
					"name": "ear15",
					"parent": "ear14",
					"pivot": [-2.68584, 30.86585, -3.39944],
					"rotation": [13.5773, 1.77024, -7.28925]
				},
				{
					"name": "ear16",
					"parent": "ear14",
					"pivot": [-1.53584, 34.01585, -4.14944],
					"rotation": [0, 0, -35]
				},
				{
					"name": "ear17",
					"parent": "ear16",
					"pivot": [-2.53584, 37.01585, -4.14944],
					"rotation": [0, 0, 45]
				},
				{
					"name": "ear18",
					"parent": "ear17",
					"pivot": [-2.53584, 34.01585, -4.14944],
					"rotation": [0, 0, -30]
				},
				{
					"name": "ear19",
					"parent": "ear14",
					"pivot": [-2.78584, 31.01585, -2.14944]
				},
				{
					"name": "bone3",
					"parent": "right_ear2",
					"pivot": [-3.75, 32.5, -2.61316],
					"rotation": [-2.5, 0, -37.5]
				},
				{
					"name": "bone4",
					"parent": "bone3",
					"pivot": [-2, 30, -1.96316]
				},
				{
					"name": "left_ear2",
					"parent": "head2",
					"pivot": [2, 30, -1.96316]
				},
				{
					"name": "ear20",
					"parent": "left_ear2",
					"pivot": [3, 32, -1.96316],
					"rotation": [10, 0, 20]
				},
				{
					"name": "bone2",
					"parent": "ear20",
					"pivot": [3.89593, 33.17615, -1.96316],
					"rotation": [0, 0, -52.5]
				},
				{
					"name": "ear21",
					"parent": "ear20",
					"pivot": [2.68584, 30.86585, -3.39944],
					"rotation": [13.5773, -1.77024, 7.28925]
				},
				{
					"name": "ear22",
					"parent": "ear20",
					"pivot": [1.53584, 34.01585, -4.14944],
					"rotation": [0, 0, 35]
				},
				{
					"name": "ear23",
					"parent": "ear22",
					"pivot": [2.53584, 37.01585, -4.14944],
					"rotation": [0, 0, -45]
				},
				{
					"name": "ear24",
					"parent": "ear23",
					"pivot": [2.53584, 34.01585, -4.14944],
					"rotation": [0, 0, 30]
				},
				{
					"name": "ear25",
					"parent": "ear20",
					"pivot": [2.78584, 31.01585, -2.14944]
				},
				{
					"name": "long_hair2",
					"parent": "head2",
					"pivot": [0, 24, -0.96316],
					"rotation": [5, 0, 0]
				},
				{
					"name": "back",
					"parent": "long_hair2",
					"pivot": [0, 24, -0.96316]
				},
				{
					"name": "right",
					"parent": "long_hair2",
					"pivot": [-1, 25, -0.96316],
					"rotation": [2.5, 0, 10]
				},
				{
					"name": "left",
					"parent": "long_hair2",
					"pivot": [1, 25, -0.96316],
					"rotation": [2.5, 0, -10]
				},
				{
					"name": "right_ear",
					"parent": "head",
					"pivot": [-2, 30, -1.96316]
				},
				{
					"name": "ear2",
					"parent": "right_ear",
					"pivot": [-3, 32, -1.96316],
					"rotation": [10, 0, -20],
					"cubes": [
						{
							"origin": [-2.49815, 30.80208, -2.91843],
							"size": [1, 3, 1],
							"uv": {
								"north": {"uv": [26, 2], "uv_size": [1, 3]},
								"east": {"uv": [25, 2], "uv_size": [1, 3]},
								"south": {"uv": [28, 2], "uv_size": [1, 3]},
								"west": {"uv": [27, 2], "uv_size": [1, 3]},
								"up": {"uv": [26, 1], "uv_size": [1, 1]},
								"down": {"uv": [27, 2], "uv_size": [1, -1]}
							}
						}
					]
				},
				{
					"name": "ear3",
					"parent": "ear2",
					"pivot": [-2.68584, 30.86585, -3.39944],
					"rotation": [13.5773, 1.77024, -7.28925],
					"cubes": [
						{
							"origin": [-3.76002, 31.16281, -2.04615],
							"size": [2, 2.9, 1],
							"uv": {
								"north": {"uv": [1, 3], "uv_size": [2, 3]},
								"east": {"uv": [0, 3], "uv_size": [1, 3]},
								"south": {"uv": [4, 3], "uv_size": [2, 3]},
								"west": {"uv": [3, 3], "uv_size": [1, 3]},
								"up": {"uv": [1, 2], "uv_size": [2, 1]},
								"down": {"uv": [5, 2], "uv_size": [0, 0]}
							}
						},
						{
							"origin": [-3.761, 32.555, -2.04615],
							"size": [0.1, 1.018, 1],
							"uv": {
								"north": {"uv": [0, 90], "uv_size": [1, 1]},
								"east": {"uv": [0, 90], "uv_size": [1, 1]},
								"south": {"uv": [0, 89], "uv_size": [1, 1]},
								"west": {"uv": [0, 90], "uv_size": [1, 1]},
								"up": {"uv": [1, 89], "uv_size": [-1, 1]},
								"down": {"uv": [1, 90], "uv_size": [-1, -1]}
							}
						},
						{
							"origin": [-3.27911, 32.32162, -1.94186],
							"size": [2.02, 1.032, 0.9],
							"pivot": [-3.04427, 32.88033, -1.49186],
							"rotation": [0, 0, -29],
							"uv": {
								"north": {"uv": [0, 122], "uv_size": [2, 1]},
								"east": {"uv": [2, 123], "uv_size": [0, 0]},
								"south": {"uv": [4, 123], "uv_size": [2, 1]},
								"west": {"uv": [2, 123], "uv_size": [-1, 1]},
								"up": {"uv": [4, 125], "uv_size": [0, 0]},
								"down": {"uv": [4, 122], "uv_size": [1, 1]}
							}
						},
						{
							"origin": [-3.5314, 32.32236, -1.04186],
							"size": [0.82, 1, 0],
							"pivot": [-2.9714, 33.05834, -1.49186],
							"rotation": [0, 0, 20],
							"uv": {
								"north": {"uv": [9, 124], "uv_size": [1, 1]},
								"east": {"uv": [9, 124], "uv_size": [1, 1]},
								"south": {"uv": [9, 124], "uv_size": [1, 1]},
								"west": {"uv": [9, 124], "uv_size": [1, 1]},
								"up": {"uv": [10, 125], "uv_size": [-1, -1]},
								"down": {"uv": [10, 125], "uv_size": [-1, -1]}
							}
						},
						{
							"origin": [-3.76, 32.555, -1.14186],
							"size": [1.22, 1.018, 0.1],
							"uv": {
								"north": {"uv": [9, 124], "uv_size": [1, 1]},
								"east": {"uv": [9, 124], "uv_size": [1, 1]},
								"south": {"uv": [9, 124], "uv_size": [1, 1]},
								"west": {"uv": [9, 124], "uv_size": [1, 1]},
								"up": {"uv": [10, 125], "uv_size": [-1, -1]},
								"down": {"uv": [10, 125], "uv_size": [-1, -1]}
							}
						}
					]
				},
				{
					"name": "ear7",
					"parent": "ear2",
					"pivot": [-1.53584, 34.01585, -4.14944],
					"rotation": [0, 0, -35],
					"cubes": [
						{
							"origin": [-2.62758, 33.81912, -2.91843],
							"size": [1, 3, 1],
							"inflate": 0.001,
							"uv": {
								"north": {"uv": [29, 21], "uv_size": [1, 3]},
								"east": {"uv": [28, 21], "uv_size": [1, 3]},
								"south": {"uv": [31, 21], "uv_size": [1, 3]},
								"west": {"uv": [30, 21], "uv_size": [1, 3]},
								"up": {"uv": [29, 20], "uv_size": [1, 1]},
								"down": {"uv": [31, 20], "uv_size": [0, 0]}
							}
						},
						{
							"origin": [-3.72, 33.91585, -2.94944],
							"size": [2.1, 1.01, 1.1],
							"uv": {
								"north": {"uv": [34, 127], "uv_size": [2, 1]},
								"east": {"uv": [38, 127], "uv_size": [1, 1]},
								"south": {"uv": [42, 127], "uv_size": [2, 1]},
								"west": {"uv": [41, 127], "uv_size": [1, 1]},
								"up": {"uv": [39, 126], "uv_size": [2, 1]},
								"down": {"uv": [41, 127], "uv_size": [2, -1]}
							}
						},
						{
							"origin": [-2.62, 35.81585, -2.94944],
							"size": [1, 1.01, 1.067],
							"uv": {
								"north": {"uv": [37, 127], "uv_size": [1, 1]},
								"east": {"uv": [36, 127], "uv_size": [1, 1]},
								"south": {"uv": [39, 127], "uv_size": [1, 1]},
								"west": {"uv": [38, 127], "uv_size": [1, 1]},
								"up": {"uv": [37, 126], "uv_size": [1, 1]},
								"down": {"uv": [38, 127], "uv_size": [1, -1]}
							}
						}
					]
				},
				{
					"name": "ear8",
					"parent": "ear7",
					"pivot": [-2.53584, 37.01585, -4.14944],
					"rotation": [0, 0, 45],
					"cubes": [
						{
							"origin": [-2.46161, 33.81188, -2.91843],
							"size": [1, 3, 1],
							"uv": {
								"north": {"uv": [30, 21], "uv_size": [-1, 3]},
								"east": {"uv": [31, 21], "uv_size": [-1, 3]},
								"south": {"uv": [32, 21], "uv_size": [-1, 3]},
								"west": {"uv": [29, 21], "uv_size": [-1, 3]},
								"up": {"uv": [30, 20], "uv_size": [-1, 1]},
								"down": {"uv": [30, 20], "uv_size": [0, 0]}
							}
						},
						{
							"origin": [-1.96161, 34.41188, -2.91856],
							"size": [1.1, 1.7, 1],
							"pivot": [-1.56161, 35.31188, -2.41843],
							"rotation": [0, 0, -28],
							"uv": {
								"north": {"uv": [34, 22], "uv_size": [-1, 1]},
								"east": {"uv": [35, 22], "uv_size": [-1, 1]},
								"south": {"uv": [36, 22], "uv_size": [-1, 1]},
								"west": {"uv": [33, 22], "uv_size": [-1, 1]},
								"up": {"uv": [34, 21], "uv_size": [-1, 1]},
								"down": {"uv": [35, 22], "uv_size": [-1, -1]}
							}
						},
						{
							"origin": [-2.48114, 33.98649, -2.94944],
							"size": [1.3, 1, 1.033],
							"uv": {
								"north": {"uv": [4, 127], "uv_size": [1, 1]},
								"east": {"uv": [3, 127], "uv_size": [1, 1]},
								"south": {"uv": [6, 127], "uv_size": [1, 1]},
								"west": {"uv": [5, 127], "uv_size": [1, 1]},
								"up": {"uv": [4, 126], "uv_size": [1, 1]},
								"down": {"uv": [5, 127], "uv_size": [1, -1]}
							}
						},
						{
							"origin": [-2.47, 36.10781, -2.94944],
							"size": [0.72, 0.715, 1.067],
							"uv": {
								"north": {"uv": [3, 127], "uv_size": [-1, -1]},
								"east": {"uv": [0, 127], "uv_size": [1, 1]},
								"south": {"uv": [3, 128], "uv_size": [-1, -1]},
								"west": {"uv": [1, 126], "uv_size": [0, 0]},
								"up": {"uv": [1, 126], "uv_size": [0, 0]},
								"down": {"uv": [1, 125], "uv_size": [0, 0]}
							}
						}
					]
				},
				{
					"name": "ear9",
					"parent": "ear8",
					"pivot": [-2.53584, 34.01585, -4.14944],
					"rotation": [0, 0, -30],
					"cubes": [
						{
							"origin": [-2.57354, 30.80208, -2.91843],
							"size": [1, 3, 1],
							"inflate": -0.001,
							"uv": {
								"north": {"uv": [25, 20], "uv_size": [1, 3]},
								"east": {"uv": [24, 20], "uv_size": [1, 3]},
								"south": {"uv": [27, 20], "uv_size": [1, 3]},
								"west": {"uv": [26, 20], "uv_size": [1, 3]},
								"up": {"uv": [25, 19], "uv_size": [1, 1]},
								"down": {"uv": [26, 20], "uv_size": [1, -1]}
							}
						}
					]
				},
				{
					"name": "bone5",
					"parent": "ear7",
					"pivot": [-3.61424, 34.17694, -4.57235],
					"cubes": [
						{
							"origin": [-3.83206, 32.68359, -2.61217],
							"size": [1.9, 0.2, 0.2],
							"pivot": [-2.48206, 32.78359, -2.71217],
							"rotation": [-90, 81, -52],
							"uv": {
								"north": {"uv": [34, 121], "uv_size": [3, -1]},
								"east": {"uv": [45, 122], "uv_size": [-1, -1]},
								"south": {"uv": [34, 120], "uv_size": [3, 1]},
								"west": {"uv": [33, 125], "uv_size": [-1, -1]},
								"up": {"uv": [34, 120], "uv_size": [3, 1]},
								"down": {"uv": [34, 120], "uv_size": [3, 1]}
							}
						},
						{
							"origin": [-4.4, 32.4, -4.06316],
							"size": [1.8, 1.8, 1.6],
							"inflate": -0.65,
							"pivot": [-3, 33.4, -3.46316],
							"rotation": [-3.15398, 2.4614, 37.93223],
							"uv": {
								"north": {"uv": [32, 111], "uv_size": [2, 2]},
								"east": {"uv": [38, 111], "uv_size": [1, 2]},
								"south": {"uv": [36, 114], "uv_size": [0, 0]},
								"west": {"uv": [34, 111], "uv_size": [1, 2]},
								"up": {"uv": [35, 112], "uv_size": [2, 1]},
								"down": {"uv": [35, 112], "uv_size": [2, -1]}
							}
						},
						{
							"origin": [-4.5, 32.3, -3.96316],
							"size": [2, 2, 1.6],
							"inflate": -0.65,
							"pivot": [-3, 33.4, -3.46316],
							"rotation": [-3.15398, 2.4614, 37.93223],
							"uv": {
								"north": {"uv": [33, 117], "uv_size": [2, 2]},
								"east": {"uv": [32, 117], "uv_size": [1, 2]},
								"south": {"uv": [36, 117], "uv_size": [2, 2]},
								"west": {"uv": [35, 117], "uv_size": [1, 2]},
								"up": {"uv": [33, 116], "uv_size": [2, 1]},
								"down": {"uv": [35, 117], "uv_size": [2, -1]}
							}
						},
						{
							"origin": [-3.65352, 32.88833, -3.22605],
							"size": [1.7, 0.2, 0.2],
							"pivot": [-2.30352, 33.09333, -4.27605],
							"rotation": [-9, 0, 38],
							"uv": {
								"north": {"uv": [34, 121], "uv_size": [3, -1]},
								"east": {"uv": [45, 122], "uv_size": [-1, -1]},
								"south": {"uv": [34, 121], "uv_size": [3, -1]},
								"west": {"uv": [33, 125], "uv_size": [-1, -1]},
								"up": {"uv": [34, 120], "uv_size": [3, 1]},
								"down": {"uv": [34, 120], "uv_size": [3, 1]}
							}
						},
						{
							"origin": [-5.37613, 33.70074, -1.34944],
							"size": [3.6, 0.2, 0.2],
							"pivot": [-3.82613, 33.90574, -2.39944],
							"rotation": [-9, 0, 38],
							"uv": {
								"north": {"uv": [29, 122], "uv_size": [5, -1]},
								"east": {"uv": [45, 122], "uv_size": [-1, -1]},
								"south": {"uv": [29, 121], "uv_size": [5, -1]},
								"west": {"uv": [33, 125], "uv_size": [-1, -1]},
								"up": {"uv": [29, 123], "uv_size": [5, 1]},
								"down": {"uv": [29, 123], "uv_size": [5, -1]}
							}
						},
						{
							"origin": [-6.3537, 34.65371, -2.81217],
							"size": [2.3, 0.2, 0.2],
							"pivot": [-5.0037, 34.75371, -2.71217],
							"rotation": [-90, 81, -52],
							"uv": {
								"north": {"uv": [34, 121], "uv_size": [3, -1]},
								"east": {"uv": [45, 122], "uv_size": [-1, -1]},
								"south": {"uv": [34, 121], "uv_size": [3, -1]},
								"west": {"uv": [33, 125], "uv_size": [-1, -1]},
								"up": {"uv": [34, 120], "uv_size": [3, 1]},
								"down": {"uv": [34, 120], "uv_size": [3, 1]}
							}
						},
						{
							"origin": [-4.96424, 33.97194, -3.62235],
							"size": [1.7, 0.2, 0.2],
							"pivot": [-3.61424, 34.17694, -4.57235],
							"rotation": [-9, 0, 38],
							"uv": {
								"north": {"uv": [34, 121], "uv_size": [3, -1]},
								"east": {"uv": [45, 122], "uv_size": [-1, -1]},
								"south": {"uv": [34, 121], "uv_size": [3, -1]},
								"west": {"uv": [33, 125], "uv_size": [-1, -1]},
								"up": {"uv": [34, 120], "uv_size": [3, 1]},
								"down": {"uv": [34, 120], "uv_size": [3, 1]}
							}
						}
					]
				},
				{
					"name": "bone6",
					"parent": "bone5",
					"pivot": [-7.25769, 33.86269, -3.24566],
					"cubes": [
						{
							"origin": [-7.331, 33.74395, -3.42879],
							"size": [0, 2.7, 0.4],
							"pivot": [-7.3807, 34.09395, -3.22879],
							"rotation": [-125, 81, -52],
							"uv": {
								"north": {"uv": [48, 127], "uv_size": [2, -2]},
								"east": {"uv": [50, 127], "uv_size": [-2, -2]},
								"south": {"uv": [48, 127], "uv_size": [2, -2]},
								"west": {"uv": [51, 120], "uv_size": [-1, -8]},
								"up": {"uv": [48, 125], "uv_size": [2, 2]},
								"down": {"uv": [48, 125], "uv_size": [2, 2]}
							}
						},
						{
							"origin": [-4.8537, 34.55371, -2.91217],
							"size": [0.1, 0.4, 0.4],
							"pivot": [-5.0037, 34.75371, -2.71217],
							"rotation": [-135, 81, -52],
							"uv": {
								"north": {"uv": [39, 120], "uv_size": [2, -2]},
								"east": {"uv": [41, 120], "uv_size": [-2, -2]},
								"south": {"uv": [39, 120], "uv_size": [2, -2]},
								"west": {"uv": [41, 120], "uv_size": [-2, -2]},
								"up": {"uv": [39, 118], "uv_size": [2, 2]},
								"down": {"uv": [39, 118], "uv_size": [2, 2]}
							}
						},
						{
							"origin": [-6.20381, 33.33569, -3.36983],
							"size": [0, 1.8, 0.4],
							"pivot": [-6.25351, 33.68569, -3.16983],
							"rotation": [-96, 81, -52],
							"uv": {
								"north": {"uv": [47, 128], "uv_size": [2, -2]},
								"east": {"uv": [49, 128], "uv_size": [-2, -2]},
								"south": {"uv": [47, 128], "uv_size": [2, -2]},
								"west": {"uv": [47, 124], "uv_size": [-1, -3]},
								"up": {"uv": [47, 126], "uv_size": [2, 2]},
								"down": {"uv": [47, 126], "uv_size": [2, 2]}
							}
						},
						{
							"origin": [-7.3309, 34.24395, -3.12879],
							"size": [0, 1.4, 0.5],
							"pivot": [-7.3807, 34.09395, -3.22879],
							"rotation": [-125, 81, -52],
							"uv": {
								"north": {"uv": [50, 128], "uv_size": [2, -2]},
								"east": {"uv": [52, 128], "uv_size": [-2, -2]},
								"south": {"uv": [50, 128], "uv_size": [2, -2]},
								"west": {"uv": [44, 114], "uv_size": [-1, -6]},
								"up": {"uv": [50, 126], "uv_size": [2, 2]},
								"down": {"uv": [50, 126], "uv_size": [2, 2]}
							}
						},
						{
							"origin": [-7.20799, 33.51269, -3.44566],
							"size": [0, 1.4, 0.4],
							"pivot": [-7.25769, 33.86269, -3.24566],
							"rotation": [-163, 81, -52],
							"uv": {
								"north": {"uv": [47, 128], "uv_size": [2, -2]},
								"east": {"uv": [49, 128], "uv_size": [-2, -2]},
								"south": {"uv": [47, 128], "uv_size": [2, -2]},
								"west": {"uv": [48, 120], "uv_size": [-1, -5]},
								"up": {"uv": [47, 126], "uv_size": [2, 2]},
								"down": {"uv": [47, 126], "uv_size": [2, 2]}
							}
						}
					]
				},
				{
					"name": "bone7",
					"parent": "bone5",
					"pivot": [-7.25769, 33.86269, -3.24566],
					"cubes": [
						{
							"origin": [-7.831, 33.74395, -3.42879],
							"size": [0, 2.7, 0.4],
							"pivot": [-7.3807, 34.09395, -3.22879],
							"rotation": [-125, 81, -52],
							"uv": {
								"north": {"uv": [48, 127], "uv_size": [2, -2]},
								"east": {"uv": [50, 127], "uv_size": [-2, -2]},
								"south": {"uv": [48, 127], "uv_size": [2, -2]},
								"west": {"uv": [51, 120], "uv_size": [-1, -8]},
								"up": {"uv": [48, 125], "uv_size": [2, 2]},
								"down": {"uv": [48, 125], "uv_size": [2, 2]}
							}
						},
						{
							"origin": [-5.3537, 34.55371, -2.91217],
							"size": [0.1, 0.4, 0.4],
							"pivot": [-5.0037, 34.75371, -2.71217],
							"rotation": [-135, 81, -52],
							"uv": {
								"north": {"uv": [39, 120], "uv_size": [2, -2]},
								"east": {"uv": [41, 120], "uv_size": [-2, -2]},
								"south": {"uv": [39, 120], "uv_size": [2, -2]},
								"west": {"uv": [41, 120], "uv_size": [-2, -2]},
								"up": {"uv": [39, 118], "uv_size": [2, 2]},
								"down": {"uv": [39, 118], "uv_size": [2, 2]}
							}
						},
						{
							"origin": [-6.70381, 33.33569, -3.36983],
							"size": [0, 1.8, 0.4],
							"pivot": [-6.25351, 33.68569, -3.16983],
							"rotation": [-96, 81, -52],
							"uv": {
								"north": {"uv": [47, 128], "uv_size": [2, -2]},
								"east": {"uv": [49, 128], "uv_size": [-2, -2]},
								"south": {"uv": [47, 128], "uv_size": [2, -2]},
								"west": {"uv": [47, 124], "uv_size": [-1, -3]},
								"up": {"uv": [47, 126], "uv_size": [2, 2]},
								"down": {"uv": [47, 126], "uv_size": [2, 2]}
							}
						},
						{
							"origin": [-7.8309, 34.24395, -3.12879],
							"size": [0, 1.4, 0.5],
							"pivot": [-7.3807, 34.09395, -3.22879],
							"rotation": [-125, 81, -52],
							"uv": {
								"north": {"uv": [50, 128], "uv_size": [2, -2]},
								"east": {"uv": [52, 128], "uv_size": [-2, -2]},
								"south": {"uv": [50, 128], "uv_size": [2, -2]},
								"west": {"uv": [44, 114], "uv_size": [-1, -6]},
								"up": {"uv": [50, 126], "uv_size": [2, 2]},
								"down": {"uv": [50, 126], "uv_size": [2, 2]}
							}
						},
						{
							"origin": [-7.70799, 33.51269, -3.44566],
							"size": [0, 1.4, 0.4],
							"pivot": [-7.25769, 33.86269, -3.24566],
							"rotation": [-163, 81, -52],
							"uv": {
								"north": {"uv": [47, 128], "uv_size": [2, -2]},
								"east": {"uv": [49, 128], "uv_size": [-2, -2]},
								"south": {"uv": [47, 128], "uv_size": [2, -2]},
								"west": {"uv": [48, 120], "uv_size": [-1, -5]},
								"up": {"uv": [47, 126], "uv_size": [2, 2]},
								"down": {"uv": [47, 126], "uv_size": [2, 2]}
							}
						}
					]
				},
				{
					"name": "bone8",
					"parent": "bone5",
					"pivot": [-7.25769, 33.86269, -3.24566],
					"cubes": [
						{
							"origin": [-8.331, 33.74395, -3.42879],
							"size": [0, 2.7, 0.4],
							"pivot": [-7.3807, 34.09395, -3.22879],
							"rotation": [-125, 81, -52],
							"uv": {
								"north": {"uv": [48, 127], "uv_size": [2, -2]},
								"east": {"uv": [50, 127], "uv_size": [-2, -2]},
								"south": {"uv": [48, 127], "uv_size": [2, -2]},
								"west": {"uv": [51, 120], "uv_size": [-1, -8]},
								"up": {"uv": [48, 125], "uv_size": [2, 2]},
								"down": {"uv": [48, 125], "uv_size": [2, 2]}
							}
						},
						{
							"origin": [-5.8537, 34.55371, -2.91217],
							"size": [0.1, 0.4, 0.4],
							"pivot": [-5.0037, 34.75371, -2.71217],
							"rotation": [-135, 81, -52],
							"uv": {
								"north": {"uv": [39, 120], "uv_size": [2, -2]},
								"east": {"uv": [41, 120], "uv_size": [-2, -2]},
								"south": {"uv": [39, 120], "uv_size": [2, -2]},
								"west": {"uv": [41, 120], "uv_size": [-2, -2]},
								"up": {"uv": [39, 118], "uv_size": [2, 2]},
								"down": {"uv": [39, 118], "uv_size": [2, 2]}
							}
						},
						{
							"origin": [-7.20381, 33.33569, -3.36983],
							"size": [0, 1.8, 0.4],
							"pivot": [-6.25351, 33.68569, -3.16983],
							"rotation": [-96, 81, -52],
							"uv": {
								"north": {"uv": [47, 128], "uv_size": [2, -2]},
								"east": {"uv": [49, 128], "uv_size": [-2, -2]},
								"south": {"uv": [47, 128], "uv_size": [2, -2]},
								"west": {"uv": [47, 124], "uv_size": [-1, -3]},
								"up": {"uv": [47, 126], "uv_size": [2, 2]},
								"down": {"uv": [47, 126], "uv_size": [2, 2]}
							}
						},
						{
							"origin": [-8.3309, 34.24395, -3.12879],
							"size": [0, 1.4, 0.5],
							"pivot": [-7.3807, 34.09395, -3.22879],
							"rotation": [-125, 81, -52],
							"uv": {
								"north": {"uv": [50, 128], "uv_size": [2, -2]},
								"east": {"uv": [52, 128], "uv_size": [-2, -2]},
								"south": {"uv": [50, 128], "uv_size": [2, -2]},
								"west": {"uv": [44, 114], "uv_size": [-1, -6]},
								"up": {"uv": [50, 126], "uv_size": [2, 2]},
								"down": {"uv": [50, 126], "uv_size": [2, 2]}
							}
						},
						{
							"origin": [-8.20799, 33.51269, -3.44566],
							"size": [0, 1.4, 0.4],
							"pivot": [-7.25769, 33.86269, -3.24566],
							"rotation": [-163, 81, -52],
							"uv": {
								"north": {"uv": [47, 128], "uv_size": [2, -2]},
								"east": {"uv": [49, 128], "uv_size": [-2, -2]},
								"south": {"uv": [47, 128], "uv_size": [2, -2]},
								"west": {"uv": [48, 120], "uv_size": [-1, -5]},
								"up": {"uv": [47, 126], "uv_size": [2, 2]},
								"down": {"uv": [47, 126], "uv_size": [2, 2]}
							}
						}
					]
				},
				{
					"name": "ear13",
					"parent": "ear2",
					"pivot": [-2.78584, 31.01585, -2.14944],
					"cubes": [
						{
							"origin": [-3.8077, 29.82527, -2.21229],
							"size": [2, 2, 1],
							"inflate": 0.001,
							"uv": {
								"north": {"uv": [1, 20], "uv_size": [2, 2]},
								"east": {"uv": [0, 20], "uv_size": [1, 2]},
								"south": {"uv": [4, 20], "uv_size": [2, 2]},
								"west": {"uv": [3, 20], "uv_size": [1, 2]},
								"up": {"uv": [1, 19], "uv_size": [2, 1]},
								"down": {"uv": [3, 20], "uv_size": [2, -1]}
							}
						}
					]
				},
				{
					"name": "left_ear",
					"parent": "head",
					"pivot": [2, 30, -1.96316]
				},
				{
					"name": "ear4",
					"parent": "left_ear",
					"pivot": [3, 32, -1.96316],
					"rotation": [10, 0, 20],
					"cubes": [
						{
							"origin": [1.49815, 30.80208, -2.91843],
							"size": [1, 3, 1],
							"uv": {
								"north": {"uv": [27, 2], "uv_size": [-1, 3]},
								"east": {"uv": [28, 2], "uv_size": [-1, 3]},
								"south": {"uv": [29, 2], "uv_size": [-1, 3]},
								"west": {"uv": [26, 2], "uv_size": [-1, 3]},
								"up": {"uv": [26, 2], "uv_size": [0, 0]},
								"down": {"uv": [28, 2], "uv_size": [-1, -1]}
							}
						}
					]
				},
				{
					"name": "ear5",
					"parent": "ear4",
					"pivot": [2.68584, 30.86585, -3.39944],
					"rotation": [13.5773, -1.77024, 7.28925],
					"cubes": [
						{
							"origin": [1.76002, 31.16281, -2.04615],
							"size": [2, 2.9, 1],
							"uv": {
								"north": {"uv": [3, 3], "uv_size": [-2, 3]},
								"east": {"uv": [4, 3], "uv_size": [-1, 3]},
								"south": {"uv": [6, 3], "uv_size": [-2, 3]},
								"west": {"uv": [1, 3], "uv_size": [-1, 3]},
								"up": {"uv": [3, 2], "uv_size": [-2, 1]},
								"down": {"uv": [3, 2], "uv_size": [0, 0]}
							}
						},
						{
							"origin": [3.661, 32.555, -2.04615],
							"size": [0.1, 1.018, 1],
							"uv": {
								"north": {"uv": [1, 90], "uv_size": [-1, 1]},
								"east": {"uv": [1, 90], "uv_size": [-1, 1]},
								"south": {"uv": [1, 89], "uv_size": [-1, 1]},
								"west": {"uv": [1, 90], "uv_size": [-1, 1]},
								"up": {"uv": [0, 89], "uv_size": [1, 1]},
								"down": {"uv": [0, 90], "uv_size": [1, -1]}
							}
						},
						{
							"origin": [1.25911, 32.32162, -1.94186],
							"size": [2.02, 1.032, 0.9],
							"pivot": [3.04427, 32.88033, -1.49186],
							"rotation": [0, 0, 29],
							"uv": {
								"north": {"uv": [2, 122], "uv_size": [-2, 1]},
								"east": {"uv": [2, 123], "uv_size": [-1, 1]},
								"south": {"uv": [6, 123], "uv_size": [-2, 1]},
								"west": {"uv": [2, 125], "uv_size": [0, 0]},
								"up": {"uv": [2, 125], "uv_size": [0, 0]},
								"down": {"uv": [5, 122], "uv_size": [-1, 1]}
							}
						},
						{
							"origin": [2.7114, 32.32236, -1.04186],
							"size": [0.82, 1, 0],
							"pivot": [2.9714, 33.05834, -1.49186],
							"rotation": [0, 0, -20],
							"uv": {
								"north": {"uv": [10, 124], "uv_size": [-1, 1]},
								"east": {"uv": [10, 124], "uv_size": [-1, 1]},
								"south": {"uv": [10, 124], "uv_size": [-1, 1]},
								"west": {"uv": [10, 124], "uv_size": [-1, 1]},
								"up": {"uv": [9, 125], "uv_size": [1, -1]},
								"down": {"uv": [9, 125], "uv_size": [1, -1]}
							}
						},
						{
							"origin": [2.54, 32.555, -1.14186],
							"size": [1.22, 1.018, 0.1],
							"uv": {
								"north": {"uv": [10, 124], "uv_size": [-1, 1]},
								"east": {"uv": [10, 124], "uv_size": [-1, 1]},
								"south": {"uv": [10, 124], "uv_size": [-1, 1]},
								"west": {"uv": [10, 124], "uv_size": [-1, 1]},
								"up": {"uv": [9, 125], "uv_size": [1, -1]},
								"down": {"uv": [9, 125], "uv_size": [1, -1]}
							}
						}
					]
				},
				{
					"name": "ear6",
					"parent": "ear4",
					"pivot": [1.53584, 34.01585, -4.14944],
					"rotation": [0, 0, 35],
					"cubes": [
						{
							"origin": [1.62758, 33.81912, -2.91843],
							"size": [1, 3, 1],
							"inflate": 0.001,
							"uv": {
								"north": {"uv": [30, 21], "uv_size": [-1, 3]},
								"east": {"uv": [31, 21], "uv_size": [-1, 3]},
								"south": {"uv": [32, 21], "uv_size": [-1, 3]},
								"west": {"uv": [29, 21], "uv_size": [-1, 3]},
								"up": {"uv": [30, 20], "uv_size": [-1, 1]},
								"down": {"uv": [30, 20], "uv_size": [0, 0]}
							}
						},
						{
							"origin": [1.62, 33.91585, -2.94944],
							"size": [2.1, 1.01, 1.1],
							"uv": {
								"north": {"uv": [36, 127], "uv_size": [-2, 1]},
								"east": {"uv": [42, 127], "uv_size": [-1, 1]},
								"south": {"uv": [44, 127], "uv_size": [-2, 1]},
								"west": {"uv": [39, 127], "uv_size": [-1, 1]},
								"up": {"uv": [41, 126], "uv_size": [-2, 1]},
								"down": {"uv": [43, 127], "uv_size": [-2, -1]}
							}
						},
						{
							"origin": [1.62, 35.81585, -2.94944],
							"size": [1, 1.01, 1.067],
							"uv": {
								"north": {"uv": [38, 127], "uv_size": [-1, 1]},
								"east": {"uv": [39, 127], "uv_size": [-1, 1]},
								"south": {"uv": [40, 127], "uv_size": [-1, 1]},
								"west": {"uv": [37, 127], "uv_size": [-1, 1]},
								"up": {"uv": [38, 126], "uv_size": [-1, 1]},
								"down": {"uv": [39, 127], "uv_size": [-1, -1]}
							}
						}
					]
				},
				{
					"name": "ear10",
					"parent": "ear6",
					"pivot": [2.53584, 37.01585, -4.14944],
					"rotation": [0, 0, -45],
					"cubes": [
						{
							"origin": [1.46161, 33.81188, -2.91843],
							"size": [1, 2.8, 1],
							"uv": {
								"north": {"uv": [29, 21], "uv_size": [1, 2]},
								"east": {"uv": [28, 21], "uv_size": [1, 2]},
								"south": {"uv": [31, 21], "uv_size": [1, 2]},
								"west": {"uv": [30, 21], "uv_size": [1, 2]},
								"up": {"uv": [29, 20], "uv_size": [1, 1]},
								"down": {"uv": [31, 20], "uv_size": [0, 0]}
							}
						},
						{
							"origin": [0.86161, 34.41188, -2.91856],
							"size": [1.1, 1.7, 1],
							"pivot": [1.56161, 35.31188, -2.41843],
							"rotation": [0, 0, 28],
							"uv": {
								"north": {"uv": [33, 22], "uv_size": [1, 1]},
								"east": {"uv": [32, 22], "uv_size": [1, 1]},
								"south": {"uv": [35, 22], "uv_size": [1, 1]},
								"west": {"uv": [34, 22], "uv_size": [1, 1]},
								"up": {"uv": [33, 21], "uv_size": [1, 1]},
								"down": {"uv": [34, 22], "uv_size": [1, -1]}
							}
						},
						{
							"origin": [1.18114, 33.98649, -2.94944],
							"size": [1.3, 1, 1.033],
							"uv": {
								"north": {"uv": [5, 127], "uv_size": [-1, 1]},
								"east": {"uv": [6, 127], "uv_size": [-1, 1]},
								"south": {"uv": [7, 127], "uv_size": [-1, 1]},
								"west": {"uv": [4, 127], "uv_size": [-1, 1]},
								"up": {"uv": [5, 126], "uv_size": [-1, 1]},
								"down": {"uv": [6, 127], "uv_size": [-1, -1]}
							}
						},
						{
							"origin": [1.7468, 36.10781, -2.94944],
							"size": [0.72, 0.715, 1.067],
							"uv": {
								"north": {"uv": [2, 126], "uv_size": [1, 1]},
								"east": {"uv": [2, 127], "uv_size": [0, 0]},
								"south": {"uv": [2, 127], "uv_size": [1, 1]},
								"west": {"uv": [1, 127], "uv_size": [-1, 1]},
								"up": {"uv": [1, 127], "uv_size": [0, 0]},
								"down": {"uv": [1, 126], "uv_size": [0, 0]}
							}
						}
					]
				},
				{
					"name": "ear11",
					"parent": "ear10",
					"pivot": [2.53584, 34.01585, -4.14944],
					"rotation": [0, 0, 30],
					"cubes": [
						{
							"origin": [1.57354, 30.80208, -2.91843],
							"size": [1, 3, 1],
							"inflate": -0.001,
							"uv": {
								"north": {"uv": [26, 20], "uv_size": [-1, 3]},
								"east": {"uv": [27, 20], "uv_size": [-1, 3]},
								"south": {"uv": [28, 20], "uv_size": [-1, 3]},
								"west": {"uv": [25, 20], "uv_size": [-1, 3]},
								"up": {"uv": [26, 19], "uv_size": [-1, 1]},
								"down": {"uv": [27, 20], "uv_size": [-1, -1]}
							}
						}
					]
				},
				{
					"name": "ear12",
					"parent": "ear4",
					"pivot": [2.78584, 31.01585, -2.14944],
					"cubes": [
						{
							"origin": [1.8077, 29.82527, -2.21229],
							"size": [2, 2, 1],
							"inflate": 0.001,
							"uv": {
								"north": {"uv": [3, 20], "uv_size": [-2, 2]},
								"east": {"uv": [4, 20], "uv_size": [-1, 2]},
								"south": {"uv": [6, 20], "uv_size": [-2, 2]},
								"west": {"uv": [1, 20], "uv_size": [-1, 2]},
								"up": {"uv": [3, 19], "uv_size": [-2, 1]},
								"down": {"uv": [5, 20], "uv_size": [-2, -1]}
							}
						}
					]
				},
				{
					"name": "long_hair",
					"parent": "head",
					"pivot": [0, 24, 1.93684],
					"cubes": [
						{
							"origin": [-4, 15, 2.93684],
							"size": [8, 9, 1],
							"uv": {
								"north": {"uv": [93, 22], "uv_size": [0, 0]},
								"east": {"uv": [92, 22], "uv_size": [0, 0]},
								"south": {"uv": [102, 22], "uv_size": [8, 9]},
								"west": {"uv": [101, 22], "uv_size": [0, 0]},
								"up": {"uv": [101, 22], "uv_size": [0, 0]},
								"down": {"uv": [109, 21], "uv_size": [0, 0]}
							}
						}
					]
				},
				{
					"name": "right2",
					"parent": "long_hair",
					"pivot": [-1, 25, -0.06316],
					"rotation": [2.5, 0, 10],
					"cubes": [
						{
							"origin": [-4.9, 14.5, 2.93684],
							"size": [4, 11, 1],
							"uv": {
								"north": {"uv": [101, 32], "uv_size": [0, 0]},
								"east": {"uv": [100, 32], "uv_size": [0, 0]},
								"south": {"uv": [106, 32], "uv_size": [4, 11]},
								"west": {"uv": [105, 32], "uv_size": [0, 0]},
								"up": {"uv": [105, 32], "uv_size": [0, 0]},
								"down": {"uv": [109, 31], "uv_size": [0, 0]}
							}
						}
					]
				},
				{
					"name": "left2",
					"parent": "long_hair",
					"pivot": [1, 25, -0.06316],
					"rotation": [2.5, 0, -10],
					"cubes": [
						{
							"origin": [0.9, 14.5, 2.93684],
							"size": [4, 11, 1],
							"uv": {
								"north": {"uv": [105, 32], "uv_size": [0, 0]},
								"east": {"uv": [101, 32], "uv_size": [0, 0]},
								"south": {"uv": [110, 32], "uv_size": [-4, 11]},
								"west": {"uv": [101, 32], "uv_size": [0, 0]},
								"up": {"uv": [101, 32], "uv_size": [0, 0]},
								"down": {"uv": [100, 32], "uv_size": [0, 0]}
							}
						}
					]
				},
				{
					"name": "tail",
					"pivot": [0, 15, 2]
				},
				{
					"name": "tail3",
					"parent": "tail",
					"pivot": [0, 18, 1],
					"rotation": [25, 0, 0],
					"cubes": [
						{
							"origin": [-1.5, 8, -1],
							"size": [3, 7, 4],
							"inflate": -0.5,
							"uv": {
								"north": {"uv": [34, 48], "uv_size": [3, 7]},
								"east": {"uv": [30, 48], "uv_size": [4, 7]},
								"south": {"uv": [41, 48], "uv_size": [3, 7]},
								"west": {"uv": [37, 48], "uv_size": [4, 7]},
								"up": {"uv": [34, 44], "uv_size": [3, 4]},
								"down": {"uv": [40, 44], "uv_size": [0, 0]}
							}
						}
					]
				},
				{
					"name": "tail_down",
					"parent": "tail",
					"pivot": [0, 10, 7],
					"rotation": [9.66, 0, 0],
					"cubes": [
						{
							"origin": [-1.5, 3.62865, 2.88723],
							"size": [3, 7, 4],
							"inflate": -0.5,
							"uv": {
								"north": {"uv": [20, 47], "uv_size": [3, 7]},
								"east": {"uv": [16, 47], "uv_size": [4, 7]},
								"south": {"uv": [27, 47], "uv_size": [3, 7]},
								"west": {"uv": [23, 47], "uv_size": [4, 7]},
								"up": {"uv": [23, 47], "uv_size": [0, 0]},
								"down": {"uv": [26, 43], "uv_size": [0, 0]}
							}
						},
						{
							"origin": [-1, 3.3641, 3.92286],
							"size": [2, 7, 2],
							"inflate": -0.5,
							"uv": {
								"north": {"uv": [22, 34], "uv_size": [2, 7]},
								"east": {"uv": [20, 34], "uv_size": [2, 7]},
								"south": {"uv": [26, 34], "uv_size": [2, 7]},
								"west": {"uv": [24, 34], "uv_size": [2, 7]},
								"up": {"uv": [22, 32], "uv_size": [2, 2]},
								"down": {"uv": [24, 34], "uv_size": [2, -2]}
							}
						}
					]
				},
				{
					"name": "body",
					"pivot": [0, 24, 0],
					"cubes": [
						{
							"origin": [-2.5, 21.8, -2.5],
							"size": [5, 4, 5],
							"inflate": -1.25,
							"uv": {
								"north": {"uv": [32, 16], "uv_size": [5, 4]},
								"east": {"uv": [27, 16], "uv_size": [5, 4]},
								"south": {"uv": [42, 16], "uv_size": [5, 4]},
								"west": {"uv": [37, 16], "uv_size": [5, 4]},
								"up": {"uv": [32, 11], "uv_size": [5, 5]},
								"down": {"uv": [37, 16], "uv_size": [5, -5]}
							}
						},
						{
							"origin": [-2.6, 22.2, -2.6],
							"size": [5.2, 3.3, 5.2],
							"inflate": -1.25,
							"uv": {
								"north": {"uv": [89, 47], "uv_size": [5, 4]},
								"east": {"uv": [84, 47], "uv_size": [5, 4]},
								"south": {"uv": [99, 47], "uv_size": [5, 4]},
								"west": {"uv": [94, 47], "uv_size": [5, 4]},
								"up": {"uv": [0, 0], "uv_size": [0, 0]},
								"down": {"uv": [0, 0], "uv_size": [0, 0]}
							}
						},
						{
							"origin": [-3.5, 11.73, -1.6],
							"size": [7, 12, 3.1],
							"inflate": -0.251,
							"uv": {
								"north": {"uv": [3, 35], "uv_size": [7, 12]},
								"east": {"uv": [0, 35], "uv_size": [3, 12]},
								"south": {"uv": [13, 35], "uv_size": [7, 12]},
								"west": {"uv": [10, 35], "uv_size": [3, 12]},
								"up": {"uv": [3, 32], "uv_size": [7, 3]},
								"down": {"uv": [10, 35], "uv_size": [7, -3]}
							}
						}
					]
				},
				{
					"name": "bone14",
					"parent": "body",
					"pivot": [-1.91244, 16.01995, -1.41104]
				},
				{
					"name": "bone15",
					"parent": "body",
					"pivot": [-1.91244, 19.01995, -1.41104],
					"cubes": [
						{
							"origin": [-3.11244, 16.96995, -1.35],
							"size": [1.8, 0.3, 0],
							"pivot": [-2.21244, 18.01995, -1.42],
							"rotation": [0, 0, -29],
							"uv": {
								"north": {"uv": [65, 117], "uv_size": [1, 0]},
								"east": {"uv": [65, 117], "uv_size": [0, 0]},
								"south": {"uv": [66, 117], "uv_size": [1, 0]},
								"west": {"uv": [66, 117], "uv_size": [0, 0]},
								"up": {"uv": [65, 117], "uv_size": [1, 0]},
								"down": {"uv": [66, 117], "uv_size": [1, 0]}
							}
						}
					]
				},
				{
					"name": "hide_parts",
					"parent": "body",
					"pivot": [0, 24, 0]
				},
				{
					"name": "coat",
					"parent": "hide_parts",
					"pivot": [0, 24, 0],
					"cubes": [
						{
							"origin": [-0.75, 22.4, -1.6],
							"size": [0.5, 1.05, 0.1],
							"pivot": [0, 22.75, -1.35],
							"rotation": [-8, 0, 0],
							"uv": {
								"north": {"uv": [35, 92], "uv_size": [-3, 3]},
								"east": {"uv": [30, 89], "uv_size": [1, 3]},
								"south": {"uv": [26, 89], "uv_size": [0, 0]},
								"west": {"uv": [30, 89], "uv_size": [1, 3]},
								"up": {"uv": [26, 89], "uv_size": [3, 3]},
								"down": {"uv": [29, 91], "uv_size": [0, 0]}
							}
						},
						{
							"origin": [0.25, 22.4, -1.6],
							"size": [0.5, 1.05, 0.1],
							"pivot": [0, 22.75, -1.35],
							"rotation": [-8, 0, 0],
							"uv": {
								"north": {"uv": [32, 92], "uv_size": [3, 3]},
								"east": {"uv": [30, 89], "uv_size": [1, 3]},
								"south": {"uv": [26, 89], "uv_size": [0, 0]},
								"west": {"uv": [30, 89], "uv_size": [1, 3]},
								"up": {"uv": [26, 89], "uv_size": [3, 3]},
								"down": {"uv": [29, 91], "uv_size": [0, 0]}
							}
						},
						{
							"origin": [0.01716, 22.32852, -1.62],
							"size": [0.7, 0.71, 0.1],
							"pivot": [-0.03284, 22.67852, -1.36005],
							"rotation": [-5.67527, 5.64763, 44.71984],
							"uv": {
								"north": {"uv": [29, 92], "uv_size": [3, 3]},
								"east": {"uv": [31, 89], "uv_size": [1, 3]},
								"south": {"uv": [26, 89], "uv_size": [0, 0]},
								"west": {"uv": [31, 89], "uv_size": [1, 3]},
								"up": {"uv": [29, 92], "uv_size": [0, 0]},
								"down": {"uv": [29, 91], "uv_size": [0, 0]}
							}
						},
						{
							"origin": [-0.71716, 22.32852, -1.62],
							"size": [0.7, 0.71, 0.1],
							"pivot": [0.03284, 22.67852, -1.36005],
							"rotation": [-5.67527, -5.64763, -44.71984],
							"uv": {
								"north": {"uv": [32, 92], "uv_size": [-3, 3]},
								"east": {"uv": [32, 89], "uv_size": [-1, 3]},
								"south": {"uv": [29, 89], "uv_size": [0, 0]},
								"west": {"uv": [32, 89], "uv_size": [-1, 3]},
								"up": {"uv": [26, 92], "uv_size": [0, 0]},
								"down": {"uv": [26, 91], "uv_size": [0, 0]}
							}
						},
						{
							"origin": [-0.25, 21.9, -1.6],
							"size": [0.5, 0.5, 0.1],
							"pivot": [0, 22.75, -1.35],
							"rotation": [-8, 0, 0],
							"uv": {
								"north": {"uv": [26, 92], "uv_size": [3, 3]},
								"east": {"uv": [28, 89], "uv_size": [1, 3]},
								"south": {"uv": [26, 89], "uv_size": [0, 0]},
								"west": {"uv": [28, 89], "uv_size": [1, 3]},
								"up": {"uv": [26, 89], "uv_size": [3, 3]},
								"down": {"uv": [26, 92], "uv_size": [3, -1]}
							}
						},
						{
							"origin": [-0.35, 22.03367, -1.79],
							"size": [0.5, 0.5, 0.2],
							"pivot": [0, 22.18367, -1.63156],
							"rotation": [-5.67527, 5.64763, 44.71984],
							"uv": {
								"north": {"uv": [26, 95], "uv_size": [5, 5]},
								"east": {"uv": [28, 89], "uv_size": [1, 3]},
								"south": {"uv": [24, 92], "uv_size": [1, 3]},
								"west": {"uv": [23, 92], "uv_size": [1, 3]},
								"up": {"uv": [25, 92], "uv_size": [1, 3]},
								"down": {"uv": [23, 96], "uv_size": [3, -1]}
							}
						},
						{
							"origin": [-3.5, 12.05, -1.5],
							"size": [7, 11.5, 3],
							"inflate": -0.01,
							"uv": {
								"north": {"uv": [49, 71], "uv_size": [7, 11.5]},
								"east": {"uv": [46, 71], "uv_size": [3, 11.5]},
								"south": {"uv": [59, 71], "uv_size": [7, 11.5]},
								"west": {"uv": [56, 71], "uv_size": [3, 11.5]},
								"up": {"uv": [49, 68], "uv_size": [7, 3]},
								"down": {"uv": [56, 71], "uv_size": [7, -3]}
							}
						},
						{
							"origin": [-3.5, 12.3, -1.5],
							"size": [7, 4.15, 3],
							"inflate": 0.3,
							"uv": {
								"north": {"uv": [92, 68], "uv_size": [7, 5]},
								"east": {"uv": [89, 68], "uv_size": [3, 5]},
								"south": {"uv": [102, 68], "uv_size": [7, 5]},
								"west": {"uv": [99, 68], "uv_size": [3, 5]},
								"up": {"uv": [99, 68], "uv_size": [0, 0]},
								"down": {"uv": [106, 65], "uv_size": [0, 0]}
							}
						},
						{
							"origin": [-1.49792, 14.80958, -1.826],
							"size": [4.2, 1, 0],
							"pivot": [2.70208, 15.80958, -1.801],
							"rotation": [0, 0, -40.75],
							"uv": {
								"north": {"uv": [76, 65], "uv_size": [4.8, 1]},
								"east": {"uv": [81, 65], "uv_size": [0, 0]},
								"south": {"uv": [86, 65], "uv_size": [0, 0]},
								"west": {"uv": [86, 65], "uv_size": [0, 0]},
								"up": {"uv": [86, 65], "uv_size": [0, 0]},
								"down": {"uv": [91, 65], "uv_size": [0, 0]}
							}
						},
						{
							"origin": [1.64056, 10.14818, -1.774],
							"size": [2.3, 2.3, 0],
							"pivot": [-2.74482, 12.72238, -1.7821],
							"rotation": [0, 0, -45],
							"uv": {
								"north": {"uv": [48, 103], "uv_size": [3, 3]},
								"east": {"uv": [0, 0], "uv_size": [0, 0]},
								"south": {"uv": [0, 0], "uv_size": [0, 0]},
								"west": {"uv": [0, 0], "uv_size": [0, 0]},
								"up": {"uv": [0, 0], "uv_size": [0, 0]},
								"down": {"uv": [0, 0], "uv_size": [0, 0]}
							}
						},
						{
							"origin": [-1.86811, 17.83535, -1.517],
							"size": [1.7, 0.5, 0],
							"pivot": [-0.91811, 18.38535, -1.517],
							"rotation": [0, 0, -45],
							"uv": {
								"north": {"uv": [87, 70], "uv_size": [1.7, 1]},
								"east": {"uv": [78, 78], "uv_size": [0, 0]},
								"south": {"uv": [79, 78], "uv_size": [0, 0]},
								"west": {"uv": [79, 78], "uv_size": [0, 0]},
								"up": {"uv": [79, 78], "uv_size": [0, 0]},
								"down": {"uv": [80, 78], "uv_size": [0, 0]}
							}
						},
						{
							"origin": [-1.42, 14.87, 1.8249],
							"size": [4.9, 0.8, 0],
							"pivot": [3.21881, 14.70997, 1.8009],
							"rotation": [0, 0, -45],
							"uv": {
								"north": {"uv": [73, 65], "uv_size": [0, 0]},
								"east": {"uv": [73, 65], "uv_size": [0, 0]},
								"south": {"uv": [71, 63], "uv_size": [4, 1]},
								"west": {"uv": [77, 65], "uv_size": [0, 0]},
								"up": {"uv": [77, 65], "uv_size": [0, 0]},
								"down": {"uv": [81, 65], "uv_size": [0, 0]}
							}
						},
						{
							"origin": [-3.79291, 21.01, 1.54],
							"size": [4.19, 0.7, 0],
							"pivot": [-0.50291, 21.55157, 1.541],
							"rotation": [0, 0, -33.8],
							"uv": {
								"north": {"uv": [78, 77], "uv_size": [0, 0]},
								"east": {"uv": [78, 77], "uv_size": [0, 0]},
								"south": {"uv": [78.9, 80.1], "uv_size": [8.1, 0.9]},
								"west": {"uv": [82, 77], "uv_size": [0, 0]},
								"up": {"uv": [82, 77], "uv_size": [0, 0]},
								"down": {"uv": [86, 77], "uv_size": [0, 0]}
							}
						},
						{
							"origin": [-3.48557, 19.27132, 1.565],
							"size": [0.55, 1.62, 0],
							"uv": {
								"north": {"uv": [85, 65], "uv_size": [0, 0]},
								"east": {"uv": [85, 65], "uv_size": [0, 0]},
								"south": {"uv": [81, 57.2], "uv_size": [-1, 7.8]},
								"west": {"uv": [85, 65], "uv_size": [0, 0]},
								"up": {"uv": [85, 65], "uv_size": [0, 0]},
								"down": {"uv": [85, 65], "uv_size": [0, 0]}
							}
						},
						{
							"origin": [-2.16291, 22.665, 1.515],
							"size": [2.16, 0.9, 0],
							"pivot": [-0.50291, 21.55157, 1.541],
							"rotation": [0, 0, -33.8],
							"uv": {
								"north": {"uv": [69, 81], "uv_size": [0, 0]},
								"east": {"uv": [69, 81], "uv_size": [0, 0]},
								"south": {"uv": [68, 89], "uv_size": [8, -1]},
								"west": {"uv": [71, 81], "uv_size": [0, 0]},
								"up": {"uv": [71, 81], "uv_size": [0, 0]},
								"down": {"uv": [73, 81], "uv_size": [0, 0]}
							}
						},
						{
							"origin": [-0.00291, 22.665, 1.515],
							"size": [0.8, 0.4, 0],
							"pivot": [-0.50291, 21.55157, 1.541],
							"rotation": [0, 0, -33.8],
							"uv": {
								"north": {"uv": [75, 81], "uv_size": [0, 0]},
								"east": {"uv": [75, 81], "uv_size": [0, 0]},
								"south": {"uv": [73, 83], "uv_size": [2, 1]},
								"west": {"uv": [75, 81], "uv_size": [0, 0]},
								"up": {"uv": [75, 81], "uv_size": [0, 0]},
								"down": {"uv": [75, 81], "uv_size": [0, 0]}
							}
						},
						{
							"origin": [-0.79, 21.56, 1.516],
							"size": [4.28, 0.7, 0],
							"uv": {
								"north": {"uv": [76, 83], "uv_size": [0, 0]},
								"east": {"uv": [76, 83], "uv_size": [0, 0]},
								"south": {"uv": [76, 86], "uv_size": [4.3, -1]},
								"west": {"uv": [80, 83], "uv_size": [0, 0]},
								"up": {"uv": [80, 83], "uv_size": [0, 0]},
								"down": {"uv": [84, 83], "uv_size": [0, 0]}
							}
						},
						{
							"origin": [0.35246, 21.65749, 1.542],
							"size": [2.88, 0.9785, 0],
							"pivot": [1.79246, 22.15749, 1.542],
							"rotation": [0, 0, 135],
							"uv": {
								"north": {"uv": [79, 89], "uv_size": [0, 0]},
								"east": {"uv": [79, 89], "uv_size": [0, 0]},
								"south": {"uv": [84.9, 92], "uv_size": [3.1, -1]},
								"west": {"uv": [81, 89], "uv_size": [0, 0]},
								"up": {"uv": [81, 89], "uv_size": [0, 0]},
								"down": {"uv": [83, 89], "uv_size": [0, 0]}
							}
						},
						{
							"origin": [2.0221, 23.0093, -1.556],
							"size": [1.125, 0.732, 3.06],
							"pivot": [2.5571, 23.2878, -0.006],
							"rotation": [180, 0, 0],
							"uv": {
								"north": {"uv": [71, 69], "uv_size": [1, 1]},
								"east": {"uv": [0, 0], "uv_size": [0, 0]},
								"south": {"uv": [71, 69], "uv_size": [1, -2]},
								"west": {"uv": [0, 0], "uv_size": [0, 0]},
								"up": {"uv": [74, 78], "uv_size": [1, 3]},
								"down": {"uv": [72, 70], "uv_size": [1, -3]}
							}
						},
						{
							"origin": [2.0221, 23.4343, 5.531],
							"size": [1.125, 1.207, 0],
							"pivot": [2.56212, 23.2878, 2.008],
							"rotation": [180, 0, 0],
							"uv": {
								"north": {"uv": [74, 81], "uv_size": [0, 0]},
								"east": {"uv": [71, 81], "uv_size": [0, 0]},
								"south": {"uv": [79, 79], "uv_size": [1, -2]},
								"west": {"uv": [75, 81], "uv_size": [0, 0]},
								"up": {"uv": [75, 81], "uv_size": [0, 0]},
								"down": {"uv": [76, 78], "uv_size": [0, 0]}
							}
						},
						{
							"origin": [0.48, 20.76, 1.518],
							"size": [3.01, 0.8, 0],
							"uv": {
								"north": {"uv": [76, 83], "uv_size": [0, 0]},
								"east": {"uv": [76, 83], "uv_size": [0, 0]},
								"south": {"uv": [80, 84], "uv_size": [3, -1]},
								"west": {"uv": [79, 83], "uv_size": [0, 0]},
								"up": {"uv": [79, 83], "uv_size": [0, 0]},
								"down": {"uv": [82, 83], "uv_size": [0, 0]}
							}
						},
						{
							"origin": [0.25847, 20.84092, 1.543],
							"size": [0.44, 0.67, 0],
							"pivot": [0.50847, 21.17592, 1.543],
							"rotation": [0, 0, -33.8],
							"uv": {
								"north": {"uv": [76, 83], "uv_size": [0, 0]},
								"east": {"uv": [76, 83], "uv_size": [0, 0]},
								"south": {"uv": [77, 82], "uv_size": [1, 1]},
								"west": {"uv": [76, 83], "uv_size": [0, 0]},
								"up": {"uv": [76, 83], "uv_size": [0, 0]},
								"down": {"uv": [76, 83], "uv_size": [0, 0]}
							}
						},
						{
							"origin": [-3.515, 23.04, 1.541],
							"size": [7.005, 0.5, 0],
							"uv": {
								"north": {"uv": [76, 83], "uv_size": [0, 0]},
								"east": {"uv": [76, 83], "uv_size": [0, 0]},
								"south": {"uv": [76, 86], "uv_size": [7, 1]},
								"west": {"uv": [82, 83], "uv_size": [0, 0]},
								"up": {"uv": [82, 83], "uv_size": [0, 0]},
								"down": {"uv": [88, 83], "uv_size": [0, 0]}
							}
						},
						{
							"origin": [-1.016, 23.04, 9.471],
							"size": [1.63, 0.5, 0],
							"pivot": [2.514, 21.55731, 3.442],
							"rotation": [0, -90, 0],
							"uv": {
								"north": {"uv": [86, 84], "uv_size": [0, 0]},
								"east": {"uv": [86, 84], "uv_size": [0, 0]},
								"south": {"uv": [87, 84], "uv_size": [1.6, -1]},
								"west": {"uv": [87, 84], "uv_size": [0, 0]},
								"up": {"uv": [87, 84], "uv_size": [0, 0]},
								"down": {"uv": [88, 84], "uv_size": [0, 0]}
							}
						},
						{
							"origin": [-3.41927, 20.25656, 1.545],
							"size": [1.19, 1.015, 0],
							"pivot": [-2.82927, 20.96406, 1.54],
							"rotation": [0, 0, -33.8],
							"uv": {
								"north": {"uv": [71, 71], "uv_size": [0, 0]},
								"east": {"uv": [71, 71], "uv_size": [0, 0]},
								"south": {"uv": [70, 65], "uv_size": [2, 1]},
								"west": {"uv": [72, 71], "uv_size": [0, 0]},
								"up": {"uv": [72, 71], "uv_size": [0, 0]},
								"down": {"uv": [73, 71], "uv_size": [0, 0]}
							}
						},
						{
							"origin": [-2.48, 20.845, 1.541],
							"size": [1.89, 0.715, 0],
							"uv": {
								"north": {"uv": [82, 77], "uv_size": [0, 0]},
								"east": {"uv": [82, 77], "uv_size": [0, 0]},
								"south": {"uv": [82, 74], "uv_size": [2, 1]},
								"west": {"uv": [83, 77], "uv_size": [0, 0]},
								"up": {"uv": [83, 77], "uv_size": [0, 0]},
								"down": {"uv": [84, 77], "uv_size": [0, 0]}
							}
						},
						{
							"origin": [-3.85, 11.8, -1.85],
							"size": [7.7, 1.2, 3.7],
							"uv": {
								"north": {"uv": [93, 88], "uv_size": [7, 1]},
								"east": {"uv": [90, 88], "uv_size": [3, 1]},
								"south": {"uv": [103, 88], "uv_size": [7, 1]},
								"west": {"uv": [100, 88], "uv_size": [3, 1]},
								"up": {"uv": [0, 0], "uv_size": [0, 0]},
								"down": {"uv": [0, 0], "uv_size": [0, 0]}
							}
						},
						{
							"origin": [-0.05, 11.8, -1.851],
							"size": [0.1, 1.2, 0],
							"uv": {
								"north": {"uv": [84, 53], "uv_size": [1, 3]},
								"east": {"uv": [87, 53], "uv_size": [0, 0]},
								"south": {"uv": [81, 53], "uv_size": [0, 0]},
								"west": {"uv": [87, 53], "uv_size": [0, 0]},
								"up": {"uv": [84, 57], "uv_size": [0, 0]},
								"down": {"uv": [82, 54], "uv_size": [0, 0]}
							}
						},
						{
							"origin": [-0.05, 12.1, -1.81],
							"size": [0.1, 3.52, 0],
							"uv": {
								"north": {"uv": [80, 53], "uv_size": [1, 3]},
								"east": {"uv": [95, 53], "uv_size": [0, 0]},
								"south": {"uv": [89, 53], "uv_size": [0, 0]},
								"west": {"uv": [95, 53], "uv_size": [0, 0]},
								"up": {"uv": [92, 57], "uv_size": [0, 0]},
								"down": {"uv": [90, 54], "uv_size": [0, 0]}
							}
						},
						{
							"origin": [-0.05, 13.3, -1.61],
							"size": [0.1, 10.2, 0],
							"uv": {
								"north": {"uv": [81, 53], "uv_size": [1, 3]},
								"east": {"uv": [87, 53], "uv_size": [0, 0]},
								"south": {"uv": [81, 53], "uv_size": [0, 0]},
								"west": {"uv": [87, 53], "uv_size": [0, 0]},
								"up": {"uv": [84, 57], "uv_size": [0, 0]},
								"down": {"uv": [82, 54], "uv_size": [0, 0]}
							}
						},
						{
							"origin": [-0.05, 19.4, -2.41],
							"size": [0.1, 1.61, 0],
							"pivot": [0, 19.9, -1.51],
							"rotation": [59, 0, 0],
							"uv": {
								"north": {"uv": [82, 53], "uv_size": [1, 3]},
								"east": {"uv": [87, 53], "uv_size": [0, 0]},
								"south": {"uv": [81, 53], "uv_size": [0, 0]},
								"west": {"uv": [87, 53], "uv_size": [0, 0]},
								"up": {"uv": [84, 57], "uv_size": [0, 0]},
								"down": {"uv": [82, 54], "uv_size": [0, 0]}
							}
						},
						{
							"origin": [-0.05, 20.1047, -2.80644],
							"size": [0.1, 2.61, 0],
							"pivot": [0, 20.1097, -3.60644],
							"rotation": [-31, 0, 0],
							"uv": {
								"north": {"uv": [84, 53], "uv_size": [-1, 3]},
								"east": {"uv": [87, 53], "uv_size": [0, 0]},
								"south": {"uv": [81, 53], "uv_size": [0, 0]},
								"west": {"uv": [87, 53], "uv_size": [0, 0]},
								"up": {"uv": [84, 57], "uv_size": [0, 0]},
								"down": {"uv": [82, 54], "uv_size": [0, 0]}
							}
						}
					]
				},
				{
					"name": "bone17",
					"parent": "coat",
					"pivot": [3.80269, 15.488, -1.79999],
					"rotation": [0, -90, 0],
					"cubes": [
						{
							"origin": [4.3808, 14.263, -1.772],
							"size": [2.55, 2.55, 0],
							"pivot": [5.60581, 15.488, -1.79999],
							"rotation": [0, 0, -45],
							"uv": {
								"north": {"uv": [48, 99], "uv_size": [3, 3]},
								"east": {"uv": [48, 103], "uv_size": [0, 0]},
								"south": {"uv": [52, 102], "uv_size": [0, 0]},
								"west": {"uv": [50, 103], "uv_size": [0, 0]},
								"up": {"uv": [50, 103], "uv_size": [0, 0]},
								"down": {"uv": [52, 103], "uv_size": [0, 0]}
							}
						}
					]
				},
				{
					"name": "bone18",
					"parent": "coat",
					"pivot": [-3.80269, 15.488, -1.79999],
					"rotation": [0, 90, 0],
					"cubes": [
						{
							"origin": [-6.4234, 13.038, -1.771],
							"size": [2.55, 2.55, 0],
							"pivot": [-3.8734, 15.488, -1.79999],
							"rotation": [0, 0, 45],
							"uv": {
								"north": {"uv": [51, 95], "uv_size": [-3, 3]},
								"east": {"uv": [50, 103], "uv_size": [0, 0]},
								"south": {"uv": [52, 103], "uv_size": [0, 0]},
								"west": {"uv": [48, 103], "uv_size": [0, 0]},
								"up": {"uv": [48, 103], "uv_size": [0, 0]},
								"down": {"uv": [50, 103], "uv_size": [0, 0]}
							}
						}
					]
				},
				{
					"name": "bone21",
					"parent": "bone18",
					"pivot": [-7.40894, 15.588, -1.79999],
					"rotation": [0, 90, 0],
					"cubes": [
						{
							"origin": [-10.18528, 14.438, -1.7685],
							"size": [2.3, 2.3, 0],
							"pivot": [-9.03528, 15.588, -1.79999],
							"rotation": [0, 0, 45],
							"uv": {
								"north": {"uv": [51, 92], "uv_size": [-3, 3]},
								"east": {"uv": [50, 103], "uv_size": [0, 0]},
								"south": {"uv": [54, 103], "uv_size": [0, 0]},
								"west": {"uv": [48, 103], "uv_size": [0, 0]},
								"up": {"uv": [48, 103], "uv_size": [0, 0]},
								"down": {"uv": [50, 103], "uv_size": [0, 0]}
							}
						}
					]
				},
				{
					"name": "bone20",
					"parent": "bone18",
					"pivot": [-7.40894, 14.488, -1.79999],
					"rotation": [0, 90, 0],
					"cubes": [
						{
							"origin": [-14.19, 13.1, -1.7685],
							"size": [2.3, 2.3, 0],
							"pivot": [-11.57372, 15.36095, -1.79374],
							"rotation": [0, 0, 45],
							"uv": {
								"north": {"uv": [51, 92], "uv_size": [-3, 3]},
								"east": {"uv": [50, 103], "uv_size": [0, 0]},
								"south": {"uv": [54, 103], "uv_size": [0, 0]},
								"west": {"uv": [48, 103], "uv_size": [0, 0]},
								"up": {"uv": [48, 103], "uv_size": [0, 0]},
								"down": {"uv": [50, 103], "uv_size": [0, 0]}
							}
						}
					]
				},
				{
					"name": "bone19",
					"parent": "coat",
					"pivot": [2.74482, 12.72238, -1.8071],
					"cubes": [
						{
							"origin": [-3.94056, 10.14818, -1.774],
							"size": [2.3, 2.3, 0],
							"pivot": [2.74482, 12.72238, -1.7821],
							"rotation": [0, 0, 45],
							"uv": {
								"north": {"uv": [54, 95], "uv_size": [-3, 3]},
								"east": {"uv": [0, 0], "uv_size": [0, 0]},
								"south": {"uv": [0, 0], "uv_size": [0, 0]},
								"west": {"uv": [0, 0], "uv_size": [0, 0]},
								"up": {"uv": [0, 0], "uv_size": [0, 0]},
								"down": {"uv": [0, 0], "uv_size": [0, 0]}
							}
						}
					]
				},
				{
					"name": "bone9",
					"parent": "coat",
					"pivot": [0.91394, 19.18535, -1.992],
					"rotation": [59, 0, 0],
					"cubes": [
						{
							"origin": [0.16394, 19.13535, -2.017],
							"size": [1.7, 0.5, 0],
							"pivot": [0.91394, 19.18535, -1.992],
							"rotation": [0, 0, -45],
							"uv": {
								"north": {"uv": [87.7, 72], "uv_size": [-1.7, -1]},
								"east": {"uv": [78, 78], "uv_size": [0, 0]},
								"south": {"uv": [79, 78], "uv_size": [0, 0]},
								"west": {"uv": [79, 78], "uv_size": [0, 0]},
								"up": {"uv": [79, 78], "uv_size": [0, 0]},
								"down": {"uv": [80, 78], "uv_size": [0, 0]}
							}
						}
					]
				},
				{
					"name": "bone11",
					"parent": "coat",
					"pivot": [-6.93021, 16.32785, -1.4891]
				},
				{
					"name": "bone25",
					"parent": "bone11",
					"pivot": [-2.27435, 16.27442, -1.801],
					"cubes": [
						{
							"origin": [-2.35981, 16.56083, -1.592],
							"size": [1.46, 0.8, 0],
							"pivot": [-0.49981, 17.76083, -1.592],
							"rotation": [0, 0, -45],
							"uv": {
								"north": {"uv": [74, 73], "uv_size": [1, 1]},
								"east": {"uv": [74, 73], "uv_size": [0, 0]},
								"south": {"uv": [75, 73], "uv_size": [0, 0]},
								"west": {"uv": [75, 73], "uv_size": [0, 0]},
								"up": {"uv": [75, 73], "uv_size": [0, 0]},
								"down": {"uv": [76, 73], "uv_size": [0, 0]}
							}
						},
						{
							"origin": [-4.18799, 14.39657, -1.826],
							"size": [3.52, 0.8, 0],
							"pivot": [-2.33799, 14.79657, -1.826],
							"rotation": [0, 0, 135],
							"uv": {
								"north": {"uv": [74, 69], "uv_size": [3.5, 1]},
								"east": {"uv": [75, 71], "uv_size": [0, 0]},
								"south": {"uv": [78, 71], "uv_size": [0, 0]},
								"west": {"uv": [78, 71], "uv_size": [0, 0]},
								"up": {"uv": [76, 71], "uv_size": [0, 0]},
								"down": {"uv": [79, 71], "uv_size": [0, 0]}
							}
						}
					]
				},
				{
					"name": "bone16",
					"parent": "bone11",
					"pivot": [2.27435, 16.27442, -1.801],
					"cubes": [
						{
							"origin": [0.89981, 16.56083, -1.592],
							"size": [1.46, 0.8, 0],
							"pivot": [0.49981, 17.76083, -1.592],
							"rotation": [0, 0, 45],
							"uv": {
								"north": {"uv": [75, 73], "uv_size": [-1, 1]},
								"east": {"uv": [75, 73], "uv_size": [0, 0]},
								"south": {"uv": [76, 73], "uv_size": [0, 0]},
								"west": {"uv": [74, 73], "uv_size": [0, 0]},
								"up": {"uv": [75, 73], "uv_size": [0, 0]},
								"down": {"uv": [76, 73], "uv_size": [0, 0]}
							}
						},
						{
							"origin": [2.64799, 14.39657, -1.851],
							"size": [1.54, 0.8, 0],
							"pivot": [2.33799, 14.79657, -1.826],
							"rotation": [0, 0, -135],
							"uv": {
								"north": {"uv": [77, 71], "uv_size": [-1, 1]},
								"east": {"uv": [77, 71], "uv_size": [0, 0]},
								"south": {"uv": [78, 71], "uv_size": [0, 0]},
								"west": {"uv": [76, 71], "uv_size": [0, 0]},
								"up": {"uv": [77, 71], "uv_size": [0, 0]},
								"down": {"uv": [77, 71], "uv_size": [0, 0]}
							}
						},
						{
							"origin": [0.60556, 14.439, -1.852],
							"size": [1.94, 0.8, 0],
							"pivot": [2.29556, 14.839, -1.825],
							"rotation": [0, 0, -135],
							"uv": {
								"north": {"uv": [77, 74], "uv_size": [-1.9, -1]},
								"east": {"uv": [77, 73], "uv_size": [0, 0]},
								"south": {"uv": [79, 73], "uv_size": [0, 0]},
								"west": {"uv": [76, 72], "uv_size": [0, 0]},
								"up": {"uv": [78, 73], "uv_size": [0, 0]},
								"down": {"uv": [78, 73], "uv_size": [0, 0]}
							}
						}
					]
				},
				{
					"name": "bone26",
					"parent": "bone11",
					"pivot": [3.29626, 15.73801, 1.492],
					"cubes": [
						{
							"origin": [-1.7237, 17.9, 1.8499],
							"size": [2.34, 0.8, 0],
							"pivot": [-1.5137, 13.29997, 1.48986],
							"rotation": [0, 0, 45],
							"uv": {
								"north": {"uv": [75, 65], "uv_size": [0, 0]},
								"east": {"uv": [75, 65], "uv_size": [0, 0]},
								"south": {"uv": [75, 65], "uv_size": [-2, 1]},
								"west": {"uv": [73, 65], "uv_size": [0, 0]},
								"up": {"uv": [73, 65], "uv_size": [0, 0]},
								"down": {"uv": [75, 65], "uv_size": [0, 0]}
							}
						},
						{
							"origin": [-2.9742, 16.485, 1.541],
							"size": [6.66, 0.8, 0],
							"pivot": [1.9558, 16.84415, 1.541],
							"rotation": [0, 0, 45],
							"uv": {
								"north": {"uv": [0, 0], "uv_size": [0, 0]},
								"east": {"uv": [0, 0], "uv_size": [0, 0]},
								"south": {"uv": [84, 70], "uv_size": [-5.9, -1]},
								"west": {"uv": [0, 0], "uv_size": [0, 0]},
								"up": {"uv": [0, 0], "uv_size": [0, 0]},
								"down": {"uv": [0, 0], "uv_size": [0, 0]}
							}
						},
						{
							"origin": [-3.2742, 15.14415, 1.541],
							"size": [6.96, 0.8, 0],
							"pivot": [1.9558, 16.84415, 1.541],
							"rotation": [0, 0, 45],
							"uv": {
								"north": {"uv": [0, 0], "uv_size": [0, 0]},
								"east": {"uv": [0, 0], "uv_size": [0, 0]},
								"south": {"uv": [84, 87], "uv_size": [-8, 1]},
								"west": {"uv": [0, 0], "uv_size": [0, 0]},
								"up": {"uv": [0, 0], "uv_size": [0, 0]},
								"down": {"uv": [0, 0], "uv_size": [0, 0]}
							}
						},
						{
							"origin": [-1.6837, 16.56, 1.8501],
							"size": [2.4, 0.8, 0],
							"pivot": [-1.5137, 13.29997, 1.48986],
							"rotation": [0, 0, 45],
							"uv": {
								"north": {"uv": [81, 72], "uv_size": [-2, 0]},
								"east": {"uv": [81, 72], "uv_size": [0, 0]},
								"south": {"uv": [86.9, 76], "uv_size": [-2.6, 1]},
								"west": {"uv": [79, 72], "uv_size": [0, 0]},
								"up": {"uv": [81, 72], "uv_size": [-2, 0]},
								"down": {"uv": [83, 72], "uv_size": [-2, 0]}
							}
						},
						{
							"origin": [2.89626, 15.33801, 1.492],
							"size": [0.6, 0.6, 0],
							"uv": {
								"north": {"uv": [83, 78], "uv_size": [0, 0]},
								"east": {"uv": [83, 78], "uv_size": [0, 0]},
								"south": {"uv": [85, 78], "uv_size": [1, 1]},
								"west": {"uv": [83, 78], "uv_size": [0, 0]},
								"up": {"uv": [83, 78], "uv_size": [0, 0]},
								"down": {"uv": [83, 78], "uv_size": [0, 0]}
							}
						}
					]
				},
				{
					"name": "bone12",
					"parent": "coat",
					"pivot": [6.93021, 16.32785, -1.4891],
					"cubes": [
						{
							"origin": [-3.83101, 13.33286, -1.826],
							"size": [0.62, 0.6, 0.595],
							"uv": {
								"north": {"uv": [74, 71], "uv_size": [1, 1]},
								"east": {"uv": [74, 71], "uv_size": [1, 1]},
								"south": {"uv": [74, 71], "uv_size": [0, 0]},
								"west": {"uv": [74, 71], "uv_size": [0, 0]},
								"up": {"uv": [74, 71], "uv_size": [0, 0]},
								"down": {"uv": [74, 71], "uv_size": [0, 0]}
							}
						},
						{
							"origin": [-3.83001, 13.33286, -1.231],
							"size": [0.025, 0.6, 1.22],
							"uv": {
								"north": {"uv": [74, 71], "uv_size": [0, 0]},
								"east": {"uv": [74, 71], "uv_size": [1, 1]},
								"south": {"uv": [74, 71], "uv_size": [0, 0]},
								"west": {"uv": [74, 71], "uv_size": [0, 0]},
								"up": {"uv": [74, 71], "uv_size": [0, 0]},
								"down": {"uv": [74, 71], "uv_size": [0, 0]}
							}
						}
					]
				},
				{
					"name": "bone24",
					"parent": "bone12",
					"pivot": [3.77242, 13.47442, 2.001],
					"rotation": [90, 75, 90],
					"cubes": [
						{
							"origin": [4.81, 13.14, 2.057],
							"size": [1.36, 0.8, 0],
							"pivot": [6.54252, 15.67637, 1.71537],
							"rotation": [0, 0, 30],
							"uv": {
								"north": {"uv": [79, 83], "uv_size": [0, 0]},
								"east": {"uv": [79, 83], "uv_size": [0, 0]},
								"south": {"uv": [80, 84], "uv_size": [-1, -1]},
								"west": {"uv": [78, 83], "uv_size": [0, 0]},
								"up": {"uv": [78, 83], "uv_size": [0, 0]},
								"down": {"uv": [80, 83], "uv_size": [-1, 0]}
							}
						},
						{
							"origin": [3.74063, 14.07652, -0.843],
							"size": [0.56, 0.8, 2.9],
							"pivot": [3.62063, 14.47652, 2.057],
							"rotation": [0, 0, -15],
							"uv": {
								"north": {"uv": [88, 80], "uv_size": [0, 0]},
								"east": {"uv": [81, 84], "uv_size": [-5, 1]},
								"south": {"uv": [77, 84], "uv_size": [-1, -1]},
								"west": {"uv": [78, 83], "uv_size": [0, 0]},
								"up": {"uv": [83, 82], "uv_size": [0, 0]},
								"down": {"uv": [83, 82], "uv_size": [0, 0]}
							}
						},
						{
							"origin": [4.23528, 14.03522, 1.432],
							"size": [2.665, 0.8, 0.625],
							"pivot": [5.99549, 16.57159, 1.69037],
							"rotation": [0, 0, -15],
							"uv": {
								"north": {"uv": [80, 83], "uv_size": [0, 0]},
								"east": {"uv": [80, 83], "uv_size": [0, 0]},
								"south": {"uv": [82, 83], "uv_size": [-2, -1]},
								"west": {"uv": [79, 82], "uv_size": [1, 1]},
								"up": {"uv": [0, 0], "uv_size": [0, 0]},
								"down": {"uv": [0, 0], "uv_size": [0, 0]}
							}
						}
					]
				},
				{
					"name": "bone10",
					"parent": "coat",
					"pivot": [1.80197, 20.79942, -2.242],
					"rotation": [-31, 0, 0],
					"cubes": [
						{
							"origin": [0.50374, 19.58801, -2.253],
							"size": [3.76, 0.8, 0],
							"pivot": [0.50374, 19.58801, -2.242],
							"rotation": [0, 0, -45],
							"uv": {
								"north": {"uv": [74, 67], "uv_size": [3.8, 1]},
								"east": {"uv": [78, 68], "uv_size": [0, 0]},
								"south": {"uv": [81, 68], "uv_size": [0, 0]},
								"west": {"uv": [81, 68], "uv_size": [0, 0]},
								"up": {"uv": [81, 68], "uv_size": [0, 0]},
								"down": {"uv": [84, 68], "uv_size": [0, 0]}
							}
						},
						{
							"origin": [-0.9463, 22.38801, -2.253],
							"size": [2.46, 0.8, 0],
							"pivot": [0.50374, 19.58801, -2.242],
							"rotation": [0, 0, -45],
							"uv": {
								"north": {"uv": [85.2, 69], "uv_size": [2.8, 1]},
								"east": {"uv": [78, 78], "uv_size": [0, 0]},
								"south": {"uv": [80, 78], "uv_size": [0, 0]},
								"west": {"uv": [80, 78], "uv_size": [0, 0]},
								"up": {"uv": [80, 78], "uv_size": [0, 0]},
								"down": {"uv": [82, 78], "uv_size": [0, 0]}
							}
						}
					]
				},
				{
					"name": "chest",
					"parent": "hide_parts",
					"pivot": [0, 21.9, -1.5],
					"rotation": [-31, 0, 0],
					"cubes": [
						{
							"origin": [-3.475, 19.32124, -1.56429],
							"size": [6.95, 3, 3],
							"inflate": -0.011,
							"uv": {
								"north": {"uv": [44, 7], "uv_size": [7, 3]},
								"east": {"uv": [41, 7], "uv_size": [3, 3]},
								"south": {"uv": [0, 0], "uv_size": [0, 0]},
								"west": {"uv": [51, 7], "uv_size": [3, 3]},
								"up": {"uv": [0, 0], "uv_size": [0, 0]},
								"down": {"uv": [51, 7], "uv_size": [7, -3]}
							}
						}
					]
				},
				{
					"name": "bone13",
					"parent": "body",
					"pivot": [-0.9, 24.19409, -1.26066],
					"cubes": [
						{
							"origin": [-1.19781, 23.6019, -3.45568],
							"size": [0.4, 0.3, 1.7],
							"pivot": [-0.89781, 23.7019, -1.75568],
							"rotation": [85.00005, 0.02179, 0.24905],
							"uv": {
								"north": {"uv": [84, 59.3], "uv_size": [1, 1.6]},
								"east": {"uv": [88.3, 59.3], "uv_size": [-2.3, 0.6]},
								"south": {"uv": [85, 59.3], "uv_size": [1, 1.6]},
								"west": {"uv": [86, 59.3], "uv_size": [2.3, 0.6]},
								"up": {"uv": [83, 60.9], "uv_size": [-1, -1.6]},
								"down": {"uv": [82, 59.3], "uv_size": [-1, 1.6]}
							}
						},
						{
							"origin": [-1.29781, 23.5019, -3.25568],
							"size": [0.6, 0.5, 0.4],
							"pivot": [-0.89781, 23.7019, -1.75568],
							"rotation": [85.00005, 0.02179, 0.24905],
							"uv": {
								"north": {"uv": [84, 79], "uv_size": [1, 1]},
								"east": {"uv": [80, 79], "uv_size": [1, 1]},
								"south": {"uv": [85, 79], "uv_size": [1, 1]},
								"west": {"uv": [83, 79], "uv_size": [1, 1]},
								"up": {"uv": [82, 80], "uv_size": [-1, -1]},
								"down": {"uv": [83, 80], "uv_size": [-1, -1]}
							}
						},
						{
							"origin": [-1.2, 24.12, -2],
							"size": [0.4, 0.3, 0.8],
							"pivot": [-1, 24.1, -1.3],
							"rotation": [56, 0, 0],
							"uv": {
								"north": {"uv": [84, 62], "uv_size": [1, 1]},
								"east": {"uv": [85, 62], "uv_size": [1, 1]},
								"south": {"uv": [86, 62], "uv_size": [1, 1]},
								"west": {"uv": [83, 62], "uv_size": [1, 1]},
								"up": {"uv": [83, 63], "uv_size": [-1, -1]},
								"down": {"uv": [82, 63], "uv_size": [-1, -1]}
							}
						}
					]
				},
				{
					"name": "bone22",
					"parent": "body",
					"pivot": [0.9, 24.19409, -1.26066],
					"cubes": [
						{
							"origin": [0.9, 23.58118, -3.45749],
							"size": [0.4, 0.3, 1.7],
							"pivot": [0.9, 23.68118, -1.75749],
							"rotation": [85.05092, 0.22205, -0.27027],
							"uv": {
								"north": {"uv": [79, 75.5], "uv_size": [1, 1.5]},
								"east": {"uv": [79, 74], "uv_size": [1.8, 1]},
								"south": {"uv": [77, 73.5], "uv_size": [1, 1.5]},
								"west": {"uv": [80.7, 75], "uv_size": [-1.6, -1]},
								"up": {"uv": [78, 77], "uv_size": [-1, -1.8]},
								"down": {"uv": [81, 75.2], "uv_size": [1, 1.8]}
							}
						},
						{
							"origin": [0.8, 23.48118, -3.25749],
							"size": [0.6, 0.5, 0.4],
							"pivot": [0.9, 23.68118, -1.75749],
							"rotation": [85.05092, 0.22205, -0.27027],
							"uv": {
								"north": {"uv": [86, 63], "uv_size": [1, 1]},
								"east": {"uv": [85, 63], "uv_size": [1, 1]},
								"south": {"uv": [84, 63], "uv_size": [1, 1]},
								"west": {"uv": [83, 63], "uv_size": [1, 1]},
								"up": {"uv": [83, 64], "uv_size": [-1, -1]},
								"down": {"uv": [82, 64], "uv_size": [-1, -1]}
							}
						},
						{
							"origin": [0.9, 24.12, -2],
							"size": [0.4, 0.3, 0.8],
							"pivot": [1, 24.1, -1.3],
							"rotation": [56, 0, 0],
							"uv": {
								"north": {"uv": [76, 75], "uv_size": [1, 1]},
								"east": {"uv": [75, 75], "uv_size": [1, 1]},
								"south": {"uv": [74, 75], "uv_size": [1, 1]},
								"west": {"uv": [76, 74], "uv_size": [1, 1]},
								"up": {"uv": [76, 75], "uv_size": [-1, -1]},
								"down": {"uv": [75, 75], "uv_size": [-1, -1]}
							}
						}
					]
				},
				{
					"name": "left_arm",
					"pivot": [4.2, 22, 0],
					"cubes": [
						{
							"origin": [3.2, 17.25, -1.5],
							"size": [3.25, 6.5, 3],
							"inflate": -0.251,
							"uv": {
								"north": {"uv": [3, 50], "uv_size": [3, 6]},
								"east": {"uv": [0, 50], "uv_size": [3, 6]},
								"south": {"uv": [9, 50], "uv_size": [3, 6]},
								"west": {"uv": [6, 50], "uv_size": [3, 6]},
								"up": {"uv": [3, 47], "uv_size": [3, 3]},
								"down": {"uv": [6, 50], "uv_size": [3, -3]}
							}
						}
					]
				},
				{
					"name": "left_chestplate",
					"parent": "left_arm",
					"pivot": [4.95, 22, 0],
					"cubes": [
						{
							"origin": [3.42, 17.51, -1.36],
							"size": [2.8, 5.925, 2.625],
							"inflate": 0.1,
							"uv": {
								"north": {"uv": [69, 27], "uv_size": [-3, 6]},
								"east": {"uv": [72, 27], "uv_size": [-3, 6]},
								"south": {"uv": [75, 27], "uv_size": [-3, 6]},
								"west": {"uv": [66, 27], "uv_size": [-3, 6]},
								"up": {"uv": [69, 24], "uv_size": [-3, 3]},
								"down": {"uv": [72, 27], "uv_size": [-3, -3]}
							}
						},
						{
							"origin": [3.42, 13.45, -1.36],
							"size": [2.8, 3.925, 2.625],
							"inflate": 0.1,
							"uv": {
								"north": {"uv": [76, 13], "uv_size": [-3, 4]},
								"east": {"uv": [79, 13], "uv_size": [-3, 4]},
								"south": {"uv": [82, 13], "uv_size": [-3, 4]},
								"west": {"uv": [73, 13], "uv_size": [-3, 4]},
								"up": {"uv": [73, 13], "uv_size": [0, 0]},
								"down": {"uv": [75, 11], "uv_size": [0, 0]}
							}
						},
						{
							"origin": [3.22, 14.45, -1.56],
							"size": [3.2, 3, 3],
							"inflate": 0.03,
							"uv": {
								"north": {"uv": [69, 36], "uv_size": [-3, 3]},
								"east": {"uv": [72, 36], "uv_size": [-3, 3]},
								"south": {"uv": [75, 36], "uv_size": [-3, 3]},
								"west": {"uv": [66, 36], "uv_size": [-3, 3]},
								"up": {"uv": [69, 33], "uv_size": [-3, 3]},
								"down": {"uv": [72, 36], "uv_size": [-3, -3]}
							}
						}
					]
				},
				{
					"name": "left_arm_down",
					"parent": "left_arm",
					"pivot": [4.95, 17.5, 1.25],
					"cubes": [
						{
							"origin": [3.2, 12.25, -1.5],
							"size": [3.25, 5.5, 3],
							"inflate": -0.251,
							"uv": {
								"north": {"uv": [44, 56], "uv_size": [3, 5]},
								"east": {"uv": [41, 56], "uv_size": [3, 5]},
								"south": {"uv": [50, 56], "uv_size": [3, 5]},
								"west": {"uv": [47, 56], "uv_size": [3, 5]},
								"up": {"uv": [44, 53], "uv_size": [3, 3]},
								"down": {"uv": [47, 56], "uv_size": [3, -3]}
							}
						}
					]
				},
				{
					"name": "right_arm",
					"pivot": [-4.2, 22, 0],
					"cubes": [
						{
							"origin": [-6.25, 23.04, 1.295],
							"size": [2.76, 0.5, 0],
							"uv": {
								"north": {"uv": [76, 83], "uv_size": [0, 0]},
								"east": {"uv": [76, 83], "uv_size": [0, 0]},
								"south": {"uv": [70, 84], "uv_size": [3, 1]},
								"west": {"uv": [78, 83], "uv_size": [0, 0]},
								"up": {"uv": [78, 83], "uv_size": [0, 0]},
								"down": {"uv": [80, 83], "uv_size": [0, 0]}
							}
						},
						{
							"origin": [-5.21, 23.08, 1.295],
							"size": [1.52, 0.5, 0],
							"pivot": [-5.75, 23.58, 1.296],
							"rotation": [0, 0, 90],
							"uv": {
								"north": {"uv": [76, 83], "uv_size": [0, 0]},
								"east": {"uv": [76, 83], "uv_size": [0, 0]},
								"south": {"uv": [77, 83], "uv_size": [-1.5, -1]},
								"west": {"uv": [77, 83], "uv_size": [0, 0]},
								"up": {"uv": [77, 83], "uv_size": [0, 0]},
								"down": {"uv": [78, 83], "uv_size": [0, 0]}
							}
						},
						{
							"origin": [-6.45, 17.25, -1.5],
							"size": [3.25, 6.5, 3],
							"inflate": -0.251,
							"uv": {
								"north": {"uv": [6, 50], "uv_size": [-3, 6]},
								"east": {"uv": [9, 50], "uv_size": [-3, 6]},
								"south": {"uv": [12, 50], "uv_size": [-3, 6]},
								"west": {"uv": [3, 50], "uv_size": [-3, 6]},
								"up": {"uv": [6, 47], "uv_size": [-3, 3]},
								"down": {"uv": [9, 50], "uv_size": [-3, -3]}
							}
						}
					]
				},
				{
					"name": "right_chestplate",
					"parent": "right_arm",
					"pivot": [-4.95, 22, 0],
					"cubes": [
						{
							"origin": [-6.22, 17.41, -1.36],
							"size": [2.8, 6.025, 2.625],
							"inflate": 0.1,
							"uv": {
								"north": {"uv": [68, 50], "uv_size": [3, 6]},
								"east": {"uv": [65, 50], "uv_size": [3, 6]},
								"south": {"uv": [74, 50], "uv_size": [3, 6]},
								"west": {"uv": [71, 50], "uv_size": [3, 6]},
								"up": {"uv": [68, 47], "uv_size": [3, 3]},
								"down": {"uv": [71, 50], "uv_size": [2, -2]}
							}
						},
						{
							"origin": [-6.22, 13.45, -1.36],
							"size": [2.8, 4.025, 2.625],
							"inflate": 0.1,
							"uv": {
								"north": {"uv": [65, 43], "uv_size": [3, 4]},
								"east": {"uv": [62, 43], "uv_size": [3, 4]},
								"south": {"uv": [71, 43], "uv_size": [3, 4]},
								"west": {"uv": [68, 43], "uv_size": [3, 4]},
								"up": {"uv": [66, 41], "uv_size": [2, 2]},
								"down": {"uv": [68, 43], "uv_size": [2, -2]}
							}
						},
						{
							"origin": [-6.42, 14.45, -1.56],
							"size": [3.2, 3, 3],
							"inflate": 0.03,
							"uv": {
								"north": {"uv": [66, 36], "uv_size": [3, 3]},
								"east": {"uv": [63, 36], "uv_size": [3, 3]},
								"south": {"uv": [72, 36], "uv_size": [3, 3]},
								"west": {"uv": [69, 36], "uv_size": [3, 3]},
								"up": {"uv": [66, 33], "uv_size": [3, 3]},
								"down": {"uv": [69, 36], "uv_size": [3, -3]}
							}
						}
					]
				},
				{
					"name": "right_arm_down",
					"parent": "right_arm",
					"pivot": [-4.95, 17.5, 1.25],
					"cubes": [
						{
							"origin": [-6.45, 12.25, -1.5],
							"size": [3.25, 5.5, 3],
							"inflate": -0.251,
							"uv": {
								"north": {"uv": [47, 56], "uv_size": [-3, 5]},
								"east": {"uv": [50, 56], "uv_size": [-3, 5]},
								"south": {"uv": [53, 56], "uv_size": [-3, 5]},
								"west": {"uv": [44, 56], "uv_size": [-3, 5]},
								"up": {"uv": [47, 53], "uv_size": [-3, 3]},
								"down": {"uv": [50, 56], "uv_size": [-3, -3]}
							}
						}
					]
				},
				{
					"name": "right_leg",
					"pivot": [-1.75, 12, 0],
					"cubes": [
						{
							"origin": [-3.225, 7, -1.5],
							"size": [2.95, 5, 3],
							"uv": {
								"north": {"uv": [59, 53], "uv_size": [-3, 5]},
								"east": {"uv": [62, 53], "uv_size": [-3, 5]},
								"south": {"uv": [65, 53], "uv_size": [-3, 5]},
								"west": {"uv": [56, 53], "uv_size": [-3, 5]},
								"up": {"uv": [59, 50], "uv_size": [-3, 3]},
								"down": {"uv": [62, 53], "uv_size": [-3, -3]}
							}
						}
					]
				},
				{
					"name": "right_leg_down",
					"parent": "right_leg",
					"pivot": [-1.75, 7, -1.5],
					"cubes": [
						{
							"origin": [-3.225, 1.01, -1.5],
							"size": [2.95, 6, 3],
							"uv": {
								"north": {"uv": [55, 38], "uv_size": [-3, 6]},
								"east": {"uv": [58, 38], "uv_size": [-3, 6]},
								"south": {"uv": [61, 38], "uv_size": [-3, 6]},
								"west": {"uv": [52, 38], "uv_size": [-3, 6]},
								"up": {"uv": [55, 35], "uv_size": [-3, 3]},
								"down": {"uv": [58, 38], "uv_size": [-3, -3]}
							}
						}
					]
				},
				{
					"name": "right_foot",
					"parent": "right_leg_down",
					"pivot": [-1.75, 7, -1.5],
					"cubes": [
						{
							"origin": [-2.75, 0, -4.36603],
							"size": [2, 2, 1],
							"inflate": 0.001,
							"uv": {
								"north": {"uv": [3, 17], "uv_size": [-2, 2]},
								"east": {"uv": [4, 17], "uv_size": [-1, 2]},
								"south": {"uv": [6, 17], "uv_size": [-2, 2]},
								"west": {"uv": [1, 17], "uv_size": [-1, 2]},
								"up": {"uv": [3, 16], "uv_size": [-2, 1]},
								"down": {"uv": [5, 17], "uv_size": [-2, -1]}
							}
						},
						{
							"origin": [-3.25, 0, -3.5],
							"size": [3, 1, 5.025],
							"inflate": 0.01,
							"uv": {
								"north": {"uv": [83, 38], "uv_size": [-3, 1]},
								"east": {"uv": [88, 38], "uv_size": [-5, 1]},
								"south": {"uv": [91, 38], "uv_size": [-3, 1]},
								"west": {"uv": [80, 38], "uv_size": [-5, 1]},
								"up": {"uv": [83, 33], "uv_size": [-3, 5]},
								"down": {"uv": [86, 38], "uv_size": [-3, -5]}
							}
						},
						{
							"origin": [-3.25, 1, -3.5],
							"size": [3, 1, 5.025],
							"inflate": 0.01,
							"uv": {
								"north": {"uv": [50, 15], "uv_size": [-3, 1]},
								"east": {"uv": [55, 15], "uv_size": [-5, 1]},
								"south": {"uv": [58, 15], "uv_size": [-3, 1]},
								"west": {"uv": [42, 15], "uv_size": [5, 1]},
								"up": {"uv": [50, 10], "uv_size": [-3, 5]},
								"down": {"uv": [53, 15], "uv_size": [-3, -5]}
							}
						},
						{
							"origin": [-3.25, 2, -1.525],
							"size": [3, 3, 3.05],
							"inflate": 0.02,
							"uv": {
								"north": {"uv": [15, 58], "uv_size": [-3, 3]},
								"east": {"uv": [18, 58], "uv_size": [-3, 3]},
								"south": {"uv": [21, 58], "uv_size": [-3, 3]},
								"west": {"uv": [12, 58], "uv_size": [-3, 3]},
								"up": {"uv": [15, 54], "uv_size": [-3, 3]},
								"down": {"uv": [18, 57], "uv_size": [-3, -3]}
							}
						}
					]
				},
				{
					"name": "shoes4",
					"parent": "right_foot",
					"pivot": [-3.25, 0, -3.5],
					"rotation": [0, -30, 0],
					"cubes": [
						{
							"origin": [-3.25, 0, -4.5],
							"size": [1, 2, 1],
							"uv": {
								"north": {"uv": [42, 1], "uv_size": [1, 2]},
								"east": {"uv": [41, 1], "uv_size": [1, 2]},
								"south": {"uv": [44, 1], "uv_size": [1, 2]},
								"west": {"uv": [43, 1], "uv_size": [1, 2]},
								"up": {"uv": [42, 0], "uv_size": [1, 1]},
								"down": {"uv": [43, 1], "uv_size": [1, -1]}
							}
						}
					]
				},
				{
					"name": "shoes5",
					"parent": "right_foot",
					"pivot": [-0.25, 0, -3.5],
					"rotation": [0, 30, 0],
					"cubes": [
						{
							"origin": [-1.25, 0, -4.5],
							"size": [1, 2, 1],
							"uv": {
								"north": {"uv": [43, 1], "uv_size": [-1, 2]},
								"east": {"uv": [44, 1], "uv_size": [-1, 2]},
								"south": {"uv": [45, 1], "uv_size": [-1, 2]},
								"west": {"uv": [42, 1], "uv_size": [-1, 2]},
								"up": {"uv": [43, 0], "uv_size": [-1, 1]},
								"down": {"uv": [44, 1], "uv_size": [-1, -1]}
							}
						}
					]
				},
				{
					"name": "shoes6",
					"parent": "right_foot",
					"pivot": [-1.75, 2, -3.5],
					"rotation": [27.5, 0, 0],
					"cubes": [
						{
							"origin": [-3.25, 1, -3.5],
							"size": [3, 1, 4],
							"inflate": 0.021,
							"uv": {
								"north": {"uv": [60, 14], "uv_size": [-3, 1]},
								"east": {"uv": [60, 14], "uv_size": [4, 1]},
								"south": {"uv": [67, 14], "uv_size": [-3, 1]},
								"west": {"uv": [57, 14], "uv_size": [-4, 1]},
								"up": {"uv": [60, 10], "uv_size": [-3, 4]},
								"down": {"uv": [63, 14], "uv_size": [-3, -4]}
							}
						},
						{
							"origin": [-3.521, 1.30572, -2.28163],
							"size": [3.54, 1, 1],
							"inflate": -0.25,
							"uv": {
								"north": {"uv": [97, 125], "uv_size": [0, 0]},
								"east": {"uv": [98, 127], "uv_size": [0, 0]},
								"south": {"uv": [101, 127], "uv_size": [0, 0]},
								"west": {"uv": [94, 125], "uv_size": [0, 0]},
								"up": {"uv": [97, 126], "uv_size": [-3, 1]},
								"down": {"uv": [97, 125], "uv_size": [0, 0]}
							}
						},
						{
							"origin": [-3.521, 1.30572, -3.03163],
							"size": [3.54, 1, 1],
							"inflate": -0.25,
							"uv": {
								"north": {"uv": [97, 125], "uv_size": [0, 0]},
								"east": {"uv": [98, 127], "uv_size": [0, 0]},
								"south": {"uv": [101, 127], "uv_size": [0, 0]},
								"west": {"uv": [94, 125], "uv_size": [0, 0]},
								"up": {"uv": [97, 126], "uv_size": [-3, 1]},
								"down": {"uv": [97, 125], "uv_size": [0, 0]}
							}
						},
						{
							"origin": [-3.521, 1.30572, -3.78163],
							"size": [3.54, 1, 1],
							"inflate": -0.25,
							"uv": {
								"north": {"uv": [97, 125], "uv_size": [0, 0]},
								"east": {"uv": [98, 127], "uv_size": [0, 0]},
								"south": {"uv": [101, 127], "uv_size": [0, 0]},
								"west": {"uv": [94, 125], "uv_size": [0, 0]},
								"up": {"uv": [97, 126], "uv_size": [-3, 1]},
								"down": {"uv": [97, 125], "uv_size": [0, 0]}
							}
						}
					]
				},
				{
					"name": "right_leg_hide_parts",
					"parent": "right_leg",
					"pivot": [-23.5, 21, -2],
					"cubes": [
						{
							"origin": [-3.25, 6.8, -1.5],
							"size": [3, 6, 3],
							"inflate": 0.1,
							"uv": {
								"north": {"uv": [52, 29], "uv_size": [3, 6]},
								"east": {"uv": [49, 29], "uv_size": [3, 6]},
								"south": {"uv": [58, 29], "uv_size": [3, 6]},
								"west": {"uv": [55, 29], "uv_size": [3, 6]},
								"up": {"uv": [52, 26], "uv_size": [3, 3]},
								"down": {"uv": [55, 29], "uv_size": [3, -3]}
							}
						}
					]
				},
				{
					"name": "bone23",
					"parent": "right_leg_hide_parts",
					"pivot": [-1.62026, 10.91542, -1.601],
					"cubes": [
						{
							"origin": [-3.09026, 10.81542, -1.626],
							"size": [2.97, 0.5, 0],
							"pivot": [-1.62026, 10.91542, -1.626],
							"rotation": [0, 0, 149],
							"uv": {
								"north": {"uv": [72, 78], "uv_size": [2.4, -1]},
								"east": {"uv": [75, 79], "uv_size": [0, 0]},
								"south": {"uv": [77, 79], "uv_size": [0, 0]},
								"west": {"uv": [77, 79], "uv_size": [0, 0]},
								"up": {"uv": [77, 79], "uv_size": [0, 0]},
								"down": {"uv": [79, 79], "uv_size": [0, 0]}
							}
						},
						{
							"origin": [-2.90252, 9.74358, -1.626],
							"size": [0.43, 0.5, 0],
							"pivot": [-2.70752, 9.99358, -1.626],
							"rotation": [0, 0, -90],
							"uv": {
								"north": {"uv": [73, 79], "uv_size": [1, -1]},
								"east": {"uv": [75, 79], "uv_size": [0, 0]},
								"south": {"uv": [75, 79], "uv_size": [0, 0]},
								"west": {"uv": [75, 79], "uv_size": [0, 0]},
								"up": {"uv": [75, 79], "uv_size": [0, 0]},
								"down": {"uv": [75, 79], "uv_size": [0, 0]}
							}
						},
						{
							"origin": [-0.36773, 11.38825, 1.474],
							"size": [0.43, 3.25, 0.025],
							"pivot": [-0.15273, 11.54325, 1.472],
							"rotation": [90, 0, 90],
							"uv": {
								"north": {"uv": [75, 79], "uv_size": [0, 0]},
								"east": {"uv": [75, 79], "uv_size": [0, 0]},
								"south": {"uv": [77, 79], "uv_size": [1, 3]},
								"west": {"uv": [75, 79], "uv_size": [0, 0]},
								"up": {"uv": [75, 79], "uv_size": [0, 0]},
								"down": {"uv": [75, 79], "uv_size": [0, 0]}
							}
						},
						{
							"origin": [-0.47673, 11.39325, -1.601],
							"size": [0.43, 0.26, 0],
							"pivot": [-0.26173, 11.54325, -1.601],
							"rotation": [0, 0, 90],
							"uv": {
								"north": {"uv": [71, 82], "uv_size": [1, -1]},
								"east": {"uv": [70, 82], "uv_size": [0, 0]},
								"south": {"uv": [70, 82], "uv_size": [0, 0]},
								"west": {"uv": [70, 82], "uv_size": [0, 0]},
								"up": {"uv": [70, 82], "uv_size": [0, 0]},
								"down": {"uv": [70, 82], "uv_size": [0, 0]}
							}
						}
					]
				},
				{
					"name": "bone27",
					"parent": "right_leg_hide_parts",
					"pivot": [-1.62026, 10.91542, 1.601],
					"cubes": [
						{
							"origin": [-3.08926, 10.81542, 1.626],
							"size": [2.97, 0.5, 0],
							"pivot": [-1.61926, 10.91542, 1.626],
							"rotation": [0, 0, 149],
							"uv": {
								"north": {"uv": [75, 79], "uv_size": [0, 0]},
								"east": {"uv": [75, 79], "uv_size": [0, 0]},
								"south": {"uv": [77.5, 77], "uv_size": [-2.5, 1]},
								"west": {"uv": [77, 79], "uv_size": [0, 0]},
								"up": {"uv": [77, 79], "uv_size": [0, 0]},
								"down": {"uv": [79, 79], "uv_size": [0, 0]}
							}
						},
						{
							"origin": [-2.90152, 9.74358, 1.626],
							"size": [0.43, 0.5, 0],
							"pivot": [-2.70652, 9.99358, 1.626],
							"rotation": [0, 0, -90],
							"uv": {
								"north": {"uv": [75, 79], "uv_size": [0, 0]},
								"east": {"uv": [75, 79], "uv_size": [0, 0]},
								"south": {"uv": [72, 79], "uv_size": [-1, -1]},
								"west": {"uv": [75, 79], "uv_size": [0, 0]},
								"up": {"uv": [75, 79], "uv_size": [0, 0]},
								"down": {"uv": [75, 79], "uv_size": [0, 0]}
							}
						},
						{
							"origin": [-0.47573, 11.39325, 1.626],
							"size": [0.43, 0.26, 0],
							"pivot": [-0.26073, 11.54325, 1.626],
							"rotation": [0, 0, 90],
							"uv": {
								"north": {"uv": [75, 79], "uv_size": [0, 0]},
								"east": {"uv": [75, 79], "uv_size": [0, 0]},
								"south": {"uv": [73, 79], "uv_size": [-1, -1]},
								"west": {"uv": [75, 79], "uv_size": [0, 0]},
								"up": {"uv": [75, 79], "uv_size": [0, 0]},
								"down": {"uv": [75, 79], "uv_size": [0, 0]}
							}
						}
					]
				},
				{
					"name": "left_leg",
					"pivot": [1.75, 12, 0],
					"cubes": [
						{
							"origin": [0.275, 7, -1.5],
							"size": [2.95, 5, 3],
							"uv": {
								"north": {"uv": [56, 53], "uv_size": [3, 5]},
								"east": {"uv": [53, 53], "uv_size": [3, 5]},
								"south": {"uv": [62, 53], "uv_size": [3, 5]},
								"west": {"uv": [59, 53], "uv_size": [3, 5]},
								"up": {"uv": [56, 50], "uv_size": [3, 3]},
								"down": {"uv": [59, 53], "uv_size": [3, -3]}
							}
						}
					]
				},
				{
					"name": "left_leg_down",
					"parent": "left_leg",
					"pivot": [1.75, 7, -1.5],
					"cubes": [
						{
							"origin": [0.275, 1.01, -1.5],
							"size": [2.95, 6, 3],
							"uv": {
								"north": {"uv": [52, 38], "uv_size": [3, 6]},
								"east": {"uv": [49, 38], "uv_size": [3, 6]},
								"south": {"uv": [58, 38], "uv_size": [3, 6]},
								"west": {"uv": [55, 38], "uv_size": [3, 6]},
								"up": {"uv": [52, 35], "uv_size": [3, 3]},
								"down": {"uv": [55, 38], "uv_size": [3, -3]}
							}
						}
					]
				},
				{
					"name": "left_foot",
					"parent": "left_leg_down",
					"pivot": [1.75, 7, -1.5],
					"cubes": [
						{
							"origin": [0.75, 0, -4.36603],
							"size": [2, 2, 1],
							"inflate": 0.001,
							"uv": {
								"north": {"uv": [1, 17], "uv_size": [2, 2]},
								"east": {"uv": [0, 17], "uv_size": [1, 2]},
								"south": {"uv": [4, 17], "uv_size": [2, 2]},
								"west": {"uv": [3, 17], "uv_size": [1, 2]},
								"up": {"uv": [1, 16], "uv_size": [2, 1]},
								"down": {"uv": [3, 17], "uv_size": [2, -1]}
							}
						},
						{
							"origin": [0.25, 0, -3.5],
							"size": [3, 1, 5.025],
							"inflate": 0.01,
							"uv": {
								"north": {"uv": [80, 38], "uv_size": [3, 1]},
								"east": {"uv": [75, 38], "uv_size": [5, 1]},
								"south": {"uv": [88, 38], "uv_size": [3, 1]},
								"west": {"uv": [83, 38], "uv_size": [5, 1]},
								"up": {"uv": [80, 33], "uv_size": [3, 5]},
								"down": {"uv": [83, 38], "uv_size": [3, -5]}
							}
						},
						{
							"origin": [0.25, 1, -3.5],
							"size": [3, 1, 5.025],
							"inflate": 0.01,
							"uv": {
								"north": {"uv": [47, 15], "uv_size": [3, 1]},
								"east": {"uv": [47, 15], "uv_size": [-5, 1]},
								"south": {"uv": [55, 15], "uv_size": [3, 1]},
								"west": {"uv": [50, 15], "uv_size": [5, 1]},
								"up": {"uv": [47, 10], "uv_size": [3, 5]},
								"down": {"uv": [50, 15], "uv_size": [3, -5]}
							}
						},
						{
							"origin": [0.25, 2, -1.525],
							"size": [3, 3, 3.05],
							"inflate": 0.02,
							"uv": {
								"north": {"uv": [12, 58], "uv_size": [3, 3]},
								"east": {"uv": [9, 58], "uv_size": [3, 3]},
								"south": {"uv": [18, 58], "uv_size": [3, 3]},
								"west": {"uv": [15, 58], "uv_size": [3, 3]},
								"up": {"uv": [12, 54], "uv_size": [3, 3]},
								"down": {"uv": [15, 57], "uv_size": [3, -3]}
							}
						}
					]
				},
				{
					"name": "shoes2",
					"parent": "left_foot",
					"pivot": [3.25, 0, -3.5],
					"rotation": [0, 30, 0],
					"cubes": [
						{
							"origin": [2.25, 0, -4.5],
							"size": [1, 2, 1],
							"uv": {
								"north": {"uv": [43, 1], "uv_size": [-1, 2]},
								"east": {"uv": [44, 1], "uv_size": [-1, 2]},
								"south": {"uv": [45, 1], "uv_size": [-1, 2]},
								"west": {"uv": [42, 1], "uv_size": [-1, 2]},
								"up": {"uv": [43, 0], "uv_size": [-1, 1]},
								"down": {"uv": [44, 1], "uv_size": [-1, -1]}
							}
						}
					]
				},
				{
					"name": "shoes3",
					"parent": "left_foot",
					"pivot": [0.25, 0, -3.5],
					"rotation": [0, -30, 0],
					"cubes": [
						{
							"origin": [0.25, 0, -4.5],
							"size": [1, 2, 1],
							"uv": {
								"north": {"uv": [42, 1], "uv_size": [1, 2]},
								"east": {"uv": [41, 1], "uv_size": [1, 2]},
								"south": {"uv": [44, 1], "uv_size": [1, 2]},
								"west": {"uv": [43, 1], "uv_size": [1, 2]},
								"up": {"uv": [42, 0], "uv_size": [1, 1]},
								"down": {"uv": [43, 1], "uv_size": [1, -1]}
							}
						}
					]
				},
				{
					"name": "shoes",
					"parent": "left_foot",
					"pivot": [1.75, 2, -3.5],
					"rotation": [27.5, 0, 0],
					"cubes": [
						{
							"origin": [0.25, 1, -3.5],
							"size": [3, 1, 4],
							"inflate": 0.021,
							"uv": {
								"north": {"uv": [57, 14], "uv_size": [3, 1]},
								"east": {"uv": [53, 14], "uv_size": [4, 1]},
								"south": {"uv": [64, 14], "uv_size": [3, 1]},
								"west": {"uv": [60, 14], "uv_size": [4, 1]},
								"up": {"uv": [57, 10], "uv_size": [3, 4]},
								"down": {"uv": [60, 14], "uv_size": [3, -4]}
							}
						},
						{
							"origin": [-0.019, 1.30572, -2.28163],
							"size": [3.54, 1, 1],
							"inflate": -0.25,
							"uv": {
								"north": {"uv": [93, 127], "uv_size": [0, 0]},
								"east": {"uv": [93, 127], "uv_size": [0, 0]},
								"south": {"uv": [98, 127], "uv_size": [0, 0]},
								"west": {"uv": [98, 127], "uv_size": [0, 0]},
								"up": {"uv": [94, 126], "uv_size": [3, 1]},
								"down": {"uv": [100, 126], "uv_size": [0, 0]}
							}
						},
						{
							"origin": [-0.019, 1.30572, -3.03163],
							"size": [3.54, 1, 1],
							"inflate": -0.25,
							"uv": {
								"north": {"uv": [93, 127], "uv_size": [0, 0]},
								"east": {"uv": [93, 127], "uv_size": [0, 0]},
								"south": {"uv": [98, 127], "uv_size": [0, 0]},
								"west": {"uv": [98, 127], "uv_size": [0, 0]},
								"up": {"uv": [94, 126], "uv_size": [3, 1]},
								"down": {"uv": [100, 126], "uv_size": [0, 0]}
							}
						},
						{
							"origin": [-0.019, 1.30572, -3.78163],
							"size": [3.54, 1, 1],
							"inflate": -0.25,
							"uv": {
								"north": {"uv": [93, 127], "uv_size": [0, 0]},
								"east": {"uv": [93, 127], "uv_size": [0, 0]},
								"south": {"uv": [98, 127], "uv_size": [0, 0]},
								"west": {"uv": [98, 127], "uv_size": [0, 0]},
								"up": {"uv": [94, 126], "uv_size": [3, 1]},
								"down": {"uv": [100, 126], "uv_size": [0, 0]}
							}
						}
					]
				},
				{
					"name": "left_leg_hide_parts",
					"parent": "left_leg",
					"pivot": [-20, 21, -2],
					"cubes": [
						{
							"origin": [0.25, 6.8, -1.5],
							"size": [3, 6, 3],
							"inflate": 0.1,
							"uv": {
								"north": {"uv": [55, 29], "uv_size": [-3, 6]},
								"east": {"uv": [58, 29], "uv_size": [-3, 6]},
								"south": {"uv": [61, 29], "uv_size": [-3, 6]},
								"west": {"uv": [52, 29], "uv_size": [-3, 6]},
								"up": {"uv": [55, 26], "uv_size": [-3, 3]},
								"down": {"uv": [58, 29], "uv_size": [-3, -3]}
							}
						}
					]
				}
			]
		}
	]
}