{
	"format_version": "1.12.0",
	"minecraft:geometry": [
		{
			"description": {
				"identifier": "geometry.model",
				"texture_width": 128,
				"texture_height": 128,
				"visible_bounds_width": 2,
				"visible_bounds_height": 3.5,
				"visible_bounds_offset": [0, 1.25, 0]
			},
			"bones": [
				{
					"name": "hat",
					"pivot": [0, 24, 0],
					"cubes": [
						{
							"origin": [-2.5, 31.75, -2.5],
							"size": [5, 3, 5],
							"inflate": -0.5,
							"uv": {
								"north": {"uv": [110, 46], "uv_size": [5, 3]},
								"east": {"uv": [105, 46], "uv_size": [5, 3]},
								"south": {"uv": [120, 46], "uv_size": [5, 3]},
								"west": {"uv": [115, 46], "uv_size": [5, 3]},
								"up": {"uv": [110, 41], "uv_size": [5, 5]},
								"down": {"uv": [0, 0], "uv_size": [0, 0]}
							}
						},
						{
							"origin": [-4.5, 29.5, -0.5],
							"size": [9, 3, 1],
							"uv": {
								"north": {"uv": [109, 54], "uv_size": [9, 3]},
								"east": {"uv": [108, 54], "uv_size": [1, 3]},
								"south": {"uv": [119, 54], "uv_size": [9, 3]},
								"west": {"uv": [118, 54], "uv_size": [1, 3]},
								"up": {"uv": [109, 53], "uv_size": [9, 1]},
								"down": {"uv": [0, 0], "uv_size": [0, 0]}
							}
						}
					]
				},
				{
					"name": "headphone",
					"parent": "hat",
					"pivot": [4.45096, 28, 0]
				},
				{
					"name": "headphone2",
					"parent": "headphone",
					"pivot": [4.45096, 28, 0],
					"cubes": [
						{
							"origin": [-4.5, 27.5, -2],
							"size": [9, 1, 4],
							"inflate": 0.04904,
							"uv": {
								"north": {"uv": [85, 44], "uv_size": [9, 1]},
								"east": {"uv": [81, 44], "uv_size": [4, 1]},
								"south": {"uv": [98, 44], "uv_size": [9, 1]},
								"west": {"uv": [94, 44], "uv_size": [4, 1]},
								"up": {"uv": [0, 0], "uv_size": [0, 0]},
								"down": {"uv": [0, 0], "uv_size": [0, 0]}
							}
						}
					]
				},
				{
					"name": "headphone3",
					"parent": "headphone",
					"pivot": [4.45096, 28, 0],
					"rotation": [-30, 0, 0],
					"cubes": [
						{
							"origin": [-4.5, 27.5, -2],
							"size": [9, 1, 4],
							"inflate": 0.04904,
							"uv": {
								"north": {"uv": [85, 44], "uv_size": [9, 1]},
								"east": {"uv": [81, 44], "uv_size": [4, 1]},
								"south": {"uv": [98, 44], "uv_size": [9, 1]},
								"west": {"uv": [94, 44], "uv_size": [4, 1]},
								"up": {"uv": [0, 0], "uv_size": [0, 0]},
								"down": {"uv": [0, 0], "uv_size": [0, 0]}
							}
						}
					]
				},
				{
					"name": "headphone4",
					"parent": "headphone",
					"pivot": [4.45096, 28, 0],
					"rotation": [-60, 0, 0],
					"cubes": [
						{
							"origin": [-4.5, 27.5, -2],
							"size": [9, 1, 4],
							"inflate": 0.04904,
							"uv": {
								"north": {"uv": [85, 44], "uv_size": [9, 1]},
								"east": {"uv": [81, 44], "uv_size": [4, 1]},
								"south": {"uv": [98, 44], "uv_size": [9, 1]},
								"west": {"uv": [94, 44], "uv_size": [4, 1]},
								"up": {"uv": [0, 0], "uv_size": [0, 0]},
								"down": {"uv": [0, 0], "uv_size": [0, 0]}
							}
						}
					]
				},
				{
					"name": "headphone5",
					"parent": "headphone",
					"pivot": [4.45096, 28, 0],
					"rotation": [-90, 0, 0],
					"cubes": [
						{
							"origin": [-4.5, 27.5, -2],
							"size": [9, 1, 4],
							"inflate": 0.04904,
							"uv": {
								"north": {"uv": [85, 44], "uv_size": [9, 1]},
								"east": {"uv": [81, 44], "uv_size": [4, 1]},
								"south": {"uv": [98, 44], "uv_size": [9, 1]},
								"west": {"uv": [94, 44], "uv_size": [4, 1]},
								"up": {"uv": [0, 0], "uv_size": [0, 0]},
								"down": {"uv": [0, 0], "uv_size": [0, 0]}
							}
						}
					]
				},
				{
					"name": "headphone6",
					"parent": "headphone",
					"pivot": [4.45096, 28, 0],
					"rotation": [-120, 0, 0],
					"cubes": [
						{
							"origin": [-4.5, 27.5, -2],
							"size": [9, 1, 4],
							"inflate": 0.04904,
							"uv": {
								"north": {"uv": [85, 44], "uv_size": [9, 1]},
								"east": {"uv": [81, 44], "uv_size": [4, 1]},
								"south": {"uv": [98, 44], "uv_size": [9, 1]},
								"west": {"uv": [94, 44], "uv_size": [4, 1]},
								"up": {"uv": [0, 0], "uv_size": [0, 0]},
								"down": {"uv": [0, 0], "uv_size": [0, 0]}
							}
						}
					]
				},
				{
					"name": "headphone7",
					"parent": "headphone",
					"pivot": [4.45096, 28, 0],
					"rotation": [-150, 0, 0],
					"cubes": [
						{
							"origin": [-4.5, 27.5, -2],
							"size": [9, 1, 4],
							"inflate": 0.04904,
							"uv": {
								"north": {"uv": [85, 44], "uv_size": [9, 1]},
								"east": {"uv": [81, 44], "uv_size": [4, 1]},
								"south": {"uv": [98, 44], "uv_size": [9, 1]},
								"west": {"uv": [94, 44], "uv_size": [4, 1]},
								"up": {"uv": [0, 0], "uv_size": [0, 0]},
								"down": {"uv": [0, 0], "uv_size": [0, 0]}
							}
						}
					]
				},
				{
					"name": "headphone8",
					"parent": "hat",
					"pivot": [4, 28, 0]
				},
				{
					"name": "headphone9",
					"parent": "headphone8",
					"pivot": [4, 28, 0],
					"cubes": [
						{
							"origin": [-5.01869, 27.5, -1.5],
							"size": [10, 1, 3],
							"inflate": -0.01869,
							"uv": {
								"north": {"uv": [84, 52], "uv_size": [10, 1]},
								"east": {"uv": [81, 52], "uv_size": [3, 1]},
								"south": {"uv": [97, 52], "uv_size": [10, 1]},
								"west": {"uv": [94, 52], "uv_size": [3, 1]},
								"up": {"uv": [0, 0], "uv_size": [0, 0]},
								"down": {"uv": [0, 0], "uv_size": [0, 0]}
							}
						}
					]
				},
				{
					"name": "headphone10",
					"parent": "headphone8",
					"pivot": [4, 28, 0],
					"rotation": [-36, 0, 0],
					"cubes": [
						{
							"origin": [-5.01869, 27.5, -1.5],
							"size": [10, 1, 3],
							"inflate": -0.01869,
							"uv": {
								"north": {"uv": [84, 52], "uv_size": [10, 1]},
								"east": {"uv": [81, 52], "uv_size": [3, 1]},
								"south": {"uv": [97, 52], "uv_size": [10, 1]},
								"west": {"uv": [94, 52], "uv_size": [3, 1]},
								"up": {"uv": [0, 0], "uv_size": [0, 0]},
								"down": {"uv": [0, 0], "uv_size": [0, 0]}
							}
						}
					]
				},
				{
					"name": "headphone11",
					"parent": "headphone8",
					"pivot": [4, 28, 0],
					"rotation": [-72, 0, 0],
					"cubes": [
						{
							"origin": [-5.01869, 27.5, -1.5],
							"size": [10, 1, 3],
							"inflate": -0.01869,
							"uv": {
								"north": {"uv": [84, 52], "uv_size": [10, 1]},
								"east": {"uv": [81, 52], "uv_size": [3, 1]},
								"south": {"uv": [97, 52], "uv_size": [10, 1]},
								"west": {"uv": [94, 52], "uv_size": [3, 1]},
								"up": {"uv": [0, 0], "uv_size": [0, 0]},
								"down": {"uv": [0, 0], "uv_size": [0, 0]}
							}
						}
					]
				},
				{
					"name": "headphone12",
					"parent": "headphone8",
					"pivot": [4, 28, 0],
					"rotation": [-108, 0, 0],
					"cubes": [
						{
							"origin": [-5.01869, 27.5, -1.5],
							"size": [10, 1, 3],
							"inflate": -0.01869,
							"uv": {
								"north": {"uv": [84, 52], "uv_size": [10, 1]},
								"east": {"uv": [81, 52], "uv_size": [3, 1]},
								"south": {"uv": [97, 52], "uv_size": [10, 1]},
								"west": {"uv": [94, 52], "uv_size": [3, 1]},
								"up": {"uv": [0, 0], "uv_size": [0, 0]},
								"down": {"uv": [0, 0], "uv_size": [0, 0]}
							}
						}
					]
				},
				{
					"name": "headphone13",
					"parent": "headphone8",
					"pivot": [4, 28, 0],
					"rotation": [-144, 0, 0],
					"cubes": [
						{
							"origin": [-5.01869, 27.5, -1.5],
							"size": [10, 1, 3],
							"inflate": -0.01869,
							"uv": {
								"north": {"uv": [84, 52], "uv_size": [10, 1]},
								"east": {"uv": [81, 52], "uv_size": [3, 1]},
								"south": {"uv": [97, 52], "uv_size": [10, 1]},
								"west": {"uv": [94, 52], "uv_size": [3, 1]},
								"up": {"uv": [0, 0], "uv_size": [0, 0]},
								"down": {"uv": [0, 0], "uv_size": [0, 0]}
							}
						}
					]
				},
				{
					"name": "headphone14",
					"parent": "hat",
					"pivot": [0, 28, 0],
					"rotation": [-102.5, 0, 0],
					"cubes": [
						{
							"origin": [-4.5, 29.5, -0.5],
							"size": [9, 3, 1],
							"uv": {
								"north": {"uv": [109, 54], "uv_size": [9, 3]},
								"east": {"uv": [108, 54], "uv_size": [1, 3]},
								"south": {"uv": [119, 54], "uv_size": [9, 3]},
								"west": {"uv": [118, 54], "uv_size": [1, 3]},
								"up": {"uv": [109, 53], "uv_size": [9, 1]},
								"down": {"uv": [0, 0], "uv_size": [0, 0]}
							}
						}
					]
				},
				{
					"name": "head_deco",
					"parent": "hat",
					"pivot": [-4, 31, -2],
					"cubes": [
						{
							"origin": [-5, 31, -2],
							"size": [1, 1, 1],
							"uv": {
								"north": {"uv": [104, 43], "uv_size": [1, 1]},
								"east": {"uv": [103, 43], "uv_size": [1, 1]},
								"south": {"uv": [106, 43], "uv_size": [1, 1]},
								"west": {"uv": [105, 43], "uv_size": [1, 1]},
								"up": {"uv": [104, 42], "uv_size": [1, 1]},
								"down": {"uv": [105, 43], "uv_size": [1, -1]}
							}
						},
						{"origin": [-4.5, 30, -3], "size": [0, 1, 1], "uv": [103, 42]}
					]
				},
				{
					"name": "head_deco2",
					"parent": "head_deco",
					"pivot": [-4, 31, -2],
					"rotation": [15, 0, 0],
					"cubes": [
						{
							"origin": [-5, 31, -3],
							"size": [1, 1, 1],
							"uv": {
								"north": {"uv": [104, 43], "uv_size": [1, 1]},
								"east": {"uv": [103, 43], "uv_size": [1, 1]},
								"south": {"uv": [106, 43], "uv_size": [1, 1]},
								"west": {"uv": [105, 43], "uv_size": [1, 1]},
								"up": {"uv": [104, 42], "uv_size": [1, 1]},
								"down": {"uv": [105, 43], "uv_size": [1, -1]}
							}
						},
						{"origin": [-4.5, 30, -2], "size": [0, 1, 1], "uv": [103, 42]}
					]
				},
				{
					"name": "head",
					"pivot": [0, 24, 0],
					"cubes": [
						{"origin": [-4, 24, -4], "size": [8, 8, 8], "uv": [33, 112]},
						{
							"origin": [-4, 24, -4],
							"size": [8, 8, 8],
							"inflate": 0.25,
							"uv": {
								"north": {"uv": [8, 120], "uv_size": [8, 8]},
								"east": {"uv": [0, 120], "uv_size": [8, 8]},
								"south": {"uv": [24, 120], "uv_size": [8, 8]},
								"west": {"uv": [16, 120], "uv_size": [8, 8]},
								"up": {"uv": [8, 112], "uv_size": [8, 8]},
								"down": {"uv": [0, 0], "uv_size": [0, 0]}
							}
						}
					]
				},
				{
					"name": "left_ear",
					"parent": "head",
					"pivot": [2, 30, -1]
				},
				{
					"name": "ear4",
					"parent": "left_ear",
					"pivot": [3, 32, -1],
					"rotation": [10, 0, 20],
					"cubes": [
						{
							"origin": [1.49815, 30.80208, -1.95527],
							"size": [1, 3, 1],
							"uv": {
								"north": {"uv": [14, 89], "uv_size": [-1, 3]},
								"east": {"uv": [15, 89], "uv_size": [-1, 3]},
								"south": {"uv": [16, 89], "uv_size": [-1, 3]},
								"west": {"uv": [13, 89], "uv_size": [-1, 3]},
								"up": {"uv": [0, 0], "uv_size": [0, 0]},
								"down": {"uv": [0, 0], "uv_size": [0, 0]}
							}
						}
					]
				},
				{
					"name": "ear5",
					"parent": "ear4",
					"pivot": [2.68584, 30.86585, -2.43628],
					"rotation": [13.5773, -1.77024, 7.28925],
					"cubes": [
						{
							"origin": [1.76002, 31.16281, -1.08299],
							"size": [2, 3, 1],
							"uv": {
								"north": {"uv": [20, 89], "uv_size": [-2, 3]},
								"east": {"uv": [21, 89], "uv_size": [-1, 3]},
								"south": {"uv": [23, 89], "uv_size": [-2, 3]},
								"west": {"uv": [18, 89], "uv_size": [-1, 3]},
								"up": {"uv": [20, 88], "uv_size": [-2, 1]},
								"down": {"uv": [0, 0], "uv_size": [0, 0]}
							}
						}
					]
				},
				{
					"name": "ear6",
					"parent": "ear4",
					"pivot": [1.53584, 34.01585, -3.18628],
					"rotation": [0, 0, 35],
					"cubes": [
						{"origin": [1.62758, 33.81912, -1.95527], "size": [1, 3, 1], "inflate": 0.001, "uv": [0, 89], "mirror": true}
					]
				},
				{
					"name": "ear10",
					"parent": "ear6",
					"pivot": [2.53584, 37.01585, -3.18628],
					"rotation": [0, 0, -45],
					"cubes": [
						{"origin": [1.46161, 33.81188, -1.95527], "size": [1, 3, 1], "uv": [0, 89], "mirror": true}
					]
				},
				{
					"name": "ear11",
					"parent": "ear10",
					"pivot": [2.53584, 34.01585, -3.18628],
					"rotation": [0, 0, 30],
					"cubes": [
						{
							"origin": [1.57354, 30.80208, -1.95527],
							"size": [1, 3, 1],
							"inflate": -0.001,
							"uv": {
								"north": {"uv": [14, 89], "uv_size": [-1, 3]},
								"east": {"uv": [15, 89], "uv_size": [-1, 3]},
								"south": {"uv": [16, 89], "uv_size": [-1, 3]},
								"west": {"uv": [13, 89], "uv_size": [-1, 3]},
								"up": {"uv": [0, 0], "uv_size": [0, 0]},
								"down": {"uv": [0, 0], "uv_size": [0, 0]}
							}
						}
					]
				},
				{
					"name": "ear12",
					"parent": "ear4",
					"pivot": [2.78584, 31.01585, -1.18628],
					"cubes": [
						{
							"origin": [1.8077, 29.82527, -1.24912],
							"size": [2, 2, 1],
							"inflate": 0.001,
							"uv": {
								"north": {"uv": [3, 20], "uv_size": [-2, 2]},
								"east": {"uv": [4, 20], "uv_size": [-1, 2]},
								"south": {"uv": [6, 20], "uv_size": [-2, 2]},
								"west": {"uv": [1, 20], "uv_size": [-1, 2]},
								"up": {"uv": [3, 19], "uv_size": [-2, 1]},
								"down": {"uv": [0, 0], "uv_size": [0, 0]}
							}
						}
					]
				},
				{
					"name": "right_ear",
					"parent": "head",
					"pivot": [-2, 30, -1]
				},
				{
					"name": "ear2",
					"parent": "right_ear",
					"pivot": [-3, 32, -1],
					"rotation": [10, 0, -20],
					"cubes": [
						{
							"origin": [-2.49815, 30.80208, -1.95527],
							"size": [1, 3, 1],
							"uv": {
								"north": {"uv": [13, 89], "uv_size": [1, 3]},
								"east": {"uv": [12, 89], "uv_size": [1, 3]},
								"south": {"uv": [15, 89], "uv_size": [1, 3]},
								"west": {"uv": [14, 89], "uv_size": [1, 3]},
								"up": {"uv": [0, 0], "uv_size": [0, 0]},
								"down": {"uv": [0, 0], "uv_size": [0, 0]}
							}
						}
					]
				},
				{
					"name": "ear3",
					"parent": "ear2",
					"pivot": [-2.68584, 30.86585, -2.43628],
					"rotation": [13.5773, 1.77024, -7.28925],
					"cubes": [
						{
							"origin": [-3.76002, 31.16281, -1.08299],
							"size": [2, 3, 1],
							"uv": {
								"north": {"uv": [18, 89], "uv_size": [2, 3]},
								"east": {"uv": [17, 89], "uv_size": [1, 3]},
								"south": {"uv": [21, 89], "uv_size": [2, 3]},
								"west": {"uv": [20, 89], "uv_size": [1, 3]},
								"up": {"uv": [18, 88], "uv_size": [2, 1]},
								"down": {"uv": [0, 0], "uv_size": [0, 0]}
							}
						}
					]
				},
				{
					"name": "ear7",
					"parent": "ear2",
					"pivot": [-1.53584, 34.01585, -3.18628],
					"rotation": [0, 0, -35],
					"cubes": [
						{"origin": [-2.62758, 33.81912, -1.95527], "size": [1, 3, 1], "inflate": 0.001, "uv": [0, 89]}
					]
				},
				{
					"name": "ear8",
					"parent": "ear7",
					"pivot": [-2.53584, 37.01585, -3.18628],
					"rotation": [0, 0, 45],
					"cubes": [
						{"origin": [-2.46161, 33.81188, -1.95527], "size": [1, 3, 1], "uv": [0, 89]}
					]
				},
				{
					"name": "ear9",
					"parent": "ear8",
					"pivot": [-2.53584, 34.01585, -3.18628],
					"rotation": [0, 0, -30],
					"cubes": [
						{
							"origin": [-2.57354, 30.80208, -1.95527],
							"size": [1, 3, 1],
							"inflate": -0.001,
							"uv": {
								"north": {"uv": [13, 89], "uv_size": [1, 3]},
								"east": {"uv": [12, 89], "uv_size": [1, 3]},
								"south": {"uv": [15, 89], "uv_size": [1, 3]},
								"west": {"uv": [14, 89], "uv_size": [1, 3]},
								"up": {"uv": [0, 0], "uv_size": [0, 0]},
								"down": {"uv": [0, 0], "uv_size": [0, 0]}
							}
						}
					]
				},
				{
					"name": "ear13",
					"parent": "ear2",
					"pivot": [-2.78584, 31.01585, -1.18628],
					"cubes": [
						{
							"origin": [-3.8077, 29.82527, -1.24912],
							"size": [2, 2, 1],
							"inflate": 0.001,
							"uv": {
								"north": {"uv": [1, 20], "uv_size": [2, 2]},
								"east": {"uv": [0, 20], "uv_size": [1, 2]},
								"south": {"uv": [4, 20], "uv_size": [2, 2]},
								"west": {"uv": [3, 20], "uv_size": [1, 2]},
								"up": {"uv": [1, 19], "uv_size": [2, 1]},
								"down": {"uv": [0, 0], "uv_size": [0, 0]}
							}
						}
					]
				},
				{
					"name": "long_hair",
					"parent": "head",
					"pivot": [0, 24, 2],
					"cubes": [
						{
							"origin": [-4, 15.5, -4],
							"size": [8, 8, 8],
							"inflate": 0.25,
							"uv": {
								"north": {"uv": [0, 0], "uv_size": [0, 0]},
								"east": {"uv": [81, 104], "uv_size": [8, 8]},
								"south": {"uv": [105, 104], "uv_size": [8, 8]},
								"west": {"uv": [97, 104], "uv_size": [8, 8]},
								"up": {"uv": [0, 0], "uv_size": [0, 0]},
								"down": {"uv": [0, 0], "uv_size": [0, 0]}
							}
						},
						{
							"origin": [-4, 16, -4],
							"size": [8, 8, 8],
							"uv": {
								"north": {"uv": [0, 0], "uv_size": [0, 0]},
								"east": {"uv": [81, 120], "uv_size": [8, 8]},
								"south": {"uv": [105, 120], "uv_size": [8, 8]},
								"west": {"uv": [97, 120], "uv_size": [8, 8]},
								"up": {"uv": [0, 0], "uv_size": [0, 0]},
								"down": {"uv": [0, 0], "uv_size": [0, 0]}
							}
						}
					]
				},
				{
					"name": "tail",
					"pivot": [0, 15, 2]
				},
				{
					"name": "tail3",
					"parent": "tail",
					"pivot": [0, 18, 1],
					"rotation": [25, 0, 0],
					"cubes": [
						{
							"origin": [-1.5, 8, -1],
							"size": [3, 7, 4],
							"inflate": -0.5,
							"uv": {
								"north": {"uv": [70, 121], "uv_size": [3, 7]},
								"east": {"uv": [66, 121], "uv_size": [4, 7]},
								"south": {"uv": [77, 121], "uv_size": [3, 7]},
								"west": {"uv": [73, 121], "uv_size": [4, 7]},
								"up": {"uv": [70, 117], "uv_size": [3, 4]},
								"down": {"uv": [0, 0], "uv_size": [0, 0]}
							}
						}
					]
				},
				{
					"name": "tail_down",
					"parent": "tail",
					"pivot": [0, 10, 7],
					"rotation": [9.66, 0, 0],
					"cubes": [
						{
							"origin": [-1.5, 3.62865, 2.88723],
							"size": [3, 7, 4],
							"inflate": -0.5,
							"uv": {
								"north": {"uv": [4, 103], "uv_size": [3, 7]},
								"east": {"uv": [0, 103], "uv_size": [4, 7]},
								"south": {"uv": [11, 103], "uv_size": [3, 7]},
								"west": {"uv": [7, 103], "uv_size": [4, 7]},
								"up": {"uv": [4, 99], "uv_size": [3, 4]},
								"down": {"uv": [0, 0], "uv_size": [0, 0]}
							}
						},
						{
							"origin": [-1, 3.3641, 3.92286],
							"size": [2, 7, 2],
							"inflate": -0.5,
							"uv": {
								"north": {"uv": [30, 110], "uv_size": [2, 7]},
								"east": {"uv": [28, 110], "uv_size": [2, 7]},
								"south": {"uv": [34, 110], "uv_size": [2, 7]},
								"west": {"uv": [32, 110], "uv_size": [2, 7]},
								"up": {"uv": [30, 108], "uv_size": [2, 2]},
								"down": {"uv": [0, 0], "uv_size": [0, 0]}
							}
						}
					]
				},
				{
					"name": "body",
					"pivot": [0, 24, 0],
					"cubes": [
						{"origin": [-2.5, 21.8, -2.5], "size": [5, 4, 5], "inflate": -1.25, "uv": [27, 11]},
						{"origin": [-3.5, 11.73, -1.5], "size": [7, 12, 3], "inflate": -0.251, "uv": [27, 82]}
					]
				},
				{
					"name": "hide_parts",
					"parent": "body",
					"pivot": [0, 24, 0],
					"cubes": [
						{
							"origin": [-2.5, 15, -2.26],
							"size": [5, 5, 2],
							"inflate": -1,
							"uv": {
								"north": {"uv": [53, 66], "uv_size": [5, 5]},
								"east": {"uv": [0, 0], "uv_size": [0, 0]},
								"south": {"uv": [0, 0], "uv_size": [0, 0]},
								"west": {"uv": [0, 0], "uv_size": [0, 0]},
								"up": {"uv": [0, 0], "uv_size": [0, 0]},
								"down": {"uv": [0, 0], "uv_size": [0, 0]}
							}
						}
					]
				},
				{
					"name": "coat",
					"parent": "hide_parts",
					"pivot": [0, 24, 0]
				},
				{
					"name": "chest",
					"parent": "hide_parts",
					"pivot": [0, 21.9, -1.5],
					"rotation": [-31, 0, 0],
					"cubes": [
						{
							"origin": [-3.5, 19.55124, -1.61429],
							"size": [7, 3.7, 3],
							"inflate": -0.252,
							"uv": {
								"north": {"uv": [21, 100], "uv_size": [7, 4]},
								"east": {"uv": [18, 101], "uv_size": [2, 3]},
								"south": {"uv": [0, 0], "uv_size": [0, 0]},
								"west": {"uv": [28, 101], "uv_size": [2, 3]},
								"up": {"uv": [0, 0], "uv_size": [0, 0]},
								"down": {"uv": [29, 101], "uv_size": [7, -3]}
							}
						}
					]
				},
				{
					"name": "skirt",
					"parent": "hide_parts",
					"pivot": [0, 14.9, 0]
				},
				{
					"name": "front_skirt",
					"parent": "skirt",
					"pivot": [0, 14.25, -1.75],
					"rotation": [-19.4712, 0, 0],
					"cubes": [
						{
							"origin": [-2.5, 10.06775, -1.9385],
							"size": [5, 5.2, 1],
							"inflate": -0.1875,
							"uv": {
								"north": {"uv": [69, 87], "uv_size": [5, 5]},
								"east": {"uv": [67, 87], "uv_size": [1, 5]},
								"south": {"uv": [76, 87], "uv_size": [5, 5]},
								"west": {"uv": [74, 87], "uv_size": [1, 5]},
								"up": {"uv": [0, 0], "uv_size": [0, 0]},
								"down": {"uv": [74, 86], "uv_size": [5, -1]}
							}
						},
						{
							"origin": [-3.5, 10.31775, -1.6885],
							"size": [7, 5, 1],
							"inflate": -0.15395,
							"uv": {
								"north": {"uv": [84, 78], "uv_size": [7, 6]},
								"east": {"uv": [83, 78], "uv_size": [1, 6]},
								"south": {"uv": [92, 78], "uv_size": [7, 6]},
								"west": {"uv": [91, 78], "uv_size": [1, 6]},
								"up": {"uv": [0, 0], "uv_size": [0, 0]},
								"down": {"uv": [91, 78], "uv_size": [7, -1]}
							}
						}
					]
				},
				{
					"name": "back_skirt",
					"parent": "skirt",
					"pivot": [0, 14.25, 1.75],
					"rotation": [19.4712, 0, 0],
					"cubes": [
						{
							"origin": [-2.5, 10.06775, 0.9385],
							"size": [5, 5.2, 1],
							"inflate": -0.1875,
							"uv": {
								"north": {"uv": [69, 87], "uv_size": [5, 5]},
								"east": {"uv": [67, 87], "uv_size": [1, 5]},
								"south": {"uv": [76, 87], "uv_size": [5, 5]},
								"west": {"uv": [74, 87], "uv_size": [1, 5]},
								"up": {"uv": [0, 0], "uv_size": [0, 0]},
								"down": {"uv": [74, 86], "uv_size": [6, -1]}
							}
						},
						{
							"origin": [-3.5, 10.31775, 0.6885],
							"size": [7, 5, 1],
							"inflate": -0.15395,
							"uv": {
								"north": {"uv": [84, 78], "uv_size": [7, 6]},
								"east": {"uv": [83, 78], "uv_size": [1, 6]},
								"south": {"uv": [92, 78], "uv_size": [7, 6]},
								"west": {"uv": [91, 78], "uv_size": [1, 6]},
								"up": {"uv": [0, 0], "uv_size": [0, 0]},
								"down": {"uv": [91, 78], "uv_size": [7, -1]}
							}
						}
					]
				},
				{
					"name": "right_skirt",
					"parent": "skirt",
					"pivot": [0, 9.9, 0]
				},
				{
					"name": "skirt9",
					"parent": "right_skirt",
					"pivot": [0, 9.9, 0],
					"rotation": [0, 225, 0]
				},
				{
					"name": "skirt10",
					"parent": "skirt9",
					"pivot": [-5.43914, 9.9, 0],
					"rotation": [0, -45, 26.56505],
					"cubes": [
						{
							"origin": [-6.93914, 10.95, -1.5],
							"size": [2, 5, 1],
							"uv": {
								"north": {"uv": [93, 89], "uv_size": [2, 5]},
								"east": {"uv": [92, 89], "uv_size": [1, 5]},
								"south": {"uv": [96, 89], "uv_size": [2, 5]},
								"west": {"uv": [95, 89], "uv_size": [1, 5]},
								"up": {"uv": [0, 0], "uv_size": [0, 0]},
								"down": {"uv": [95, 88], "uv_size": [2, -1]}
							}
						}
					]
				},
				{
					"name": "skirt2",
					"parent": "right_skirt",
					"pivot": [0, 9.9, 0],
					"rotation": [19.47122, 90, 0],
					"cubes": [
						{
							"origin": [-2.2, 8.96403, 4.19425],
							"size": [4.4, 5, 1],
							"inflate": -0.15395,
							"uv": {
								"north": {"uv": [53, 87], "uv_size": [5, 5]},
								"east": {"uv": [52, 87], "uv_size": [1, 5]},
								"south": {"uv": [59, 87], "uv_size": [5, 5]},
								"west": {"uv": [58, 87], "uv_size": [1, 5]},
								"up": {"uv": [53, 85], "uv_size": [5, 1]},
								"down": {"uv": [58, 86], "uv_size": [5, -1]}
							}
						}
					]
				},
				{
					"name": "skirt7",
					"parent": "right_skirt",
					"pivot": [0, 9.9, 0],
					"rotation": [0, 135, 0]
				},
				{
					"name": "skirt8",
					"parent": "skirt7",
					"pivot": [-5.43914, 9.9, 0],
					"rotation": [0, -45, 26.56505],
					"cubes": [
						{
							"origin": [-4.93914, 10.95, -0.5],
							"size": [1, 5, 2],
							"uv": {
								"north": {"uv": [85, 89], "uv_size": [1, 5]},
								"east": {"uv": [83, 89], "uv_size": [2, 5]},
								"south": {"uv": [88, 89], "uv_size": [1, 5]},
								"west": {"uv": [86, 89], "uv_size": [2, 5]},
								"up": {"uv": [0, 0], "uv_size": [0, 0]},
								"down": {"uv": [86, 88], "uv_size": [1, -2]}
							}
						}
					]
				},
				{
					"name": "left_skirt",
					"parent": "skirt",
					"pivot": [0, 9.9, 0]
				},
				{
					"name": "skirt3",
					"parent": "left_skirt",
					"pivot": [0, 9.9, 0],
					"rotation": [0, -225, 0]
				},
				{
					"name": "skirt4",
					"parent": "skirt3",
					"pivot": [5.43914, 9.9, 0],
					"rotation": [0, 45, -26.56505],
					"cubes": [
						{
							"origin": [4.93914, 10.95, -1.5],
							"size": [2, 5, 1],
							"uv": {
								"north": {"uv": [95, 89], "uv_size": [-2, 5]},
								"east": {"uv": [96, 89], "uv_size": [-1, 5]},
								"south": {"uv": [98, 89], "uv_size": [-2, 5]},
								"west": {"uv": [93, 89], "uv_size": [-1, 5]},
								"up": {"uv": [0, 0], "uv_size": [0, 0]},
								"down": {"uv": [97, 88], "uv_size": [-2, -1]}
							}
						}
					]
				},
				{
					"name": "skirt5",
					"parent": "left_skirt",
					"pivot": [0, 9.9, 0],
					"rotation": [19.47122, -90, 0],
					"cubes": [
						{
							"origin": [-2.2, 8.96403, 4.19425],
							"size": [4.4, 5, 1],
							"inflate": -0.15395,
							"uv": {
								"north": {"uv": [58, 87], "uv_size": [-5, 5]},
								"east": {"uv": [59, 87], "uv_size": [-1, 5]},
								"south": {"uv": [64, 87], "uv_size": [-5, 5]},
								"west": {"uv": [53, 87], "uv_size": [-1, 5]},
								"up": {"uv": [58, 85], "uv_size": [-5, 1]},
								"down": {"uv": [63, 86], "uv_size": [-5, -1]}
							}
						}
					]
				},
				{
					"name": "skirt6",
					"parent": "left_skirt",
					"pivot": [0, 9.9, 0],
					"rotation": [0, -135, 0]
				},
				{
					"name": "skirt11",
					"parent": "skirt6",
					"pivot": [5.43914, 9.9, 0],
					"rotation": [0, 45, -26.56505],
					"cubes": [
						{
							"origin": [3.93914, 10.95, -0.5],
							"size": [1, 5, 2],
							"uv": {
								"north": {"uv": [86, 89], "uv_size": [-1, 5]},
								"east": {"uv": [88, 89], "uv_size": [-2, 5]},
								"south": {"uv": [89, 89], "uv_size": [-1, 5]},
								"west": {"uv": [85, 89], "uv_size": [-2, 5]},
								"up": {"uv": [0, 0], "uv_size": [0, 0]},
								"down": {"uv": [87, 88], "uv_size": [-1, -2]}
							}
						}
					]
				},
				{
					"name": "bottom_deco",
					"parent": "hide_parts",
					"pivot": [-4.35, 7.5, 0],
					"cubes": [
						{
							"origin": [-4.85, 9.13868, 0.79443],
							"size": [1, 1, 1],
							"inflate": 0.004,
							"uv": {
								"north": {"uv": [100, 71], "uv_size": [1, 1]},
								"east": {"uv": [99, 71], "uv_size": [1, 1]},
								"south": {"uv": [102, 71], "uv_size": [1, 1]},
								"west": {"uv": [101, 71], "uv_size": [1, 1]},
								"up": {"uv": [100, 70], "uv_size": [1, 1]},
								"down": {"uv": [0, 0], "uv_size": [0, 0]}
							}
						},
						{
							"origin": [-4.85, 9.13868, -1.79443],
							"size": [1, 1, 1],
							"inflate": 0.004,
							"uv": {
								"north": {"uv": [100, 71], "uv_size": [1, 1]},
								"east": {"uv": [99, 71], "uv_size": [1, 1]},
								"south": {"uv": [102, 71], "uv_size": [1, 1]},
								"west": {"uv": [101, 71], "uv_size": [1, 1]},
								"up": {"uv": [100, 70], "uv_size": [1, 1]},
								"down": {"uv": [0, 0], "uv_size": [0, 0]}
							}
						}
					]
				},
				{
					"name": "deco1",
					"parent": "bottom_deco",
					"pivot": [-4.35, 7.5, 0],
					"rotation": [-45, 0, 0],
					"cubes": [
						{"origin": [-4.85, 7, -1.5], "size": [1, 2, 2], "uv": [85, 71]},
						{"origin": [-4.85, 8, -1.5], "size": [1, 1, 1], "inflate": 0.1, "uv": [94, 73]},
						{"origin": [-4.85, 9.1, -2.6], "size": [1, 1, 1], "uv": [101, 74]}
					]
				},
				{
					"name": "deco2",
					"parent": "bottom_deco",
					"pivot": [-4.35, 8.91421, 2.12132],
					"rotation": [-22.5, 0, 0],
					"cubes": [
						{
							"origin": [-4.85, 7.99233, 0.73664],
							"size": [1, 1, 1],
							"inflate": 0.002,
							"uv": {
								"north": {"uv": [80, 74], "uv_size": [1, 1]},
								"east": {"uv": [79, 74], "uv_size": [1, 1]},
								"south": {"uv": [82, 74], "uv_size": [1, 1]},
								"west": {"uv": [81, 74], "uv_size": [1, 1]},
								"up": {"uv": [80, 73], "uv_size": [1, 1]},
								"down": {"uv": [0, 0], "uv_size": [0, 0]}
							}
						}
					]
				},
				{
					"name": "deco3",
					"parent": "bottom_deco",
					"pivot": [-4.35, 8.91421, -2.12132],
					"rotation": [22.5, 0, 0],
					"cubes": [
						{
							"origin": [-4.85, 7.99233, -1.73664],
							"size": [1, 1, 1],
							"inflate": 0.002,
							"uv": {
								"north": {"uv": [80, 74], "uv_size": [1, 1]},
								"east": {"uv": [79, 74], "uv_size": [1, 1]},
								"south": {"uv": [82, 74], "uv_size": [1, 1]},
								"west": {"uv": [81, 74], "uv_size": [1, 1]},
								"up": {"uv": [80, 73], "uv_size": [1, 1]},
								"down": {"uv": [0, 0], "uv_size": [0, 0]}
							}
						}
					]
				},
				{
					"name": "belt",
					"parent": "hide_parts",
					"pivot": [0, 0, 0]
				},
				{
					"name": "belt2",
					"parent": "belt",
					"pivot": [-3, 16, 0],
					"rotation": [0, 0, -15],
					"cubes": [
						{
							"origin": [-3, 15, -1.9],
							"size": [6.7, 1, 3.7],
							"inflate": 0.01,
							"uv": {
								"north": {"uv": [74, 68], "uv_size": [7, 1]},
								"east": {"uv": [70, 68], "uv_size": [4, 1]},
								"south": {"uv": [85, 68], "uv_size": [7, 1]},
								"west": {"uv": [81, 68], "uv_size": [4, 1]},
								"up": {"uv": [74, 64], "uv_size": [7, 4]},
								"down": {"uv": [81, 68], "uv_size": [7, -4]}
							}
						},
						{
							"origin": [-4.95, 15, -2.3],
							"size": [2, 1, 1],
							"inflate": -0.4,
							"uv": {
								"north": {"uv": [58, 83], "uv_size": [2, 1]},
								"east": {"uv": [57, 83], "uv_size": [1, 1]},
								"south": {"uv": [61, 83], "uv_size": [2, 1]},
								"west": {"uv": [60, 83], "uv_size": [1, 1]},
								"up": {"uv": [58, 82], "uv_size": [2, 1]},
								"down": {"uv": [60, 83], "uv_size": [2, -1]}
							}
						},
						{
							"origin": [-4.55, 15, -2.3],
							"size": [1, 1, 1.4],
							"inflate": -0.4,
							"uv": {
								"north": {"uv": [11, 80], "uv_size": [1, 1]},
								"east": {"uv": [9, 80], "uv_size": [2, 1]},
								"south": {"uv": [14, 80], "uv_size": [1, 1]},
								"west": {"uv": [12, 80], "uv_size": [2, 1]},
								"up": {"uv": [11, 78], "uv_size": [1, 2]},
								"down": {"uv": [12, 80], "uv_size": [1, -2]}
							}
						},
						{
							"origin": [-4.95, 15, -1.9],
							"size": [2, 1, 1],
							"inflate": -0.4,
							"uv": {
								"north": {"uv": [58, 83], "uv_size": [2, 1]},
								"east": {"uv": [57, 83], "uv_size": [1, 1]},
								"south": {"uv": [61, 83], "uv_size": [2, 1]},
								"west": {"uv": [60, 83], "uv_size": [1, 1]},
								"up": {"uv": [58, 82], "uv_size": [2, 1]},
								"down": {"uv": [60, 83], "uv_size": [2, -1]}
							}
						},
						{
							"origin": [-4.55, 15, 0.85],
							"size": [1, 1, 1.4],
							"inflate": -0.4,
							"uv": {
								"north": {"uv": [53, 80], "uv_size": [1, 1]},
								"east": {"uv": [51, 80], "uv_size": [2, 1]},
								"south": {"uv": [56, 80], "uv_size": [1, 1]},
								"west": {"uv": [54, 80], "uv_size": [2, 1]},
								"up": {"uv": [53, 78], "uv_size": [1, 2]},
								"down": {"uv": [54, 80], "uv_size": [1, -2]}
							}
						},
						{
							"origin": [-4.95, 15, 1.25],
							"size": [2, 1, 1],
							"inflate": -0.4,
							"uv": {
								"north": {"uv": [58, 83], "uv_size": [2, 1]},
								"east": {"uv": [57, 83], "uv_size": [1, 1]},
								"south": {"uv": [61, 83], "uv_size": [2, 1]},
								"west": {"uv": [60, 83], "uv_size": [1, 1]},
								"up": {"uv": [58, 82], "uv_size": [2, 1]},
								"down": {"uv": [60, 83], "uv_size": [2, -1]}
							}
						},
						{
							"origin": [-4.95, 15, 0.85],
							"size": [2, 1, 1],
							"inflate": -0.4,
							"uv": {
								"north": {"uv": [58, 83], "uv_size": [2, 1]},
								"east": {"uv": [57, 83], "uv_size": [1, 1]},
								"south": {"uv": [61, 83], "uv_size": [2, 1]},
								"west": {"uv": [60, 83], "uv_size": [1, 1]},
								"up": {"uv": [58, 82], "uv_size": [2, 1]},
								"down": {"uv": [60, 83], "uv_size": [2, -1]}
							}
						},
						{
							"origin": [-3.95, 15.2, -2.1],
							"size": [2, 1, 1],
							"inflate": -0.4,
							"uv": {
								"north": {"uv": [66, 66], "uv_size": [2, 1]},
								"east": {"uv": [65, 66], "uv_size": [1, 1]},
								"south": {"uv": [69, 66], "uv_size": [2, 1]},
								"west": {"uv": [68, 66], "uv_size": [1, 1]},
								"up": {"uv": [66, 65], "uv_size": [2, 1]},
								"down": {"uv": [68, 66], "uv_size": [2, -1]}
							}
						},
						{
							"origin": [-3.95, 14.8, -2.1],
							"size": [2, 1, 1],
							"inflate": -0.4,
							"uv": {
								"north": {"uv": [66, 66], "uv_size": [2, 1]},
								"east": {"uv": [65, 66], "uv_size": [1, 1]},
								"south": {"uv": [69, 66], "uv_size": [2, 1]},
								"west": {"uv": [68, 66], "uv_size": [1, 1]},
								"up": {"uv": [66, 65], "uv_size": [2, 1]},
								"down": {"uv": [68, 66], "uv_size": [2, -1]}
							}
						},
						{
							"origin": [-3.6, 14.5, -2.45],
							"size": [1, 2, 4.7],
							"inflate": -0.4,
							"uv": {
								"north": {"uv": [5, 84], "uv_size": [1, 2]},
								"east": {"uv": [0, 84], "uv_size": [5, 2]},
								"south": {"uv": [11, 84], "uv_size": [1, 2]},
								"west": {"uv": [6, 84], "uv_size": [5, 2]},
								"up": {"uv": [5, 79], "uv_size": [1, 5]},
								"down": {"uv": [6, 84], "uv_size": [1, -5]}
							}
						},
						{
							"origin": [-3.95, 15.2, 1.05],
							"size": [2, 1, 1],
							"inflate": -0.4,
							"uv": {
								"north": {"uv": [66, 66], "uv_size": [2, 1]},
								"east": {"uv": [65, 66], "uv_size": [1, 1]},
								"south": {"uv": [69, 66], "uv_size": [2, 1]},
								"west": {"uv": [68, 66], "uv_size": [1, 1]},
								"up": {"uv": [66, 65], "uv_size": [2, 1]},
								"down": {"uv": [68, 66], "uv_size": [2, -1]}
							}
						},
						{
							"origin": [-3.95, 14.8, 1.05],
							"size": [2, 1, 1],
							"inflate": -0.4,
							"uv": {
								"north": {"uv": [66, 66], "uv_size": [2, 1]},
								"east": {"uv": [65, 66], "uv_size": [1, 1]},
								"south": {"uv": [69, 66], "uv_size": [2, 1]},
								"west": {"uv": [68, 66], "uv_size": [1, 1]},
								"up": {"uv": [66, 65], "uv_size": [2, 1]},
								"down": {"uv": [68, 66], "uv_size": [2, -1]}
							}
						}
					]
				},
				{
					"name": "belt6",
					"parent": "belt2",
					"pivot": [-2, 15, 0],
					"rotation": [0, 0, 24],
					"cubes": [
						{
							"origin": [-2.15, 15, -1.9],
							"size": [5.7, 1, 3.7],
							"pivot": [-2.15, 15.1, -1.9],
							"rotation": [0, 0, -3],
							"uv": {
								"north": {"uv": [105, 63], "uv_size": [6, 1]},
								"east": {"uv": [101, 63], "uv_size": [4, 1]},
								"south": {"uv": [115, 63], "uv_size": [6, 1]},
								"west": {"uv": [111, 63], "uv_size": [4, 1]},
								"up": {"uv": [105, 59], "uv_size": [6, 4]},
								"down": {"uv": [111, 63], "uv_size": [6, -4]}
							}
						}
					]
				},
				{
					"name": "belt8",
					"parent": "belt2",
					"pivot": [-3, 16, 0],
					"rotation": [0, 0, 45],
					"cubes": [
						{
							"origin": [-2.25, 16.1, -1.9],
							"size": [1, 1, 3.7],
							"inflate": 0.1,
							"uv": {
								"north": {"uv": [18, 85], "uv_size": [1, 1]},
								"east": {"uv": [14, 85], "uv_size": [4, 1]},
								"south": {"uv": [23, 85], "uv_size": [1, 1]},
								"west": {"uv": [19, 85], "uv_size": [4, 1]},
								"up": {"uv": [18, 81], "uv_size": [1, 4]},
								"down": {"uv": [19, 85], "uv_size": [1, -4]}
							}
						}
					]
				},
				{
					"name": "belt3",
					"parent": "belt",
					"pivot": [0, 18.5, -2],
					"cubes": [
						{
							"origin": [-3.5, 18.75, -1.6],
							"size": [7, 1, 0.85],
							"uv": {
								"north": {"uv": [110, 72], "uv_size": [8, 1]},
								"east": {"uv": [109, 72], "uv_size": [1, 1]},
								"south": {"uv": [119, 72], "uv_size": [8, 1]},
								"west": {"uv": [118, 72], "uv_size": [1, 1]},
								"up": {"uv": [110, 71], "uv_size": [8, 1]},
								"down": {"uv": [118, 72], "uv_size": [8, -1]}
							}
						}
					]
				},
				{
					"name": "belt7",
					"parent": "belt",
					"pivot": [0, 18.5, 0.5],
					"cubes": [
						{
							"origin": [-3.5, 18.75, 0.75],
							"size": [7, 1, 0.85],
							"uv": {
								"north": {"uv": [26, 79], "uv_size": [8, 1]},
								"east": {"uv": [25, 79], "uv_size": [1, 1]},
								"south": {"uv": [35, 79], "uv_size": [8, 1]},
								"west": {"uv": [34, 79], "uv_size": [1, 1]},
								"up": {"uv": [26, 78], "uv_size": [8, 1]},
								"down": {"uv": [34, 79], "uv_size": [8, -1]}
							}
						}
					]
				},
				{
					"name": "belt4",
					"parent": "belt",
					"pivot": [0, 23.25, -1.75],
					"rotation": [-15, 0, 0],
					"cubes": [
						{
							"origin": [-3.5, 22.10276, -1.48008],
							"size": [7, 0.9, 0.9],
							"uv": {
								"north": {"uv": [110, 72], "uv_size": [8, 0]},
								"east": {"uv": [110, 72], "uv_size": [-1, 1]},
								"south": {"uv": [118, 72], "uv_size": [8, 0]},
								"west": {"uv": [118, 72], "uv_size": [0, 0]},
								"up": {"uv": [110, 72], "uv_size": [8, 0]},
								"down": {"uv": [118, 72], "uv_size": [8, 0]}
							}
						}
					]
				},
				{
					"name": "belt5",
					"parent": "belt4",
					"pivot": [0, 23.25, -0.75],
					"rotation": [-55.5, 0, 0],
					"cubes": [
						{
							"origin": [-3.5, 22.25, -0.45],
							"size": [7, 1, 2.7],
							"uv": {
								"north": {"uv": [106, 68], "uv_size": [8, 1]},
								"east": {"uv": [103, 68], "uv_size": [3, 1]},
								"south": {"uv": [117, 68], "uv_size": [8, 1]},
								"west": {"uv": [114, 68], "uv_size": [3, 1]},
								"up": {"uv": [106, 65], "uv_size": [8, 3]},
								"down": {"uv": [114, 68], "uv_size": [8, -3]}
							}
						}
					]
				},
				{
					"name": "bag",
					"parent": "hide_parts",
					"pivot": [-3.8, 15, 0],
					"rotation": [0, 0, 19.4712],
					"cubes": [
						{"origin": [-5.2, 11.55, -2.5], "size": [2, 4, 5], "inflate": -0.41, "uv": [67, 73]},
						{"origin": [-5.4, 13.75, -2.1], "size": [2, 2, 1], "inflate": -0.4, "uv": [115, 75]},
						{"origin": [-5.4, 13.75, 1.05], "size": [2, 2, 1], "inflate": -0.4, "uv": [115, 75]}
					]
				},
				{
					"name": "front_deco",
					"parent": "hide_parts",
					"pivot": [0, 22.5, -1.7],
					"rotation": [-15, 0, 0]
				},
				{
					"name": "gem",
					"parent": "front_deco",
					"pivot": [0, 22.1, -1.7],
					"rotation": [0, 0, -45],
					"cubes": [
						{"origin": [-0.5, 21.6, -1.5], "size": [1, 1, 1], "inflate": 0.25, "uv": [87, 59]},
						{"origin": [-0.5, 21.6, -1.7], "size": [1, 1, 1], "inflate": 0.1, "uv": [94, 60]},
						{"origin": [-0.5, 21.6, -1.85], "size": [1, 1, 1], "uv": [87, 59]}
					]
				},
				{
					"name": "hudiejie2",
					"parent": "front_deco",
					"pivot": [0, 23, -1.7],
					"cubes": [
						{"origin": [0.25, 22, -1.7], "size": [2, 1, 1], "inflate": 0.001, "uv": [92, 55], "mirror": true}
					]
				},
				{
					"name": "hudiejie3",
					"parent": "hudiejie2",
					"pivot": [2.25, 23, -1.7],
					"rotation": [0, 0, -22.5],
					"cubes": [
						{"origin": [0.25, 23, -1.7], "size": [2, 1, 1], "uv": [92, 55], "mirror": true}
					]
				},
				{
					"name": "hudiejie4",
					"parent": "hudiejie2",
					"pivot": [2.25, 22, -1.7],
					"rotation": [-12.5, 5, 22.5],
					"cubes": [
						{"origin": [0.25, 21, -1.65], "size": [3, 1, 1], "uv": [93, 65], "mirror": true}
					]
				},
				{
					"name": "hudiejie5",
					"parent": "front_deco",
					"pivot": [0, 23, -1.7],
					"cubes": [
						{"origin": [-2.25, 22, -1.7], "size": [2, 1, 1], "inflate": 0.001, "uv": [92, 55]}
					]
				},
				{
					"name": "hudiejie6",
					"parent": "hudiejie5",
					"pivot": [-2.25, 23, -1.7],
					"rotation": [0, 0, 22.5],
					"cubes": [
						{"origin": [-2.25, 23, -1.7], "size": [2, 1, 1], "uv": [92, 55]}
					]
				},
				{
					"name": "hudiejie7",
					"parent": "hudiejie5",
					"pivot": [-2.25, 22, -1.7],
					"rotation": [-12.5, -5, -22.5],
					"cubes": [
						{"origin": [-3.25, 21, -1.65], "size": [3, 1, 1], "uv": [93, 65]}
					]
				},
				{
					"name": "ring",
					"parent": "hide_parts",
					"pivot": [0.85, 19.25, 0]
				},
				{
					"name": "ring2",
					"parent": "ring",
					"pivot": [0.85, 19.25, 0],
					"cubes": [
						{
							"origin": [-3.65, 17.5418, -0.5],
							"size": [7.3, 1, 1],
							"inflate": -0.2,
							"uv": {
								"north": {"uv": [111, 1], "uv_size": [8, 1]},
								"east": {"uv": [110, 1], "uv_size": [1, 1]},
								"south": {"uv": [120, 1], "uv_size": [8, 1]},
								"west": {"uv": [119, 1], "uv_size": [1, 1]},
								"up": {"uv": [111, 0], "uv_size": [8, 1]},
								"down": {"uv": [119, 1], "uv_size": [8, -1]}
							}
						}
					]
				},
				{
					"name": "ring3",
					"parent": "ring",
					"pivot": [0.85, 19.25, 0],
					"rotation": [22.5, 0, 0],
					"cubes": [
						{
							"origin": [-3.65, 17.5418, -0.5],
							"size": [7.3, 1, 1],
							"inflate": -0.2,
							"uv": {
								"north": {"uv": [111, 1], "uv_size": [8, 1]},
								"east": {"uv": [110, 1], "uv_size": [1, 1]},
								"south": {"uv": [120, 1], "uv_size": [8, 1]},
								"west": {"uv": [119, 1], "uv_size": [1, 1]},
								"up": {"uv": [111, 0], "uv_size": [8, 1]},
								"down": {"uv": [119, 1], "uv_size": [8, -1]}
							}
						}
					]
				},
				{
					"name": "ring4",
					"parent": "ring",
					"pivot": [0.85, 19.25, 0],
					"rotation": [45, 0, 0],
					"cubes": [
						{
							"origin": [-3.65, 17.5418, -0.5],
							"size": [7.3, 1, 1],
							"inflate": -0.2,
							"uv": {
								"north": {"uv": [111, 1], "uv_size": [8, 1]},
								"east": {"uv": [110, 1], "uv_size": [1, 1]},
								"south": {"uv": [120, 1], "uv_size": [8, 1]},
								"west": {"uv": [119, 1], "uv_size": [1, 1]},
								"up": {"uv": [111, 0], "uv_size": [8, 1]},
								"down": {"uv": [119, 1], "uv_size": [8, -1]}
							}
						}
					]
				},
				{
					"name": "ring5",
					"parent": "ring",
					"pivot": [0.85, 19.25, 0],
					"rotation": [67.5, 0, 0],
					"cubes": [
						{
							"origin": [-3.65, 17.5418, -0.5],
							"size": [7.3, 1, 1],
							"inflate": -0.2,
							"uv": {
								"north": {"uv": [111, 1], "uv_size": [8, 1]},
								"east": {"uv": [110, 1], "uv_size": [1, 1]},
								"south": {"uv": [120, 1], "uv_size": [8, 1]},
								"west": {"uv": [119, 1], "uv_size": [1, 1]},
								"up": {"uv": [111, 0], "uv_size": [8, 1]},
								"down": {"uv": [119, 1], "uv_size": [8, -1]}
							}
						}
					]
				},
				{
					"name": "ring6",
					"parent": "ring",
					"pivot": [0.85, 19.25, 0],
					"rotation": [90, 0, 0],
					"cubes": [
						{
							"origin": [-3.65, 17.5418, -0.5],
							"size": [7.3, 1, 1],
							"inflate": -0.2,
							"uv": {
								"north": {"uv": [111, 1], "uv_size": [8, 1]},
								"east": {"uv": [110, 1], "uv_size": [1, 1]},
								"south": {"uv": [120, 1], "uv_size": [8, 1]},
								"west": {"uv": [119, 1], "uv_size": [1, 1]},
								"up": {"uv": [111, 0], "uv_size": [8, 1]},
								"down": {"uv": [119, 1], "uv_size": [8, -1]}
							}
						}
					]
				},
				{
					"name": "ring7",
					"parent": "ring",
					"pivot": [0.85, 19.25, 0],
					"rotation": [112.5, 0, 0],
					"cubes": [
						{
							"origin": [-3.65, 17.5418, -0.5],
							"size": [7.3, 1, 1],
							"inflate": -0.2,
							"uv": {
								"north": {"uv": [111, 1], "uv_size": [8, 1]},
								"east": {"uv": [110, 1], "uv_size": [1, 1]},
								"south": {"uv": [120, 1], "uv_size": [8, 1]},
								"west": {"uv": [119, 1], "uv_size": [1, 1]},
								"up": {"uv": [111, 0], "uv_size": [8, 1]},
								"down": {"uv": [119, 1], "uv_size": [8, -1]}
							}
						}
					]
				},
				{
					"name": "ring8",
					"parent": "ring",
					"pivot": [0.85, 19.25, 0],
					"rotation": [135, 0, 0],
					"cubes": [
						{
							"origin": [-3.65, 17.5418, -0.5],
							"size": [7.3, 1, 1],
							"inflate": -0.2,
							"uv": {
								"north": {"uv": [111, 1], "uv_size": [8, 1]},
								"east": {"uv": [110, 1], "uv_size": [1, 1]},
								"south": {"uv": [120, 1], "uv_size": [8, 1]},
								"west": {"uv": [119, 1], "uv_size": [1, 1]},
								"up": {"uv": [111, 0], "uv_size": [8, 1]},
								"down": {"uv": [119, 1], "uv_size": [8, -1]}
							}
						}
					]
				},
				{
					"name": "ring9",
					"parent": "ring",
					"pivot": [0.85, 19.25, 0],
					"rotation": [157.5, 0, 0],
					"cubes": [
						{
							"origin": [-3.65, 17.5418, -0.5],
							"size": [7.3, 1, 1],
							"inflate": -0.2,
							"uv": {
								"north": {"uv": [111, 1], "uv_size": [8, 1]},
								"east": {"uv": [110, 1], "uv_size": [1, 1]},
								"south": {"uv": [120, 1], "uv_size": [8, 1]},
								"west": {"uv": [119, 1], "uv_size": [1, 1]},
								"up": {"uv": [111, 0], "uv_size": [8, 1]},
								"down": {"uv": [119, 1], "uv_size": [8, -1]}
							}
						}
					]
				},
				{
					"name": "ring10",
					"parent": "ring",
					"pivot": [0.85, 19.25, 0],
					"rotation": [180, 0, 0],
					"cubes": [
						{
							"origin": [-3.65, 17.5418, -0.5],
							"size": [7.3, 1, 1],
							"inflate": -0.2,
							"uv": {
								"north": {"uv": [111, 1], "uv_size": [8, 1]},
								"east": {"uv": [110, 1], "uv_size": [1, 1]},
								"south": {"uv": [120, 1], "uv_size": [8, 1]},
								"west": {"uv": [119, 1], "uv_size": [1, 1]},
								"up": {"uv": [111, 0], "uv_size": [8, 1]},
								"down": {"uv": [119, 1], "uv_size": [8, -1]}
							}
						}
					]
				},
				{
					"name": "ring11",
					"parent": "ring",
					"pivot": [0.85, 19.25, 0],
					"rotation": [202.5, 0, 0],
					"cubes": [
						{
							"origin": [-3.65, 17.5418, -0.5],
							"size": [7.3, 1, 1],
							"inflate": -0.2,
							"uv": {
								"north": {"uv": [111, 1], "uv_size": [8, 1]},
								"east": {"uv": [110, 1], "uv_size": [1, 1]},
								"south": {"uv": [120, 1], "uv_size": [8, 1]},
								"west": {"uv": [119, 1], "uv_size": [1, 1]},
								"up": {"uv": [111, 0], "uv_size": [8, 1]},
								"down": {"uv": [119, 1], "uv_size": [8, -1]}
							}
						}
					]
				},
				{
					"name": "ring12",
					"parent": "ring",
					"pivot": [0.85, 19.25, 0],
					"rotation": [225, 0, 0],
					"cubes": [
						{
							"origin": [-3.65, 17.5418, -0.5],
							"size": [7.3, 1, 1],
							"inflate": -0.2,
							"uv": {
								"north": {"uv": [111, 1], "uv_size": [8, 1]},
								"east": {"uv": [110, 1], "uv_size": [1, 1]},
								"south": {"uv": [120, 1], "uv_size": [8, 1]},
								"west": {"uv": [119, 1], "uv_size": [1, 1]},
								"up": {"uv": [111, 0], "uv_size": [8, 1]},
								"down": {"uv": [119, 1], "uv_size": [8, -1]}
							}
						}
					]
				},
				{
					"name": "ring13",
					"parent": "ring",
					"pivot": [0.85, 19.25, 0],
					"rotation": [247.5, 0, 0],
					"cubes": [
						{
							"origin": [-3.65, 17.5418, -0.5],
							"size": [7.3, 1, 1],
							"inflate": -0.2,
							"uv": {
								"north": {"uv": [111, 1], "uv_size": [8, 1]},
								"east": {"uv": [110, 1], "uv_size": [1, 1]},
								"south": {"uv": [120, 1], "uv_size": [8, 1]},
								"west": {"uv": [119, 1], "uv_size": [1, 1]},
								"up": {"uv": [111, 0], "uv_size": [8, 1]},
								"down": {"uv": [119, 1], "uv_size": [8, -1]}
							}
						}
					]
				},
				{
					"name": "ring14",
					"parent": "ring",
					"pivot": [0.85, 19.25, 0],
					"rotation": [270, 0, 0],
					"cubes": [
						{
							"origin": [-3.65, 17.5418, -0.5],
							"size": [7.3, 1, 1],
							"inflate": -0.2,
							"uv": {
								"north": {"uv": [111, 1], "uv_size": [8, 1]},
								"east": {"uv": [110, 1], "uv_size": [1, 1]},
								"south": {"uv": [120, 1], "uv_size": [8, 1]},
								"west": {"uv": [119, 1], "uv_size": [1, 1]},
								"up": {"uv": [111, 0], "uv_size": [8, 1]},
								"down": {"uv": [119, 1], "uv_size": [8, -1]}
							}
						}
					]
				},
				{
					"name": "ring15",
					"parent": "ring",
					"pivot": [0.85, 19.25, 0],
					"rotation": [292.5, 0, 0],
					"cubes": [
						{
							"origin": [-3.65, 17.5418, -0.5],
							"size": [7.3, 1, 1],
							"inflate": -0.2,
							"uv": {
								"north": {"uv": [111, 1], "uv_size": [8, 1]},
								"east": {"uv": [110, 1], "uv_size": [1, 1]},
								"south": {"uv": [120, 1], "uv_size": [8, 1]},
								"west": {"uv": [119, 1], "uv_size": [1, 1]},
								"up": {"uv": [111, 0], "uv_size": [8, 1]},
								"down": {"uv": [119, 1], "uv_size": [8, -1]}
							}
						}
					]
				},
				{
					"name": "ring16",
					"parent": "ring",
					"pivot": [0.85, 19.25, 0],
					"rotation": [315, 0, 0],
					"cubes": [
						{
							"origin": [-3.65, 17.5418, -0.5],
							"size": [7.3, 1, 1],
							"inflate": -0.2,
							"uv": {
								"north": {"uv": [111, 1], "uv_size": [8, 1]},
								"east": {"uv": [110, 1], "uv_size": [1, 1]},
								"south": {"uv": [120, 1], "uv_size": [8, 1]},
								"west": {"uv": [119, 1], "uv_size": [1, 1]},
								"up": {"uv": [111, 0], "uv_size": [8, 1]},
								"down": {"uv": [119, 1], "uv_size": [8, -1]}
							}
						}
					]
				},
				{
					"name": "ring17",
					"parent": "ring",
					"pivot": [0.85, 19.25, 0],
					"rotation": [337.5, 0, 0],
					"cubes": [
						{
							"origin": [-3.65, 17.5418, -0.5],
							"size": [7.3, 1, 1],
							"inflate": -0.2,
							"uv": {
								"north": {"uv": [111, 1], "uv_size": [8, 1]},
								"east": {"uv": [110, 1], "uv_size": [1, 1]},
								"south": {"uv": [120, 1], "uv_size": [8, 1]},
								"west": {"uv": [119, 1], "uv_size": [1, 1]},
								"up": {"uv": [111, 0], "uv_size": [8, 1]},
								"down": {"uv": [119, 1], "uv_size": [8, -1]}
							}
						}
					]
				},
				{
					"name": "left_arm",
					"pivot": [4, 22, 0],
					"cubes": [
						{"origin": [3, 17.25, -1.5], "size": [3.25, 6.5, 3], "inflate": -0.251, "uv": [0, 47]}
					]
				},
				{
					"name": "left_chestplate",
					"parent": "left_arm",
					"pivot": [4.75, 22, 0],
					"cubes": [
						{
							"origin": [3.1, 19.531, -1.5],
							"size": [3, 3, 3],
							"inflate": 0.03,
							"uv": {
								"north": {"uv": [81, 116], "uv_size": [-3, 3]},
								"east": {"uv": [84, 116], "uv_size": [-3, 3]},
								"south": {"uv": [87, 116], "uv_size": [-3, 3]},
								"west": {"uv": [78, 116], "uv_size": [-3, 3]},
								"up": {"uv": [0, 0], "uv_size": [0, 0]},
								"down": {"uv": [0, 0], "uv_size": [0, 0]}
							}
						}
					]
				},
				{
					"name": "left_arm_down",
					"parent": "left_arm",
					"pivot": [4.75, 17.5, 1.25],
					"cubes": [
						{"origin": [3, 12.25, -1.5], "size": [3.25, 5.5, 3], "inflate": -0.251, "uv": [38, 103]},
						{
							"origin": [3.15, 16.171, -1.5],
							"size": [3, 1, 3],
							"inflate": 0.03,
							"uv": {
								"north": {"uv": [21, 109], "uv_size": [-3, 1]},
								"east": {"uv": [24, 109], "uv_size": [-3, 1]},
								"south": {"uv": [27, 109], "uv_size": [-3, 1]},
								"west": {"uv": [18, 109], "uv_size": [-3, 1]},
								"up": {"uv": [0, 0], "uv_size": [0, 0]},
								"down": {"uv": [24, 109], "uv_size": [-3, -3]}
							}
						}
					]
				},
				{
					"name": "right_arm",
					"pivot": [-4, 22, 0],
					"cubes": [
						{"origin": [-6.25, 17.25, -1.5], "size": [3.25, 6.5, 3], "inflate": -0.251, "uv": [0, 47], "mirror": true}
					]
				},
				{
					"name": "right_chestplate",
					"parent": "right_arm",
					"pivot": [-4.75, 22, 0],
					"cubes": [
						{
							"origin": [-6.1, 19.531, -1.5],
							"size": [3, 3, 3],
							"inflate": 0.03,
							"uv": {
								"north": {"uv": [78, 116], "uv_size": [3, 3]},
								"east": {"uv": [75, 116], "uv_size": [3, 3]},
								"south": {"uv": [84, 116], "uv_size": [3, 3]},
								"west": {"uv": [81, 116], "uv_size": [3, 3]},
								"up": {"uv": [0, 0], "uv_size": [0, 0]},
								"down": {"uv": [0, 0], "uv_size": [0, 0]}
							}
						}
					]
				},
				{
					"name": "right_arm_down",
					"parent": "right_arm",
					"pivot": [-4.75, 17.5, 1.25],
					"cubes": [
						{"origin": [-6.25, 12.25, -1.5], "size": [3.25, 5.5, 3], "inflate": -0.251, "uv": [38, 103], "mirror": true},
						{
							"origin": [-6.1, 16.171, -1.5],
							"size": [3, 1, 3],
							"inflate": 0.03,
							"uv": {
								"north": {"uv": [18, 109], "uv_size": [3, 1]},
								"east": {"uv": [15, 109], "uv_size": [3, 1]},
								"south": {"uv": [24, 109], "uv_size": [3, 1]},
								"west": {"uv": [21, 109], "uv_size": [3, 1]},
								"up": {"uv": [0, 0], "uv_size": [0, 0]},
								"down": {"uv": [21, 109], "uv_size": [3, -3]}
							}
						}
					]
				},
				{
					"name": "left_leg",
					"pivot": [1.75, 12, 0],
					"cubes": [
						{"origin": [0.25, 7, -1.5], "size": [3, 5, 3], "uv": [51, 103]}
					]
				},
				{
					"name": "left_leg_down",
					"parent": "left_leg",
					"pivot": [1.75, 7, -1.5],
					"cubes": [
						{"origin": [0.25, 1.01, -1.5], "size": [3, 6, 3], "uv": [64, 102]}
					]
				},
				{
					"name": "left_foot",
					"parent": "left_leg_down",
					"pivot": [1.75, 7, -1.5],
					"cubes": [
						{
							"origin": [0.75, 0, -4.36603],
							"size": [2, 2, 1],
							"inflate": 0.001,
							"uv": {
								"north": {"uv": [31, 105], "uv_size": [2, 2]},
								"east": {"uv": [0, 0], "uv_size": [0, 0]},
								"south": {"uv": [0, 0], "uv_size": [0, 0]},
								"west": {"uv": [0, 0], "uv_size": [0, 0]},
								"up": {"uv": [31, 104], "uv_size": [2, 1]},
								"down": {"uv": [33, 105], "uv_size": [2, -1]}
							}
						},
						{"origin": [0.25, 0, 0.5], "size": [3, 1, 1], "uv": [37, 100]},
						{"origin": [0.25, 0, -3.5], "size": [3, 1, 3], "inflate": 0.01, "uv": [47, 97]},
						{
							"origin": [0.25, 1, -3.5],
							"size": [3, 1, 5],
							"inflate": 0.01,
							"uv": {
								"north": {"uv": [0, 0], "uv_size": [0, 0]},
								"east": {"uv": [11, 98], "uv_size": [5, 1]},
								"south": {"uv": [24, 98], "uv_size": [3, 1]},
								"west": {"uv": [19, 98], "uv_size": [5, 1]},
								"up": {"uv": [0, 0], "uv_size": [0, 0]},
								"down": {"uv": [19, 98], "uv_size": [3, -5]}
							}
						},
						{
							"origin": [0.25, 2, -1.5],
							"size": [3, 4, 3],
							"inflate": 0.02,
							"uv": {
								"north": {"uv": [78, 98], "uv_size": [3, 4]},
								"east": {"uv": [75, 98], "uv_size": [3, 4]},
								"south": {"uv": [84, 98], "uv_size": [3, 4]},
								"west": {"uv": [81, 98], "uv_size": [3, 4]},
								"up": {"uv": [0, 0], "uv_size": [0, 0]},
								"down": {"uv": [0, 0], "uv_size": [0, 0]}
							}
						}
					]
				},
				{
					"name": "shoes5",
					"parent": "left_foot",
					"pivot": [1.75, 6.05, -1.75],
					"rotation": [0, 0, 10],
					"cubes": [
						{
							"origin": [-0.5, 3.8, -2.5],
							"size": [3, 3, 5],
							"inflate": -0.75,
							"uv": {
								"north": {"uv": [8, 94], "uv_size": [-3, 3]},
								"east": {"uv": [13, 94], "uv_size": [-5, 3]},
								"south": {"uv": [16, 94], "uv_size": [-3, 3]},
								"west": {"uv": [0, 0], "uv_size": [0, 0]},
								"up": {"uv": [8, 89], "uv_size": [-3, 5]},
								"down": {"uv": [0, 0], "uv_size": [0, 0]}
							}
						}
					]
				},
				{
					"name": "shoes4",
					"parent": "left_foot",
					"pivot": [1.75, 6.05, -1.75],
					"rotation": [0, 0, -10],
					"cubes": [
						{
							"origin": [1, 3.8, -2.5],
							"size": [3, 3, 5],
							"inflate": -0.75,
							"uv": {
								"north": {"uv": [5, 94], "uv_size": [3, 3]},
								"east": {"uv": [0, 0], "uv_size": [0, 0]},
								"south": {"uv": [13, 94], "uv_size": [3, 3]},
								"west": {"uv": [8, 94], "uv_size": [5, 3]},
								"up": {"uv": [5, 89], "uv_size": [3, 5]},
								"down": {"uv": [0, 0], "uv_size": [0, 0]}
							}
						}
					]
				},
				{
					"name": "shoes2",
					"parent": "left_foot",
					"pivot": [3.25, 0, -3.5],
					"rotation": [0, 30, 0],
					"cubes": [
						{
							"origin": [2.25, 0, -4.5],
							"size": [1, 2, 1],
							"uv": {
								"north": {"uv": [0, 0], "uv_size": [0, 0]},
								"east": {"uv": [0, 0], "uv_size": [0, 0]},
								"south": {"uv": [0, 0], "uv_size": [0, 0]},
								"west": {"uv": [1, 117], "uv_size": [-1, 2]},
								"up": {"uv": [2, 116], "uv_size": [-1, 1]},
								"down": {"uv": [3, 117], "uv_size": [-1, -1]}
							}
						}
					]
				},
				{
					"name": "shoes3",
					"parent": "left_foot",
					"pivot": [0.25, 0, -3.5],
					"rotation": [0, -30, 0],
					"cubes": [
						{
							"origin": [0.25, 0, -4.5],
							"size": [1, 2, 1],
							"uv": {
								"north": {"uv": [0, 0], "uv_size": [0, 0]},
								"east": {"uv": [0, 117], "uv_size": [1, 2]},
								"south": {"uv": [0, 0], "uv_size": [0, 0]},
								"west": {"uv": [0, 0], "uv_size": [0, 0]},
								"up": {"uv": [1, 116], "uv_size": [1, 1]},
								"down": {"uv": [2, 117], "uv_size": [1, -1]}
							}
						}
					]
				},
				{
					"name": "shoes",
					"parent": "left_foot",
					"pivot": [1.75, 2, -3.5],
					"rotation": [27.5, 0, 0],
					"cubes": [
						{
							"origin": [0.25, 1, -3.5],
							"size": [3, 1, 4],
							"inflate": 0.03,
							"uv": {
								"north": {"uv": [0, 0], "uv_size": [0, 0]},
								"east": {"uv": [60, 98], "uv_size": [4, 1]},
								"south": {"uv": [0, 0], "uv_size": [0, 0]},
								"west": {"uv": [67, 98], "uv_size": [4, 1]},
								"up": {"uv": [64, 94], "uv_size": [3, 4]},
								"down": {"uv": [0, 0], "uv_size": [0, 0]}
							}
						}
					]
				},
				{
					"name": "boot_deco",
					"parent": "left_foot",
					"pivot": [1.75, 7, -1.5]
				},
				{
					"name": "boot_deco1",
					"parent": "boot_deco",
					"pivot": [1.85, 4.75, -1.55],
					"cubes": [
						{
							"origin": [1.6, 3, -1.8],
							"size": [1, 2, 1],
							"inflate": -0.251,
							"uv": {
								"north": {"uv": [24, 116], "uv_size": [1, 2]},
								"east": {"uv": [0, 0], "uv_size": [0, 0]},
								"south": {"uv": [26, 116], "uv_size": [1, 2]},
								"west": {"uv": [0, 0], "uv_size": [0, 0]},
								"up": {"uv": [0, 0], "uv_size": [0, 0]},
								"down": {"uv": [0, 0], "uv_size": [0, 0]}
							}
						}
					]
				},
				{
					"name": "boot_deco2",
					"parent": "boot_deco1",
					"pivot": [2.35, 3.25, -1.3],
					"rotation": [0, 0, -19.47122],
					"cubes": [
						{
							"origin": [2.1, 3, -1.8],
							"size": [1, 2, 1],
							"inflate": -0.25,
							"uv": {
								"north": {"uv": [2, 112], "uv_size": [-1, 2]},
								"east": {"uv": [0, 0], "uv_size": [0, 0]},
								"south": {"uv": [0, 0], "uv_size": [0, 0]},
								"west": {"uv": [0, 0], "uv_size": [0, 0]},
								"up": {"uv": [1, 0], "uv_size": [0, 0]},
								"down": {"uv": [0, 0], "uv_size": [0, 0]}
							}
						}
					]
				},
				{
					"name": "boot_deco3",
					"parent": "boot_deco",
					"pivot": [1.85, 4.75, -1.55],
					"rotation": [-10, 0, -52.5],
					"cubes": [
						{
							"origin": [1.6, 3, -1.8],
							"size": [1, 2, 1],
							"inflate": -0.251,
							"uv": {
								"north": {"uv": [24, 116], "uv_size": [1, 2]},
								"east": {"uv": [0, 0], "uv_size": [0, 0]},
								"south": {"uv": [26, 116], "uv_size": [1, 2]},
								"west": {"uv": [0, 0], "uv_size": [0, 0]},
								"up": {"uv": [0, 0], "uv_size": [0, 0]},
								"down": {"uv": [0, 0], "uv_size": [0, 0]}
							}
						}
					]
				},
				{
					"name": "boot_deco4",
					"parent": "boot_deco3",
					"pivot": [2.35, 3.25, -1.3],
					"rotation": [0, 0, -19.47122],
					"cubes": [
						{
							"origin": [2.1, 3, -1.8],
							"size": [1, 2, 1],
							"inflate": -0.25,
							"uv": {
								"north": {"uv": [2, 112], "uv_size": [-1, 2]},
								"east": {"uv": [0, 0], "uv_size": [0, 0]},
								"south": {"uv": [0, 0], "uv_size": [0, 0]},
								"west": {"uv": [0, 0], "uv_size": [0, 0]},
								"up": {"uv": [1, 0], "uv_size": [0, 0]},
								"down": {"uv": [0, 0], "uv_size": [0, 0]}
							}
						}
					]
				},
				{
					"name": "boot_deco5",
					"parent": "boot_deco",
					"pivot": [1.65, 4.75, -1.55],
					"cubes": [
						{
							"origin": [0.9, 3, -1.8],
							"size": [1, 2, 1],
							"inflate": -0.251,
							"uv": {
								"north": {"uv": [25, 116], "uv_size": [-1, 2]},
								"east": {"uv": [0, 0], "uv_size": [0, 0]},
								"south": {"uv": [27, 116], "uv_size": [-1, 2]},
								"west": {"uv": [0, 0], "uv_size": [0, 0]},
								"up": {"uv": [0, 0], "uv_size": [0, 0]},
								"down": {"uv": [0, 0], "uv_size": [0, 0]}
							}
						}
					]
				},
				{
					"name": "boot_deco6",
					"parent": "boot_deco5",
					"pivot": [1.15, 3.25, -1.3],
					"rotation": [0, 0, 19.47122],
					"cubes": [
						{
							"origin": [0.4, 3, -1.8],
							"size": [1, 2, 1],
							"inflate": -0.25,
							"uv": {
								"north": {"uv": [1, 112], "uv_size": [1, 2]},
								"east": {"uv": [0, 0], "uv_size": [0, 0]},
								"south": {"uv": [0, 0], "uv_size": [0, 0]},
								"west": {"uv": [0, 0], "uv_size": [0, 0]},
								"up": {"uv": [2, 0], "uv_size": [0, 0]},
								"down": {"uv": [0, 0], "uv_size": [0, 0]}
							}
						}
					]
				},
				{
					"name": "boot_deco7",
					"parent": "boot_deco",
					"pivot": [1.65, 4.75, -1.55],
					"rotation": [-10, 0, 52.5],
					"cubes": [
						{
							"origin": [0.9, 3, -1.8],
							"size": [1, 2, 1],
							"inflate": -0.251,
							"uv": {
								"north": {"uv": [25, 116], "uv_size": [-1, 2]},
								"east": {"uv": [0, 0], "uv_size": [0, 0]},
								"south": {"uv": [27, 116], "uv_size": [-1, 2]},
								"west": {"uv": [0, 0], "uv_size": [0, 0]},
								"up": {"uv": [0, 0], "uv_size": [0, 0]},
								"down": {"uv": [0, 0], "uv_size": [0, 0]}
							}
						}
					]
				},
				{
					"name": "boot_deco8",
					"parent": "boot_deco7",
					"pivot": [1.15, 3.25, -1.3],
					"rotation": [0, 0, 19.47122],
					"cubes": [
						{
							"origin": [0.4, 3, -1.8],
							"size": [1, 2, 1],
							"inflate": -0.25,
							"uv": {
								"north": {"uv": [1, 112], "uv_size": [1, 2]},
								"east": {"uv": [0, 0], "uv_size": [0, 0]},
								"south": {"uv": [0, 0], "uv_size": [0, 0]},
								"west": {"uv": [0, 0], "uv_size": [0, 0]},
								"up": {"uv": [2, 0], "uv_size": [0, 0]},
								"down": {"uv": [0, 0], "uv_size": [0, 0]}
							}
						}
					]
				},
				{
					"name": "gem2",
					"parent": "boot_deco",
					"pivot": [1.75, 5.1, -2.05],
					"rotation": [0, 0, 45],
					"cubes": [
						{"origin": [1.25, 4.6, -1.9], "size": [1, 1, 1], "inflate": -0.2, "uv": [17, 112]},
						{"origin": [1.25, 4.6, -1.75], "size": [1, 1, 1], "inflate": -0.1, "uv": [22, 111]},
						{"origin": [1.25, 4.6, -1.6], "size": [1, 1, 1], "uv": [18, 116]}
					]
				},
				{
					"name": "left_leg_hide_parts",
					"parent": "left_leg",
					"pivot": [-20, 21, -2]
				},
				{
					"name": "right_leg",
					"pivot": [-1.75, 12, 0],
					"cubes": [
						{"origin": [-3.25, 7, -1.5], "size": [3, 5, 3], "uv": [51, 103], "mirror": true}
					]
				},
				{
					"name": "right_leg_down",
					"parent": "right_leg",
					"pivot": [-1.75, 7, -1.5],
					"cubes": [
						{"origin": [-3.25, 1.01, -1.5], "size": [3, 6, 3], "uv": [64, 102], "mirror": true}
					]
				},
				{
					"name": "right_foot",
					"parent": "right_leg_down",
					"pivot": [-1.75, 7, -1.5],
					"cubes": [
						{
							"origin": [-2.75, 0, -4.36603],
							"size": [2, 2, 1],
							"inflate": 0.001,
							"uv": {
								"north": {"uv": [33, 105], "uv_size": [-2, 2]},
								"east": {"uv": [0, 0], "uv_size": [0, 0]},
								"south": {"uv": [0, 0], "uv_size": [0, 0]},
								"west": {"uv": [0, 0], "uv_size": [0, 0]},
								"up": {"uv": [33, 104], "uv_size": [-2, 1]},
								"down": {"uv": [35, 105], "uv_size": [-2, -1]}
							}
						},
						{"origin": [-3.25, 0, 0.5], "size": [3, 1, 1], "uv": [37, 100], "mirror": true},
						{"origin": [-3.25, 0, -3.5], "size": [3, 1, 3], "inflate": 0.01, "uv": [47, 97], "mirror": true},
						{
							"origin": [-3.25, 1, -3.5],
							"size": [3, 1, 5],
							"inflate": 0.01,
							"uv": {
								"north": {"uv": [0, 0], "uv_size": [0, 0]},
								"east": {"uv": [24, 98], "uv_size": [-5, 1]},
								"south": {"uv": [27, 98], "uv_size": [-3, 1]},
								"west": {"uv": [16, 98], "uv_size": [-5, 1]},
								"up": {"uv": [0, 0], "uv_size": [0, 0]},
								"down": {"uv": [22, 98], "uv_size": [-3, -5]}
							}
						},
						{
							"origin": [-3.25, 2, -1.5],
							"size": [3, 4, 3],
							"inflate": 0.02,
							"uv": {
								"north": {"uv": [81, 98], "uv_size": [-3, 4]},
								"east": {"uv": [84, 98], "uv_size": [-3, 4]},
								"south": {"uv": [87, 98], "uv_size": [-3, 4]},
								"west": {"uv": [78, 98], "uv_size": [-3, 4]},
								"up": {"uv": [0, 0], "uv_size": [0, 0]},
								"down": {"uv": [0, 0], "uv_size": [0, 0]}
							}
						}
					]
				},
				{
					"name": "shoes6",
					"parent": "right_foot",
					"pivot": [-1.75, 6.05, -1.75],
					"rotation": [0, 0, -10],
					"cubes": [
						{
							"origin": [-2.5, 3.8, -2.5],
							"size": [3, 3, 5],
							"inflate": -0.75,
							"uv": {
								"north": {"uv": [5, 94], "uv_size": [3, 3]},
								"east": {"uv": [0, 0], "uv_size": [0, 0]},
								"south": {"uv": [13, 94], "uv_size": [3, 3]},
								"west": {"uv": [8, 94], "uv_size": [5, 3]},
								"up": {"uv": [5, 89], "uv_size": [3, 5]},
								"down": {"uv": [0, 0], "uv_size": [0, 0]}
							}
						}
					]
				},
				{
					"name": "shoes7",
					"parent": "right_foot",
					"pivot": [-1.75, 6.05, -1.75],
					"rotation": [0, 0, 10],
					"cubes": [
						{
							"origin": [-4, 3.8, -2.5],
							"size": [3, 3, 5],
							"inflate": -0.75,
							"uv": {
								"north": {"uv": [8, 94], "uv_size": [-3, 3]},
								"east": {"uv": [13, 94], "uv_size": [-5, 3]},
								"south": {"uv": [16, 94], "uv_size": [-3, 3]},
								"west": {"uv": [0, 0], "uv_size": [0, 0]},
								"up": {"uv": [8, 89], "uv_size": [-3, 5]},
								"down": {"uv": [0, 0], "uv_size": [0, 0]}
							}
						}
					]
				},
				{
					"name": "shoes8",
					"parent": "right_foot",
					"pivot": [-3.25, 0, -3.5],
					"rotation": [0, -30, 0],
					"cubes": [
						{
							"origin": [-3.25, 0, -4.5],
							"size": [1, 2, 1],
							"uv": {
								"north": {"uv": [0, 0], "uv_size": [0, 0]},
								"east": {"uv": [0, 117], "uv_size": [1, 2]},
								"south": {"uv": [0, 0], "uv_size": [0, 0]},
								"west": {"uv": [0, 0], "uv_size": [0, 0]},
								"up": {"uv": [1, 116], "uv_size": [1, 1]},
								"down": {"uv": [2, 117], "uv_size": [1, -1]}
							}
						}
					]
				},
				{
					"name": "shoes9",
					"parent": "right_foot",
					"pivot": [-0.25, 0, -3.5],
					"rotation": [0, 30, 0],
					"cubes": [
						{
							"origin": [-1.25, 0, -4.5],
							"size": [1, 2, 1],
							"uv": {
								"north": {"uv": [0, 0], "uv_size": [0, 0]},
								"east": {"uv": [0, 0], "uv_size": [0, 0]},
								"south": {"uv": [0, 0], "uv_size": [0, 0]},
								"west": {"uv": [1, 117], "uv_size": [-1, 2]},
								"up": {"uv": [2, 116], "uv_size": [-1, 1]},
								"down": {"uv": [3, 117], "uv_size": [-1, -1]}
							}
						}
					]
				},
				{
					"name": "shoes10",
					"parent": "right_foot",
					"pivot": [-1.75, 2, -3.5],
					"rotation": [27.5, 0, 0],
					"cubes": [
						{
							"origin": [-3.25, 1, -3.5],
							"size": [3, 1, 4],
							"inflate": 0.03,
							"uv": {
								"north": {"uv": [0, 0], "uv_size": [0, 0]},
								"east": {"uv": [71, 98], "uv_size": [-4, 1]},
								"south": {"uv": [0, 0], "uv_size": [0, 0]},
								"west": {"uv": [64, 98], "uv_size": [-4, 1]},
								"up": {"uv": [67, 94], "uv_size": [-3, 4]},
								"down": {"uv": [0, 0], "uv_size": [0, 0]}
							}
						}
					]
				},
				{
					"name": "boot_deco9",
					"parent": "right_foot",
					"pivot": [-1.75, 7, -1.5]
				},
				{
					"name": "boot_deco10",
					"parent": "boot_deco9",
					"pivot": [-1.85, 4.75, -1.55],
					"cubes": [
						{
							"origin": [-2.6, 3, -1.8],
							"size": [1, 2, 1],
							"inflate": -0.251,
							"uv": {
								"north": {"uv": [25, 116], "uv_size": [-1, 2]},
								"east": {"uv": [0, 0], "uv_size": [0, 0]},
								"south": {"uv": [27, 116], "uv_size": [-1, 2]},
								"west": {"uv": [0, 0], "uv_size": [0, 0]},
								"up": {"uv": [0, 0], "uv_size": [0, 0]},
								"down": {"uv": [0, 0], "uv_size": [0, 0]}
							}
						}
					]
				},
				{
					"name": "boot_deco11",
					"parent": "boot_deco10",
					"pivot": [-2.35, 3.25, -1.3],
					"rotation": [0, 0, 19.47122],
					"cubes": [
						{
							"origin": [-3.1, 3, -1.8],
							"size": [1, 2, 1],
							"inflate": -0.25,
							"uv": {
								"north": {"uv": [1, 112], "uv_size": [1, 2]},
								"east": {"uv": [0, 0], "uv_size": [0, 0]},
								"south": {"uv": [0, 0], "uv_size": [0, 0]},
								"west": {"uv": [0, 0], "uv_size": [0, 0]},
								"up": {"uv": [2, 0], "uv_size": [0, 0]},
								"down": {"uv": [0, 0], "uv_size": [0, 0]}
							}
						}
					]
				},
				{
					"name": "boot_deco12",
					"parent": "boot_deco9",
					"pivot": [-1.85, 4.75, -1.55],
					"rotation": [-10, 0, 52.5],
					"cubes": [
						{
							"origin": [-2.6, 3, -1.8],
							"size": [1, 2, 1],
							"inflate": -0.251,
							"uv": {
								"north": {"uv": [25, 116], "uv_size": [-1, 2]},
								"east": {"uv": [0, 0], "uv_size": [0, 0]},
								"south": {"uv": [27, 116], "uv_size": [-1, 2]},
								"west": {"uv": [0, 0], "uv_size": [0, 0]},
								"up": {"uv": [0, 0], "uv_size": [0, 0]},
								"down": {"uv": [0, 0], "uv_size": [0, 0]}
							}
						}
					]
				},
				{
					"name": "boot_deco13",
					"parent": "boot_deco12",
					"pivot": [-2.35, 3.25, -1.3],
					"rotation": [0, 0, 19.47122],
					"cubes": [
						{
							"origin": [-3.1, 3, -1.8],
							"size": [1, 2, 1],
							"inflate": -0.25,
							"uv": {
								"north": {"uv": [1, 112], "uv_size": [1, 2]},
								"east": {"uv": [0, 0], "uv_size": [0, 0]},
								"south": {"uv": [0, 0], "uv_size": [0, 0]},
								"west": {"uv": [0, 0], "uv_size": [0, 0]},
								"up": {"uv": [2, 0], "uv_size": [0, 0]},
								"down": {"uv": [0, 0], "uv_size": [0, 0]}
							}
						}
					]
				},
				{
					"name": "boot_deco14",
					"parent": "boot_deco9",
					"pivot": [-1.65, 4.75, -1.55],
					"cubes": [
						{
							"origin": [-1.9, 3, -1.8],
							"size": [1, 2, 1],
							"inflate": -0.251,
							"uv": {
								"north": {"uv": [24, 116], "uv_size": [1, 2]},
								"east": {"uv": [0, 0], "uv_size": [0, 0]},
								"south": {"uv": [26, 116], "uv_size": [1, 2]},
								"west": {"uv": [0, 0], "uv_size": [0, 0]},
								"up": {"uv": [0, 0], "uv_size": [0, 0]},
								"down": {"uv": [0, 0], "uv_size": [0, 0]}
							}
						}
					]
				},
				{
					"name": "boot_deco15",
					"parent": "boot_deco14",
					"pivot": [-1.15, 3.25, -1.3],
					"rotation": [0, 0, -19.47122],
					"cubes": [
						{
							"origin": [-1.4, 3, -1.8],
							"size": [1, 2, 1],
							"inflate": -0.25,
							"uv": {
								"north": {"uv": [2, 112], "uv_size": [-1, 2]},
								"east": {"uv": [0, 0], "uv_size": [0, 0]},
								"south": {"uv": [0, 0], "uv_size": [0, 0]},
								"west": {"uv": [0, 0], "uv_size": [0, 0]},
								"up": {"uv": [1, 0], "uv_size": [0, 0]},
								"down": {"uv": [0, 0], "uv_size": [0, 0]}
							}
						}
					]
				},
				{
					"name": "boot_deco16",
					"parent": "boot_deco9",
					"pivot": [-1.65, 4.75, -1.55],
					"rotation": [-10, 0, -52.5],
					"cubes": [
						{
							"origin": [-1.9, 3, -1.8],
							"size": [1, 2, 1],
							"inflate": -0.251,
							"uv": {
								"north": {"uv": [24, 116], "uv_size": [1, 2]},
								"east": {"uv": [0, 0], "uv_size": [0, 0]},
								"south": {"uv": [26, 116], "uv_size": [1, 2]},
								"west": {"uv": [0, 0], "uv_size": [0, 0]},
								"up": {"uv": [0, 0], "uv_size": [0, 0]},
								"down": {"uv": [0, 0], "uv_size": [0, 0]}
							}
						}
					]
				},
				{
					"name": "boot_deco17",
					"parent": "boot_deco16",
					"pivot": [-1.15, 3.25, -1.3],
					"rotation": [0, 0, -19.47122],
					"cubes": [
						{
							"origin": [-1.4, 3, -1.8],
							"size": [1, 2, 1],
							"inflate": -0.25,
							"uv": {
								"north": {"uv": [2, 112], "uv_size": [-1, 2]},
								"east": {"uv": [0, 0], "uv_size": [0, 0]},
								"south": {"uv": [0, 0], "uv_size": [0, 0]},
								"west": {"uv": [0, 0], "uv_size": [0, 0]},
								"up": {"uv": [1, 0], "uv_size": [0, 0]},
								"down": {"uv": [0, 0], "uv_size": [0, 0]}
							}
						}
					]
				},
				{
					"name": "gem3",
					"parent": "boot_deco9",
					"pivot": [-1.75, 5.1, -2.05],
					"rotation": [0, 0, -45],
					"cubes": [
						{"origin": [-2.25, 4.6, -1.9], "size": [1, 1, 1], "inflate": -0.2, "uv": [17, 112], "mirror": true},
						{"origin": [-2.25, 4.6, -1.75], "size": [1, 1, 1], "inflate": -0.1, "uv": [22, 111], "mirror": true},
						{"origin": [-2.25, 4.6, -1.6], "size": [1, 1, 1], "uv": [18, 116], "mirror": true}
					]
				},
				{
					"name": "right_leg_hide_parts",
					"parent": "right_leg",
					"pivot": [20, 21, -2]
				}
			]
		}
	]
}