{
	"format_version": "1.12.0",
	"minecraft:geometry": [
		{
			"description": {
				"identifier": "geometry.geometry.zombie:geometry.humanoid",
				"texture_width": 128,
				"texture_height": 128,
				"visible_bounds_width": 3,
				"visible_bounds_height": 3.5,
				"visible_bounds_offset": [0, 1.25, 0]
			},
			"bones": [
				{
					"name": "hat",
					"pivot": [0, 24, 0]
				},
				{
					"name": "hat1",
					"parent": "hat",
					"pivot": [-4.25, 31.25, -4.75],
					"rotation": [-2.17331, -44.83119, 11.16942],
					"cubes": [
						{
							"origin": [-4.75, 28.75, -7.25],
							"size": [1, 5, 5],
							"inflate": -0.8,
							"uv": {
								"north": {"uv": [0, 0], "uv_size": [0, 0]},
								"east": {"uv": [11, 48], "uv_size": [5, 5]},
								"south": {"uv": [0, 0], "uv_size": [0, 0]},
								"west": {"uv": [0, 0], "uv_size": [0, 0]},
								"up": {"uv": [0, 0], "uv_size": [0, 0]},
								"down": {"uv": [0, 0], "uv_size": [0, 0]}
							}
						}
					]
				},
				{
					"name": "bone3",
					"parent": "hat1",
					"pivot": [-4.25, 31.25, -4.75],
					"rotation": [25, 0, 0],
					"cubes": [
						{
							"origin": [-4.75, 28.75, -5],
							"size": [1, 3, 1],
							"inflate": -0.1,
							"uv": {
								"north": {"uv": [0, 0], "uv_size": [0, 0]},
								"east": {"uv": [0, 0], "uv_size": [0, 0]},
								"south": {"uv": [0, 0], "uv_size": [0, 0]},
								"west": {"uv": [12, 44], "uv_size": [1, 3]},
								"up": {"uv": [0, 0], "uv_size": [0, 0]},
								"down": {"uv": [0, 0], "uv_size": [0, 0]}
							}
						}
					]
				},
				{
					"name": "bone4",
					"parent": "hat1",
					"pivot": [-4.25, 31.25, -5.25],
					"rotation": [-25, 0, 0],
					"cubes": [
						{
							"origin": [-4.75, 29, -5.75],
							"size": [1, 3, 1],
							"inflate": -0.1,
							"uv": {
								"north": {"uv": [0, 0], "uv_size": [0, 0]},
								"east": {"uv": [0, 0], "uv_size": [0, 0]},
								"south": {"uv": [0, 0], "uv_size": [0, 0]},
								"west": {"uv": [12, 44], "uv_size": [1, 3]},
								"up": {"uv": [0, 0], "uv_size": [0, 0]},
								"down": {"uv": [0, 0], "uv_size": [0, 0]}
							}
						}
					]
				},
				{
					"name": "head",
					"pivot": [0, 24, 0],
					"cubes": [
						{"origin": [-4, 24, -4], "size": [8, 8, 8], "uv": [0, 0]},
						{
							"origin": [-4, 24, -4],
							"size": [8, 8, 8],
							"inflate": 0.3,
							"uv": {
								"north": {"uv": [40, 8], "uv_size": [8, 8]},
								"east": {"uv": [32, 8], "uv_size": [8, 8]},
								"south": {"uv": [56, 8], "uv_size": [8, 8]},
								"west": {"uv": [48, 8], "uv_size": [8, 8]},
								"up": {"uv": [40, 0], "uv_size": [8, 8]},
								"down": {"uv": [0, 0], "uv_size": [0, 0]}
							}
						}
					]
				},
				{
					"name": "right_ear",
					"parent": "head",
					"pivot": [-3, 32, -1]
				},
				{
					"name": "ear2",
					"parent": "right_ear",
					"pivot": [-3, 32, -1],
					"rotation": [10, 0, -20],
					"cubes": [
						{
							"origin": [-2.49815, 30.80208, -1.95527],
							"size": [1, 3, 1],
							"uv": {
								"north": {"uv": [68, 1], "uv_size": [1, 3]},
								"east": {"uv": [67, 1], "uv_size": [1, 3]},
								"south": {"uv": [70, 1], "uv_size": [1, 3]},
								"west": {"uv": [69, 1], "uv_size": [1, 3]},
								"up": {"uv": [0, 0], "uv_size": [0, 0]},
								"down": {"uv": [69, 1], "uv_size": [1, -1]}
							}
						}
					]
				},
				{
					"name": "ear3",
					"parent": "ear2",
					"pivot": [-2.68584, 30.86585, -2.43628],
					"rotation": [13.5773, 1.77024, -7.28925],
					"cubes": [
						{
							"origin": [-3.76002, 31.16281, -1.08299],
							"size": [2, 3, 1],
							"uv": {
								"north": {"uv": [26, 1], "uv_size": [2, 3]},
								"east": {"uv": [25, 1], "uv_size": [1, 3]},
								"south": {"uv": [29, 1], "uv_size": [2, 3]},
								"west": {"uv": [28, 1], "uv_size": [1, 3]},
								"up": {"uv": [26, 0], "uv_size": [2, 1]},
								"down": {"uv": [0, 0], "uv_size": [0, 0]}
							}
						}
					]
				},
				{
					"name": "ear7",
					"parent": "ear2",
					"pivot": [-1.53584, 34.01585, -3.18628],
					"rotation": [0, 0, -35],
					"cubes": [
						{
							"origin": [-2.62758, 33.81912, -1.95527],
							"size": [1, 3, 1],
							"inflate": 0.001,
							"uv": {
								"north": {"uv": [73, 1], "uv_size": [1, 3]},
								"east": {"uv": [72, 1], "uv_size": [1, 3]},
								"south": {"uv": [75, 1], "uv_size": [1, 3]},
								"west": {"uv": [74, 1], "uv_size": [1, 3]},
								"up": {"uv": [73, 0], "uv_size": [1, 1]},
								"down": {"uv": [0, 0], "uv_size": [0, 0]}
							}
						}
					]
				},
				{
					"name": "ear8",
					"parent": "ear7",
					"pivot": [-2.53584, 37.01585, -3.18628],
					"rotation": [0, 0, 45],
					"cubes": [
						{
							"origin": [-2.46161, 33.81188, -1.95527],
							"size": [1, 3, 1],
							"uv": {
								"north": {"uv": [2, 1], "uv_size": [1, 3]},
								"east": {"uv": [1, 1], "uv_size": [1, 3]},
								"south": {"uv": [4, 1], "uv_size": [1, 3]},
								"west": {"uv": [3, 1], "uv_size": [1, 3]},
								"up": {"uv": [0, 0], "uv_size": [0, 0]},
								"down": {"uv": [0, 0], "uv_size": [0, 0]}
							}
						}
					]
				},
				{
					"name": "ear9",
					"parent": "ear8",
					"pivot": [-2.53584, 34.01585, -3.18628],
					"rotation": [0, 0, -30],
					"cubes": [
						{
							"origin": [-2.57354, 30.80208, -1.95527],
							"size": [1, 3, 1],
							"inflate": -0.001,
							"uv": {
								"north": {"uv": [33, 1], "uv_size": [1, 3]},
								"east": {"uv": [32, 1], "uv_size": [1, 3]},
								"south": {"uv": [35, 1], "uv_size": [1, 3]},
								"west": {"uv": [34, 1], "uv_size": [1, 3]},
								"up": {"uv": [0, 0], "uv_size": [0, 0]},
								"down": {"uv": [34, 1], "uv_size": [1, -1]}
							}
						}
					]
				},
				{
					"name": "ear13",
					"parent": "ear2",
					"pivot": [-2.78584, 31.01585, -1.18628],
					"cubes": [
						{
							"origin": [-3.8077, 29.82527, -1.24912],
							"size": [2, 2, 1],
							"inflate": 0.001,
							"uv": {
								"north": {"uv": [61, 1], "uv_size": [2, 2]},
								"east": {"uv": [60, 1], "uv_size": [1, 2]},
								"south": {"uv": [64, 1], "uv_size": [2, 2]},
								"west": {"uv": [63, 1], "uv_size": [1, 2]},
								"up": {"uv": [0, 0], "uv_size": [0, 0]},
								"down": {"uv": [63, 1], "uv_size": [2, -1]}
							}
						}
					]
				},
				{
					"name": "left_ear",
					"parent": "head",
					"pivot": [3, 32, -1]
				},
				{
					"name": "ear4",
					"parent": "left_ear",
					"pivot": [3, 32, -1],
					"rotation": [10, 0, 20],
					"cubes": [
						{
							"origin": [1.49815, 30.80208, -1.95527],
							"size": [1, 3, 1],
							"uv": {
								"north": {"uv": [69, 1], "uv_size": [-1, 3]},
								"east": {"uv": [70, 1], "uv_size": [-1, 3]},
								"south": {"uv": [71, 1], "uv_size": [-1, 3]},
								"west": {"uv": [68, 1], "uv_size": [-1, 3]},
								"up": {"uv": [0, 0], "uv_size": [0, 0]},
								"down": {"uv": [70, 1], "uv_size": [-1, -1]}
							}
						}
					]
				},
				{
					"name": "ear5",
					"parent": "ear4",
					"pivot": [2.68584, 30.86585, -2.43628],
					"rotation": [13.5773, -1.77024, 7.28925],
					"cubes": [
						{
							"origin": [1.76002, 31.16281, -1.08299],
							"size": [2, 3, 1],
							"uv": {
								"north": {"uv": [28, 1], "uv_size": [-2, 3]},
								"east": {"uv": [29, 1], "uv_size": [-1, 3]},
								"south": {"uv": [31, 1], "uv_size": [-2, 3]},
								"west": {"uv": [26, 1], "uv_size": [-1, 3]},
								"up": {"uv": [28, 0], "uv_size": [-2, 1]},
								"down": {"uv": [0, 0], "uv_size": [0, 0]}
							}
						}
					]
				},
				{
					"name": "ear6",
					"parent": "ear4",
					"pivot": [1.53584, 34.01585, -3.18628],
					"rotation": [0, 0, 35],
					"cubes": [
						{
							"origin": [1.62758, 33.81912, -1.95527],
							"size": [1, 3, 1],
							"inflate": 0.001,
							"uv": {
								"north": {"uv": [74, 1], "uv_size": [-1, 3]},
								"east": {"uv": [75, 1], "uv_size": [-1, 3]},
								"south": {"uv": [76, 1], "uv_size": [-1, 3]},
								"west": {"uv": [73, 1], "uv_size": [-1, 3]},
								"up": {"uv": [74, 0], "uv_size": [-1, 1]},
								"down": {"uv": [0, 0], "uv_size": [0, 0]}
							}
						}
					]
				},
				{
					"name": "ear10",
					"parent": "ear6",
					"pivot": [2.53584, 37.01585, -3.18628],
					"rotation": [0, 0, -45],
					"cubes": [
						{
							"origin": [1.46161, 33.81188, -1.95527],
							"size": [1, 3, 1],
							"uv": {
								"north": {"uv": [3, 1], "uv_size": [-1, 3]},
								"east": {"uv": [4, 1], "uv_size": [-1, 3]},
								"south": {"uv": [5, 1], "uv_size": [-1, 3]},
								"west": {"uv": [2, 1], "uv_size": [-1, 3]},
								"up": {"uv": [0, 0], "uv_size": [0, 0]},
								"down": {"uv": [0, 0], "uv_size": [0, 0]}
							}
						}
					]
				},
				{
					"name": "ear11",
					"parent": "ear10",
					"pivot": [2.53584, 34.01585, -3.18628],
					"rotation": [0, 0, 30],
					"cubes": [
						{
							"origin": [1.57354, 30.80208, -1.95527],
							"size": [1, 3, 1],
							"inflate": -0.001,
							"uv": {
								"north": {"uv": [34, 1], "uv_size": [-1, 3]},
								"east": {"uv": [35, 1], "uv_size": [-1, 3]},
								"south": {"uv": [36, 1], "uv_size": [-1, 3]},
								"west": {"uv": [33, 1], "uv_size": [-1, 3]},
								"up": {"uv": [0, 0], "uv_size": [0, 0]},
								"down": {"uv": [35, 1], "uv_size": [-1, -1]}
							}
						}
					]
				},
				{
					"name": "ear12",
					"parent": "ear4",
					"pivot": [2.78584, 31.01585, -1.18628],
					"cubes": [
						{
							"origin": [1.8077, 29.82527, -1.24912],
							"size": [2, 2, 1],
							"inflate": 0.001,
							"uv": {
								"north": {"uv": [63, 1], "uv_size": [-2, 2]},
								"east": {"uv": [64, 1], "uv_size": [-1, 2]},
								"south": {"uv": [66, 1], "uv_size": [-2, 2]},
								"west": {"uv": [61, 1], "uv_size": [-1, 2]},
								"up": {"uv": [0, 0], "uv_size": [0, 0]},
								"down": {"uv": [65, 1], "uv_size": [-2, -1]}
							}
						}
					]
				},
				{
					"name": "long_hair",
					"parent": "head",
					"pivot": [0, 24, 0],
					"cubes": [
						{
							"origin": [-4, 16, 3],
							"size": [8, 8, 1],
							"uv": {
								"north": {"uv": [0, 0], "uv_size": [0, 0]},
								"east": {"uv": [0, 0], "uv_size": [0, 0]},
								"south": {"uv": [10, 32], "uv_size": [8, 8]},
								"west": {"uv": [0, 0], "uv_size": [0, 0]},
								"up": {"uv": [0, 0], "uv_size": [0, 0]},
								"down": {"uv": [0, 0], "uv_size": [0, 0]}
							}
						}
					]
				},
				{
					"name": "left",
					"parent": "long_hair",
					"pivot": [0, 24, 0],
					"rotation": [5, 0, -15],
					"cubes": [
						{
							"origin": [2, 16, 3],
							"size": [2, 8, 1],
							"uv": {
								"north": {"uv": [0, 0], "uv_size": [0, 0]},
								"east": {"uv": [0, 0], "uv_size": [0, 0]},
								"south": {"uv": [4, 18], "uv_size": [2, 8]},
								"west": {"uv": [3, 18], "uv_size": [1, 8]},
								"up": {"uv": [0, 0], "uv_size": [0, 0]},
								"down": {"uv": [0, 0], "uv_size": [0, 0]}
							}
						}
					]
				},
				{
					"name": "right",
					"parent": "long_hair",
					"pivot": [0, 24, 0],
					"rotation": [5, 0, 15],
					"cubes": [
						{
							"origin": [-4, 16, 3],
							"size": [2, 8, 1],
							"uv": {
								"north": {"uv": [0, 0], "uv_size": [0, 0]},
								"east": {"uv": [4, 18], "uv_size": [-1, 8]},
								"south": {"uv": [6, 18], "uv_size": [-2, 8]},
								"west": {"uv": [0, 0], "uv_size": [0, 0]},
								"up": {"uv": [0, 0], "uv_size": [0, 0]},
								"down": {"uv": [0, 0], "uv_size": [0, 0]}
							}
						}
					]
				},
				{
					"name": "hair",
					"parent": "head",
					"pivot": [0, 24, 0],
					"cubes": [
						{
							"origin": [-4, 20.5, -4],
							"size": [8, 3, 8],
							"inflate": 0.25,
							"uv": {
								"north": {"uv": [62, 26], "uv_size": [8, 3]},
								"east": {"uv": [54, 26], "uv_size": [8, 3]},
								"south": {"uv": [78, 26], "uv_size": [8, 3]},
								"west": {"uv": [70, 26], "uv_size": [8, 3]},
								"up": {"uv": [0, 0], "uv_size": [0, 0]},
								"down": {"uv": [0, 0], "uv_size": [0, 0]}
							}
						}
					]
				},
				{
					"name": "hair_front",
					"parent": "hair",
					"pivot": [0, 24, 0]
				},
				{
					"name": "bone",
					"parent": "hair_front",
					"pivot": [-3, 27.5, -4.5],
					"rotation": [5.35254, -11.31255, -25.53051],
					"cubes": [
						{
							"origin": [-5, 26.5, -4.8],
							"size": [4, 3, 1],
							"uv": {
								"north": {"uv": [1, 44], "uv_size": [4, 3]},
								"east": {"uv": [0, 0], "uv_size": [0, 0]},
								"south": {"uv": [0, 0], "uv_size": [0, 0]},
								"west": {"uv": [0, 0], "uv_size": [0, 0]},
								"up": {"uv": [0, 0], "uv_size": [0, 0]},
								"down": {"uv": [0, 0], "uv_size": [0, 0]}
							}
						}
					]
				},
				{
					"name": "bone2",
					"parent": "hair_front",
					"pivot": [2, 28.5, -4],
					"rotation": [-9.92442, -0.86717, -22.46271],
					"cubes": [
						{
							"origin": [-0.1, 27, -4.6],
							"size": [4, 3, 1],
							"uv": {
								"north": {"uv": [1, 49], "uv_size": [4, 3]},
								"east": {"uv": [0, 0], "uv_size": [0, 0]},
								"south": {"uv": [0, 0], "uv_size": [0, 0]},
								"west": {"uv": [0, 0], "uv_size": [0, 0]},
								"up": {"uv": [0, 0], "uv_size": [0, 0]},
								"down": {"uv": [0, 0], "uv_size": [0, 0]}
							}
						}
					]
				},
				{
					"name": "ahoge",
					"parent": "head",
					"pivot": [0, 32.25, 0]
				},
				{
					"name": "tail",
					"pivot": [0, 15, 2]
				},
				{
					"name": "tail3",
					"parent": "tail",
					"pivot": [0, 18, 1],
					"rotation": [25, 0, 0],
					"cubes": [
						{
							"origin": [-1.5, 8, -1],
							"size": [3, 7, 4],
							"inflate": -0.5,
							"uv": {
								"north": {"uv": [91, 22], "uv_size": [3, 7]},
								"east": {"uv": [87, 22], "uv_size": [4, 7]},
								"south": {"uv": [98, 22], "uv_size": [3, 7]},
								"west": {"uv": [94, 22], "uv_size": [4, 7]},
								"up": {"uv": [91, 18], "uv_size": [3, 4]},
								"down": {"uv": [0, 0], "uv_size": [0, 0]}
							}
						}
					]
				},
				{
					"name": "tail_down",
					"parent": "tail",
					"pivot": [0, 10, 7],
					"rotation": [9.66, 0, 0],
					"cubes": [
						{
							"origin": [-1.5, 3.62865, 2.88723],
							"size": [3, 7, 4],
							"inflate": -0.5,
							"uv": {
								"north": {"uv": [107, 22], "uv_size": [3, 7]},
								"east": {"uv": [103, 22], "uv_size": [4, 7]},
								"south": {"uv": [114, 22], "uv_size": [3, 7]},
								"west": {"uv": [110, 22], "uv_size": [4, 7]},
								"up": {"uv": [0, 0], "uv_size": [0, 0]},
								"down": {"uv": [0, 0], "uv_size": [0, 0]}
							}
						},
						{
							"origin": [-1, 3.3641, 3.92286],
							"size": [2, 7, 2],
							"inflate": -0.5,
							"uv": {
								"north": {"uv": [121, 22], "uv_size": [2, 7]},
								"east": {"uv": [119, 22], "uv_size": [2, 7]},
								"south": {"uv": [125, 22], "uv_size": [2, 7]},
								"west": {"uv": [123, 22], "uv_size": [2, 7]},
								"up": {"uv": [0, 0], "uv_size": [0, 0]},
								"down": {"uv": [0, 0], "uv_size": [0, 0]}
							}
						}
					]
				},
				{
					"name": "body",
					"pivot": [0, 24, 0],
					"cubes": [
						{"origin": [-2.5, 22, -2.5], "size": [5, 4, 5], "inflate": -1.25, "uv": [97, 0]},
						{"origin": [-3.5, 11.75, -1.5], "size": [7, 12, 3], "inflate": -0.251, "uv": [77, 0]}
					]
				},
				{
					"name": "hide_parts",
					"parent": "body",
					"pivot": [-0.75, 0, 0.5]
				},
				{
					"name": "shirt",
					"parent": "hide_parts",
					"pivot": [-0.75, 0, 0.5],
					"cubes": [
						{
							"origin": [-4, 17, -2],
							"size": [8, 7, 4],
							"inflate": -0.5,
							"uv": {
								"north": {"uv": [0, 0], "uv_size": [0, 0]},
								"east": {"uv": [104, 121], "uv_size": [4, 7]},
								"south": {"uv": [120, 121], "uv_size": [8, 7]},
								"west": {"uv": [116, 121], "uv_size": [4, 7]},
								"up": {"uv": [0, 0], "uv_size": [0, 0]},
								"down": {"uv": [0, 0], "uv_size": [0, 0]}
							}
						}
					]
				},
				{
					"name": "shirt2",
					"parent": "shirt",
					"pivot": [0, 22.5, -1.5],
					"rotation": [-31, 0, 0],
					"cubes": [
						{"origin": [-3.75, 19.83572, -1.8015], "size": [4, 3, 2], "inflate": -0.251, "uv": [116, 109]},
						{"origin": [-0.25, 19.83572, -1.8015], "size": [4, 3, 2], "inflate": -0.251, "uv": [116, 109], "mirror": true}
					]
				},
				{
					"name": "shorts",
					"parent": "hide_parts",
					"pivot": [0, 0, 0],
					"cubes": [
						{
							"origin": [-3.5, 12, -1.5],
							"size": [7, 3, 3],
							"uv": {
								"north": {"uv": [101, 13], "uv_size": [7, 3]},
								"east": {"uv": [98, 13], "uv_size": [3, 3]},
								"south": {"uv": [111, 13], "uv_size": [7, 3]},
								"west": {"uv": [108, 13], "uv_size": [3, 3]},
								"up": {"uv": [0, 0], "uv_size": [0, 0]},
								"down": {"uv": [108, 13], "uv_size": [7, -3]}
							}
						},
						{
							"origin": [-3.925, 9.5, -2],
							"size": [4.25, 2, 4],
							"inflate": -0.4,
							"uv": {
								"north": {"uv": [89, 36], "uv_size": [4, 2]},
								"east": {"uv": [85, 36], "uv_size": [4, 2]},
								"south": {"uv": [97, 36], "uv_size": [4, 2]},
								"west": {"uv": [93, 36], "uv_size": [4, 2]},
								"up": {"uv": [0, 0], "uv_size": [0, 0]},
								"down": {"uv": [0, 0], "uv_size": [0, 0]}
							}
						}
					]
				},
				{
					"name": "belt11",
					"parent": "shorts",
					"pivot": [0, 2, 0],
					"cubes": [
						{
							"origin": [-3.5, 12.7, -1.5],
							"size": [7, 1, 3],
							"inflate": 0.1,
							"uv": {
								"north": {"uv": [111, 33], "uv_size": [7, 1]},
								"east": {"uv": [108, 33], "uv_size": [3, 1]},
								"south": {"uv": [121, 33], "uv_size": [7, 1]},
								"west": {"uv": [118, 33], "uv_size": [3, 1]},
								"up": {"uv": [0, 0], "uv_size": [0, 0]},
								"down": {"uv": [0, 0], "uv_size": [0, 0]}
							}
						}
					]
				},
				{
					"name": "coat",
					"parent": "hide_parts",
					"pivot": [0, 24, 0],
					"cubes": [
						{
							"origin": [-5, 9.8, -3],
							"size": [10, 15, 6],
							"inflate": -1.249,
							"uv": {
								"north": {"uv": [76, 113], "uv_size": [10, 15]},
								"east": {"uv": [70, 113], "uv_size": [6, 15]},
								"south": {"uv": [92, 113], "uv_size": [10, 15]},
								"west": {"uv": [86, 113], "uv_size": [6, 15]},
								"up": {"uv": [76, 107], "uv_size": [10, 6]},
								"down": {"uv": [0, 0], "uv_size": [0, 0]}
							}
						},
						{
							"origin": [-5, 10, -3],
							"size": [10, 4, 6],
							"inflate": -1.1,
							"uv": {
								"north": {"uv": [87, 44], "uv_size": [10, 4]},
								"east": {"uv": [81, 44], "uv_size": [6, 4]},
								"south": {"uv": [103, 44], "uv_size": [10, 4]},
								"west": {"uv": [97, 44], "uv_size": [6, 4]},
								"up": {"uv": [0, 0], "uv_size": [0, 0]},
								"down": {"uv": [0, 0], "uv_size": [0, 0]}
							}
						}
					]
				},
				{
					"name": "coat2",
					"parent": "coat",
					"pivot": [-0.001, 20.78419, -1.7353],
					"rotation": [-30.96376, 0, 0],
					"cubes": [
						{
							"origin": [-5.001, 18.28419, -3.7353],
							"size": [10, 5, 4],
							"inflate": -1.251,
							"uv": {
								"north": {"uv": [104, 101], "uv_size": [10, 5]},
								"east": {"uv": [100, 101], "uv_size": [4, 5]},
								"south": {"uv": [0, 0], "uv_size": [0, 0]},
								"west": {"uv": [114, 101], "uv_size": [4, 5]},
								"up": {"uv": [0, 0], "uv_size": [0, 0]},
								"down": {"uv": [114, 101], "uv_size": [10, -4]}
							}
						}
					]
				},
				{
					"name": "left_arm",
					"pivot": [4, 22, 0],
					"cubes": [
						{
							"origin": [3.5, 17.5, -1.5],
							"size": [3, 6, 3],
							"uv": {
								"north": {"uv": [3, 67], "uv_size": [3, 6]},
								"east": {"uv": [0, 67], "uv_size": [3, 6]},
								"south": {"uv": [9, 67], "uv_size": [3, 6]},
								"west": {"uv": [6, 67], "uv_size": [3, 6]},
								"up": {"uv": [3, 64], "uv_size": [3, 3]},
								"down": {"uv": [0, 0], "uv_size": [0, 0]}
							}
						}
					]
				},
				{
					"name": "left_chestplate",
					"parent": "left_arm",
					"pivot": [5, 22, 0],
					"cubes": [
						{
							"origin": [2.5, 19, -2.5],
							"size": [5, 3, 5],
							"inflate": -0.8,
							"uv": {
								"north": {"uv": [5, 79], "uv_size": [5, 3]},
								"east": {"uv": [0, 79], "uv_size": [5, 3]},
								"south": {"uv": [15, 79], "uv_size": [5, 3]},
								"west": {"uv": [10, 79], "uv_size": [5, 3]},
								"up": {"uv": [0, 0], "uv_size": [0, 0]},
								"down": {"uv": [0, 0], "uv_size": [0, 0]}
							}
						},
						{
							"origin": [2.5, 17, -2.5],
							"size": [5, 3, 5],
							"inflate": -0.8,
							"uv": {
								"north": {"uv": [5, 87], "uv_size": [5, 3]},
								"east": {"uv": [0, 87], "uv_size": [5, 3]},
								"south": {"uv": [15, 87], "uv_size": [5, 3]},
								"west": {"uv": [10, 87], "uv_size": [5, 3]},
								"up": {"uv": [0, 0], "uv_size": [0, 0]},
								"down": {"uv": [0, 0], "uv_size": [0, 0]}
							}
						}
					]
				},
				{
					"name": "left_arm_down",
					"parent": "left_arm",
					"pivot": [4.75, 17.5, -1.25],
					"cubes": [
						{"origin": [3.5, 12.5, -1.5], "size": [3, 5, 3], "uv": [14, 64]},
						{
							"origin": [3, 14.8, -2],
							"size": [4, 2, 4],
							"inflate": -0.4,
							"uv": {
								"north": {"uv": [0, 0], "uv_size": [0, 0]},
								"east": {"uv": [0, 0], "uv_size": [0, 0]},
								"south": {"uv": [0, 0], "uv_size": [0, 0]},
								"west": {"uv": [9, 62], "uv_size": [4, 2]},
								"up": {"uv": [0, 0], "uv_size": [0, 0]},
								"down": {"uv": [0, 0], "uv_size": [0, 0]}
							}
						},
						{
							"origin": [7.6, 11.5, -2.5],
							"size": [1, 5, 5],
							"inflate": -1.85,
							"uv": {
								"north": {"uv": [0, 0], "uv_size": [0, 0]},
								"east": {"uv": [0, 0], "uv_size": [0, 0]},
								"south": {"uv": [0, 0], "uv_size": [0, 0]},
								"west": {"uv": [34, 69], "uv_size": [5, 5]},
								"up": {"uv": [0, 0], "uv_size": [0, 0]},
								"down": {"uv": [0, 0], "uv_size": [0, 0]}
							}
						},
						{
							"origin": [2.5, 12.5, -2.5],
							"size": [5, 3, 5],
							"inflate": -0.8,
							"uv": {
								"north": {"uv": [22, 60], "uv_size": [5, 3]},
								"east": {"uv": [17, 60], "uv_size": [5, 3]},
								"south": {"uv": [32, 60], "uv_size": [5, 3]},
								"west": {"uv": [27, 60], "uv_size": [5, 3]},
								"up": {"uv": [0, 0], "uv_size": [0, 0]},
								"down": {"uv": [0, 0], "uv_size": [0, 0]}
							}
						}
					]
				},
				{
					"name": "left_leg",
					"pivot": [1.75, 12, 0],
					"cubes": [
						{"origin": [0.25, 7, -1.5], "size": [3, 5, 3], "inflate": -0.01, "uv": [0, 118]},
						{"origin": [0.1, 11, -1.5], "size": [3.4, 1, 3], "uv": [66, 43]},
						{
							"origin": [-0.325, 9.5, -2],
							"size": [4.25, 2, 4],
							"inflate": -0.4,
							"uv": {
								"north": {"uv": [93, 36], "uv_size": [-4, 2]},
								"east": {"uv": [97, 36], "uv_size": [-4, 2]},
								"south": {"uv": [101, 36], "uv_size": [-4, 2]},
								"west": {"uv": [89, 36], "uv_size": [-4, 2]},
								"up": {"uv": [0, 0], "uv_size": [0, 0]},
								"down": {"uv": [0, 0], "uv_size": [0, 0]}
							}
						}
					]
				},
				{
					"name": "left_leg_down",
					"parent": "left_leg",
					"pivot": [1.75, 7, -1.5],
					"cubes": [
						{
							"origin": [-1.75, 3.01, -3.5],
							"size": [7, 5, 7],
							"inflate": -1.9,
							"uv": {
								"north": {"uv": [33, 123], "uv_size": [7, 5]},
								"east": {"uv": [26, 123], "uv_size": [7, 5]},
								"south": {"uv": [47, 123], "uv_size": [7, 5]},
								"west": {"uv": [40, 123], "uv_size": [7, 5]},
								"up": {"uv": [0, 0], "uv_size": [0, 0]},
								"down": {"uv": [0, 0], "uv_size": [0, 0]}
							}
						},
						{
							"origin": [-1.75, 1.5, -3.5],
							"size": [7, 5, 7],
							"inflate": -1.9,
							"uv": {
								"north": {"uv": [33, 123], "uv_size": [7, 5]},
								"east": {"uv": [26, 123], "uv_size": [7, 5]},
								"south": {"uv": [47, 123], "uv_size": [7, 5]},
								"west": {"uv": [40, 123], "uv_size": [7, 5]},
								"up": {"uv": [0, 0], "uv_size": [0, 0]},
								"down": {"uv": [0, 0], "uv_size": [0, 0]}
							}
						},
						{"origin": [0.25, 1.01, -1.5], "size": [3, 6, 3], "inflate": -0.01, "uv": [13, 119]}
					]
				},
				{
					"name": "left_foot",
					"parent": "left_leg_down",
					"pivot": [1.75, 7, -1.5],
					"cubes": [
						{
							"origin": [0.75, 0, -4.36603],
							"size": [2, 2, 1],
							"inflate": 0.001,
							"uv": {
								"north": {"uv": [15, 110], "uv_size": [2, 2]},
								"east": {"uv": [0, 0], "uv_size": [0, 0]},
								"south": {"uv": [0, 0], "uv_size": [0, 0]},
								"west": {"uv": [0, 0], "uv_size": [0, 0]},
								"up": {"uv": [15, 109], "uv_size": [2, 1]},
								"down": {"uv": [17, 110], "uv_size": [2, -1]}
							}
						},
						{
							"origin": [0.25, 0, 0.5],
							"size": [3, 1, 1],
							"uv": {
								"north": {"uv": [22, 109], "uv_size": [3, 1]},
								"east": {"uv": [21, 109], "uv_size": [1, 1]},
								"south": {"uv": [26, 109], "uv_size": [3, 1]},
								"west": {"uv": [25, 109], "uv_size": [1, 1]},
								"up": {"uv": [0, 0], "uv_size": [0, 0]},
								"down": {"uv": [25, 109], "uv_size": [3, -1]}
							}
						},
						{
							"origin": [0.25, 0, -3.5],
							"size": [3, 1, 3],
							"inflate": 0.01,
							"uv": {
								"north": {"uv": [14, 116], "uv_size": [3, 1]},
								"east": {"uv": [11, 116], "uv_size": [3, 1]},
								"south": {"uv": [20, 116], "uv_size": [3, 1]},
								"west": {"uv": [17, 116], "uv_size": [3, 1]},
								"up": {"uv": [0, 0], "uv_size": [0, 0]},
								"down": {"uv": [17, 116], "uv_size": [3, -3]}
							}
						},
						{
							"origin": [0.25, 1, -3.5],
							"size": [3, 1, 5],
							"inflate": 0.01,
							"uv": {
								"north": {"uv": [5, 99], "uv_size": [3, 1]},
								"east": {"uv": [0, 99], "uv_size": [5, 1]},
								"south": {"uv": [13, 99], "uv_size": [3, 1]},
								"west": {"uv": [8, 99], "uv_size": [5, 1]},
								"up": {"uv": [0, 0], "uv_size": [0, 0]},
								"down": {"uv": [8, 99], "uv_size": [3, -5]}
							}
						},
						{
							"origin": [0.25, 2, -1.5],
							"size": [3, 3, 3],
							"inflate": 0.02,
							"uv": {
								"north": {"uv": [3, 108], "uv_size": [3, 3]},
								"east": {"uv": [0, 108], "uv_size": [3, 3]},
								"south": {"uv": [9, 108], "uv_size": [3, 3]},
								"west": {"uv": [6, 108], "uv_size": [3, 3]},
								"up": {"uv": [0, 0], "uv_size": [0, 0]},
								"down": {"uv": [0, 0], "uv_size": [0, 0]}
							}
						}
					]
				},
				{
					"name": "shoes2",
					"parent": "left_foot",
					"pivot": [3.25, 0, -3.5],
					"rotation": [0, 30, 0],
					"cubes": [
						{
							"origin": [2.25, 0, -4.5],
							"size": [1, 2, 1],
							"uv": {
								"north": {"uv": [0, 0], "uv_size": [0, 0]},
								"east": {"uv": [0, 0], "uv_size": [0, 0]},
								"south": {"uv": [0, 0], "uv_size": [0, 0]},
								"west": {"uv": [22, 113], "uv_size": [-1, 2]},
								"up": {"uv": [23, 112], "uv_size": [-1, 1]},
								"down": {"uv": [24, 113], "uv_size": [-1, -1]}
							}
						}
					]
				},
				{
					"name": "shoes3",
					"parent": "left_foot",
					"pivot": [0.25, 0, -3.5],
					"rotation": [0, -30, 0],
					"cubes": [
						{
							"origin": [0.25, 0, -4.5],
							"size": [1, 2, 1],
							"uv": {
								"north": {"uv": [0, 0], "uv_size": [0, 0]},
								"east": {"uv": [21, 113], "uv_size": [1, 2]},
								"south": {"uv": [0, 0], "uv_size": [0, 0]},
								"west": {"uv": [0, 0], "uv_size": [0, 0]},
								"up": {"uv": [22, 112], "uv_size": [1, 1]},
								"down": {"uv": [23, 113], "uv_size": [1, -1]}
							}
						}
					]
				},
				{
					"name": "shoes",
					"parent": "left_foot",
					"pivot": [1.75, 2, -3.5],
					"rotation": [27.5, 0, 0],
					"cubes": [
						{
							"origin": [0.25, 1, -3.5],
							"size": [3, 1, 4],
							"inflate": 0.03,
							"uv": {
								"north": {"uv": [21, 96], "uv_size": [3, 1]},
								"east": {"uv": [17, 96], "uv_size": [4, 1]},
								"south": {"uv": [28, 96], "uv_size": [3, 1]},
								"west": {"uv": [24, 96], "uv_size": [4, 1]},
								"up": {"uv": [21, 92], "uv_size": [3, 4]},
								"down": {"uv": [0, 0], "uv_size": [0, 0]}
							}
						}
					]
				},
				{
					"name": "right_leg",
					"pivot": [-1.75, 12, 0],
					"cubes": [
						{"origin": [-3.25, 7, -1.5], "size": [3, 5, 3], "inflate": -0.01, "uv": [0, 118], "mirror": true},
						{"origin": [-3.5, 11, -1.5], "size": [3.4, 1, 3], "uv": [66, 43], "mirror": true},
						{
							"origin": [-5.25, 6.01, -3.5],
							"size": [7, 6, 7],
							"inflate": -1.9,
							"uv": {
								"north": {"uv": [48, 97], "uv_size": [-7, 6]},
								"east": {"uv": [55, 97], "uv_size": [-7, 6]},
								"south": {"uv": [62, 97], "uv_size": [-7, 6]},
								"west": {"uv": [41, 97], "uv_size": [-7, 6]},
								"up": {"uv": [0, 0], "uv_size": [0, 0]},
								"down": {"uv": [0, 0], "uv_size": [0, 0]}
							}
						}
					]
				},
				{
					"name": "right_leg_down",
					"parent": "right_leg",
					"pivot": [-1.75, 7, -1.5],
					"cubes": [
						{
							"origin": [-5.25, 3.01, -3.5],
							"size": [7, 5, 7],
							"inflate": -1.9,
							"uv": {
								"north": {"uv": [48, 110], "uv_size": [-7, 5]},
								"east": {"uv": [55, 110], "uv_size": [-7, 5]},
								"south": {"uv": [62, 110], "uv_size": [-7, 5]},
								"west": {"uv": [41, 110], "uv_size": [-7, 5]},
								"up": {"uv": [0, 0], "uv_size": [0, 0]},
								"down": {"uv": [0, 0], "uv_size": [0, 0]}
							}
						},
						{
							"origin": [-5.25, 1.5, -3.5],
							"size": [7, 5, 7],
							"inflate": -1.9,
							"uv": {
								"north": {"uv": [48, 110], "uv_size": [-7, 5]},
								"east": {"uv": [55, 110], "uv_size": [-7, 5]},
								"south": {"uv": [62, 110], "uv_size": [-7, 5]},
								"west": {"uv": [41, 110], "uv_size": [-7, 5]},
								"up": {"uv": [0, 0], "uv_size": [0, 0]},
								"down": {"uv": [0, 0], "uv_size": [0, 0]}
							}
						},
						{"origin": [-3.25, 1.01, -1.5], "size": [3, 6, 3], "inflate": -0.01, "uv": [13, 119], "mirror": true}
					]
				},
				{
					"name": "right_foot",
					"parent": "right_leg_down",
					"pivot": [-1.75, 7, -1.5],
					"cubes": [
						{
							"origin": [-2.75, 0, -4.36603],
							"size": [2, 2, 1],
							"inflate": 0.001,
							"uv": {
								"north": {"uv": [88, 100], "uv_size": [-2, 2]},
								"east": {"uv": [0, 0], "uv_size": [0, 0]},
								"south": {"uv": [0, 0], "uv_size": [0, 0]},
								"west": {"uv": [0, 0], "uv_size": [0, 0]},
								"up": {"uv": [88, 99], "uv_size": [-2, 1]},
								"down": {"uv": [90, 100], "uv_size": [-2, -1]}
							}
						},
						{
							"origin": [-3.25, 0, 0.5],
							"size": [3, 1, 1],
							"uv": {
								"north": {"uv": [96, 99], "uv_size": [-3, 1]},
								"east": {"uv": [97, 99], "uv_size": [-1, 1]},
								"south": {"uv": [100, 99], "uv_size": [-3, 1]},
								"west": {"uv": [93, 99], "uv_size": [-1, 1]},
								"up": {"uv": [0, 0], "uv_size": [0, 0]},
								"down": {"uv": [99, 99], "uv_size": [-3, -1]}
							}
						},
						{
							"origin": [-3.25, 0, -3.5],
							"size": [3, 1, 3],
							"inflate": 0.01,
							"uv": {
								"north": {"uv": [0, 0], "uv_size": [0, 0]},
								"east": {"uv": [91, 106], "uv_size": [-3, 1]},
								"south": {"uv": [94, 106], "uv_size": [-3, 1]},
								"west": {"uv": [85, 106], "uv_size": [-3, 1]},
								"up": {"uv": [0, 0], "uv_size": [0, 0]},
								"down": {"uv": [91, 106], "uv_size": [-3, -3]}
							}
						},
						{
							"origin": [-3.25, 1, -3.5],
							"size": [3, 1, 5],
							"inflate": 0.01,
							"uv": {
								"north": {"uv": [0, 0], "uv_size": [0, 0]},
								"east": {"uv": [84, 89], "uv_size": [-5, 1]},
								"south": {"uv": [87, 89], "uv_size": [-3, 1]},
								"west": {"uv": [76, 89], "uv_size": [-5, 1]},
								"up": {"uv": [0, 0], "uv_size": [0, 0]},
								"down": {"uv": [82, 89], "uv_size": [-3, -5]}
							}
						},
						{
							"origin": [-3.25, 2, -1.5],
							"size": [3, 3, 3],
							"inflate": 0.02,
							"uv": {
								"north": {"uv": [77, 98], "uv_size": [-3, 3]},
								"east": {"uv": [80, 98], "uv_size": [-3, 3]},
								"south": {"uv": [83, 98], "uv_size": [-3, 3]},
								"west": {"uv": [74, 98], "uv_size": [-3, 3]},
								"up": {"uv": [0, 0], "uv_size": [0, 0]},
								"down": {"uv": [0, 0], "uv_size": [0, 0]}
							}
						}
					]
				},
				{
					"name": "shoes4",
					"parent": "right_foot",
					"pivot": [-3.25, 0, -3.5],
					"rotation": [0, -30, 0],
					"cubes": [
						{
							"origin": [-3.25, 0, -4.5],
							"size": [1, 2, 1],
							"uv": {
								"north": {"uv": [0, 0], "uv_size": [0, 0]},
								"east": {"uv": [92, 103], "uv_size": [1, 2]},
								"south": {"uv": [0, 0], "uv_size": [0, 0]},
								"west": {"uv": [0, 0], "uv_size": [0, 0]},
								"up": {"uv": [93, 102], "uv_size": [1, 1]},
								"down": {"uv": [94, 103], "uv_size": [1, -1]}
							}
						}
					]
				},
				{
					"name": "shoes5",
					"parent": "right_foot",
					"pivot": [-0.25, 0, -3.5],
					"rotation": [0, 30, 0],
					"cubes": [
						{
							"origin": [-1.25, 0, -4.5],
							"size": [1, 2, 1],
							"uv": {
								"north": {"uv": [0, 0], "uv_size": [0, 0]},
								"east": {"uv": [0, 0], "uv_size": [0, 0]},
								"south": {"uv": [0, 0], "uv_size": [0, 0]},
								"west": {"uv": [93, 103], "uv_size": [-1, 2]},
								"up": {"uv": [94, 102], "uv_size": [-1, 1]},
								"down": {"uv": [95, 103], "uv_size": [-1, -1]}
							}
						}
					]
				},
				{
					"name": "shoes6",
					"parent": "right_foot",
					"pivot": [-1.75, 2, -3.5],
					"rotation": [27.5, 0, 0],
					"cubes": [
						{
							"origin": [-3.25, 1, -3.5],
							"size": [3, 1, 4],
							"inflate": 0.03,
							"uv": {
								"north": {"uv": [95, 86], "uv_size": [-3, 1]},
								"east": {"uv": [99, 86], "uv_size": [-4, 1]},
								"south": {"uv": [0, 0], "uv_size": [0, 0]},
								"west": {"uv": [92, 86], "uv_size": [-4, 1]},
								"up": {"uv": [95, 82], "uv_size": [-3, 4]},
								"down": {"uv": [0, 0], "uv_size": [0, 0]}
							}
						}
					]
				},
				{
					"name": "right_arm",
					"pivot": [-4, 22, 0],
					"cubes": [
						{
							"origin": [-6.5, 17.5, -1.5],
							"size": [3, 6, 3],
							"uv": {
								"north": {"uv": [6, 67], "uv_size": [-3, 6]},
								"east": {"uv": [9, 67], "uv_size": [-3, 6]},
								"south": {"uv": [12, 67], "uv_size": [-3, 6]},
								"west": {"uv": [3, 67], "uv_size": [-3, 6]},
								"up": {"uv": [6, 64], "uv_size": [-3, 3]},
								"down": {"uv": [0, 0], "uv_size": [0, 0]}
							}
						}
					]
				},
				{
					"name": "right_chestplate",
					"parent": "right_arm",
					"pivot": [-5, 22, 0],
					"cubes": [
						{
							"origin": [-7.5, 19, -2.5],
							"size": [5, 3, 5],
							"inflate": -0.8,
							"uv": {
								"north": {"uv": [10, 79], "uv_size": [-5, 3]},
								"east": {"uv": [15, 79], "uv_size": [-5, 3]},
								"south": {"uv": [20, 79], "uv_size": [-5, 3]},
								"west": {"uv": [5, 79], "uv_size": [-5, 3]},
								"up": {"uv": [0, 0], "uv_size": [0, 0]},
								"down": {"uv": [0, 0], "uv_size": [0, 0]}
							}
						},
						{
							"origin": [-7.5, 17, -2.5],
							"size": [5, 3, 5],
							"inflate": -0.8,
							"uv": {
								"north": {"uv": [10, 87], "uv_size": [-5, 3]},
								"east": {"uv": [15, 87], "uv_size": [-5, 3]},
								"south": {"uv": [20, 87], "uv_size": [-5, 3]},
								"west": {"uv": [5, 87], "uv_size": [-5, 3]},
								"up": {"uv": [0, 0], "uv_size": [0, 0]},
								"down": {"uv": [0, 0], "uv_size": [0, 0]}
							}
						}
					]
				},
				{
					"name": "right_arm_down",
					"parent": "right_arm",
					"pivot": [-4.75, 17.5, 1.25],
					"cubes": [
						{"origin": [-6.5, 12.5, -1.5], "size": [3, 5, 3], "uv": [14, 64], "mirror": true},
						{
							"origin": [-7, 14.8, -2],
							"size": [4, 2, 4],
							"inflate": -0.4,
							"uv": {
								"north": {"uv": [0, 0], "uv_size": [0, 0]},
								"east": {"uv": [13, 62], "uv_size": [-4, 2]},
								"south": {"uv": [0, 0], "uv_size": [0, 0]},
								"west": {"uv": [0, 0], "uv_size": [0, 0]},
								"up": {"uv": [0, 0], "uv_size": [0, 0]},
								"down": {"uv": [0, 0], "uv_size": [0, 0]}
							}
						},
						{
							"origin": [-8.6, 11.5, -2.5],
							"size": [1, 5, 5],
							"inflate": -1.85,
							"uv": {
								"north": {"uv": [0, 0], "uv_size": [0, 0]},
								"east": {"uv": [39, 69], "uv_size": [-5, 5]},
								"south": {"uv": [0, 0], "uv_size": [0, 0]},
								"west": {"uv": [0, 0], "uv_size": [0, 0]},
								"up": {"uv": [0, 0], "uv_size": [0, 0]},
								"down": {"uv": [0, 0], "uv_size": [0, 0]}
							}
						},
						{
							"origin": [-7.5, 12.5, -2.5],
							"size": [5, 3, 5],
							"inflate": -0.8,
							"uv": {
								"north": {"uv": [27, 60], "uv_size": [-5, 3]},
								"east": {"uv": [32, 60], "uv_size": [-5, 3]},
								"south": {"uv": [37, 60], "uv_size": [-5, 3]},
								"west": {"uv": [22, 60], "uv_size": [-5, 3]},
								"up": {"uv": [0, 0], "uv_size": [0, 0]},
								"down": {"uv": [0, 0], "uv_size": [0, 0]}
							}
						}
					]
				}
			]
		}
	]
}