{
	"format_version": "1.12.0",
	"minecraft:geometry": [
		{
			"description": {
				"identifier": "geometry.model",
				"texture_width": 128,
				"texture_height": 128,
				"visible_bounds_width": 3,
				"visible_bounds_height": 3.5,
				"visible_bounds_offset": [0, 1.25, 0]
			},
			"bones": [
				{
					"name": "hat",
					"pivot": [0, 24, 0]
				},
				{
					"name": "sunglasses",
					"parent": "hat",
					"pivot": [0, 28.5, -2.8],
					"rotation": [-2.5, 0, 0],
					"cubes": [
						{
							"origin": [-2.8, 24, -3.8],
							"size": [9, 9, 2],
							"inflate": -2.8,
							"uv": {
								"north": {"uv": [0, 0], "uv_size": [0, 0]},
								"east": {"uv": [0, 0], "uv_size": [0, 0]},
								"south": {"uv": [22, 19], "uv_size": [-9, 9]},
								"west": {"uv": [0, 0], "uv_size": [0, 0]},
								"up": {"uv": [0, 0], "uv_size": [0, 0]},
								"down": {"uv": [0, 0], "uv_size": [0, 0]}
							}
						},
						{
							"origin": [-6.2, 24, -3.8],
							"size": [9, 9, 2],
							"inflate": -2.8,
							"uv": {
								"north": {"uv": [0, 0], "uv_size": [0, 0]},
								"east": {"uv": [0, 0], "uv_size": [0, 0]},
								"south": {"uv": [13, 19], "uv_size": [9, 9]},
								"west": {"uv": [0, 0], "uv_size": [0, 0]},
								"up": {"uv": [0, 0], "uv_size": [0, 0]},
								"down": {"uv": [0, 0], "uv_size": [0, 0]}
							}
						}
					]
				},
				{
					"name": "head",
					"pivot": [0, 24, 0],
					"cubes": [
						{"origin": [-4, 24, -4], "size": [8, 8, 8], "uv": [0, 0]},
						{
							"origin": [-4, 24, -4],
							"size": [8, 8, 8],
							"inflate": 0.3,
							"uv": {
								"north": {"uv": [40, 8], "uv_size": [8, 8]},
								"east": {"uv": [32, 8], "uv_size": [8, 8]},
								"south": {"uv": [56, 8], "uv_size": [8, 8]},
								"west": {"uv": [48, 8], "uv_size": [8, 8]},
								"up": {"uv": [40, 0], "uv_size": [8, 8]},
								"down": {"uv": [0, 0], "uv_size": [0, 0]}
							}
						}
					]
				},
				{
					"name": "ahoge",
					"parent": "head",
					"pivot": [0, 32.25, 0]
				},
				{
					"name": "right_ear",
					"parent": "head",
					"pivot": [-2, 30, -1]
				},
				{
					"name": "ear2",
					"parent": "right_ear",
					"pivot": [-3, 32, -1],
					"rotation": [10, 0, -20],
					"cubes": [
						{
							"origin": [-2.49815, 30.80208, -1.95527],
							"size": [1, 3, 1],
							"uv": {
								"north": {"uv": [68, 1], "uv_size": [1, 3]},
								"east": {"uv": [67, 1], "uv_size": [1, 3]},
								"south": {"uv": [70, 1], "uv_size": [1, 3]},
								"west": {"uv": [69, 1], "uv_size": [1, 3]},
								"up": {"uv": [0, 0], "uv_size": [0, 0]},
								"down": {"uv": [69, 1], "uv_size": [1, -1]}
							}
						}
					]
				},
				{
					"name": "ear3",
					"parent": "ear2",
					"pivot": [-2.68584, 30.86585, -2.43628],
					"rotation": [13.5773, 1.77024, -7.28925],
					"cubes": [
						{
							"origin": [-3.76002, 31.16281, -1.08299],
							"size": [2, 3, 1],
							"uv": {
								"north": {"uv": [26, 1], "uv_size": [2, 3]},
								"east": {"uv": [25, 1], "uv_size": [1, 3]},
								"south": {"uv": [29, 1], "uv_size": [2, 3]},
								"west": {"uv": [28, 1], "uv_size": [1, 3]},
								"up": {"uv": [26, 0], "uv_size": [2, 1]},
								"down": {"uv": [0, 0], "uv_size": [0, 0]}
							}
						}
					]
				},
				{
					"name": "bone",
					"parent": "ear2",
					"pivot": [-4.63546, 33.26667, -1.01527],
					"rotation": [0, 0, -7.5],
					"cubes": [
						{
							"origin": [-4.8, 34, -2.5729],
							"size": [1.6, 1, 2],
							"inflate": -0.3,
							"uv": {
								"north": {"uv": [15, 30], "uv_size": [1, 1]},
								"east": {"uv": [13, 30], "uv_size": [2, 1]},
								"south": {"uv": [18, 30], "uv_size": [1, 1]},
								"west": {"uv": [16, 30], "uv_size": [2, 1]},
								"up": {"uv": [0, 0], "uv_size": [0, 0]},
								"down": {"uv": [0, 0], "uv_size": [0, 0]}
							}
						},
						{
							"origin": [-5.3282, 32.5, -2.5729],
							"size": [1.6, 1, 2],
							"inflate": -0.3,
							"uv": {
								"north": {"uv": [15, 30], "uv_size": [1, 1]},
								"east": {"uv": [13, 30], "uv_size": [2, 1]},
								"south": {"uv": [18, 30], "uv_size": [1, 1]},
								"west": {"uv": [16, 30], "uv_size": [2, 1]},
								"up": {"uv": [0, 0], "uv_size": [0, 0]},
								"down": {"uv": [0, 0], "uv_size": [0, 0]}
							}
						},
						{
							"origin": [-8.35, 27.8, -0.4],
							"size": [7, 9, 1],
							"inflate": -2.1,
							"uv": {
								"north": {"uv": [0, 0], "uv_size": [0, 0]},
								"east": {"uv": [0, 0], "uv_size": [0, 0]},
								"south": {"uv": [32, 49], "uv_size": [7, 9]},
								"west": {"uv": [0, 0], "uv_size": [0, 0]},
								"up": {"uv": [0, 0], "uv_size": [0, 0]},
								"down": {"uv": [0, 0], "uv_size": [0, 0]}
							}
						}
					]
				},
				{
					"name": "ear7",
					"parent": "ear2",
					"pivot": [-1.53584, 34.01585, -3.18628],
					"rotation": [0, 0, -35],
					"cubes": [
						{
							"origin": [-2.62758, 33.81912, -1.95527],
							"size": [1, 3, 1],
							"inflate": 0.001,
							"uv": {
								"north": {"uv": [73, 1], "uv_size": [1, 3]},
								"east": {"uv": [72, 1], "uv_size": [1, 3]},
								"south": {"uv": [75, 1], "uv_size": [1, 3]},
								"west": {"uv": [74, 1], "uv_size": [1, 3]},
								"up": {"uv": [73, 0], "uv_size": [1, 1]},
								"down": {"uv": [0, 0], "uv_size": [0, 0]}
							}
						}
					]
				},
				{
					"name": "ear8",
					"parent": "ear7",
					"pivot": [-2.53584, 37.01585, -3.18628],
					"rotation": [0, 0, 45],
					"cubes": [
						{
							"origin": [-2.46161, 33.81188, -1.95527],
							"size": [1, 3, 1],
							"uv": {
								"north": {"uv": [2, 1], "uv_size": [1, 3]},
								"east": {"uv": [1, 1], "uv_size": [1, 3]},
								"south": {"uv": [4, 1], "uv_size": [1, 3]},
								"west": {"uv": [3, 1], "uv_size": [1, 3]},
								"up": {"uv": [0, 0], "uv_size": [0, 0]},
								"down": {"uv": [0, 0], "uv_size": [0, 0]}
							}
						}
					]
				},
				{
					"name": "ear9",
					"parent": "ear8",
					"pivot": [-2.53584, 34.01585, -3.18628],
					"rotation": [0, 0, -30],
					"cubes": [
						{
							"origin": [-2.57354, 30.80208, -1.95527],
							"size": [1, 3, 1],
							"inflate": -0.001,
							"uv": {
								"north": {"uv": [33, 1], "uv_size": [1, 3]},
								"east": {"uv": [32, 1], "uv_size": [1, 3]},
								"south": {"uv": [35, 1], "uv_size": [1, 3]},
								"west": {"uv": [34, 1], "uv_size": [1, 3]},
								"up": {"uv": [0, 0], "uv_size": [0, 0]},
								"down": {"uv": [34, 1], "uv_size": [1, -1]}
							}
						}
					]
				},
				{
					"name": "ear13",
					"parent": "ear2",
					"pivot": [-2.78584, 31.01585, -1.18628],
					"cubes": [
						{
							"origin": [-3.8077, 29.82527, -1.24912],
							"size": [2, 2, 1],
							"inflate": 0.001,
							"uv": {
								"north": {"uv": [61, 1], "uv_size": [2, 2]},
								"east": {"uv": [60, 1], "uv_size": [1, 2]},
								"south": {"uv": [64, 1], "uv_size": [2, 2]},
								"west": {"uv": [63, 1], "uv_size": [1, 2]},
								"up": {"uv": [0, 0], "uv_size": [0, 0]},
								"down": {"uv": [63, 1], "uv_size": [2, -1]}
							}
						}
					]
				},
				{
					"name": "bone10",
					"parent": "ear2",
					"pivot": [-5, 30, -1],
					"rotation": [0, 0, 27.5],
					"cubes": [
						{"origin": [-6, 30.6, -2.6], "size": [1, 1, 1], "inflate": -0.2, "uv": [0, 28]},
						{"origin": [-6, 30.2, -2], "size": [1, 1, 1], "inflate": -0.2, "uv": [0, 30]},
						{"origin": [-6, 30.6, -1.4], "size": [1, 1, 1], "inflate": -0.2, "uv": [0, 28]},
						{"origin": [-6, 31, -2], "size": [1, 1, 1], "inflate": -0.2, "uv": [0, 30]}
					]
				},
				{
					"name": "left_ear",
					"parent": "head",
					"pivot": [2, 30, -1]
				},
				{
					"name": "ear4",
					"parent": "left_ear",
					"pivot": [3, 32, -1],
					"rotation": [10, 0, 20],
					"cubes": [
						{
							"origin": [1.49815, 30.80208, -1.95527],
							"size": [1, 3, 1],
							"uv": {
								"north": {"uv": [69, 1], "uv_size": [-1, 3]},
								"east": {"uv": [70, 1], "uv_size": [-1, 3]},
								"south": {"uv": [71, 1], "uv_size": [-1, 3]},
								"west": {"uv": [68, 1], "uv_size": [-1, 3]},
								"up": {"uv": [0, 0], "uv_size": [0, 0]},
								"down": {"uv": [70, 1], "uv_size": [-1, -1]}
							}
						}
					]
				},
				{
					"name": "ear5",
					"parent": "ear4",
					"pivot": [2.68584, 30.86585, -2.43628],
					"rotation": [13.5773, -1.77024, 7.28925],
					"cubes": [
						{
							"origin": [1.76002, 31.16281, -1.08299],
							"size": [2, 3, 1],
							"uv": {
								"north": {"uv": [28, 1], "uv_size": [-2, 3]},
								"east": {"uv": [29, 1], "uv_size": [-1, 3]},
								"south": {"uv": [31, 1], "uv_size": [-2, 3]},
								"west": {"uv": [26, 1], "uv_size": [-1, 3]},
								"up": {"uv": [28, 0], "uv_size": [-2, 1]},
								"down": {"uv": [0, 0], "uv_size": [0, 0]}
							}
						}
					]
				},
				{
					"name": "ear6",
					"parent": "ear4",
					"pivot": [1.53584, 34.01585, -3.18628],
					"rotation": [0, 0, 35],
					"cubes": [
						{
							"origin": [1.62758, 33.81912, -1.95527],
							"size": [1, 3, 1],
							"inflate": 0.001,
							"uv": {
								"north": {"uv": [74, 1], "uv_size": [-1, 3]},
								"east": {"uv": [75, 1], "uv_size": [-1, 3]},
								"south": {"uv": [76, 1], "uv_size": [-1, 3]},
								"west": {"uv": [73, 1], "uv_size": [-1, 3]},
								"up": {"uv": [74, 0], "uv_size": [-1, 1]},
								"down": {"uv": [0, 0], "uv_size": [0, 0]}
							}
						}
					]
				},
				{
					"name": "ear10",
					"parent": "ear6",
					"pivot": [2.53584, 37.01585, -3.18628],
					"rotation": [0, 0, -45],
					"cubes": [
						{
							"origin": [1.46161, 33.81188, -1.95527],
							"size": [1, 3, 1],
							"uv": {
								"north": {"uv": [3, 1], "uv_size": [-1, 3]},
								"east": {"uv": [4, 1], "uv_size": [-1, 3]},
								"south": {"uv": [5, 1], "uv_size": [-1, 3]},
								"west": {"uv": [2, 1], "uv_size": [-1, 3]},
								"up": {"uv": [0, 0], "uv_size": [0, 0]},
								"down": {"uv": [0, 0], "uv_size": [0, 0]}
							}
						}
					]
				},
				{
					"name": "ear11",
					"parent": "ear10",
					"pivot": [2.53584, 34.01585, -3.18628],
					"rotation": [0, 0, 30],
					"cubes": [
						{
							"origin": [1.57354, 30.80208, -1.95527],
							"size": [1, 3, 1],
							"inflate": -0.001,
							"uv": {
								"north": {"uv": [34, 1], "uv_size": [-1, 3]},
								"east": {"uv": [35, 1], "uv_size": [-1, 3]},
								"south": {"uv": [36, 1], "uv_size": [-1, 3]},
								"west": {"uv": [33, 1], "uv_size": [-1, 3]},
								"up": {"uv": [0, 0], "uv_size": [0, 0]},
								"down": {"uv": [35, 1], "uv_size": [-1, -1]}
							}
						}
					]
				},
				{
					"name": "ear12",
					"parent": "ear4",
					"pivot": [2.78584, 31.01585, -1.18628],
					"cubes": [
						{
							"origin": [1.8077, 29.82527, -1.24912],
							"size": [2, 2, 1],
							"inflate": 0.001,
							"uv": {
								"north": {"uv": [63, 1], "uv_size": [-2, 2]},
								"east": {"uv": [64, 1], "uv_size": [-1, 2]},
								"south": {"uv": [66, 1], "uv_size": [-2, 2]},
								"west": {"uv": [61, 1], "uv_size": [-1, 2]},
								"up": {"uv": [0, 0], "uv_size": [0, 0]},
								"down": {"uv": [65, 1], "uv_size": [-2, -1]}
							}
						}
					]
				},
				{
					"name": "hair",
					"parent": "head",
					"pivot": [-3.75, 21.15, -3.75],
					"cubes": [
						{
							"origin": [-5.75, 15.15, -5.75],
							"size": [4, 10, 4],
							"inflate": -1.45,
							"uv": {
								"north": {"uv": [4, 32], "uv_size": [4, 10]},
								"east": {"uv": [0, 32], "uv_size": [4, 10]},
								"south": {"uv": [12, 32], "uv_size": [4, 10]},
								"west": {"uv": [8, 32], "uv_size": [4, 10]},
								"up": {"uv": [0, 0], "uv_size": [0, 0]},
								"down": {"uv": [0, 0], "uv_size": [0, 0]}
							}
						},
						{
							"origin": [1.75, 15.15, -5.75],
							"size": [4, 10, 4],
							"inflate": -1.45,
							"uv": {
								"north": {"uv": [8, 32], "uv_size": [-4, 10]},
								"east": {"uv": [12, 32], "uv_size": [-4, 10]},
								"south": {"uv": [16, 32], "uv_size": [-4, 10]},
								"west": {"uv": [4, 32], "uv_size": [-4, 10]},
								"up": {"uv": [0, 0], "uv_size": [0, 0]},
								"down": {"uv": [0, 0], "uv_size": [0, 0]}
							}
						}
					]
				},
				{
					"name": "long_hair",
					"parent": "head",
					"pivot": [0, 24, 0],
					"rotation": [15, 0, 0],
					"cubes": [
						{
							"origin": [-4, 13.3, 1],
							"size": [8, 10, 3],
							"uv": {
								"north": {"uv": [0, 0], "uv_size": [0, 0]},
								"east": {"uv": [0, 46], "uv_size": [3, 10]},
								"south": {"uv": [14, 46], "uv_size": [8, 10]},
								"west": {"uv": [11, 46], "uv_size": [3, 10]},
								"up": {"uv": [0, 0], "uv_size": [0, 0]},
								"down": {"uv": [0, 0], "uv_size": [0, 0]}
							}
						},
						{
							"origin": [-2, 13.3, 1.3],
							"size": [3, 10, 3],
							"uv": {
								"north": {"uv": [0, 0], "uv_size": [0, 0]},
								"east": {"uv": [0, 0], "uv_size": [0, 0]},
								"south": {"uv": [9, 59], "uv_size": [3, 10]},
								"west": {"uv": [0, 0], "uv_size": [0, 0]},
								"up": {"uv": [0, 0], "uv_size": [0, 0]},
								"down": {"uv": [0, 0], "uv_size": [0, 0]}
							}
						},
						{
							"origin": [-1, 18.3, 1.5],
							"size": [2, 1, 3],
							"uv": {
								"north": {"uv": [0, 0], "uv_size": [0, 0]},
								"east": {"uv": [0, 0], "uv_size": [0, 0]},
								"south": {"uv": [31, 46], "uv_size": [2, 1]},
								"west": {"uv": [0, 0], "uv_size": [0, 0]},
								"up": {"uv": [0, 0], "uv_size": [0, 0]},
								"down": {"uv": [0, 0], "uv_size": [0, 0]}
							}
						}
					]
				},
				{
					"name": "bone2",
					"parent": "long_hair",
					"pivot": [0, 24, 0]
				},
				{
					"name": "bone4",
					"parent": "bone2",
					"pivot": [-1.5, 24.5, 0.5],
					"rotation": [-10, 0, -12.5],
					"cubes": [
						{
							"origin": [-7.1, 19, -0.3],
							"size": [11, 11, 1],
							"inflate": -4.85,
							"uv": {
								"north": {"uv": [24, 18], "uv_size": [11, 11]},
								"east": {"uv": [0, 0], "uv_size": [0, 0]},
								"south": {"uv": [0, 0], "uv_size": [0, 0]},
								"west": {"uv": [0, 0], "uv_size": [0, 0]},
								"up": {"uv": [0, 0], "uv_size": [0, 0]},
								"down": {"uv": [0, 0], "uv_size": [0, 0]}
							}
						}
					]
				},
				{
					"name": "bone8",
					"parent": "bone4",
					"pivot": [-2, 26.5, 4.2],
					"rotation": [0, 0, 12.5],
					"cubes": [
						{
							"origin": [-3, 25.5, 3.5],
							"size": [2, 2, 2],
							"inflate": -0.8,
							"uv": {
								"north": {"uv": [0, 0], "uv_size": [0, 0]},
								"east": {"uv": [0, 0], "uv_size": [0, 0]},
								"south": {"uv": [44, 32], "uv_size": [2, 2]},
								"west": {"uv": [0, 0], "uv_size": [0, 0]},
								"up": {"uv": [0, 0], "uv_size": [0, 0]},
								"down": {"uv": [0, 0], "uv_size": [0, 0]}
							}
						}
					]
				},
				{
					"name": "bone3",
					"parent": "bone2",
					"pivot": [0.5, 22.5, 0.9],
					"rotation": [0, 0, 12.5],
					"cubes": [
						{
							"origin": [-4, 18, 0.4],
							"size": [9, 9, 1],
							"inflate": -4,
							"uv": {
								"north": {"uv": [27, 33], "uv_size": [-9, 9]},
								"east": {"uv": [0, 0], "uv_size": [0, 0]},
								"south": {"uv": [0, 0], "uv_size": [0, 0]},
								"west": {"uv": [0, 0], "uv_size": [0, 0]},
								"up": {"uv": [0, 0], "uv_size": [0, 0]},
								"down": {"uv": [0, 0], "uv_size": [0, 0]}
							}
						}
					]
				},
				{
					"name": "bone5",
					"parent": "bone2",
					"pivot": [-1.5, 20.5, 0.5],
					"rotation": [0, 0, 7.5],
					"cubes": [
						{
							"origin": [-6.5, 15, -0.6],
							"size": [11, 11, 1],
							"inflate": -5,
							"uv": {
								"north": {"uv": [24, 18], "uv_size": [11, 11]},
								"east": {"uv": [0, 0], "uv_size": [0, 0]},
								"south": {"uv": [0, 0], "uv_size": [0, 0]},
								"west": {"uv": [0, 0], "uv_size": [0, 0]},
								"up": {"uv": [0, 0], "uv_size": [0, 0]},
								"down": {"uv": [0, 0], "uv_size": [0, 0]}
							}
						}
					]
				},
				{
					"name": "bone6",
					"parent": "bone2",
					"pivot": [-1, 21.5, 4.2],
					"rotation": [0, 0, 12.5],
					"cubes": [
						{
							"origin": [-2, 20.5, 3.2],
							"size": [2, 2, 2],
							"inflate": -0.8,
							"uv": {
								"north": {"uv": [0, 0], "uv_size": [0, 0]},
								"east": {"uv": [0, 0], "uv_size": [0, 0]},
								"south": {"uv": [44, 32], "uv_size": [2, 2]},
								"west": {"uv": [0, 0], "uv_size": [0, 0]},
								"up": {"uv": [0, 0], "uv_size": [0, 0]},
								"down": {"uv": [0, 0], "uv_size": [0, 0]}
							}
						}
					]
				},
				{
					"name": "bone7",
					"parent": "bone2",
					"pivot": [1, 20.5, 4.2],
					"rotation": [0, 0, 12.5],
					"cubes": [
						{
							"origin": [0, 19.5, 3.2],
							"size": [2, 2, 2],
							"inflate": -0.85,
							"uv": {
								"north": {"uv": [0, 0], "uv_size": [0, 0]},
								"east": {"uv": [0, 0], "uv_size": [0, 0]},
								"south": {"uv": [44, 32], "uv_size": [2, 2]},
								"west": {"uv": [0, 0], "uv_size": [0, 0]},
								"up": {"uv": [0, 0], "uv_size": [0, 0]},
								"down": {"uv": [0, 0], "uv_size": [0, 0]}
							}
						}
					]
				},
				{
					"name": "bone9",
					"parent": "bone2",
					"pivot": [2, 21.5, 4.2],
					"rotation": [0, 0, 12.5],
					"cubes": [
						{
							"origin": [0.5, 21.5, 3.2],
							"size": [2, 2, 2],
							"inflate": -0.8,
							"uv": {
								"north": {"uv": [0, 0], "uv_size": [0, 0]},
								"east": {"uv": [0, 0], "uv_size": [0, 0]},
								"south": {"uv": [44, 32], "uv_size": [2, 2]},
								"west": {"uv": [0, 0], "uv_size": [0, 0]},
								"up": {"uv": [0, 0], "uv_size": [0, 0]},
								"down": {"uv": [0, 0], "uv_size": [0, 0]}
							}
						}
					]
				},
				{
					"name": "tail",
					"pivot": [0, 15, 2]
				},
				{
					"name": "tail3",
					"parent": "tail",
					"pivot": [0, 18, 1],
					"rotation": [25, 0, 0],
					"cubes": [
						{
							"origin": [-1.5, 8, -1],
							"size": [3, 7, 4],
							"inflate": -0.5,
							"uv": {
								"north": {"uv": [91, 22], "uv_size": [3, 7]},
								"east": {"uv": [87, 22], "uv_size": [4, 7]},
								"south": {"uv": [98, 22], "uv_size": [3, 7]},
								"west": {"uv": [94, 22], "uv_size": [4, 7]},
								"up": {"uv": [91, 18], "uv_size": [3, 4]},
								"down": {"uv": [0, 0], "uv_size": [0, 0]}
							}
						}
					]
				},
				{
					"name": "tail_down",
					"parent": "tail",
					"pivot": [0, 10, 7],
					"rotation": [9.66, 0, 0],
					"cubes": [
						{
							"origin": [-1.5, 3.62865, 2.88723],
							"size": [3, 7, 4],
							"inflate": -0.5,
							"uv": {
								"north": {"uv": [107, 22], "uv_size": [3, 7]},
								"east": {"uv": [103, 22], "uv_size": [4, 7]},
								"south": {"uv": [114, 22], "uv_size": [3, 7]},
								"west": {"uv": [110, 22], "uv_size": [4, 7]},
								"up": {"uv": [0, 0], "uv_size": [0, 0]},
								"down": {"uv": [0, 0], "uv_size": [0, 0]}
							}
						},
						{
							"origin": [-1, 3.3641, 3.92286],
							"size": [2, 7, 2],
							"inflate": -0.5,
							"uv": {
								"north": {"uv": [121, 22], "uv_size": [2, 7]},
								"east": {"uv": [119, 22], "uv_size": [2, 7]},
								"south": {"uv": [125, 22], "uv_size": [2, 7]},
								"west": {"uv": [123, 22], "uv_size": [2, 7]},
								"up": {"uv": [0, 0], "uv_size": [0, 0]},
								"down": {"uv": [0, 0], "uv_size": [0, 0]}
							}
						}
					]
				},
				{
					"name": "body",
					"pivot": [0, 24, 0],
					"cubes": [
						{"origin": [-2.5, 22, -2.5], "size": [5, 4, 5], "inflate": -1.25, "uv": [97, 0]},
						{"origin": [-3.5, 11.75, -1.5], "size": [7, 12, 3], "inflate": -0.251, "uv": [77, 0]},
						{
							"origin": [-3.25, 12, -1.5],
							"size": [3, 2, 3],
							"uv": {
								"north": {"uv": [66, 21], "uv_size": [-3, 2]},
								"east": {"uv": [69, 21], "uv_size": [-3, 2]},
								"south": {"uv": [72, 21], "uv_size": [-3, 2]},
								"west": {"uv": [63, 21], "uv_size": [-3, 2]},
								"up": {"uv": [0, 0], "uv_size": [0, 0]},
								"down": {"uv": [0, 0], "uv_size": [0, 0]}
							}
						},
						{
							"origin": [0.25, 12, -1.5],
							"size": [3, 2, 3],
							"uv": {
								"north": {"uv": [63, 21], "uv_size": [3, 2]},
								"east": {"uv": [60, 21], "uv_size": [3, 2]},
								"south": {"uv": [69, 21], "uv_size": [3, 2]},
								"west": {"uv": [66, 21], "uv_size": [3, 2]},
								"up": {"uv": [0, 0], "uv_size": [0, 0]},
								"down": {"uv": [0, 0], "uv_size": [0, 0]}
							}
						}
					]
				},
				{
					"name": "hide_parts",
					"parent": "body",
					"pivot": [-0.75, 0, 0.5],
					"cubes": [
						{"origin": [-4, 11.5, -2], "size": [8, 12.5, 4], "inflate": -0.45, "uv": [0, 99]}
					]
				},
				{
					"name": "bone24",
					"parent": "hide_parts",
					"pivot": [-0.75, 0, 0.5]
				},
				{
					"name": "bone25",
					"parent": "bone24",
					"pivot": [-0.75, 0, 0.5],
					"cubes": [
						{
							"origin": [-4, 14.8, -1],
							"size": [5, 5, 1],
							"inflate": -1.8,
							"uv": {
								"north": {"uv": [0, 0], "uv_size": [0, 0]},
								"east": {"uv": [0, 0], "uv_size": [0, 0]},
								"south": {"uv": [21, 60], "uv_size": [5, 5]},
								"west": {"uv": [0, 0], "uv_size": [0, 0]},
								"up": {"uv": [0, 0], "uv_size": [0, 0]},
								"down": {"uv": [0, 0], "uv_size": [0, 0]}
							}
						}
					]
				},
				{
					"name": "bone27",
					"parent": "bone25",
					"pivot": [0.5, 20.05, -1],
					"rotation": [0, 0, -35],
					"cubes": [
						{
							"origin": [4.2, 20.2, -1.9],
							"size": [1, 1.5, 5],
							"inflate": -0.35,
							"uv": {
								"north": {"uv": [0, 0], "uv_size": [0, 0]},
								"east": {"uv": [0, 0], "uv_size": [0, 0]},
								"south": {"uv": [0, 0], "uv_size": [0, 0]},
								"west": {"uv": [122, 80], "uv_size": [5, 1]},
								"up": {"uv": [0, 0], "uv_size": [0, 0]},
								"down": {"uv": [0, 0], "uv_size": [0, 0]}
							}
						}
					]
				},
				{
					"name": "bone28",
					"parent": "bone27",
					"pivot": [0.5, 20.05, -1],
					"rotation": [0, -20, 0],
					"cubes": [
						{
							"origin": [-1.25045, 20.2, -3.35462],
							"size": [6, 1.5, 1],
							"inflate": -0.35,
							"uv": {
								"north": {"uv": [113, 86], "uv_size": [6, 1]},
								"east": {"uv": [0, 0], "uv_size": [0, 0]},
								"south": {"uv": [0, 0], "uv_size": [0, 0]},
								"west": {"uv": [0, 0], "uv_size": [0, 0]},
								"up": {"uv": [0, 0], "uv_size": [0, 0]},
								"down": {"uv": [0, 0], "uv_size": [0, 0]}
							}
						}
					]
				},
				{
					"name": "bone29",
					"parent": "bone27",
					"pivot": [-1.8, 20.95, -3.4],
					"rotation": [0, 12.5, 0],
					"cubes": [
						{
							"origin": [-3.82802, 20.2, -3.35222],
							"size": [4, 1.5, 1],
							"inflate": -0.35,
							"uv": {
								"north": {"uv": [102, 84], "uv_size": [4, 1]},
								"east": {"uv": [0, 0], "uv_size": [0, 0]},
								"south": {"uv": [0, 0], "uv_size": [0, 0]},
								"west": {"uv": [0, 0], "uv_size": [0, 0]},
								"up": {"uv": [0, 0], "uv_size": [0, 0]},
								"down": {"uv": [0, 0], "uv_size": [0, 0]}
							}
						}
					]
				},
				{
					"name": "bone30",
					"parent": "bone27",
					"pivot": [-5.3, 20.95, -1.4],
					"rotation": [0, -32.5, 0],
					"cubes": [
						{
							"origin": [-4.67799, 20.2, -3.84952],
							"size": [1, 1.5, 4],
							"inflate": -0.35,
							"uv": {
								"north": {"uv": [0, 0], "uv_size": [0, 0]},
								"east": {"uv": [101, 79], "uv_size": [4, 1]},
								"south": {"uv": [0, 0], "uv_size": [0, 0]},
								"west": {"uv": [0, 0], "uv_size": [0, 0]},
								"up": {"uv": [0, 0], "uv_size": [0, 0]},
								"down": {"uv": [0, 0], "uv_size": [0, 0]}
							}
						}
					]
				},
				{
					"name": "bone31",
					"parent": "bone27",
					"pivot": [-5.3, 20.95, 1.6],
					"rotation": [0, -17.5, 0],
					"cubes": [
						{
							"origin": [-5.92394, 20.2, -0.2],
							"size": [1, 1.5, 4],
							"inflate": -0.35,
							"uv": {
								"north": {"uv": [0, 0], "uv_size": [0, 0]},
								"east": {"uv": [102, 90], "uv_size": [4, 1]},
								"south": {"uv": [0, 0], "uv_size": [0, 0]},
								"west": {"uv": [0, 0], "uv_size": [0, 0]},
								"up": {"uv": [0, 0], "uv_size": [0, 0]},
								"down": {"uv": [0, 0], "uv_size": [0, 0]}
							}
						}
					]
				},
				{
					"name": "bone23",
					"parent": "bone24",
					"pivot": [0, 14.25, 0],
					"rotation": [0, 0, -12.5],
					"cubes": [
						{
							"origin": [-4, 13.3, -2],
							"size": [8, 1.5, 4],
							"inflate": -0.3,
							"uv": {
								"north": {"uv": [44, 46], "uv_size": [8, 1]},
								"east": {"uv": [40, 46], "uv_size": [4, 1]},
								"south": {"uv": [56, 46], "uv_size": [8, 1]},
								"west": {"uv": [52, 46], "uv_size": [4, 1]},
								"up": {"uv": [0, 0], "uv_size": [0, 0]},
								"down": {"uv": [0, 0], "uv_size": [0, 0]}
							}
						}
					]
				},
				{
					"name": "shirt2",
					"parent": "hide_parts",
					"pivot": [0, 22.5, -1.5],
					"rotation": [-31, 0, 0],
					"cubes": [
						{
							"origin": [-3.75, 19.83572, -1.8015],
							"size": [4, 3, 2],
							"inflate": -0.251,
							"uv": {
								"north": {"uv": [112, 12], "uv_size": [4, 3]},
								"east": {"uv": [110, 12], "uv_size": [2, 3]},
								"south": {"uv": [0, 0], "uv_size": [0, 0]},
								"west": {"uv": [0, 0], "uv_size": [0, 0]},
								"up": {"uv": [112, 10], "uv_size": [4, 2]},
								"down": {"uv": [116, 12], "uv_size": [4, -2]}
							}
						},
						{
							"origin": [-0.25, 19.83572, -1.8015],
							"size": [4, 3, 2],
							"inflate": -0.251,
							"uv": {
								"north": {"uv": [103, 12], "uv_size": [-4, 3]},
								"east": {"uv": [0, 0], "uv_size": [0, 0]},
								"south": {"uv": [0, 0], "uv_size": [0, 0]},
								"west": {"uv": [99, 12], "uv_size": [-2, 3]},
								"up": {"uv": [103, 10], "uv_size": [-4, 2]},
								"down": {"uv": [107, 12], "uv_size": [-4, -2]}
							}
						}
					]
				},
				{
					"name": "buibui",
					"parent": "hide_parts",
					"pivot": [0, 21, 0]
				},
				{
					"name": "mind",
					"parent": "buibui",
					"pivot": [2.08333, 19.5, 3],
					"rotation": [0, 180, -37.5],
					"cubes": [
						{"origin": [-2.75, 18, 1.5], "size": [15, 3, 3], "uv": [0, 73]},
						{"origin": [4, 17.5, 1], "size": [1, 4, 4], "uv": [0, 88]},
						{"origin": [-4, 17.5, 1], "size": [2, 4, 4], "inflate": -0.2, "uv": [11, 88]},
						{"origin": [-4.5, 17.5, 1], "size": [1, 4, 4], "inflate": -0.3, "uv": [52, 62]}
					]
				},
				{
					"name": "bone11",
					"parent": "mind",
					"pivot": [2.25, 4, 13.5],
					"cubes": [
						{"origin": [11.8, 17.5, 1], "size": [1.2, 4, 1], "inflate": -0.2, "uv": [4, 83]}
					]
				},
				{
					"name": "bone12",
					"parent": "bone11",
					"pivot": [12.4, 19.5, 1.5],
					"rotation": [-90, 0, 0],
					"cubes": [
						{
							"origin": [11.8, 19, 2.5],
							"size": [1.2, 4, 1],
							"inflate": -0.2,
							"uv": {
								"north": {"uv": [9, 84], "uv_size": [1, 4]},
								"east": {"uv": [8, 84], "uv_size": [1, 4]},
								"south": {"uv": [11, 84], "uv_size": [1, 4]},
								"west": {"uv": [10, 84], "uv_size": [1, 4]},
								"up": {"uv": [9, 83], "uv_size": [1, 1]},
								"down": {"uv": [0, 0], "uv_size": [0, 0]}
							}
						}
					]
				},
				{
					"name": "bone13",
					"parent": "bone11",
					"pivot": [12.4, 24, 0],
					"rotation": [90, 0, 0],
					"cubes": [
						{
							"origin": [11.8, 19, -3.5],
							"size": [1.2, 4, 1],
							"inflate": -0.2,
							"uv": {
								"north": {"uv": [1, 84], "uv_size": [1, 4]},
								"east": {"uv": [0, 84], "uv_size": [1, 4]},
								"south": {"uv": [3, 84], "uv_size": [1, 4]},
								"west": {"uv": [2, 84], "uv_size": [1, 4]},
								"up": {"uv": [0, 0], "uv_size": [0, 0]},
								"down": {"uv": [2, 84], "uv_size": [1, -1]}
							}
						}
					]
				},
				{
					"name": "bone14",
					"parent": "bone11",
					"pivot": [2.25, 4, -7.5],
					"cubes": [
						{
							"origin": [11.8, 17.5, 4],
							"size": [1.2, 4, 1],
							"inflate": -0.2,
							"uv": {
								"north": {"uv": [13, 84], "uv_size": [1, 4]},
								"east": {"uv": [12, 84], "uv_size": [1, 4]},
								"south": {"uv": [15, 84], "uv_size": [1, 4]},
								"west": {"uv": [14, 84], "uv_size": [1, 4]},
								"up": {"uv": [0, 0], "uv_size": [0, 0]},
								"down": {"uv": [0, 0], "uv_size": [0, 0]}
							}
						}
					]
				},
				{
					"name": "bone15",
					"parent": "mind",
					"pivot": [-7.75, 8, 13.5],
					"cubes": [
						{
							"origin": [0.1, 20.5, 2.5],
							"size": [1, 2, 1],
							"inflate": -0.2,
							"uv": {
								"north": {"uv": [21, 89], "uv_size": [1, 2]},
								"east": {"uv": [20, 89], "uv_size": [1, 2]},
								"south": {"uv": [23, 89], "uv_size": [1, 2]},
								"west": {"uv": [22, 89], "uv_size": [1, 2]},
								"up": {"uv": [21, 88], "uv_size": [1, 1]},
								"down": {"uv": [0, 0], "uv_size": [0, 0]}
							}
						},
						{"origin": [-1.9, 21.5, 2.5], "size": [3, 1, 1], "inflate": -0.2, "uv": [17, 83]},
						{
							"origin": [-1.9, 20.5, 2.5],
							"size": [1, 2, 1],
							"inflate": -0.2,
							"uv": {
								"north": {"uv": [21, 89], "uv_size": [1, 2]},
								"east": {"uv": [20, 89], "uv_size": [1, 2]},
								"south": {"uv": [23, 89], "uv_size": [1, 2]},
								"west": {"uv": [22, 89], "uv_size": [1, 2]},
								"up": {"uv": [21, 88], "uv_size": [1, 1]},
								"down": {"uv": [0, 0], "uv_size": [0, 0]}
							}
						},
						{
							"origin": [-1.9, 15, -1.5],
							"size": [1, 9, 9],
							"inflate": -3.4,
							"uv": {
								"north": {"uv": [0, 0], "uv_size": [0, 0]},
								"east": {"uv": [0, 0], "uv_size": [0, 0]},
								"south": {"uv": [0, 0], "uv_size": [0, 0]},
								"west": {"uv": [40, 60], "uv_size": [-9, 9]},
								"up": {"uv": [0, 0], "uv_size": [0, 0]},
								"down": {"uv": [0, 0], "uv_size": [0, 0]}
							}
						}
					]
				},
				{
					"name": "bone16",
					"parent": "mind",
					"pivot": [2.25, 8, 13.5],
					"cubes": [
						{
							"origin": [10.1, 20.5, 2.5],
							"size": [1, 2, 1],
							"inflate": -0.2,
							"uv": {
								"north": {"uv": [21, 89], "uv_size": [1, 2]},
								"east": {"uv": [20, 89], "uv_size": [1, 2]},
								"south": {"uv": [23, 89], "uv_size": [1, 2]},
								"west": {"uv": [22, 89], "uv_size": [1, 2]},
								"up": {"uv": [21, 88], "uv_size": [1, 1]},
								"down": {"uv": [0, 0], "uv_size": [0, 0]}
							}
						},
						{"origin": [8.1, 21.5, 2.5], "size": [3, 1, 1], "inflate": -0.2, "uv": [17, 83]},
						{
							"origin": [8.1, 20.5, 2.5],
							"size": [1, 2, 1],
							"inflate": -0.2,
							"uv": {
								"north": {"uv": [21, 89], "uv_size": [1, 2]},
								"east": {"uv": [20, 89], "uv_size": [1, 2]},
								"south": {"uv": [23, 89], "uv_size": [1, 2]},
								"west": {"uv": [22, 89], "uv_size": [1, 2]},
								"up": {"uv": [21, 88], "uv_size": [1, 1]},
								"down": {"uv": [0, 0], "uv_size": [0, 0]}
							}
						}
					]
				},
				{
					"name": "bone17",
					"parent": "mind",
					"pivot": [2.25, -1, 13.5]
				},
				{
					"name": "bone18",
					"parent": "bone17",
					"pivot": [2.25, -1, 13.5]
				},
				{
					"name": "bone19",
					"parent": "bone18",
					"pivot": [-1.4375, 19.6125, 1.15],
					"rotation": [0, 180, 0],
					"cubes": [
						{
							"origin": [-19.5, 13.75, 1.7],
							"size": [17, 12, 1],
							"inflate": -5,
							"uv": {
								"north": {"uv": [0, 0], "uv_size": [0, 0]},
								"east": {"uv": [0, 0], "uv_size": [0, 0]},
								"south": {"uv": [61, 88], "uv_size": [-17, 12]},
								"west": {"uv": [0, 0], "uv_size": [0, 0]},
								"up": {"uv": [0, 0], "uv_size": [0, 0]},
								"down": {"uv": [0, 0], "uv_size": [0, 0]}
							}
						},
						{
							"origin": [-10.8, 14.2, 1.5],
							"size": [11, 11, 1],
							"inflate": -4.8,
							"uv": {
								"north": {"uv": [0, 0], "uv_size": [0, 0]},
								"east": {"uv": [0, 0], "uv_size": [0, 0]},
								"south": {"uv": [39, 103], "uv_size": [11, 11]},
								"west": {"uv": [0, 0], "uv_size": [0, 0]},
								"up": {"uv": [0, 0], "uv_size": [0, 0]},
								"down": {"uv": [0, 0], "uv_size": [0, 0]}
							}
						},
						{
							"origin": [-11.5, 13.5, 1.7],
							"size": [16, 12, 1],
							"inflate": -5,
							"uv": {
								"north": {"uv": [0, 0], "uv_size": [0, 0]},
								"east": {"uv": [0, 0], "uv_size": [0, 0]},
								"south": {"uv": [112, 107], "uv_size": [-16, 12]},
								"west": {"uv": [0, 0], "uv_size": [0, 0]},
								"up": {"uv": [0, 0], "uv_size": [0, 0]},
								"down": {"uv": [0, 0], "uv_size": [0, 0]}
							}
						},
						{
							"origin": [-9.3, 13.5, 1.7],
							"size": [13, 12, 1],
							"inflate": -5,
							"uv": {
								"north": {"uv": [0, 0], "uv_size": [0, 0]},
								"east": {"uv": [0, 0], "uv_size": [0, 0]},
								"south": {"uv": [56, 73], "uv_size": [13, 12]},
								"west": {"uv": [0, 0], "uv_size": [0, 0]},
								"up": {"uv": [0, 0], "uv_size": [0, 0]},
								"down": {"uv": [0, 0], "uv_size": [0, 0]}
							}
						},
						{
							"origin": [-16.65, 13, 1.6],
							"size": [13, 12, 1],
							"inflate": -5,
							"uv": {
								"north": {"uv": [0, 0], "uv_size": [0, 0]},
								"east": {"uv": [0, 0], "uv_size": [0, 0]},
								"south": {"uv": [43, 116], "uv_size": [13, 12]},
								"west": {"uv": [0, 0], "uv_size": [0, 0]},
								"up": {"uv": [0, 0], "uv_size": [0, 0]},
								"down": {"uv": [0, 0], "uv_size": [0, 0]}
							}
						}
					]
				},
				{
					"name": "bone20",
					"parent": "bone18",
					"pivot": [2.25, -1, 13.5],
					"cubes": [
						{
							"origin": [-0.75, 13.75, 5.4],
							"size": [17, 12, 1],
							"inflate": -5,
							"uv": {
								"north": {"uv": [0, 0], "uv_size": [0, 0]},
								"east": {"uv": [0, 0], "uv_size": [0, 0]},
								"south": {"uv": [44, 88], "uv_size": [17, 12]},
								"west": {"uv": [0, 0], "uv_size": [0, 0]},
								"up": {"uv": [0, 0], "uv_size": [0, 0]},
								"down": {"uv": [0, 0], "uv_size": [0, 0]}
							}
						},
						{
							"origin": [-3.5, 14.2, 5.2],
							"size": [11, 11, 1],
							"inflate": -4.8,
							"uv": {
								"north": {"uv": [0, 0], "uv_size": [0, 0]},
								"east": {"uv": [0, 0], "uv_size": [0, 0]},
								"south": {"uv": [39, 103], "uv_size": [11, 11]},
								"west": {"uv": [0, 0], "uv_size": [0, 0]},
								"up": {"uv": [0, 0], "uv_size": [0, 0]},
								"down": {"uv": [0, 0], "uv_size": [0, 0]}
							}
						},
						{
							"origin": [-7.5, 13.5, 5.4],
							"size": [16, 12, 1],
							"inflate": -5,
							"uv": {
								"north": {"uv": [0, 0], "uv_size": [0, 0]},
								"east": {"uv": [0, 0], "uv_size": [0, 0]},
								"south": {"uv": [96, 107], "uv_size": [16, 12]},
								"west": {"uv": [0, 0], "uv_size": [0, 0]},
								"up": {"uv": [0, 0], "uv_size": [0, 0]},
								"down": {"uv": [0, 0], "uv_size": [0, 0]}
							}
						},
						{
							"origin": [-6.5, 13.5, 5.4],
							"size": [13, 12, 1],
							"inflate": -5,
							"uv": {
								"north": {"uv": [0, 0], "uv_size": [0, 0]},
								"east": {"uv": [0, 0], "uv_size": [0, 0]},
								"south": {"uv": [56, 73], "uv_size": [13, 12]},
								"west": {"uv": [0, 0], "uv_size": [0, 0]},
								"up": {"uv": [0, 0], "uv_size": [0, 0]},
								"down": {"uv": [0, 0], "uv_size": [0, 0]}
							}
						},
						{
							"origin": [0.8, 13, 5.35],
							"size": [13, 12, 1],
							"inflate": -5,
							"uv": {
								"north": {"uv": [0, 0], "uv_size": [0, 0]},
								"east": {"uv": [0, 0], "uv_size": [0, 0]},
								"south": {"uv": [43, 116], "uv_size": [13, 12]},
								"west": {"uv": [0, 0], "uv_size": [0, 0]},
								"up": {"uv": [0, 0], "uv_size": [0, 0]},
								"down": {"uv": [0, 0], "uv_size": [0, 0]}
							}
						}
					]
				},
				{
					"name": "bone21",
					"parent": "bone17",
					"pivot": [2.25, -1, 13.5],
					"cubes": [
						{"origin": [4.8, 17.25, 2.5], "size": [6, 1, 1], "inflate": -0.2, "uv": [0, 96]},
						{"origin": [5.8, 17.4, 1.5], "size": [3, 1, 3], "inflate": -0.01, "uv": [28, 81]}
					]
				},
				{
					"name": "bone22",
					"parent": "bone17",
					"pivot": [-4.75, -1, 13.5],
					"cubes": [
						{"origin": [1.25, 17.25, 2.5], "size": [3, 1, 1], "inflate": -0.2, "uv": [14, 96]},
						{"origin": [-2.4, 15.25, 2.5], "size": [2, 3, 1], "inflate": -0.2, "uv": [57, 124]},
						{"origin": [-0.8, 16.65, 2.5], "size": [3, 1, 1], "inflate": -0.2, "uv": [18, 80]}
					]
				},
				{
					"name": "right_arm",
					"pivot": [-4, 22, 0],
					"cubes": [
						{"origin": [-6.25, 17.25, -1.5], "size": [3.25, 6.5, 3], "inflate": -0.251, "uv": [87, 30], "mirror": true}
					]
				},
				{
					"name": "right_chestplate",
					"parent": "right_arm",
					"pivot": [-4.75, 22, 0]
				},
				{
					"name": "right_arm_down",
					"parent": "right_arm",
					"pivot": [-4.75, 17.5, 1.25],
					"cubes": [
						{"origin": [-6.25, 12.25, -1.5], "size": [3.25, 5.5, 3], "inflate": -0.251, "uv": [101, 31], "mirror": true},
						{
							"origin": [-6.6, 14, -2],
							"size": [4, 2, 4],
							"inflate": -0.6,
							"uv": {
								"north": {"uv": [116, 40], "uv_size": [4, 2]},
								"east": {"uv": [112, 40], "uv_size": [4, 2]},
								"south": {"uv": [124, 40], "uv_size": [4, 2]},
								"west": {"uv": [120, 40], "uv_size": [4, 2]},
								"up": {"uv": [0, 0], "uv_size": [0, 0]},
								"down": {"uv": [0, 0], "uv_size": [0, 0]}
							}
						},
						{
							"origin": [-6.6, 12.7, -2],
							"size": [4, 2, 4],
							"inflate": -0.6,
							"uv": {
								"north": {"uv": [116, 46], "uv_size": [4, 2]},
								"east": {"uv": [112, 46], "uv_size": [4, 2]},
								"south": {"uv": [124, 46], "uv_size": [4, 2]},
								"west": {"uv": [120, 46], "uv_size": [4, 2]},
								"up": {"uv": [0, 0], "uv_size": [0, 0]},
								"down": {"uv": [0, 0], "uv_size": [0, 0]}
							}
						}
					]
				},
				{
					"name": "left_arm",
					"pivot": [4, 22, 0],
					"cubes": [
						{"origin": [3, 17.25, -1.5], "size": [3.25, 6.5, 3], "inflate": -0.251, "uv": [87, 30]}
					]
				},
				{
					"name": "left_chestplate",
					"parent": "left_arm",
					"pivot": [4.75, 22, 0]
				},
				{
					"name": "left_arm_down",
					"parent": "left_arm",
					"pivot": [4.75, 17.5, 1.25],
					"cubes": [
						{"origin": [3, 12.25, -1.5], "size": [3.25, 5.5, 3], "inflate": -0.251, "uv": [101, 31]}
					]
				},
				{
					"name": "left_leg",
					"pivot": [1.75, 12, 0],
					"cubes": [
						{"origin": [0.25, 7, -1.5], "size": [3, 5, 3], "uv": [99, 40]}
					]
				},
				{
					"name": "left_leg_down",
					"parent": "left_leg",
					"pivot": [1.75, 7, -1.5],
					"cubes": [
						{"origin": [0.25, 1.01, -1.5], "size": [3, 6, 3], "uv": [87, 40]}
					]
				},
				{
					"name": "left_foot",
					"parent": "left_leg_down",
					"pivot": [1.75, 7, -1.5],
					"cubes": [
						{
							"origin": [0.75, 0, -4.36603],
							"size": [2, 2, 1],
							"inflate": 0.001,
							"uv": {
								"north": {"uv": [106, 57], "uv_size": [2, 2]},
								"east": {"uv": [0, 0], "uv_size": [0, 0]},
								"south": {"uv": [0, 0], "uv_size": [0, 0]},
								"west": {"uv": [0, 0], "uv_size": [0, 0]},
								"up": {"uv": [106, 56], "uv_size": [2, 1]},
								"down": {"uv": [108, 57], "uv_size": [2, -1]}
							}
						},
						{
							"origin": [0.25, 0, 0.5],
							"size": [3, 1, 1],
							"uv": {
								"north": {"uv": [105, 62], "uv_size": [3, 1]},
								"east": {"uv": [104, 62], "uv_size": [1, 1]},
								"south": {"uv": [109, 62], "uv_size": [3, 1]},
								"west": {"uv": [108, 62], "uv_size": [1, 1]},
								"up": {"uv": [0, 0], "uv_size": [0, 0]},
								"down": {"uv": [108, 62], "uv_size": [3, -1]}
							}
						},
						{
							"origin": [0.25, 0, -3.5],
							"size": [3, 1, 3],
							"inflate": 0.01,
							"uv": {
								"north": {"uv": [90, 53], "uv_size": [3, 1]},
								"east": {"uv": [87, 53], "uv_size": [3, 1]},
								"south": {"uv": [96, 53], "uv_size": [3, 1]},
								"west": {"uv": [93, 53], "uv_size": [3, 1]},
								"up": {"uv": [0, 0], "uv_size": [0, 0]},
								"down": {"uv": [93, 53], "uv_size": [3, -3]}
							}
						},
						{
							"origin": [0.25, 1, -3.5],
							"size": [3, 1, 5],
							"inflate": 0.01,
							"uv": {
								"north": {"uv": [92, 60], "uv_size": [3, 1]},
								"east": {"uv": [87, 60], "uv_size": [5, 1]},
								"south": {"uv": [100, 60], "uv_size": [3, 1]},
								"west": {"uv": [95, 60], "uv_size": [5, 1]},
								"up": {"uv": [0, 0], "uv_size": [0, 0]},
								"down": {"uv": [95, 60], "uv_size": [3, -5]}
							}
						}
					]
				},
				{
					"name": "shoes2",
					"parent": "left_foot",
					"pivot": [3.25, 0, -3.5],
					"rotation": [0, 30, 0],
					"cubes": [
						{
							"origin": [2.25, 0, -4.5],
							"size": [1, 2, 1],
							"uv": {
								"north": {"uv": [0, 0], "uv_size": [0, 0]},
								"east": {"uv": [0, 0], "uv_size": [0, 0]},
								"south": {"uv": [0, 0], "uv_size": [0, 0]},
								"west": {"uv": [103, 50], "uv_size": [-1, 2]},
								"up": {"uv": [104, 49], "uv_size": [-1, 1]},
								"down": {"uv": [105, 50], "uv_size": [-1, -1]}
							}
						}
					]
				},
				{
					"name": "shoes3",
					"parent": "left_foot",
					"pivot": [0.25, 0, -3.5],
					"rotation": [0, -30, 0],
					"cubes": [
						{
							"origin": [0.25, 0, -4.5],
							"size": [1, 2, 1],
							"uv": {
								"north": {"uv": [0, 0], "uv_size": [0, 0]},
								"east": {"uv": [102, 50], "uv_size": [1, 2]},
								"south": {"uv": [0, 0], "uv_size": [0, 0]},
								"west": {"uv": [0, 0], "uv_size": [0, 0]},
								"up": {"uv": [103, 49], "uv_size": [1, 1]},
								"down": {"uv": [104, 50], "uv_size": [1, -1]}
							}
						}
					]
				},
				{
					"name": "shoes",
					"parent": "left_foot",
					"pivot": [1.75, 2, -3.5],
					"rotation": [27.5, 0, 0],
					"cubes": [
						{
							"origin": [0.25, 1, -3.5],
							"size": [3, 1, 4],
							"inflate": 0.021,
							"uv": {
								"north": {"uv": [117, 53], "uv_size": [3, 1]},
								"east": {"uv": [113, 53], "uv_size": [4, 1]},
								"south": {"uv": [124, 53], "uv_size": [3, 1]},
								"west": {"uv": [120, 53], "uv_size": [4, 1]},
								"up": {"uv": [117, 49], "uv_size": [3, 4]},
								"down": {"uv": [0, 0], "uv_size": [0, 0]}
							}
						}
					]
				},
				{
					"name": "left_leg_hide_parts",
					"parent": "left_leg",
					"pivot": [-20, 25, -2],
					"cubes": [
						{
							"origin": [-0.25, 7.5, -2],
							"size": [4, 2, 4],
							"inflate": -0.45,
							"uv": {
								"north": {"uv": [116, 59], "uv_size": [4, 2]},
								"east": {"uv": [112, 59], "uv_size": [4, 2]},
								"south": {"uv": [124, 59], "uv_size": [4, 2]},
								"west": {"uv": [120, 59], "uv_size": [4, 2]},
								"up": {"uv": [0, 0], "uv_size": [0, 0]},
								"down": {"uv": [0, 0], "uv_size": [0, 0]}
							}
						},
						{
							"origin": [-0.75, 8.4, -2.5],
							"size": [5, 3, 5],
							"inflate": -0.95,
							"uv": {
								"north": {"uv": [112, 69], "uv_size": [5, 3]},
								"east": {"uv": [107, 69], "uv_size": [5, 3]},
								"south": {"uv": [122, 69], "uv_size": [5, 3]},
								"west": {"uv": [117, 69], "uv_size": [5, 3]},
								"up": {"uv": [0, 0], "uv_size": [0, 0]},
								"down": {"uv": [0, 0], "uv_size": [0, 0]}
							}
						}
					]
				},
				{
					"name": "bone26",
					"parent": "left_leg_hide_parts",
					"pivot": [2.4, 9.5, 1.8],
					"rotation": [0, 180, 0],
					"cubes": [
						{
							"origin": [-3.1, 4.5, 0.5],
							"size": [11, 11, 1],
							"inflate": -4.7,
							"uv": {
								"north": {"uv": [35, 18], "uv_size": [-11, 11]},
								"east": {"uv": [0, 0], "uv_size": [0, 0]},
								"south": {"uv": [0, 0], "uv_size": [0, 0]},
								"west": {"uv": [0, 0], "uv_size": [0, 0]},
								"up": {"uv": [0, 0], "uv_size": [0, 0]},
								"down": {"uv": [0, 0], "uv_size": [0, 0]}
							}
						}
					]
				},
				{
					"name": "buibui2",
					"parent": "left_leg_hide_parts",
					"pivot": [-25, 23, -3],
					"cubes": [
						{"origin": [2.4, 6, -1.8], "size": [3, 7, 3], "inflate": -2, "uv": [73, 18]},
						{"origin": [2.4, 8, -1.8], "size": [3, 5, 5], "inflate": -2, "uv": [71, 28]},
						{
							"origin": [3.6, 7.8, -0.8],
							"size": [1, 2, 1],
							"inflate": 0.2,
							"uv": {
								"north": {"uv": [73, 30], "uv_size": [1, 2]},
								"east": {"uv": [72, 30], "uv_size": [1, 2]},
								"south": {"uv": [75, 30], "uv_size": [1, 2]},
								"west": {"uv": [74, 30], "uv_size": [1, 2]},
								"up": {"uv": [0, 0], "uv_size": [0, 0]},
								"down": {"uv": [74, 30], "uv_size": [1, -1]}
							}
						}
					]
				},
				{
					"name": "right_leg",
					"pivot": [-1.75, 12, 0],
					"cubes": [
						{"origin": [-3.25, 7, -1.5], "size": [3, 5, 3], "uv": [99, 40], "mirror": true}
					]
				},
				{
					"name": "right_leg_down",
					"parent": "right_leg",
					"pivot": [-1.75, 7, -1.5],
					"cubes": [
						{"origin": [-3.25, 1.01, -1.5], "size": [3, 6, 3], "uv": [87, 40], "mirror": true},
						{
							"origin": [-3.25, 1, -1.5],
							"size": [3, 6, 3],
							"inflate": 0.1,
							"uv": {
								"north": {"uv": [97, 68], "uv_size": [-3, 6]},
								"east": {"uv": [100, 68], "uv_size": [-3, 6]},
								"south": {"uv": [103, 68], "uv_size": [-3, 6]},
								"west": {"uv": [94, 68], "uv_size": [-3, 6]},
								"up": {"uv": [0, 0], "uv_size": [0, 0]},
								"down": {"uv": [0, 0], "uv_size": [0, 0]}
							}
						}
					]
				},
				{
					"name": "right_foot",
					"parent": "right_leg_down",
					"pivot": [-1.75, 7, -1.5],
					"cubes": [
						{
							"origin": [-2.75, 0, -4.36603],
							"size": [2, 2, 1],
							"inflate": 0.001,
							"uv": {
								"north": {"uv": [108, 57], "uv_size": [-2, 2]},
								"east": {"uv": [0, 0], "uv_size": [0, 0]},
								"south": {"uv": [0, 0], "uv_size": [0, 0]},
								"west": {"uv": [0, 0], "uv_size": [0, 0]},
								"up": {"uv": [108, 56], "uv_size": [-2, 1]},
								"down": {"uv": [110, 57], "uv_size": [-2, -1]}
							}
						},
						{
							"origin": [-3.25, 0, 0.5],
							"size": [3, 1, 1],
							"uv": {
								"north": {"uv": [108, 62], "uv_size": [-3, 1]},
								"east": {"uv": [109, 62], "uv_size": [-1, 1]},
								"south": {"uv": [112, 62], "uv_size": [-3, 1]},
								"west": {"uv": [105, 62], "uv_size": [-1, 1]},
								"up": {"uv": [0, 0], "uv_size": [0, 0]},
								"down": {"uv": [111, 62], "uv_size": [-3, -1]}
							}
						},
						{
							"origin": [-3.25, 0, -3.5],
							"size": [3, 1, 3],
							"inflate": 0.01,
							"uv": {
								"north": {"uv": [93, 53], "uv_size": [-3, 1]},
								"east": {"uv": [96, 53], "uv_size": [-3, 1]},
								"south": {"uv": [99, 53], "uv_size": [-3, 1]},
								"west": {"uv": [90, 53], "uv_size": [-3, 1]},
								"up": {"uv": [0, 0], "uv_size": [0, 0]},
								"down": {"uv": [96, 53], "uv_size": [-3, -3]}
							}
						},
						{
							"origin": [-3.25, 1, -3.5],
							"size": [3, 1, 5],
							"inflate": 0.01,
							"uv": {
								"north": {"uv": [95, 60], "uv_size": [-3, 1]},
								"east": {"uv": [100, 60], "uv_size": [-5, 1]},
								"south": {"uv": [103, 60], "uv_size": [-3, 1]},
								"west": {"uv": [92, 60], "uv_size": [-5, 1]},
								"up": {"uv": [0, 0], "uv_size": [0, 0]},
								"down": {"uv": [98, 60], "uv_size": [-3, -5]}
							}
						}
					]
				},
				{
					"name": "shoes4",
					"parent": "right_foot",
					"pivot": [-3.25, 0, -3.5],
					"rotation": [0, -30, 0],
					"cubes": [
						{
							"origin": [-3.25, 0, -4.5],
							"size": [1, 2, 1],
							"uv": {
								"north": {"uv": [0, 0], "uv_size": [0, 0]},
								"east": {"uv": [102, 50], "uv_size": [1, 2]},
								"south": {"uv": [0, 0], "uv_size": [0, 0]},
								"west": {"uv": [0, 0], "uv_size": [0, 0]},
								"up": {"uv": [103, 49], "uv_size": [1, 1]},
								"down": {"uv": [104, 50], "uv_size": [1, -1]}
							}
						}
					]
				},
				{
					"name": "shoes5",
					"parent": "right_foot",
					"pivot": [-0.25, 0, -3.5],
					"rotation": [0, 30, 0],
					"cubes": [
						{
							"origin": [-1.25, 0, -4.5],
							"size": [1, 2, 1],
							"uv": {
								"north": {"uv": [0, 0], "uv_size": [0, 0]},
								"east": {"uv": [0, 0], "uv_size": [0, 0]},
								"south": {"uv": [0, 0], "uv_size": [0, 0]},
								"west": {"uv": [103, 50], "uv_size": [-1, 2]},
								"up": {"uv": [104, 49], "uv_size": [-1, 1]},
								"down": {"uv": [105, 50], "uv_size": [-1, -1]}
							}
						}
					]
				},
				{
					"name": "shoes6",
					"parent": "right_foot",
					"pivot": [-1.75, 2, -3.5],
					"rotation": [27.5, 0, 0],
					"cubes": [
						{
							"origin": [-3.25, 1, -3.5],
							"size": [3, 1, 4],
							"inflate": 0.021,
							"uv": {
								"north": {"uv": [120, 53], "uv_size": [-3, 1]},
								"east": {"uv": [124, 53], "uv_size": [-4, 1]},
								"south": {"uv": [127, 53], "uv_size": [-3, 1]},
								"west": {"uv": [117, 53], "uv_size": [-4, 1]},
								"up": {"uv": [120, 49], "uv_size": [-3, 4]},
								"down": {"uv": [0, 0], "uv_size": [0, 0]}
							}
						}
					]
				}
			]
		}
	]
}