{
	"format_version": "1.12.0",
	"minecraft:geometry": [
		{
			"description": {
				"identifier": "geometry.model",
				"texture_width": 128,
				"texture_height": 128,
				"visible_bounds_width": 3,
				"visible_bounds_height": 3.5,
				"visible_bounds_offset": [0, 1.25, 0]
			},
			"bones": [
				{
					"name": "hat",
					"pivot": [0, 24, 0]
				},
				{
					"name": "bone2",
					"parent": "hat",
					"pivot": [3.5, 33, -2.2],
					"cubes": [
						{"origin": [-1, 30, 3.5], "size": [2, 1, 1], "uv": [52, 47]}
					]
				},
				{
					"name": "bone3",
					"parent": "bone2",
					"pivot": [-0.5, 30.1, 4.3],
					"rotation": [5, 0, 10],
					"cubes": [
						{"origin": [-1.5, 22.5, 3.8], "size": [2, 9, 1], "inflate": -0.6, "uv": [69, 47], "mirror": true}
					]
				},
				{
					"name": "bow",
					"parent": "hat",
					"pivot": [3.05, 32.5, -2.2],
					"rotation": [7.5, 0, 27.5],
					"cubes": [
						{"origin": [2.55, 31.5, -2.7], "size": [1, 2, 1], "inflate": -0.15, "uv": [44, 53]}
					]
				},
				{
					"name": "bone",
					"parent": "bow",
					"pivot": [3.05, 32.5, -2.2]
				},
				{
					"name": "up1",
					"parent": "bow",
					"pivot": [3.05, 32.5, -2.25],
					"rotation": [0, 0.1, -15.5],
					"cubes": [
						{"origin": [0.03989, 29.50951, -4.62], "size": [8, 6, 4.92], "inflate": -2.3, "uv": [50, 16], "mirror": true}
					]
				},
				{
					"name": "down1",
					"parent": "bow",
					"pivot": [3.05, 32.5, -2.5],
					"rotation": [0, 0, 13],
					"cubes": [
						{"origin": [0.64339, 29.57669, -4.41], "size": [7.5, 6, 4.5], "inflate": -2.4, "uv": [52, 37], "mirror": true}
					]
				},
				{
					"name": "up2",
					"parent": "bow",
					"pivot": [3.05, 32.5, -2.25],
					"rotation": [0, 0, 15.5],
					"cubes": [
						{"origin": [-1.93989, 29.50951, -4.62], "size": [8, 6, 4.92], "inflate": -2.3, "uv": [50, 16]}
					]
				},
				{
					"name": "down2",
					"parent": "bow",
					"pivot": [3.05, 32.5, -2.5],
					"rotation": [0, 0, -13],
					"cubes": [
						{"origin": [-2.04339, 29.57669, -4.41], "size": [7.5, 6, 4.5], "inflate": -2.4, "uv": [52, 37]}
					]
				},
				{
					"name": "band",
					"parent": "hat",
					"pivot": [0.5, 30.1, 4.3],
					"rotation": [5, 0, -10],
					"cubes": [
						{"origin": [-0.5, 22.5, 3.8], "size": [2, 9, 1], "inflate": -0.6, "uv": [69, 47]}
					]
				},
				{
					"name": "head",
					"pivot": [0, 24, 0],
					"mirror": true,
					"cubes": [
						{"origin": [-4, 24, -4], "size": [8, 8, 8], "uv": [0, 37], "mirror": false},
						{"origin": [-4, 24, -4], "size": [8, 8, 8], "inflate": 0.3, "uv": [32, 0], "mirror": false}
					]
				},
				{
					"name": "left_ear",
					"parent": "head",
					"pivot": [2, 30, -1]
				},
				{
					"name": "ear4",
					"parent": "left_ear",
					"pivot": [3, 32, -1],
					"rotation": [10, 0, 20],
					"cubes": [
						{"origin": [1.49815, 30.80208, -1.95527], "size": [1, 3, 1], "uv": [24, 0], "mirror": true}
					]
				},
				{
					"name": "ear5",
					"parent": "ear4",
					"pivot": [2.68584, 30.86585, -2.43628],
					"rotation": [13.5773, -1.77024, 7.28925],
					"cubes": [
						{"origin": [1.76002, 31.16281, -1.08299], "size": [2, 3, 1], "uv": [30, 53], "mirror": true}
					]
				},
				{
					"name": "ear6",
					"parent": "ear4",
					"pivot": [1.53584, 34.01585, -3.18628],
					"rotation": [0, 0, 35],
					"cubes": [
						{"origin": [1.62758, 33.81912, -1.95527], "size": [1, 3, 1], "inflate": 0.001, "uv": [36, 0], "mirror": true}
					]
				},
				{
					"name": "ear10",
					"parent": "ear6",
					"pivot": [2.53584, 37.01585, -3.18628],
					"rotation": [0, 0, -45],
					"cubes": [
						{"origin": [1.46161, 33.81188, -1.95527], "size": [1, 3, 1], "uv": [36, 0], "mirror": true}
					]
				},
				{
					"name": "ear11",
					"parent": "ear10",
					"pivot": [2.53584, 34.01585, -3.18628],
					"rotation": [0, 0, 30],
					"cubes": [
						{"origin": [1.57354, 30.80208, -1.95527], "size": [1, 3, 1], "inflate": -0.001, "uv": [24, 0], "mirror": true}
					]
				},
				{
					"name": "ear12",
					"parent": "ear4",
					"pivot": [2.78584, 31.01585, -1.18628],
					"cubes": [
						{"origin": [1.8077, 29.82527, -1.24912], "size": [2, 2, 1], "inflate": 0.001, "uv": [49, 37], "mirror": true}
					]
				},
				{
					"name": "right_ear",
					"parent": "head",
					"pivot": [-2, 30, -1]
				},
				{
					"name": "ear2",
					"parent": "right_ear",
					"pivot": [-3, 32, -1],
					"rotation": [10, 0, -20],
					"cubes": [
						{"origin": [-2.49815, 30.80208, -1.95527], "size": [1, 3, 1], "uv": [24, 0]}
					]
				},
				{
					"name": "ear3",
					"parent": "ear2",
					"pivot": [-2.68584, 30.86585, -2.43628],
					"rotation": [13.5773, 1.77024, -7.28925],
					"cubes": [
						{"origin": [-3.76002, 31.16281, -1.08299], "size": [2, 3, 1], "uv": [30, 53]}
					]
				},
				{
					"name": "ear7",
					"parent": "ear2",
					"pivot": [-1.53584, 34.01585, -3.18628],
					"rotation": [0, 0, -35],
					"cubes": [
						{"origin": [-2.62758, 33.81912, -1.95527], "size": [1, 3, 1], "inflate": 0.001, "uv": [36, 0]}
					]
				},
				{
					"name": "ear8",
					"parent": "ear7",
					"pivot": [-2.53584, 37.01585, -3.18628],
					"rotation": [0, 0, 45],
					"cubes": [
						{"origin": [-2.46161, 33.81188, -1.95527], "size": [1, 3, 1], "uv": [36, 0]}
					]
				},
				{
					"name": "ear9",
					"parent": "ear8",
					"pivot": [-2.53584, 34.01585, -3.18628],
					"rotation": [0, 0, -30],
					"cubes": [
						{"origin": [-2.57354, 30.80208, -1.95527], "size": [1, 3, 1], "inflate": -0.001, "uv": [24, 0]}
					]
				},
				{
					"name": "ear13",
					"parent": "ear2",
					"pivot": [-2.78584, 31.01585, -1.18628],
					"cubes": [
						{"origin": [-3.8077, 29.82527, -1.24912], "size": [2, 2, 1], "inflate": 0.001, "uv": [49, 37]}
					]
				},
				{
					"name": "long_hair",
					"parent": "head",
					"pivot": [0, 31, 4],
					"rotation": [5, 0, 0],
					"cubes": [
						{"origin": [-1, 26.40739, 6.34833], "size": [2, 1, 2], "inflate": 0.01, "uv": [32, 16]},
						{"origin": [0.07047, 23.5237, 6.33833], "size": [2, 1, 2], "inflate": 0.01, "uv": [32, 16]}
					]
				},
				{
					"name": "hair2",
					"parent": "long_hair",
					"pivot": [0, 32, 4],
					"rotation": [25, 0, 0],
					"cubes": [
						{"origin": [-1, 26, 4], "size": [2, 6, 2], "inflate": 0.01, "uv": [0, 0]}
					]
				},
				{
					"name": "hair7",
					"parent": "hair2",
					"pivot": [1, 32, 4],
					"rotation": [0, 0, 9.46232],
					"cubes": [
						{"origin": [1.00822, 26.01151, 4.009], "size": [1, 6, 2], "uv": [0, 37]}
					]
				},
				{
					"name": "hair8",
					"parent": "hair2",
					"pivot": [-1, 32, 4],
					"rotation": [0, 0, -9.46232],
					"cubes": [
						{"origin": [-2.00822, 26.01151, 4.009], "size": [1, 6, 2], "uv": [0, 37], "mirror": true}
					]
				},
				{
					"name": "hair3",
					"parent": "long_hair",
					"pivot": [-1, 26.40739, 7.34833],
					"rotation": [0, 0, -25],
					"cubes": [
						{"origin": [-1, 23.40739, 6.34833], "size": [2, 3, 2], "uv": [15, 28]}
					]
				},
				{
					"name": "hair6",
					"parent": "long_hair",
					"pivot": [0.22896, 15.93526, 4.48462],
					"rotation": [15, 0, 0],
					"cubes": [
						{"origin": [0.08047, 20.72545, 7.59715], "size": [2, 1, 1], "uv": [50, 26]},
						{"origin": [0.08047, 16.85247, 7.59715], "size": [1, 4, 1], "uv": [0, 28]}
					]
				},
				{
					"name": "bone5",
					"parent": "hair6",
					"pivot": [1.22896, 15.93526, 4.98462],
					"rotation": [0, 0, 14.4775],
					"cubes": [
						{"origin": [-0.14411, 16.78623, 7.59715], "size": [1, 4, 1], "uv": [0, 28]}
					]
				},
				{
					"name": "bone4",
					"parent": "long_hair",
					"pivot": [1.50309, 22.6274, 8.34833],
					"rotation": [-15, 0, 0],
					"cubes": [
						{"origin": [0.08047, 21.734, 6.14875], "size": [2, 2, 1], "uv": [29, 37]}
					]
				},
				{
					"name": "hair4",
					"parent": "bone4",
					"pivot": [1.50309, 22.6274, 8.34833],
					"rotation": [-14.47751, 0, 0],
					"cubes": [
						{"origin": [0.07947, 21.14797, 6.9112], "size": [2, 2.25, 1], "inflate": 0.001, "uv": [29, 37]}
					]
				},
				{
					"name": "tail",
					"pivot": [0, 15, 2]
				},
				{
					"name": "tail3",
					"parent": "tail",
					"pivot": [0, 18, 1],
					"rotation": [25, 0, 0],
					"mirror": true,
					"cubes": [
						{"origin": [-1.5, 8, -1], "size": [3, 7, 4], "inflate": -0.5, "uv": [34, 53], "mirror": false}
					]
				},
				{
					"name": "tail_down",
					"parent": "tail",
					"pivot": [0, 10, 7],
					"rotation": [9.66, 0, 0],
					"mirror": true,
					"cubes": [
						{"origin": [-1.5, 3.62865, 2.88723], "size": [3, 7, 4], "inflate": -0.5, "uv": [20, 53], "mirror": false},
						{"origin": [-1, 3.3641, 3.92286], "size": [2, 7, 2], "inflate": -0.5, "uv": [0, 65], "mirror": false}
					]
				},
				{
					"name": "body",
					"pivot": [0, 24, 0],
					"mirror": true,
					"cubes": [
						{"origin": [-2.5, 21.8, -2.5], "size": [5, 4, 5], "inflate": -1.25, "uv": [0, 28], "mirror": false},
						{"origin": [-3.5, 11.73, -1.5], "size": [7, 12, 3], "inflate": -0.251, "uv": [49, 50], "mirror": false},
						{"origin": [-3.5, 11.73, -1.5], "size": [7, 3, 3], "inflate": -0.02, "uv": [0, 53], "mirror": false}
					]
				},
				{
					"name": "hide_parts",
					"parent": "body",
					"pivot": [0, 24, 0]
				},
				{
					"name": "part",
					"parent": "hide_parts",
					"pivot": [0, 24, 0],
					"cubes": [
						{"origin": [0.9, 13, -1.8], "size": [1.5, 1, 1], "inflate": -0.3, "uv": [20, 55]}
					]
				},
				{
					"name": "2",
					"parent": "part",
					"pivot": [1.6, 22.8, -1.25],
					"rotation": [0, 0.7, 0]
				},
				{
					"name": "3",
					"parent": "part",
					"pivot": [-1.6, 22.8, -1.25],
					"rotation": [0, -0.7, 0]
				},
				{
					"name": "coat",
					"parent": "hide_parts",
					"pivot": [0, 24, 0],
					"cubes": [
						{"origin": [-3.5, 11.5, -1.5], "size": [7, 13, 3], "inflate": -0.01, "uv": [32, 37]}
					]
				},
				{
					"name": "left",
					"parent": "coat",
					"pivot": [0, 24, 0],
					"cubes": [
						{"origin": [-6.5, 7.5, -5.45], "size": [8.5, 20, 8], "inflate": -4, "uv": [0, 0]}
					]
				},
				{
					"name": "bone6",
					"parent": "left",
					"pivot": [-2.5, 23.5, -1.5],
					"rotation": [0, 10, 0],
					"cubes": [
						{"origin": [-3.2, 11.5, -1.5], "size": [1, 12, 0], "uv": [8, 65]}
					]
				},
				{
					"name": "bone7",
					"parent": "left",
					"pivot": [2.5, 23.5, -1.5],
					"rotation": [0, -10, 0],
					"cubes": [
						{"origin": [2.2, 11.5, -1.5], "size": [1, 12, 0], "uv": [8, 65], "mirror": true}
					]
				},
				{
					"name": "right",
					"parent": "coat",
					"pivot": [0, 24, 0],
					"cubes": [
						{"origin": [-2, 7.5, -5.45], "size": [8.5, 20, 8], "inflate": -4, "uv": [0, 0], "mirror": true}
					]
				},
				{
					"name": "right_arm",
					"pivot": [-4, 22, 0],
					"mirror": true,
					"cubes": [
						{"origin": [-6.5, 17.5, -1.5], "size": [3, 6, 3], "uv": [13, 64]}
					]
				},
				{
					"name": "right_chestplate",
					"parent": "right_arm",
					"pivot": [-5, 22, 0],
					"cubes": [
						{"origin": [-7, 16.7, -2], "size": [4, 2, 4], "inflate": -0.4, "uv": [0, 59], "mirror": true},
						{"origin": [-7, 21.7, -2], "size": [4, 1, 4], "inflate": -0.4, "uv": [59, 26], "mirror": true}
					]
				},
				{
					"name": "right_arm_down",
					"parent": "right_arm",
					"pivot": [-4.75, 17.5, 1.25],
					"cubes": [
						{"origin": [-6.7, 14, -1], "size": [0, 1, 2], "uv": [24, 42], "mirror": true},
						{"origin": [-6.5, 12.5, -1.5], "size": [3, 5, 3], "uv": [37, 64], "mirror": true},
						{"origin": [-7, 13.5, -2], "size": [4, 2, 4], "inflate": -0.35, "uv": [24, 0], "mirror": true}
					]
				},
				{
					"name": "left_arm",
					"pivot": [4, 22, 0],
					"mirror": true,
					"cubes": [
						{"origin": [3.5, 17.5, -1.5], "size": [3, 6, 3], "uv": [13, 64], "mirror": false}
					]
				},
				{
					"name": "left_chestplate",
					"parent": "left_arm",
					"pivot": [5, 22, 0],
					"cubes": [
						{"origin": [3, 16.7, -2], "size": [4, 2, 4], "inflate": -0.4, "uv": [0, 59]},
						{"origin": [3, 21.7, -2], "size": [4, 1, 4], "inflate": -0.4, "uv": [59, 26]}
					]
				},
				{
					"name": "left_arm_down",
					"parent": "left_arm",
					"pivot": [4.75, 17.5, 1.25],
					"cubes": [
						{"origin": [3, 13.5, -2], "size": [4, 2, 4], "inflate": -0.35, "uv": [24, 0]},
						{"origin": [6.75, 14, -1], "size": [0, 1, 2], "uv": [24, 42]},
						{"origin": [3.5, 12.5, -1.5], "size": [3, 5, 3], "uv": [37, 64]}
					]
				},
				{
					"name": "left_leg",
					"pivot": [1.75, 12, 0],
					"mirror": true,
					"cubes": [
						{"origin": [0.25, 7, -1.5], "size": [3, 5, 3], "inflate": -0.011, "uv": [25, 64], "mirror": false}
					]
				},
				{
					"name": "bandage2",
					"parent": "left_leg",
					"pivot": [1.74088, 9.44106, -1.5],
					"rotation": [0, 0, 15],
					"cubes": [
						{"origin": [0.24088, 8.44106, -2], "size": [3, 2, 1], "inflate": -0.6, "uv": [40, 16]}
					]
				},
				{
					"name": "bandage3",
					"parent": "left_leg",
					"pivot": [3.25, 10.5, 0],
					"rotation": [-20, 0, 0],
					"cubes": [
						{"origin": [2.75, 9.5, -1.7], "size": [1, 2, 3], "inflate": -0.6, "uv": [24, 37]}
					]
				},
				{
					"name": "left_leg_down",
					"parent": "left_leg",
					"pivot": [1.75, 7, -1.5],
					"cubes": [
						{"origin": [-2.75, 0.75, -4.5], "size": [9, 9, 9], "inflate": -3, "uv": [23, 19]},
						{"origin": [0.25, 1.01, -1.5], "size": [3, 6, 3], "inflate": -0.01, "uv": [64, 6]}
					]
				},
				{
					"name": "right_foot",
					"parent": "left_leg_down",
					"pivot": [1.75, 7, -1.5],
					"cubes": [
						{"origin": [0.75, 0, -4.36603], "size": [2, 2, 1], "inflate": 0.001, "uv": [48, 16]},
						{"origin": [0.25, 0, 0.5], "size": [3, 1, 1], "uv": [24, 42]},
						{"origin": [0.25, 0, -3.5], "size": [3, 1, 3], "inflate": 0.01, "uv": [61, 65]},
						{"origin": [0.25, 1, -3.5], "size": [3, 1, 5], "inflate": 0.01, "uv": [56, 0]},
						{"origin": [0.25, 2, -1.5], "size": [3, 1, 3], "inflate": 0.02, "uv": [49, 65]}
					]
				},
				{
					"name": "shoes2",
					"parent": "right_foot",
					"pivot": [3.25, 0, -3.5],
					"rotation": [0, 30, 0],
					"cubes": [
						{"origin": [2.25, 0, -4.5], "size": [1, 2, 1], "uv": [17, 53], "mirror": true}
					]
				},
				{
					"name": "shoes3",
					"parent": "right_foot",
					"pivot": [0.25, 0, -3.5],
					"rotation": [0, -30, 0],
					"cubes": [
						{"origin": [0.25, 0, -4.5], "size": [1, 2, 1], "uv": [17, 53]}
					]
				},
				{
					"name": "shoes",
					"parent": "right_foot",
					"pivot": [1.75, 2, -3.5],
					"rotation": [27.5, 0, 0],
					"cubes": [
						{"origin": [0.25, 1, -3.5], "size": [3, 1, 4], "inflate": 0.03, "uv": [59, 31]}
					]
				},
				{
					"name": "shoes6",
					"parent": "right_foot",
					"pivot": [1.75, 2.85, -3.1],
					"rotation": [27.5, 0, 0],
					"cubes": [
						{"origin": [0.45, 1.5, -2.7], "size": [3, 1, 1], "inflate": -0.1, "uv": [24, 6]},
						{"origin": [0.05, 1.5, -2.7], "size": [3, 1, 1], "inflate": -0.101, "uv": [24, 6]},
						{"origin": [0.45, 1.25, -2.7], "size": [3, 1, 1], "inflate": -0.11, "uv": [32, 6]},
						{"origin": [0.05, 1.25, -2.7], "size": [3, 1, 1], "inflate": -0.11, "uv": [32, 6]},
						{"origin": [0.45, 1.5, -3.95], "size": [3, 1, 1], "inflate": -0.1, "uv": [24, 6]},
						{"origin": [0.05, 1.25, -3.95], "size": [3, 1, 1], "inflate": -0.11, "uv": [32, 6]},
						{"origin": [0.45, 1.25, -3.95], "size": [3, 1, 1], "inflate": -0.11, "uv": [32, 6]},
						{"origin": [0.05, 1.5, -3.95], "size": [3, 1, 1], "inflate": -0.101, "uv": [24, 6]}
					]
				},
				{
					"name": "right_leg",
					"pivot": [-1.75, 12, 0],
					"mirror": true,
					"cubes": [
						{"origin": [-3.25, 7, -1.5], "size": [3, 5, 3], "inflate": -0.011, "uv": [25, 64]}
					]
				},
				{
					"name": "bandage",
					"parent": "right_leg",
					"pivot": [-2.25912, 10.44106, -1.5],
					"rotation": [0, 0, 30],
					"cubes": [
						{"origin": [-3.5, 9.44106, -2], "size": [3, 2, 1], "inflate": -0.6, "uv": [40, 16]}
					]
				},
				{
					"name": "right_leg_down",
					"parent": "right_leg",
					"pivot": [-1.75, 7, -1.5],
					"cubes": [
						{"origin": [-6.25, 0.75, -4.5], "size": [9, 9, 9], "inflate": -3, "uv": [23, 19], "mirror": true},
						{"origin": [-3.25, 1.01, -1.5], "size": [3, 6, 3], "inflate": -0.01, "uv": [64, 6], "mirror": true}
					]
				},
				{
					"name": "left_foot",
					"parent": "right_leg_down",
					"pivot": [-1.75, 7, -1.5],
					"cubes": [
						{"origin": [-2.75, 0, -4.36603], "size": [2, 2, 1], "inflate": 0.001, "uv": [48, 16], "mirror": true},
						{"origin": [-3.25, 0, 0.5], "size": [3, 1, 1], "uv": [24, 42], "mirror": true},
						{"origin": [-3.25, 0, -3.5], "size": [3, 1, 3], "inflate": 0.01, "uv": [61, 65], "mirror": true},
						{"origin": [-3.25, 1, -3.5], "size": [3, 1, 5], "inflate": 0.01, "uv": [56, 0], "mirror": true},
						{"origin": [-3.25, 2, -1.5], "size": [3, 1, 3], "inflate": 0.02, "uv": [49, 65], "mirror": true}
					]
				},
				{
					"name": "shoes4",
					"parent": "left_foot",
					"pivot": [-3.25, 0, -3.5],
					"rotation": [0, -30, 0],
					"cubes": [
						{"origin": [-3.25, 0, -4.5], "size": [1, 2, 1], "uv": [17, 53]}
					]
				},
				{
					"name": "shoes5",
					"parent": "left_foot",
					"pivot": [-0.25, 0, -3.5],
					"rotation": [0, 30, 0],
					"cubes": [
						{"origin": [-1.25, 0, -4.5], "size": [1, 2, 1], "uv": [17, 53], "mirror": true}
					]
				},
				{
					"name": "shoes7",
					"parent": "left_foot",
					"pivot": [-1.75, 2, -3.5],
					"rotation": [27.5, 0, 0],
					"cubes": [
						{"origin": [-3.25, 1, -3.5], "size": [3, 1, 4], "inflate": 0.03, "uv": [59, 31], "mirror": true}
					]
				},
				{
					"name": "shoes8",
					"parent": "left_foot",
					"pivot": [-1.75, 2.85, -3.1],
					"rotation": [27.5, 0, 0],
					"cubes": [
						{"origin": [-3.45, 1.5, -2.7], "size": [3, 1, 1], "inflate": -0.1, "uv": [24, 6], "mirror": true},
						{"origin": [-3.05, 1.5, -2.7], "size": [3, 1, 1], "inflate": -0.101, "uv": [24, 6], "mirror": true},
						{"origin": [-3.45, 1.25, -2.7], "size": [3, 1, 1], "inflate": -0.11, "uv": [32, 6], "mirror": true},
						{"origin": [-3.05, 1.25, -2.7], "size": [3, 1, 1], "inflate": -0.11, "uv": [32, 6], "mirror": true},
						{"origin": [-3.45, 1.5, -3.95], "size": [3, 1, 1], "inflate": -0.1, "uv": [24, 6], "mirror": true},
						{"origin": [-3.05, 1.25, -3.95], "size": [3, 1, 1], "inflate": -0.11, "uv": [32, 6], "mirror": true},
						{"origin": [-3.45, 1.25, -3.95], "size": [3, 1, 1], "inflate": -0.11, "uv": [32, 6], "mirror": true},
						{"origin": [-3.05, 1.5, -3.95], "size": [3, 1, 1], "inflate": -0.101, "uv": [24, 6], "mirror": true}
					]
				}
			]
		}
	]
}