{
	"format_version": "1.10.0",
	"geometry.model": {
		"texturewidth": 128,
		"textureheight": 128,
		"visible_bounds_width": 2,
		"visible_bounds_height": 3.5,
		"visible_bounds_offset": [0, 1.25, 0],
		"bones": [
			{
				"name": "hat",
				"pivot": [0, 24, 0],
				"cubes": [
					{"origin": [-4.5, 29.35, -4.5], "size": [9, 3, 9], "uv": [92, 32]},
					{"origin": [-6, 28.33, -6], "size": [12, 1, 12], "uv": [80, 46]}
				]
			},
			{
				"name": "head",
				"pivot": [0, 24, 0],
				"cubes": [
					{"origin": [-4, 24, -4], "size": [8, 8, 8], "uv": [0, 0]},
					{"origin": [-4, 24, -4], "size": [8, 8, 8], "uv": [32, 0], "inflate": 0.3}
				]
			},
			{
				"name": "right_ear",
				"parent": "head",
				"pivot": [-3, 32, -1]
			},
			{
				"name": "ear2",
				"parent": "right_ear",
				"pivot": [-3, 32, -1],
				"rotation": [10, 0, -20],
				"cubes": [
					{"origin": [-2.49815, 30.80208, -1.95527], "size": [1, 3, 1], "uv": [67, 0]}
				]
			},
			{
				"name": "ear3",
				"parent": "ear2",
				"pivot": [-2.68584, 30.86585, -2.43628],
				"rotation": [13.5773, 1.77024, -7.28925],
				"cubes": [
					{"origin": [-3.76002, 31.16281, -1.08299], "size": [2, 3, 1], "uv": [25, 0]}
				]
			},
			{
				"name": "ear7",
				"parent": "ear2",
				"pivot": [-1.53584, 34.01585, -3.18628],
				"rotation": [0, 0, -35],
				"cubes": [
					{"origin": [-2.62758, 33.81912, -1.95527], "size": [1, 3, 1], "uv": [72, 0], "inflate": 0.001}
				]
			},
			{
				"name": "ear8",
				"parent": "ear7",
				"pivot": [-2.53584, 37.01585, -3.18628],
				"rotation": [0, 0, 45],
				"cubes": [
					{"origin": [-2.46161, 33.81188, -1.95527], "size": [1, 3, 1], "uv": [1, 0]}
				]
			},
			{
				"name": "ear9",
				"parent": "ear8",
				"pivot": [-2.53584, 34.01585, -3.18628],
				"rotation": [0, 0, -30],
				"cubes": [
					{"origin": [-2.57354, 30.80208, -1.95527], "size": [1, 3, 1], "uv": [32, 0], "inflate": -0.001}
				]
			},
			{
				"name": "ear13",
				"parent": "ear2",
				"pivot": [-2.78584, 31.01585, -1.18628],
				"cubes": [
					{"origin": [-3.8077, 29.82527, -1.24912], "size": [2, 2, 1], "uv": [60, 0], "inflate": 0.001}
				]
			},
			{
				"name": "left_ear",
				"parent": "head",
				"pivot": [3, 32, -1]
			},
			{
				"name": "ear4",
				"parent": "left_ear",
				"pivot": [3, 32, -1],
				"rotation": [10, 0, 20],
				"cubes": [
					{"origin": [1.49815, 30.80208, -1.95527], "size": [1, 3, 1], "uv": [67, 0], "mirror": true}
				]
			},
			{
				"name": "ear5",
				"parent": "ear4",
				"pivot": [2.68584, 30.86585, -2.43628],
				"rotation": [13.5773, -1.77024, 7.28925],
				"cubes": [
					{"origin": [1.76002, 31.16281, -1.08299], "size": [2, 3, 1], "uv": [25, 0], "mirror": true}
				]
			},
			{
				"name": "ear6",
				"parent": "ear4",
				"pivot": [1.53584, 34.01585, -3.18628],
				"rotation": [0, 0, 35],
				"cubes": [
					{"origin": [1.62758, 33.81912, -1.95527], "size": [1, 3, 1], "uv": [72, 0], "inflate": 0.001, "mirror": true}
				]
			},
			{
				"name": "ear10",
				"parent": "ear6",
				"pivot": [2.53584, 37.01585, -3.18628],
				"rotation": [0, 0, -45],
				"cubes": [
					{"origin": [1.46161, 33.81188, -1.95527], "size": [1, 3, 1], "uv": [1, 0], "mirror": true}
				]
			},
			{
				"name": "ear11",
				"parent": "ear10",
				"pivot": [2.53584, 34.01585, -3.18628],
				"rotation": [0, 0, 30],
				"cubes": [
					{"origin": [1.57354, 30.80208, -1.95527], "size": [1, 3, 1], "uv": [32, 0], "inflate": -0.001, "mirror": true}
				]
			},
			{
				"name": "ear12",
				"parent": "ear4",
				"pivot": [2.78584, 31.01585, -1.18628],
				"cubes": [
					{"origin": [1.8077, 29.82527, -1.24912], "size": [2, 2, 1], "uv": [60, 0], "inflate": 0.001, "mirror": true}
				]
			},
			{
				"name": "hair",
				"parent": "head",
				"pivot": [0, 24, 0],
				"cubes": [
					{"origin": [-4, 20.5, -4], "size": [8, 3, 8], "uv": [0, 26], "inflate": 0.25},
					{"origin": [-4, 16, 3], "size": [8, 8, 1], "uv": [1, 16]}
				]
			},
			{
				"name": "ahoge",
				"parent": "head",
				"pivot": [0, 32.25, 0]
			},
			{
				"name": "tail",
				"pivot": [0, 15, 2]
			},
			{
				"name": "tail3",
				"parent": "tail",
				"pivot": [0, 18, 1],
				"rotation": [25, 0, 0],
				"cubes": [
					{"origin": [-1.5, 8, -1], "size": [3, 7, 4], "uv": [87, 18], "inflate": -0.5}
				]
			},
			{
				"name": "tail_down",
				"parent": "tail",
				"pivot": [0, 10, 7],
				"rotation": [9.66, 0, 0],
				"cubes": [
					{"origin": [-1.5, 3.62865, 2.88723], "size": [3, 7, 4], "uv": [103, 18], "inflate": -0.5},
					{"origin": [-1, 3.3641, 3.92286], "size": [2, 7, 2], "uv": [119, 20], "inflate": -0.5}
				]
			},
			{
				"name": "body",
				"pivot": [0, 24, 0],
				"cubes": [
					{"origin": [-2.5, 22, -2.5], "size": [5, 4, 5], "uv": [97, 0], "inflate": -1.25},
					{"origin": [-3.5, 11.75, -1.5], "size": [7, 12, 3], "uv": [77, 0], "inflate": -0.251},
					{"origin": [-4, 14, -2], "size": [8, 10, 4], "uv": [40, 18], "inflate": -0.4}
				]
			},
			{
				"name": "bone6",
				"parent": "body",
				"pivot": [0, 24, 0]
			},
			{
				"name": "bone7",
				"parent": "bone6",
				"pivot": [4, 15, 0],
				"rotation": [0, 0, -10],
				"cubes": [
					{"origin": [3.5, 13.5, -2.5], "size": [2, 4, 5], "uv": [83, 30], "inflate": -0.61}
				]
			},
			{
				"name": "bone5",
				"parent": "bone6",
				"pivot": [0, 21, 1.5],
				"rotation": [0, 0, 47.5],
				"cubes": [
					{"origin": [-3.4, 20.3, -2], "size": [10, 1, 4], "uv": [59, 38], "inflate": -0.1}
				]
			},
			{
				"name": "bone3",
				"parent": "body",
				"pivot": [2, 21, -2],
				"rotation": [0, 0, 10],
				"cubes": [
					{"origin": [0, 19, -2.8], "size": [4, 4, 2], "uv": [11, 40], "inflate": -1}
				]
			},
			{
				"name": "skirt",
				"parent": "body",
				"pivot": [0, -0.25, 0]
			},
			{
				"name": "bone",
				"parent": "skirt",
				"pivot": [0, -0.25, 0]
			},
			{
				"name": "skirt10",
				"parent": "bone",
				"pivot": [-3.16228, -0.25, 2.26429],
				"rotation": [-25, -180, 0]
			},
			{
				"name": "skirt11",
				"parent": "skirt10",
				"pivot": [-3.16228, -0.25, 2.26429],
				"rotation": [0, 71.56505, 0],
				"cubes": [
					{"origin": [0.74796, 9.46939, -0.20579], "size": [1, 3, 2], "uv": [0, 40], "inflate": -0.25}
				]
			},
			{
				"name": "skirt8",
				"parent": "bone",
				"pivot": [-1.58114, -0.25, 2.26429],
				"rotation": [-25, -180, 0]
			},
			{
				"name": "skirt9",
				"parent": "skirt8",
				"pivot": [-1.58114, -0.25, 2.26429],
				"rotation": [0, 71.56505, 0],
				"cubes": [
					{"origin": [2.3291, 9.46939, -0.20579], "size": [1, 3, 2], "uv": [0, 40], "inflate": -0.25}
				]
			},
			{
				"name": "skirt6",
				"parent": "bone",
				"pivot": [0, -0.25, 2.26429],
				"rotation": [-25, -180, 0]
			},
			{
				"name": "skirt7",
				"parent": "skirt6",
				"pivot": [0, -0.25, 2.26429],
				"rotation": [0, 71.56505, 0],
				"cubes": [
					{"origin": [3.91024, 9.46939, -0.20579], "size": [1, 3, 2], "uv": [0, 40], "inflate": -0.25}
				]
			},
			{
				"name": "skirt4",
				"parent": "bone",
				"pivot": [1.58114, -0.25, 2.26429],
				"rotation": [-25, -180, 0]
			},
			{
				"name": "skirt5",
				"parent": "skirt4",
				"pivot": [1.58114, -0.25, 2.26429],
				"rotation": [0, 71.56505, 0],
				"cubes": [
					{"origin": [5.49138, 9.46939, -0.20579], "size": [1, 3, 2], "uv": [0, 40], "inflate": -0.25}
				]
			},
			{
				"name": "skirt2",
				"parent": "bone",
				"pivot": [3.16228, -0.25, 2.26429],
				"rotation": [-25, -180, 0]
			},
			{
				"name": "skirt3",
				"parent": "skirt2",
				"pivot": [3.16228, -0.25, 2.26429],
				"rotation": [0, 71.56505, 0],
				"cubes": [
					{"origin": [7.07252, 9.46939, -0.20579], "size": [1, 3, 2], "uv": [0, 40], "inflate": -0.25}
				]
			},
			{
				"name": "skirt12",
				"parent": "skirt",
				"pivot": [-4.23926, -0.25, 1.52743],
				"rotation": [-25, 111.24106, 0]
			},
			{
				"name": "skirt13",
				"parent": "skirt12",
				"pivot": [-4.23926, -0.25, 1.52743],
				"rotation": [0, 71.56505, 0],
				"cubes": [
					{"origin": [-0.32902, 9.46939, -0.94265], "size": [1, 3, 2], "uv": [0, 40], "inflate": -0.25}
				]
			},
			{
				"name": "skirt14",
				"parent": "skirt",
				"pivot": [-4.52568, -0.25, 0],
				"rotation": [-25, 90, 0]
			},
			{
				"name": "skirt15",
				"parent": "skirt14",
				"pivot": [-4.52568, -0.25, 0],
				"rotation": [0, 71.56505, 0],
				"cubes": [
					{"origin": [-0.61544, 9.46939, -2.47008], "size": [1, 3, 2], "uv": [0, 40], "inflate": -0.25}
				]
			},
			{
				"name": "skirt16",
				"parent": "skirt",
				"pivot": [-4.23926, -0.25, -1.52743],
				"rotation": [-25, 68.75894, 0]
			},
			{
				"name": "skirt17",
				"parent": "skirt16",
				"pivot": [-4.23926, -0.25, -1.52743],
				"rotation": [0, 71.56505, 0],
				"cubes": [
					{"origin": [-0.32902, 9.46939, -3.99751], "size": [1, 3, 2], "uv": [0, 40], "inflate": -0.25}
				]
			},
			{
				"name": "skirt18",
				"parent": "skirt",
				"pivot": [-3.16228, -0.25, -2.26429],
				"rotation": [-25, 0, 0]
			},
			{
				"name": "skirt20",
				"parent": "skirt",
				"pivot": [3.16228, -0.25, -2.26429],
				"rotation": [-25, 0, 0]
			},
			{
				"name": "skirt22",
				"parent": "skirt",
				"pivot": [4.23926, -0.25, -1.52743],
				"rotation": [-25, -68.75894, 0]
			},
			{
				"name": "skirt23",
				"parent": "skirt22",
				"pivot": [4.23926, -0.25, -1.52743],
				"rotation": [0, 71.56505, 0],
				"cubes": [
					{"origin": [8.1495, 9.46939, -3.99751], "size": [1, 3, 2], "uv": [0, 40], "inflate": -0.25}
				]
			},
			{
				"name": "skirt24",
				"parent": "skirt",
				"pivot": [4.52568, -0.25, 0],
				"rotation": [-25, -90, 0]
			},
			{
				"name": "skirt25",
				"parent": "skirt24",
				"pivot": [4.52568, -0.25, 0],
				"rotation": [0, 71.56505, 0],
				"cubes": [
					{"origin": [8.43592, 9.46939, -2.47008], "size": [1, 3, 2], "uv": [0, 40], "inflate": -0.25}
				]
			},
			{
				"name": "skirt26",
				"parent": "skirt",
				"pivot": [4.23926, -0.25, 1.52743],
				"rotation": [-25, -111.24106, 0]
			},
			{
				"name": "skirt27",
				"parent": "skirt26",
				"pivot": [4.23926, -0.25, 1.52743],
				"rotation": [0, 71.56505, 0],
				"cubes": [
					{"origin": [8.1495, 9.46939, -0.94265], "size": [1, 3, 2], "uv": [0, 40], "inflate": -0.25}
				]
			},
			{
				"name": "bone2",
				"parent": "skirt",
				"pivot": [0, -0.25, 0]
			},
			{
				"name": "skirt28",
				"parent": "bone2",
				"pivot": [-3.16228, -0.25, -2.26429],
				"rotation": [25, 180, 0]
			},
			{
				"name": "skirt29",
				"parent": "skirt28",
				"pivot": [-3.16228, -0.25, -2.26429],
				"rotation": [0, -71.56505, 0],
				"cubes": [
					{"origin": [0.74796, 9.46939, -1.79421], "size": [1, 3, 2], "uv": [0, 53], "inflate": -0.25}
				]
			},
			{
				"name": "skirt30",
				"parent": "bone2",
				"pivot": [-1.58114, -0.25, -2.26429],
				"rotation": [25, 180, 0]
			},
			{
				"name": "skirt31",
				"parent": "skirt30",
				"pivot": [-1.58114, -0.25, -2.26429],
				"rotation": [0, -71.56505, 0],
				"cubes": [
					{"origin": [2.3291, 9.46939, -1.79421], "size": [1, 3, 2], "uv": [0, 53], "inflate": -0.25}
				]
			},
			{
				"name": "skirt32",
				"parent": "bone2",
				"pivot": [0, -0.25, -2.26429],
				"rotation": [25, 180, 0]
			},
			{
				"name": "skirt33",
				"parent": "skirt32",
				"pivot": [0, -0.25, -2.26429],
				"rotation": [0, -71.56505, 0],
				"cubes": [
					{"origin": [3.91024, 9.46939, -1.79421], "size": [1, 3, 2], "uv": [0, 53], "inflate": -0.25}
				]
			},
			{
				"name": "skirt34",
				"parent": "bone2",
				"pivot": [1.58114, -0.25, -2.26429],
				"rotation": [25, 180, 0]
			},
			{
				"name": "skirt35",
				"parent": "skirt34",
				"pivot": [1.58114, -0.25, -2.26429],
				"rotation": [0, -71.56505, 0],
				"cubes": [
					{"origin": [5.49138, 9.46939, -1.79421], "size": [1, 3, 2], "uv": [0, 53], "inflate": -0.25}
				]
			},
			{
				"name": "skirt36",
				"parent": "bone2",
				"pivot": [3.16228, -0.25, -2.26429],
				"rotation": [25, 180, 0]
			},
			{
				"name": "skirt37",
				"parent": "skirt36",
				"pivot": [3.16228, -0.25, -2.26429],
				"rotation": [0, -71.56505, 0],
				"cubes": [
					{"origin": [7.07252, 9.46939, -1.79421], "size": [1, 3, 2], "uv": [0, 53], "inflate": -0.25}
				]
			},
			{
				"name": "shirt",
				"parent": "body",
				"pivot": [0, 11, 0]
			},
			{
				"name": "shirt2",
				"parent": "shirt",
				"pivot": [0, 11, -2],
				"rotation": [15, 0, 0],
				"cubes": [
					{"origin": [-3.5, 10.83531, 1.34667], "size": [7, 3, 1], "uv": [65, 32]}
				]
			},
			{
				"name": "shirt3",
				"parent": "shirt",
				"pivot": [3.36999, 13.28541, 0],
				"rotation": [15, 90, -10],
				"cubes": [
					{"origin": [1.86999, 11.78541, -0.5], "size": [3, 3, 1], "uv": [65, 19]}
				]
			},
			{
				"name": "shirt4",
				"parent": "shirt",
				"pivot": [0, 11, 2],
				"rotation": [15, 180, 0],
				"cubes": [
					{"origin": [-3.5, 10.83531, 5.34667], "size": [7, 3, 1], "uv": [65, 27]}
				]
			},
			{
				"name": "bone4",
				"parent": "shirt4",
				"pivot": [-1, 12.33531, 5.84667],
				"rotation": [0, 0, -7.5],
				"cubes": [
					{"origin": [-3.5, 9.83531, 3.34667], "size": [5, 5, 5], "uv": [38, 33], "inflate": -1.6}
				]
			},
			{
				"name": "shirt6",
				"parent": "shirt",
				"pivot": [0, 11, -2],
				"rotation": [0, 45, 0]
			},
			{
				"name": "shirt7",
				"parent": "shirt6",
				"pivot": [-5.65685, 11, -2],
				"rotation": [0, -45, 20.75357],
				"cubes": [
					{"origin": [-6.15685, 12, -2.5], "size": [1, 3, 1], "uv": [78, 19]}
				]
			},
			{
				"name": "shirt8",
				"parent": "shirt",
				"pivot": [0, 11, -2],
				"rotation": [0, 135, 0]
			},
			{
				"name": "shirt9",
				"parent": "shirt8",
				"pivot": [-5.65685, 11, -2],
				"rotation": [0, -45, 20.75357],
				"cubes": [
					{"origin": [-6.15685, 12, -2.5], "size": [1, 3, 1], "uv": [78, 19]}
				]
			},
			{
				"name": "shirt10",
				"parent": "shirt",
				"pivot": [0, 11, 2],
				"rotation": [0, 225, 0]
			},
			{
				"name": "shirt11",
				"parent": "shirt10",
				"pivot": [-5.65685, 11, 2],
				"rotation": [0, -45, 20.75357],
				"cubes": [
					{"origin": [-6.15685, 12, 1.5], "size": [1, 3, 1], "uv": [78, 19]}
				]
			},
			{
				"name": "shirt12",
				"parent": "shirt",
				"pivot": [0, 11, 2],
				"rotation": [0, 315, 0]
			},
			{
				"name": "shirt13",
				"parent": "shirt12",
				"pivot": [-5.65685, 11, 2],
				"rotation": [0, -45, 20.75357],
				"cubes": [
					{"origin": [-6.15685, 12, 1.5], "size": [1, 3, 1], "uv": [78, 19]}
				]
			},
			{
				"name": "shirt14",
				"parent": "shirt",
				"pivot": [0, 11, 0],
				"rotation": [15, 90, 0],
				"cubes": [
					{"origin": [-1.5, 10.83531, 3.34667], "size": [3, 3, 1], "uv": [65, 14]}
				]
			},
			{
				"name": "shirt15",
				"parent": "shirt",
				"pivot": [-3.36999, 13.28541, 0],
				"rotation": [25, -90, 0],
				"cubes": [
					{"origin": [-4.86999, 11.78541, -0.5], "size": [3, 3, 1], "uv": [65, 19]}
				]
			},
			{
				"name": "right_arm",
				"pivot": [-4, 22, 0],
				"cubes": [
					{"origin": [-6.5, 17.5, -1.5], "size": [3, 6, 3], "uv": [21, 50], "mirror": true}
				]
			},
			{
				"name": "right_arm_down",
				"parent": "right_arm",
				"pivot": [-5, 17.5, 1.5],
				"cubes": [
					{"origin": [-6.5, 12.5, -1.5], "size": [3, 5, 3], "uv": [8, 51], "inflate": -0.001, "mirror": true},
					{"origin": [-6.5, 14, -1.5], "size": [3, 1, 3], "uv": [24, 39], "inflate": 0.1, "mirror": true}
				]
			},
			{
				"name": "left_arm",
				"pivot": [4, 22, 0],
				"cubes": [
					{"origin": [3.5, 17.5, -1.5], "size": [3, 6, 3], "uv": [21, 50]}
				]
			},
			{
				"name": "left_arm_down",
				"parent": "left_arm",
				"pivot": [5, 17.5, 1.5],
				"cubes": [
					{"origin": [3.5, 12.5, -1.5], "size": [3, 5, 3], "uv": [8, 51], "inflate": -0.001},
					{"origin": [3.5, 14, -1.5], "size": [3, 1, 3], "uv": [24, 39], "inflate": 0.1}
				]
			},
			{
				"name": "right_leg",
				"pivot": [-1.75, 12, 0],
				"cubes": [
					{"origin": [-3.25, 7, -1.5], "size": [3, 5, 3], "uv": [35, 51], "mirror": true}
				]
			},
			{
				"name": "right_leg_down",
				"parent": "right_leg",
				"pivot": [-1.75, 7, -1.5],
				"cubes": [
					{"origin": [-3.25, 1.01, -1.5], "size": [3, 6, 3], "uv": [48, 50], "mirror": true}
				]
			},
			{
				"name": "right_foot",
				"parent": "right_leg_down",
				"pivot": [-1.75, 7, -1.5],
				"cubes": [
					{"origin": [-2.75, 0, -4.36603], "size": [2, 2, 1], "uv": [0, 85], "inflate": 0.001, "mirror": true},
					{"origin": [-3.25, 0, 0.5], "size": [3, 1, 1], "uv": [0, 70], "mirror": true},
					{"origin": [-3.25, 0, -3.5], "size": [3, 1, 3], "uv": [24, 66], "inflate": 0.01, "mirror": true},
					{"origin": [-3.25, 1, -3.5], "size": [3, 1, 5], "uv": [32, 86], "inflate": 0.01, "mirror": true},
					{"origin": [-3.25, 2, -1.5], "size": [3, 3, 3], "uv": [49, 96], "inflate": 0.02, "mirror": true}
				]
			},
			{
				"name": "shoes4",
				"parent": "right_foot",
				"pivot": [-3.25, 0, -3.5],
				"rotation": [0, -30, 0],
				"cubes": [
					{"origin": [-3.25, 0, -4.5], "size": [1, 2, 1], "uv": [28, 70]}
				]
			},
			{
				"name": "shoes5",
				"parent": "right_foot",
				"pivot": [-0.25, 0, -3.5],
				"rotation": [0, 30, 0],
				"cubes": [
					{"origin": [-1.25, 0, -4.5], "size": [1, 2, 1], "uv": [28, 70], "mirror": true}
				]
			},
			{
				"name": "shoes6",
				"parent": "right_foot",
				"pivot": [-1.75, 2, -3.5],
				"rotation": [27.5, 0, 0],
				"cubes": [
					{"origin": [-3.25, 1, -3.5], "size": [3, 1, 4], "uv": [46, 91], "inflate": 0.021, "mirror": true}
				]
			},
			{
				"name": "left_leg",
				"pivot": [1.75, 12, 0],
				"cubes": [
					{"origin": [0.25, 7, -1.5], "size": [3, 5, 3], "uv": [35, 51]}
				]
			},
			{
				"name": "left_leg_down",
				"parent": "left_leg",
				"pivot": [1.75, 7, -1.5],
				"cubes": [
					{"origin": [0.25, 1.01, -1.5], "size": [3, 6, 3], "uv": [48, 50]}
				]
			},
			{
				"name": "left_foot",
				"parent": "left_leg_down",
				"pivot": [1.75, 7, -1.5],
				"cubes": [
					{"origin": [0.75, 0, -4.36603], "size": [2, 2, 1], "uv": [0, 85], "inflate": 0.001},
					{"origin": [0.25, 0, 0.5], "size": [3, 1, 1], "uv": [0, 70]},
					{"origin": [0.25, 0, -3.5], "size": [3, 1, 3], "uv": [24, 66], "inflate": 0.01},
					{"origin": [0.25, 1, -3.5], "size": [3, 1, 5], "uv": [32, 86], "inflate": 0.01},
					{"origin": [0.25, 2, -1.5], "size": [3, 3, 3], "uv": [49, 96], "inflate": 0.02}
				]
			},
			{
				"name": "shoes2",
				"parent": "left_foot",
				"pivot": [3.25, 0, -3.5],
				"rotation": [0, 30, 0],
				"cubes": [
					{"origin": [2.25, 0, -4.5], "size": [1, 2, 1], "uv": [28, 70], "mirror": true}
				]
			},
			{
				"name": "shoes3",
				"parent": "left_foot",
				"pivot": [0.25, 0, -3.5],
				"rotation": [0, -30, 0],
				"cubes": [
					{"origin": [0.25, 0, -4.5], "size": [1, 2, 1], "uv": [28, 70]}
				]
			},
			{
				"name": "shoes7",
				"parent": "left_foot",
				"pivot": [1.75, 2, -3.5],
				"rotation": [27.5, 0, 0],
				"cubes": [
					{"origin": [0.25, 1, -3.5], "size": [3, 1, 4], "uv": [46, 91], "inflate": 0.021}
				]
			}
		]
	}
}