{
	"format_version": "1.12.0",
	"minecraft:geometry": [
		{
			"description": {
				"identifier": "geometry.model",
				"texture_width": 128,
				"texture_height": 128,
				"visible_bounds_width": 3,
				"visible_bounds_height": 3.5,
				"visible_bounds_offset": [0, 1.25, 0]
			},
			"bones": [
				{
					"name": "head",
					"pivot": [0, 24, 0],
					"cubes": [
						{"origin": [-4, 24, -4], "size": [8, 8, 8], "uv": [0, 0]},
						{
							"origin": [-4, 24, -4],
							"size": [8, 8, 8],
							"inflate": 0.3,
							"uv": {
								"north": {"uv": [40, 8], "uv_size": [8, 8]},
								"east": {"uv": [32, 8], "uv_size": [8, 8]},
								"south": {"uv": [56, 8], "uv_size": [8, 8]},
								"west": {"uv": [48, 8], "uv_size": [8, 8]},
								"up": {"uv": [40, 0], "uv_size": [8, 8]},
								"down": {"uv": [0, 0], "uv_size": [0, 0]}
							}
						}
					]
				},
				{
					"name": "ahoge",
					"parent": "head",
					"pivot": [0, 32.25, 0]
				},
				{
					"name": "right_ear",
					"parent": "head",
					"pivot": [-2, 30, -1]
				},
				{
					"name": "ear2",
					"parent": "right_ear",
					"pivot": [-3, 32, -1],
					"rotation": [10, 0, -20],
					"cubes": [
						{
							"origin": [-2.49815, 30.80208, -1.95527],
							"size": [1, 3, 1],
							"uv": {
								"north": {"uv": [68, 1], "uv_size": [1, 3]},
								"east": {"uv": [67, 1], "uv_size": [1, 3]},
								"south": {"uv": [70, 1], "uv_size": [1, 3]},
								"west": {"uv": [69, 1], "uv_size": [1, 3]},
								"up": {"uv": [0, 0], "uv_size": [0, 0]},
								"down": {"uv": [69, 1], "uv_size": [1, -1]}
							}
						}
					]
				},
				{
					"name": "ear3",
					"parent": "ear2",
					"pivot": [-2.68584, 30.86585, -2.43628],
					"rotation": [13.5773, 1.77024, -7.28925],
					"cubes": [
						{
							"origin": [-3.76002, 31.16281, -1.08299],
							"size": [2, 3, 1],
							"uv": {
								"north": {"uv": [26, 1], "uv_size": [2, 3]},
								"east": {"uv": [25, 1], "uv_size": [1, 3]},
								"south": {"uv": [29, 1], "uv_size": [2, 3]},
								"west": {"uv": [28, 1], "uv_size": [1, 3]},
								"up": {"uv": [26, 0], "uv_size": [2, 1]},
								"down": {"uv": [0, 0], "uv_size": [0, 0]}
							}
						}
					]
				},
				{
					"name": "ear7",
					"parent": "ear2",
					"pivot": [-1.53584, 34.01585, -3.18628],
					"rotation": [0, 0, -35],
					"cubes": [
						{
							"origin": [-2.62758, 33.81912, -1.95527],
							"size": [1, 3, 1],
							"inflate": 0.001,
							"uv": {
								"north": {"uv": [73, 1], "uv_size": [1, 3]},
								"east": {"uv": [72, 1], "uv_size": [1, 3]},
								"south": {"uv": [75, 1], "uv_size": [1, 3]},
								"west": {"uv": [74, 1], "uv_size": [1, 3]},
								"up": {"uv": [73, 0], "uv_size": [1, 1]},
								"down": {"uv": [0, 0], "uv_size": [0, 0]}
							}
						}
					]
				},
				{
					"name": "ear8",
					"parent": "ear7",
					"pivot": [-2.53584, 37.01585, -3.18628],
					"rotation": [0, 0, 45],
					"cubes": [
						{
							"origin": [-2.46161, 33.81188, -1.95527],
							"size": [1, 3, 1],
							"uv": {
								"north": {"uv": [2, 1], "uv_size": [1, 3]},
								"east": {"uv": [1, 1], "uv_size": [1, 3]},
								"south": {"uv": [4, 1], "uv_size": [1, 3]},
								"west": {"uv": [3, 1], "uv_size": [1, 3]},
								"up": {"uv": [0, 0], "uv_size": [0, 0]},
								"down": {"uv": [0, 0], "uv_size": [0, 0]}
							}
						}
					]
				},
				{
					"name": "ear9",
					"parent": "ear8",
					"pivot": [-2.53584, 34.01585, -3.18628],
					"rotation": [0, 0, -30],
					"cubes": [
						{
							"origin": [-2.57354, 30.80208, -1.95527],
							"size": [1, 3, 1],
							"inflate": -0.001,
							"uv": {
								"north": {"uv": [33, 1], "uv_size": [1, 3]},
								"east": {"uv": [32, 1], "uv_size": [1, 3]},
								"south": {"uv": [35, 1], "uv_size": [1, 3]},
								"west": {"uv": [34, 1], "uv_size": [1, 3]},
								"up": {"uv": [0, 0], "uv_size": [0, 0]},
								"down": {"uv": [34, 1], "uv_size": [1, -1]}
							}
						}
					]
				},
				{
					"name": "ear13",
					"parent": "ear2",
					"pivot": [-2.78584, 31.01585, -1.18628],
					"cubes": [
						{
							"origin": [-3.8077, 29.82527, -1.24912],
							"size": [2, 2, 1],
							"inflate": 0.001,
							"uv": {
								"north": {"uv": [61, 1], "uv_size": [2, 2]},
								"east": {"uv": [60, 1], "uv_size": [1, 2]},
								"south": {"uv": [64, 1], "uv_size": [2, 2]},
								"west": {"uv": [63, 1], "uv_size": [1, 2]},
								"up": {"uv": [0, 0], "uv_size": [0, 0]},
								"down": {"uv": [63, 1], "uv_size": [2, -1]}
							}
						}
					]
				},
				{
					"name": "hat1",
					"parent": "right_ear",
					"pivot": [-1.75, 32.75, -1.25],
					"rotation": [10, 0, -22.5],
					"cubes": [
						{"origin": [-4.625, 32.75, -2.25], "size": [3, 1, 2], "inflate": 0.1, "uv": [25, 5]},
						{
							"origin": [-4.625, 33, -2.25],
							"size": [3, 0.5, 2],
							"inflate": 0.11,
							"uv": {
								"north": {"uv": [59, 7], "uv_size": [3, 1]},
								"east": {"uv": [57, 7], "uv_size": [2, 1]},
								"south": {"uv": [64, 7], "uv_size": [3, 1]},
								"west": {"uv": [62, 7], "uv_size": [2, 1]},
								"up": {"uv": [59, 5], "uv_size": [3, 2]},
								"down": {"uv": [62, 7], "uv_size": [3, -2]}
							}
						}
					]
				},
				{
					"name": "bone5",
					"parent": "hat1",
					"pivot": [-1.4, 33.6, -1.25],
					"rotation": [-20, 0, 0],
					"cubes": [
						{
							"origin": [-1.9, 32.1, -1.5],
							"size": [3, 3, 1],
							"inflate": -0.4,
							"uv": {
								"north": {"uv": [68, 12], "uv_size": [3, 3]},
								"east": {"uv": [0, 0], "uv_size": [0, 0]},
								"south": {"uv": [0, 0], "uv_size": [0, 0]},
								"west": {"uv": [0, 0], "uv_size": [0, 0]},
								"up": {"uv": [0, 0], "uv_size": [0, 0]},
								"down": {"uv": [0, 0], "uv_size": [0, 0]}
							}
						}
					]
				},
				{
					"name": "bone22",
					"parent": "hat1",
					"pivot": [-4.6, 33.6, -1.25],
					"rotation": [20, 0, 0],
					"cubes": [
						{
							"origin": [-7.35, 32.1, -2],
							"size": [3, 3, 1],
							"inflate": -0.4,
							"uv": {
								"north": {"uv": [71, 7], "uv_size": [-3, 3]},
								"east": {"uv": [0, 0], "uv_size": [0, 0]},
								"south": {"uv": [0, 0], "uv_size": [0, 0]},
								"west": {"uv": [0, 0], "uv_size": [0, 0]},
								"up": {"uv": [0, 0], "uv_size": [0, 0]},
								"down": {"uv": [0, 0], "uv_size": [0, 0]}
							}
						}
					]
				},
				{
					"name": "left_ear",
					"parent": "head",
					"pivot": [2, 30, -1]
				},
				{
					"name": "ear4",
					"parent": "left_ear",
					"pivot": [3, 32, -1],
					"rotation": [10, 0, 20],
					"cubes": [
						{
							"origin": [1.49815, 30.80208, -1.95527],
							"size": [1, 3, 1],
							"uv": {
								"north": {"uv": [69, 1], "uv_size": [-1, 3]},
								"east": {"uv": [70, 1], "uv_size": [-1, 3]},
								"south": {"uv": [71, 1], "uv_size": [-1, 3]},
								"west": {"uv": [68, 1], "uv_size": [-1, 3]},
								"up": {"uv": [0, 0], "uv_size": [0, 0]},
								"down": {"uv": [70, 1], "uv_size": [-1, -1]}
							}
						}
					]
				},
				{
					"name": "ear5",
					"parent": "ear4",
					"pivot": [2.68584, 30.86585, -2.43628],
					"rotation": [13.5773, -1.77024, 7.28925],
					"cubes": [
						{
							"origin": [1.76002, 31.16281, -1.08299],
							"size": [2, 3, 1],
							"uv": {
								"north": {"uv": [28, 1], "uv_size": [-2, 3]},
								"east": {"uv": [29, 1], "uv_size": [-1, 3]},
								"south": {"uv": [31, 1], "uv_size": [-2, 3]},
								"west": {"uv": [26, 1], "uv_size": [-1, 3]},
								"up": {"uv": [28, 0], "uv_size": [-2, 1]},
								"down": {"uv": [0, 0], "uv_size": [0, 0]}
							}
						}
					]
				},
				{
					"name": "ear6",
					"parent": "ear4",
					"pivot": [1.53584, 34.01585, -3.18628],
					"rotation": [0, 0, 35],
					"cubes": [
						{
							"origin": [1.62758, 33.81912, -1.95527],
							"size": [1, 3, 1],
							"inflate": 0.001,
							"uv": {
								"north": {"uv": [74, 1], "uv_size": [-1, 3]},
								"east": {"uv": [75, 1], "uv_size": [-1, 3]},
								"south": {"uv": [76, 1], "uv_size": [-1, 3]},
								"west": {"uv": [73, 1], "uv_size": [-1, 3]},
								"up": {"uv": [74, 0], "uv_size": [-1, 1]},
								"down": {"uv": [0, 0], "uv_size": [0, 0]}
							}
						}
					]
				},
				{
					"name": "ear10",
					"parent": "ear6",
					"pivot": [2.53584, 37.01585, -3.18628],
					"rotation": [0, 0, -45],
					"cubes": [
						{
							"origin": [1.46161, 33.81188, -1.95527],
							"size": [1, 3, 1],
							"uv": {
								"north": {"uv": [3, 1], "uv_size": [-1, 3]},
								"east": {"uv": [4, 1], "uv_size": [-1, 3]},
								"south": {"uv": [5, 1], "uv_size": [-1, 3]},
								"west": {"uv": [2, 1], "uv_size": [-1, 3]},
								"up": {"uv": [0, 0], "uv_size": [0, 0]},
								"down": {"uv": [0, 0], "uv_size": [0, 0]}
							}
						}
					]
				},
				{
					"name": "ear11",
					"parent": "ear10",
					"pivot": [2.53584, 34.01585, -3.18628],
					"rotation": [0, 0, 30],
					"cubes": [
						{
							"origin": [1.57354, 30.80208, -1.95527],
							"size": [1, 3, 1],
							"inflate": -0.001,
							"uv": {
								"north": {"uv": [34, 1], "uv_size": [-1, 3]},
								"east": {"uv": [35, 1], "uv_size": [-1, 3]},
								"south": {"uv": [36, 1], "uv_size": [-1, 3]},
								"west": {"uv": [33, 1], "uv_size": [-1, 3]},
								"up": {"uv": [0, 0], "uv_size": [0, 0]},
								"down": {"uv": [35, 1], "uv_size": [-1, -1]}
							}
						}
					]
				},
				{
					"name": "ear12",
					"parent": "ear4",
					"pivot": [2.78584, 31.01585, -1.18628],
					"cubes": [
						{
							"origin": [1.8077, 29.82527, -1.24912],
							"size": [2, 2, 1],
							"inflate": 0.001,
							"uv": {
								"north": {"uv": [63, 1], "uv_size": [-2, 2]},
								"east": {"uv": [64, 1], "uv_size": [-1, 2]},
								"south": {"uv": [66, 1], "uv_size": [-2, 2]},
								"west": {"uv": [61, 1], "uv_size": [-1, 2]},
								"up": {"uv": [0, 0], "uv_size": [0, 0]},
								"down": {"uv": [65, 1], "uv_size": [-2, -1]}
							}
						}
					]
				},
				{
					"name": "long_hair",
					"parent": "head",
					"pivot": [0, 24, 0],
					"rotation": [5, 0, 0]
				},
				{
					"name": "back",
					"parent": "long_hair",
					"pivot": [0, 24, 0],
					"rotation": [2.5, 0, 0],
					"cubes": [
						{
							"origin": [-4, 15, 3],
							"size": [8, 10, 1],
							"uv": {
								"north": {"uv": [0, 0], "uv_size": [0, 0]},
								"east": {"uv": [0, 0], "uv_size": [0, 0]},
								"south": {"uv": [30, 18], "uv_size": [8, 10]},
								"west": {"uv": [0, 0], "uv_size": [0, 0]},
								"up": {"uv": [0, 0], "uv_size": [0, 0]},
								"down": {"uv": [0, 0], "uv_size": [0, 0]}
							}
						},
						{
							"origin": [-4, 15, 3.5],
							"size": [8, 10, 1],
							"inflate": -0.2,
							"uv": {
								"north": {"uv": [0, 0], "uv_size": [0, 0]},
								"east": {"uv": [0, 0], "uv_size": [0, 0]},
								"south": {"uv": [48, 18], "uv_size": [8, 10]},
								"west": {"uv": [0, 0], "uv_size": [0, 0]},
								"up": {"uv": [0, 0], "uv_size": [0, 0]},
								"down": {"uv": [0, 0], "uv_size": [0, 0]}
							}
						}
					]
				},
				{
					"name": "right",
					"parent": "long_hair",
					"pivot": [-1, 25, 0],
					"rotation": [2.5, 0, 10],
					"cubes": [
						{
							"origin": [-5.5, 14.5, 3],
							"size": [4, 11, 1],
							"uv": {
								"north": {"uv": [0, 0], "uv_size": [0, 0]},
								"east": {"uv": [0, 0], "uv_size": [0, 0]},
								"south": {"uv": [35, 29], "uv_size": [4, 11]},
								"west": {"uv": [0, 0], "uv_size": [0, 0]},
								"up": {"uv": [0, 0], "uv_size": [0, 0]},
								"down": {"uv": [0, 0], "uv_size": [0, 0]}
							}
						},
						{
							"origin": [-5.5, 14.5, 3.5],
							"size": [4, 11, 1],
							"inflate": -0.2,
							"uv": {
								"north": {"uv": [0, 0], "uv_size": [0, 0]},
								"east": {"uv": [0, 0], "uv_size": [0, 0]},
								"south": {"uv": [46, 29], "uv_size": [4, 11]},
								"west": {"uv": [0, 0], "uv_size": [0, 0]},
								"up": {"uv": [0, 0], "uv_size": [0, 0]},
								"down": {"uv": [0, 0], "uv_size": [0, 0]}
							}
						}
					]
				},
				{
					"name": "left",
					"parent": "long_hair",
					"pivot": [1, 25, 0],
					"rotation": [2.5, 0, -10],
					"cubes": [
						{
							"origin": [1.5, 14.5, 3],
							"size": [4, 11, 1],
							"uv": {
								"north": {"uv": [0, 0], "uv_size": [0, 0]},
								"east": {"uv": [0, 0], "uv_size": [0, 0]},
								"south": {"uv": [39, 29], "uv_size": [-4, 11]},
								"west": {"uv": [0, 0], "uv_size": [0, 0]},
								"up": {"uv": [0, 0], "uv_size": [0, 0]},
								"down": {"uv": [0, 0], "uv_size": [0, 0]}
							}
						},
						{
							"origin": [1.5, 14.5, 3.5],
							"size": [4, 11, 1],
							"inflate": -0.2,
							"uv": {
								"north": {"uv": [0, 0], "uv_size": [0, 0]},
								"east": {"uv": [0, 0], "uv_size": [0, 0]},
								"south": {"uv": [50, 29], "uv_size": [-4, 11]},
								"west": {"uv": [0, 0], "uv_size": [0, 0]},
								"up": {"uv": [0, 0], "uv_size": [0, 0]},
								"down": {"uv": [0, 0], "uv_size": [0, 0]}
							}
						}
					]
				},
				{
					"name": "hair",
					"parent": "head",
					"pivot": [0, 0, 0],
					"cubes": [
						{
							"origin": [-4, 18.5, -4],
							"size": [8, 5, 8],
							"inflate": 0.25,
							"uv": {
								"north": {"uv": [0, 0], "uv_size": [0, 0]},
								"east": {"uv": [52, 28], "uv_size": [8, 5]},
								"south": {"uv": [0, 0], "uv_size": [0, 0]},
								"west": {"uv": [68, 28], "uv_size": [8, 5]},
								"up": {"uv": [0, 0], "uv_size": [0, 0]},
								"down": {"uv": [0, 0], "uv_size": [0, 0]}
							}
						}
					]
				},
				{
					"name": "bone",
					"parent": "hair",
					"pivot": [-7.1, 28.5, 1.5],
					"rotation": [25, 0, 2.5],
					"cubes": [
						{
							"origin": [-9, 26, 0.5],
							"size": [5, 5, 1.2],
							"inflate": -0.2,
							"uv": {
								"north": {"uv": [2, 18], "uv_size": [5, 5]},
								"east": {"uv": [0, 0], "uv_size": [0, 0]},
								"south": {"uv": [8, 18], "uv_size": [5, 5]},
								"west": {"uv": [0, 0], "uv_size": [0, 0]},
								"up": {"uv": [0, 0], "uv_size": [0, 0]},
								"down": {"uv": [0, 0], "uv_size": [0, 0]}
							}
						}
					]
				},
				{
					"name": "bone2",
					"parent": "hair",
					"pivot": [7.1, 28.5, 1.5],
					"rotation": [25, 0, -2.5],
					"cubes": [
						{
							"origin": [4, 26, 0.5],
							"size": [5, 5, 1.2],
							"inflate": -0.2,
							"uv": {
								"north": {"uv": [7, 18], "uv_size": [-5, 5]},
								"east": {"uv": [0, 0], "uv_size": [0, 0]},
								"south": {"uv": [13, 18], "uv_size": [-5, 5]},
								"west": {"uv": [0, 0], "uv_size": [0, 0]},
								"up": {"uv": [0, 0], "uv_size": [0, 0]},
								"down": {"uv": [0, 0], "uv_size": [0, 0]}
							}
						}
					]
				},
				{
					"name": "tail",
					"pivot": [0, 15, 2]
				},
				{
					"name": "tail3",
					"parent": "tail",
					"pivot": [0, 18, 1],
					"rotation": [25, 0, 0],
					"cubes": [
						{
							"origin": [-1.5, 8, -1],
							"size": [3, 7, 4],
							"inflate": -0.5,
							"uv": {
								"north": {"uv": [91, 22], "uv_size": [3, 7]},
								"east": {"uv": [87, 22], "uv_size": [4, 7]},
								"south": {"uv": [98, 22], "uv_size": [3, 7]},
								"west": {"uv": [94, 22], "uv_size": [4, 7]},
								"up": {"uv": [91, 18], "uv_size": [3, 4]},
								"down": {"uv": [0, 0], "uv_size": [0, 0]}
							}
						}
					]
				},
				{
					"name": "tail_down",
					"parent": "tail",
					"pivot": [0, 10, 7],
					"rotation": [9.66, 0, 0],
					"cubes": [
						{
							"origin": [-1.5, 3.62865, 2.88723],
							"size": [3, 7, 4],
							"inflate": -0.5,
							"uv": {
								"north": {"uv": [107, 22], "uv_size": [3, 7]},
								"east": {"uv": [103, 22], "uv_size": [4, 7]},
								"south": {"uv": [114, 22], "uv_size": [3, 7]},
								"west": {"uv": [110, 22], "uv_size": [4, 7]},
								"up": {"uv": [0, 0], "uv_size": [0, 0]},
								"down": {"uv": [0, 0], "uv_size": [0, 0]}
							}
						},
						{
							"origin": [-1, 3.3641, 3.92286],
							"size": [2, 7, 2],
							"inflate": -0.5,
							"uv": {
								"north": {"uv": [121, 22], "uv_size": [2, 7]},
								"east": {"uv": [119, 22], "uv_size": [2, 7]},
								"south": {"uv": [125, 22], "uv_size": [2, 7]},
								"west": {"uv": [123, 22], "uv_size": [2, 7]},
								"up": {"uv": [0, 0], "uv_size": [0, 0]},
								"down": {"uv": [0, 0], "uv_size": [0, 0]}
							}
						}
					]
				},
				{
					"name": "body",
					"pivot": [0, 24, 0],
					"cubes": [
						{"origin": [-2.5, 22, -2.5], "size": [5, 4, 5], "inflate": -1.25, "uv": [97, 0]},
						{"origin": [-3.5, 11.75, -1.5], "size": [7, 12, 3], "inflate": -0.251, "uv": [77, 0]}
					]
				},
				{
					"name": "hide_parts",
					"parent": "body",
					"pivot": [-0.75, 0, 0.5],
					"cubes": [
						{
							"origin": [-4, 11.95, -2],
							"size": [8, 12, 4],
							"inflate": -0.4,
							"uv": {
								"north": {"uv": [108, 54], "uv_size": [8, 12]},
								"east": {"uv": [104, 54], "uv_size": [4, 12]},
								"south": {"uv": [120, 54], "uv_size": [8, 12]},
								"west": {"uv": [116, 54], "uv_size": [4, 12]},
								"up": {"uv": [108, 50], "uv_size": [8, 4]},
								"down": {"uv": [0, 0], "uv_size": [0, 0]}
							}
						}
					]
				},
				{
					"name": "bone20",
					"parent": "hide_parts",
					"pivot": [-0.75, 0, 0.5]
				},
				{
					"name": "bone16",
					"parent": "bone20",
					"pivot": [-0.75, 0, 0.5],
					"cubes": [
						{
							"origin": [-4.25, 18.5, -1.8],
							"size": [3, 3, 1],
							"inflate": -0.9,
							"uv": {
								"north": {"uv": [0, 0], "uv_size": [0, 0]},
								"east": {"uv": [0, 0], "uv_size": [0, 0]},
								"south": {"uv": [5, 26], "uv_size": [3, 3]},
								"west": {"uv": [0, 0], "uv_size": [0, 0]},
								"up": {"uv": [0, 0], "uv_size": [0, 0]},
								"down": {"uv": [0, 0], "uv_size": [0, 0]}
							}
						},
						{
							"origin": [-4.25, 16.5, -1.8],
							"size": [3, 3, 1],
							"inflate": -0.9,
							"uv": {
								"north": {"uv": [0, 0], "uv_size": [0, 0]},
								"east": {"uv": [0, 0], "uv_size": [0, 0]},
								"south": {"uv": [5, 31], "uv_size": [3, 3]},
								"west": {"uv": [0, 0], "uv_size": [0, 0]},
								"up": {"uv": [0, 0], "uv_size": [0, 0]},
								"down": {"uv": [0, 0], "uv_size": [0, 0]}
							}
						},
						{
							"origin": [-4.25, 14, -1.8],
							"size": [3, 3, 1],
							"inflate": -0.9,
							"uv": {
								"north": {"uv": [0, 0], "uv_size": [0, 0]},
								"east": {"uv": [0, 0], "uv_size": [0, 0]},
								"south": {"uv": [5, 36], "uv_size": [3, 3]},
								"west": {"uv": [0, 0], "uv_size": [0, 0]},
								"up": {"uv": [0, 0], "uv_size": [0, 0]},
								"down": {"uv": [0, 0], "uv_size": [0, 0]}
							}
						},
						{
							"origin": [1.5, 18.75, -1.8],
							"size": [3, 3, 1],
							"inflate": -0.9,
							"uv": {
								"north": {"uv": [0, 0], "uv_size": [0, 0]},
								"east": {"uv": [0, 0], "uv_size": [0, 0]},
								"south": {"uv": [8, 41], "uv_size": [-3, 3]},
								"west": {"uv": [0, 0], "uv_size": [0, 0]},
								"up": {"uv": [0, 0], "uv_size": [0, 0]},
								"down": {"uv": [0, 0], "uv_size": [0, 0]}
							}
						},
						{
							"origin": [1.25, 17, -1.8],
							"size": [3, 3, 1],
							"inflate": -0.9,
							"uv": {
								"north": {"uv": [0, 0], "uv_size": [0, 0]},
								"east": {"uv": [0, 0], "uv_size": [0, 0]},
								"south": {"uv": [8, 46], "uv_size": [-3, 3]},
								"west": {"uv": [0, 0], "uv_size": [0, 0]},
								"up": {"uv": [0, 0], "uv_size": [0, 0]},
								"down": {"uv": [0, 0], "uv_size": [0, 0]}
							}
						},
						{
							"origin": [2.25, 17, -1.8],
							"size": [3, 3, 1],
							"inflate": -0.9,
							"uv": {
								"north": {"uv": [0, 0], "uv_size": [0, 0]},
								"east": {"uv": [0, 0], "uv_size": [0, 0]},
								"south": {"uv": [8, 51], "uv_size": [-3, 3]},
								"west": {"uv": [0, 0], "uv_size": [0, 0]},
								"up": {"uv": [0, 0], "uv_size": [0, 0]},
								"down": {"uv": [0, 0], "uv_size": [0, 0]}
							}
						},
						{
							"origin": [1.25, 14, -1.8],
							"size": [3, 3, 1],
							"inflate": -0.9,
							"uv": {
								"north": {"uv": [0, 0], "uv_size": [0, 0]},
								"east": {"uv": [0, 0], "uv_size": [0, 0]},
								"south": {"uv": [8, 56], "uv_size": [-3, 3]},
								"west": {"uv": [0, 0], "uv_size": [0, 0]},
								"up": {"uv": [0, 0], "uv_size": [0, 0]},
								"down": {"uv": [0, 0], "uv_size": [0, 0]}
							}
						}
					]
				},
				{
					"name": "bone21",
					"parent": "bone20",
					"pivot": [-0.75, 0, 0.5],
					"cubes": [
						{
							"origin": [-4.25, 18.5, 0.8],
							"size": [3, 3, 1],
							"inflate": -0.9,
							"uv": {
								"north": {"uv": [10, 41], "uv_size": [3, 3]},
								"east": {"uv": [0, 0], "uv_size": [0, 0]},
								"south": {"uv": [0, 0], "uv_size": [0, 0]},
								"west": {"uv": [0, 0], "uv_size": [0, 0]},
								"up": {"uv": [0, 0], "uv_size": [0, 0]},
								"down": {"uv": [0, 0], "uv_size": [0, 0]}
							}
						},
						{
							"origin": [-3.5, 17.5, 0],
							"size": [7, 6, 1],
							"inflate": -1.8,
							"uv": {
								"north": {"uv": [10, 49], "uv_size": [7, 6]},
								"east": {"uv": [0, 0], "uv_size": [0, 0]},
								"south": {"uv": [0, 0], "uv_size": [0, 0]},
								"west": {"uv": [0, 0], "uv_size": [0, 0]},
								"up": {"uv": [0, 0], "uv_size": [0, 0]},
								"down": {"uv": [0, 0], "uv_size": [0, 0]}
							}
						},
						{
							"origin": [-2, 16.5, 0.8],
							"size": [4, 3, 1],
							"inflate": -0.9,
							"uv": {
								"north": {"uv": [11, 57], "uv_size": [4, 3]},
								"east": {"uv": [0, 0], "uv_size": [0, 0]},
								"south": {"uv": [0, 0], "uv_size": [0, 0]},
								"west": {"uv": [0, 0], "uv_size": [0, 0]},
								"up": {"uv": [0, 0], "uv_size": [0, 0]},
								"down": {"uv": [0, 0], "uv_size": [0, 0]}
							}
						},
						{
							"origin": [1.25, 17.5, 0.8],
							"size": [3, 3, 1],
							"inflate": -0.9,
							"uv": {
								"north": {"uv": [22, 42], "uv_size": [-3, 3]},
								"east": {"uv": [0, 0], "uv_size": [0, 0]},
								"south": {"uv": [0, 0], "uv_size": [0, 0]},
								"west": {"uv": [0, 0], "uv_size": [0, 0]},
								"up": {"uv": [0, 0], "uv_size": [0, 0]},
								"down": {"uv": [0, 0], "uv_size": [0, 0]}
							}
						},
						{
							"origin": [-4.25, 15.5, 0.8],
							"size": [3, 4, 1],
							"inflate": -0.9,
							"uv": {
								"north": {"uv": [1, 61], "uv_size": [3, 4]},
								"east": {"uv": [0, 0], "uv_size": [0, 0]},
								"south": {"uv": [0, 0], "uv_size": [0, 0]},
								"west": {"uv": [0, 0], "uv_size": [0, 0]},
								"up": {"uv": [0, 0], "uv_size": [0, 0]},
								"down": {"uv": [0, 0], "uv_size": [0, 0]}
							}
						},
						{
							"origin": [0.75, 15.75, 0.8],
							"size": [3, 3, 1],
							"inflate": -0.9,
							"uv": {
								"north": {"uv": [12, 64], "uv_size": [-3, 3]},
								"east": {"uv": [0, 0], "uv_size": [0, 0]},
								"south": {"uv": [0, 0], "uv_size": [0, 0]},
								"west": {"uv": [0, 0], "uv_size": [0, 0]},
								"up": {"uv": [0, 0], "uv_size": [0, 0]},
								"down": {"uv": [0, 0], "uv_size": [0, 0]}
							}
						}
					]
				},
				{
					"name": "bone25",
					"parent": "bone20",
					"pivot": [-0.75, 0, 0.5]
				},
				{
					"name": "bone23",
					"parent": "bone25",
					"pivot": [0, 20.5, -0.80019],
					"rotation": [0, 0, -27.5],
					"cubes": [
						{
							"origin": [-2.25, 17, -1.80019],
							"size": [4.5, 5, 2],
							"inflate": -1.8,
							"uv": {
								"north": {"uv": [0, 0], "uv_size": [0, 0]},
								"east": {"uv": [0, 0], "uv_size": [0, 0]},
								"south": {"uv": [46, 91], "uv_size": [4, 5]},
								"west": {"uv": [0, 0], "uv_size": [0, 0]},
								"up": {"uv": [0, 0], "uv_size": [0, 0]},
								"down": {"uv": [0, 0], "uv_size": [0, 0]}
							}
						}
					]
				},
				{
					"name": "bone26",
					"parent": "bone25",
					"pivot": [-1.25, 23.5, -1.5],
					"rotation": [0, 0, -20],
					"cubes": [
						{
							"origin": [-1.85, 19.5, -2],
							"size": [1, 4.5, 1],
							"inflate": -0.4,
							"uv": {
								"north": {"uv": [0, 0], "uv_size": [0, 0]},
								"east": {"uv": [0, 0], "uv_size": [0, 0]},
								"south": {"uv": [0, 0], "uv_size": [0, 0]},
								"west": {"uv": [0, 0], "uv_size": [0, 0]},
								"up": {"uv": [0, 0], "uv_size": [0, 0]},
								"down": {"uv": [0, 0], "uv_size": [0, 0]}
							}
						}
					]
				},
				{
					"name": "bone27",
					"parent": "bone25",
					"pivot": [1.25, 23.5, -1.5],
					"rotation": [0, 0, 20],
					"cubes": [
						{
							"origin": [0.85, 19.5, -2],
							"size": [1, 4.5, 1],
							"inflate": -0.4,
							"uv": {
								"north": {"uv": [0, 0], "uv_size": [0, 0]},
								"east": {"uv": [0, 0], "uv_size": [0, 0]},
								"south": {"uv": [0, 0], "uv_size": [0, 0]},
								"west": {"uv": [0, 0], "uv_size": [0, 0]},
								"up": {"uv": [0, 0], "uv_size": [0, 0]},
								"down": {"uv": [0, 0], "uv_size": [0, 0]}
							}
						}
					]
				},
				{
					"name": "bone24",
					"parent": "bone25",
					"pivot": [0, 20.5, -0.80019],
					"rotation": [-2, 0, 5],
					"cubes": [
						{
							"origin": [-2.25, 17, -1.80019],
							"size": [4.5, 5, 2],
							"inflate": -1.8,
							"uv": {
								"north": {"uv": [0, 0], "uv_size": [0, 0]},
								"east": {"uv": [0, 0], "uv_size": [0, 0]},
								"south": {"uv": [46, 91], "uv_size": [4, 5]},
								"west": {"uv": [0, 0], "uv_size": [0, 0]},
								"up": {"uv": [0, 0], "uv_size": [0, 0]},
								"down": {"uv": [0, 0], "uv_size": [0, 0]}
							}
						}
					]
				},
				{
					"name": "bone10",
					"parent": "hide_parts",
					"pivot": [-0.75, 0, 0.5],
					"cubes": [
						{
							"origin": [-4, 16.9, -2],
							"size": [8, 2, 4],
							"inflate": -0.55,
							"uv": {
								"north": {"uv": [108, 47], "uv_size": [8, 2]},
								"east": {"uv": [104, 47], "uv_size": [4, 2]},
								"south": {"uv": [120, 47], "uv_size": [8, 2]},
								"west": {"uv": [116, 47], "uv_size": [4, 2]},
								"up": {"uv": [0, 0], "uv_size": [0, 0]},
								"down": {"uv": [0, 0], "uv_size": [0, 0]}
							}
						},
						{
							"origin": [-4, 15.1, -2],
							"size": [8, 9, 4],
							"inflate": -0.6,
							"uv": {
								"north": {"uv": [108, 34], "uv_size": [8, 9]},
								"east": {"uv": [104, 34], "uv_size": [4, 9]},
								"south": {"uv": [120, 34], "uv_size": [8, 9]},
								"west": {"uv": [116, 34], "uv_size": [4, 9]},
								"up": {"uv": [108, 30], "uv_size": [8, 4]},
								"down": {"uv": [0, 0], "uv_size": [0, 0]}
							}
						}
					]
				},
				{
					"name": "bone8",
					"parent": "hide_parts",
					"pivot": [-0.75, 0, 0.5],
					"cubes": [
						{
							"origin": [-4.5, 12.7, -2.5],
							"size": [9, 3, 5],
							"inflate": -0.8,
							"uv": {
								"north": {"uv": [105, 72], "uv_size": [9, 3]},
								"east": {"uv": [100, 72], "uv_size": [5, 3]},
								"south": {"uv": [119, 72], "uv_size": [9, 3]},
								"west": {"uv": [114, 72], "uv_size": [5, 3]},
								"up": {"uv": [0, 0], "uv_size": [0, 0]},
								"down": {"uv": [0, 0], "uv_size": [0, 0]}
							}
						}
					]
				},
				{
					"name": "bone9",
					"parent": "bone8",
					"pivot": [-0.75, 0, 0.5],
					"cubes": [
						{
							"origin": [-5.7, 9.7, 1.3],
							"size": [7.5, 17, 1],
							"inflate": -4,
							"uv": {
								"north": {"uv": [0, 0], "uv_size": [0, 0]},
								"east": {"uv": [0, 0], "uv_size": [0, 0]},
								"south": {"uv": [96, 31], "uv_size": [7, 17]},
								"west": {"uv": [0, 0], "uv_size": [0, 0]},
								"up": {"uv": [0, 0], "uv_size": [0, 0]},
								"down": {"uv": [0, 0], "uv_size": [0, 0]}
							}
						},
						{
							"origin": [-1.8, 9.7, 1.3],
							"size": [7.5, 17, 1],
							"inflate": -4,
							"uv": {
								"north": {"uv": [0, 0], "uv_size": [0, 0]},
								"east": {"uv": [0, 0], "uv_size": [0, 0]},
								"south": {"uv": [103, 31], "uv_size": [-7, 17]},
								"west": {"uv": [0, 0], "uv_size": [0, 0]},
								"up": {"uv": [0, 0], "uv_size": [0, 0]},
								"down": {"uv": [0, 0], "uv_size": [0, 0]}
							}
						}
					]
				},
				{
					"name": "bone4",
					"parent": "bone8",
					"pivot": [-0.75, 0, 0.5]
				},
				{
					"name": "bone6",
					"parent": "bone4",
					"pivot": [0.2, 23.95, 0.6],
					"rotation": [0, -90, 0],
					"cubes": [
						{"origin": [-0.30009, 22.99989, -1.39989], "size": [2, 1.3, 4], "inflate": -0.50001, "uv": [103, 10]}
					]
				},
				{
					"name": "bone3",
					"parent": "bone4",
					"pivot": [-0.75, 0, 0.5],
					"cubes": [
						{"origin": [-2.8, 20, -2.4], "size": [2, 4, 1.3], "inflate": -0.5001, "uv": [97, 10]},
						{"origin": [-2.8, 22.9998, -2.4], "size": [2, 1.3, 4.5], "inflate": -0.5001, "uv": [103, 10]}
					]
				},
				{
					"name": "bone7",
					"parent": "bone4",
					"pivot": [0.75, 0, 0.5],
					"cubes": [
						{"origin": [0.8, 20, -2.4], "size": [2, 4, 1.3], "inflate": -0.5001, "uv": [97, 10], "mirror": true},
						{"origin": [0.8, 22.9998, -2.4], "size": [2, 1.3, 4.5], "inflate": -0.5001, "uv": [103, 10], "mirror": true}
					]
				},
				{
					"name": "bone11",
					"parent": "hide_parts",
					"pivot": [-1.75, 1, 1.5],
					"cubes": [
						{
							"origin": [-3.25, 11.98, -1.5],
							"size": [6.55, 2, 3],
							"inflate": -0.01,
							"uv": {
								"north": {"uv": [77, 53], "uv_size": [-6, 2]},
								"east": {"uv": [80, 53], "uv_size": [-3, 2]},
								"south": {"uv": [86, 53], "uv_size": [-6, 2]},
								"west": {"uv": [71, 53], "uv_size": [-3, 2]},
								"up": {"uv": [0, 0], "uv_size": [0, 0]},
								"down": {"uv": [83, 53], "uv_size": [-6, -3]}
							}
						}
					]
				},
				{
					"name": "bone12",
					"parent": "bone11",
					"pivot": [-1.75, 1, 1.5],
					"cubes": [
						{
							"origin": [-4.5, 11.75, -2.5],
							"size": [9, 3, 5],
							"inflate": -1,
							"uv": {
								"north": {"uv": [105, 81], "uv_size": [9, 3]},
								"east": {"uv": [100, 81], "uv_size": [5, 3]},
								"south": {"uv": [119, 81], "uv_size": [9, 3]},
								"west": {"uv": [114, 81], "uv_size": [5, 3]},
								"up": {"uv": [0, 0], "uv_size": [0, 0]},
								"down": {"uv": [0, 0], "uv_size": [0, 0]}
							}
						},
						{
							"origin": [-1.95, 11.85, -1.8],
							"size": [1.2, 2.8, 1],
							"inflate": -0.8,
							"uv": {
								"north": {"uv": [0, 0], "uv_size": [0, 0]},
								"east": {"uv": [0, 0], "uv_size": [0, 0]},
								"south": {"uv": [81, 18], "uv_size": [1, 2]},
								"west": {"uv": [0, 0], "uv_size": [0, 0]},
								"up": {"uv": [0, 0], "uv_size": [0, 0]},
								"down": {"uv": [0, 0], "uv_size": [0, 0]}
							}
						},
						{
							"origin": [-2.5, 10.9, -2],
							"size": [5, 4.6, 2],
							"inflate": -1.6,
							"uv": {
								"north": {"uv": [0, 0], "uv_size": [0, 0]},
								"east": {"uv": [0, 0], "uv_size": [0, 0]},
								"south": {"uv": [103, 52], "uv_size": [-5, 4]},
								"west": {"uv": [0, 0], "uv_size": [0, 0]},
								"up": {"uv": [0, 0], "uv_size": [0, 0]},
								"down": {"uv": [0, 0], "uv_size": [0, 0]}
							}
						},
						{
							"origin": [0.75, 11.85, -1.8],
							"size": [1.2, 2.8, 1],
							"inflate": -0.8,
							"uv": {
								"north": {"uv": [0, 0], "uv_size": [0, 0]},
								"east": {"uv": [0, 0], "uv_size": [0, 0]},
								"south": {"uv": [82, 18], "uv_size": [-1, 2]},
								"west": {"uv": [0, 0], "uv_size": [0, 0]},
								"up": {"uv": [0, 0], "uv_size": [0, 0]},
								"down": {"uv": [0, 0], "uv_size": [0, 0]}
							}
						}
					]
				},
				{
					"name": "right_leg",
					"pivot": [-1.75, 12, 0],
					"cubes": [
						{"origin": [-3.25, 7, -1.5], "size": [3, 5, 3], "inflate": -0.01, "uv": [116, 120], "mirror": true}
					]
				},
				{
					"name": "right_leg_hide_parts",
					"parent": "right_leg",
					"pivot": [-23.5, 21, -2],
					"cubes": [
						{
							"origin": [-5.25, 4.7, -3.5],
							"size": [7, 5, 7],
							"inflate": -1.95,
							"uv": {
								"north": {"uv": [40, 111], "uv_size": [-7, 5]},
								"east": {"uv": [47, 111], "uv_size": [-7, 5]},
								"south": {"uv": [54, 111], "uv_size": [-7, 5]},
								"west": {"uv": [33, 111], "uv_size": [-7, 5]},
								"up": {"uv": [0, 0], "uv_size": [0, 0]},
								"down": {"uv": [0, 0], "uv_size": [0, 0]}
							}
						},
						{
							"origin": [-5.25, 5.4, -3.5],
							"size": [7, 5, 7],
							"inflate": -1.95,
							"uv": {
								"north": {"uv": [40, 123], "uv_size": [-7, 5]},
								"east": {"uv": [47, 123], "uv_size": [-7, 5]},
								"south": {"uv": [54, 123], "uv_size": [-7, 5]},
								"west": {"uv": [33, 123], "uv_size": [-7, 5]},
								"up": {"uv": [0, 0], "uv_size": [0, 0]},
								"down": {"uv": [0, 0], "uv_size": [0, 0]}
							}
						},
						{
							"origin": [-3.75, 9, -2],
							"size": [4, 2, 4],
							"inflate": -0.45,
							"uv": {
								"north": {"uv": [108, 115], "uv_size": [-4, 2]},
								"east": {"uv": [112, 115], "uv_size": [-4, 2]},
								"south": {"uv": [116, 115], "uv_size": [-4, 2]},
								"west": {"uv": [104, 115], "uv_size": [-4, 2]},
								"up": {"uv": [0, 0], "uv_size": [0, 0]},
								"down": {"uv": [0, 0], "uv_size": [0, 0]}
							}
						}
					]
				},
				{
					"name": "bone13",
					"parent": "right_leg_hide_parts",
					"pivot": [-0.25, 10, 0],
					"rotation": [0, 0, 27.5],
					"cubes": [
						{
							"origin": [-4.7, 9.4, -2],
							"size": [4.7, 2, 4],
							"inflate": -0.43,
							"uv": {
								"north": {"uv": [109, 108], "uv_size": [-4, 2]},
								"east": {"uv": [113, 108], "uv_size": [-4, 2]},
								"south": {"uv": [117, 108], "uv_size": [-4, 2]},
								"west": {"uv": [105, 108], "uv_size": [-4, 2]},
								"up": {"uv": [0, 0], "uv_size": [0, 0]},
								"down": {"uv": [0, 0], "uv_size": [0, 0]}
							}
						}
					]
				},
				{
					"name": "bone14",
					"parent": "bone13",
					"pivot": [-3.25, 8, 0],
					"rotation": [0, 0, -17.5],
					"cubes": [
						{
							"origin": [-4.3, 6.4, -2],
							"size": [2, 5, 4],
							"inflate": -0.8,
							"uv": {
								"north": {"uv": [0, 0], "uv_size": [0, 0]},
								"east": {"uv": [85, 70], "uv_size": [4, 5]},
								"south": {"uv": [0, 0], "uv_size": [0, 0]},
								"west": {"uv": [0, 0], "uv_size": [0, 0]},
								"up": {"uv": [0, 0], "uv_size": [0, 0]},
								"down": {"uv": [0, 0], "uv_size": [0, 0]}
							}
						}
					]
				},
				{
					"name": "bone15",
					"parent": "right_leg_hide_parts",
					"pivot": [-2, 8.5, 0],
					"rotation": [0, 0, 2.5],
					"cubes": [
						{
							"origin": [-3, 4.5, -2],
							"size": [1, 6, 4],
							"inflate": -1.5,
							"uv": {
								"north": {"uv": [0, 0], "uv_size": [0, 0]},
								"east": {"uv": [0, 0], "uv_size": [0, 0]},
								"south": {"uv": [0, 0], "uv_size": [0, 0]},
								"west": {"uv": [57, 59], "uv_size": [4, 6]},
								"up": {"uv": [0, 0], "uv_size": [0, 0]},
								"down": {"uv": [0, 0], "uv_size": [0, 0]}
							}
						},
						{
							"origin": [-2, 4, -3],
							"size": [1, 7, 6],
							"inflate": -2.6,
							"uv": {
								"north": {"uv": [0, 0], "uv_size": [0, 0]},
								"east": {"uv": [0, 0], "uv_size": [0, 0]},
								"south": {"uv": [0, 0], "uv_size": [0, 0]},
								"west": {"uv": [46, 60], "uv_size": [6, 7]},
								"up": {"uv": [0, 0], "uv_size": [0, 0]},
								"down": {"uv": [0, 0], "uv_size": [0, 0]}
							}
						}
					]
				},
				{
					"name": "right_leg_down",
					"parent": "right_leg",
					"pivot": [-1.75, 7, -1.5],
					"cubes": [
						{
							"origin": [-3.75, 2.01, -2],
							"size": [4, 2, 4],
							"inflate": -0.4,
							"uv": {
								"north": {"uv": [119, 89], "uv_size": [-4, 2]},
								"east": {"uv": [123, 89], "uv_size": [-4, 2]},
								"south": {"uv": [127, 89], "uv_size": [-4, 2]},
								"west": {"uv": [115, 89], "uv_size": [-4, 2]},
								"up": {"uv": [0, 0], "uv_size": [0, 0]},
								"down": {"uv": [0, 0], "uv_size": [0, 0]}
							}
						},
						{"origin": [-3.25, 1.01, -1.5], "size": [3, 6, 3], "inflate": -0.01, "uv": [102, 119], "mirror": true}
					]
				},
				{
					"name": "right_foot",
					"parent": "right_leg_down",
					"pivot": [-1.75, 7, -1.5],
					"cubes": [
						{
							"origin": [-2.75, 0, -4.36603],
							"size": [2, 2, 1],
							"inflate": 0.001,
							"uv": {
								"north": {"uv": [81, 121], "uv_size": [-2, 2]},
								"east": {"uv": [0, 0], "uv_size": [0, 0]},
								"south": {"uv": [0, 0], "uv_size": [0, 0]},
								"west": {"uv": [0, 0], "uv_size": [0, 0]},
								"up": {"uv": [81, 120], "uv_size": [-2, 1]},
								"down": {"uv": [83, 121], "uv_size": [-2, -1]}
							}
						},
						{
							"origin": [-3.25, 0, -0.5],
							"size": [3, 1, 2],
							"uv": {
								"north": {"uv": [89, 120], "uv_size": [-3, 1]},
								"east": {"uv": [91, 120], "uv_size": [-2, 1]},
								"south": {"uv": [94, 120], "uv_size": [-3, 1]},
								"west": {"uv": [86, 120], "uv_size": [-2, 1]},
								"up": {"uv": [0, 0], "uv_size": [0, 0]},
								"down": {"uv": [92, 120], "uv_size": [-3, -2]}
							}
						},
						{
							"origin": [-3.25, 0, -3.5],
							"size": [3, 1, 3],
							"inflate": 0.01,
							"uv": {
								"north": {"uv": [0, 0], "uv_size": [0, 0]},
								"east": {"uv": [84, 127], "uv_size": [-3, 1]},
								"south": {"uv": [87, 127], "uv_size": [-3, 1]},
								"west": {"uv": [78, 127], "uv_size": [-3, 1]},
								"up": {"uv": [0, 0], "uv_size": [0, 0]},
								"down": {"uv": [84, 127], "uv_size": [-3, -3]}
							}
						},
						{
							"origin": [-3.25, 1, -3.5],
							"size": [3, 1, 5],
							"inflate": 0.01,
							"uv": {
								"north": {"uv": [0, 0], "uv_size": [0, 0]},
								"east": {"uv": [77, 110], "uv_size": [-5, 1]},
								"south": {"uv": [80, 110], "uv_size": [-3, 1]},
								"west": {"uv": [69, 110], "uv_size": [-5, 1]},
								"up": {"uv": [0, 0], "uv_size": [0, 0]},
								"down": {"uv": [75, 110], "uv_size": [-3, -5]}
							}
						},
						{
							"origin": [-3.25, 2, -1.5],
							"size": [3, 1, 3],
							"inflate": 0.02,
							"uv": {
								"north": {"uv": [70, 120], "uv_size": [-3, 1]},
								"east": {"uv": [73, 120], "uv_size": [-3, 1]},
								"south": {"uv": [76, 120], "uv_size": [-3, 1]},
								"west": {"uv": [67, 120], "uv_size": [-3, 1]},
								"up": {"uv": [0, 0], "uv_size": [0, 0]},
								"down": {"uv": [0, 0], "uv_size": [0, 0]}
							}
						}
					]
				},
				{
					"name": "shoes4",
					"parent": "right_foot",
					"pivot": [-3.25, 0, -3.5],
					"rotation": [0, -30, 0],
					"cubes": [
						{
							"origin": [-3.25, 0, -4.5],
							"size": [1, 2, 1],
							"uv": {
								"north": {"uv": [0, 0], "uv_size": [0, 0]},
								"east": {"uv": [85, 124], "uv_size": [1, 2]},
								"south": {"uv": [0, 0], "uv_size": [0, 0]},
								"west": {"uv": [0, 0], "uv_size": [0, 0]},
								"up": {"uv": [86, 123], "uv_size": [1, 1]},
								"down": {"uv": [87, 124], "uv_size": [1, -1]}
							}
						}
					]
				},
				{
					"name": "shoes5",
					"parent": "right_foot",
					"pivot": [-0.25, 0, -3.5],
					"rotation": [0, 30, 0],
					"cubes": [
						{
							"origin": [-1.25, 0, -4.5],
							"size": [1, 2, 1],
							"uv": {
								"north": {"uv": [0, 0], "uv_size": [0, 0]},
								"east": {"uv": [0, 0], "uv_size": [0, 0]},
								"south": {"uv": [0, 0], "uv_size": [0, 0]},
								"west": {"uv": [86, 124], "uv_size": [-1, 2]},
								"up": {"uv": [87, 123], "uv_size": [-1, 1]},
								"down": {"uv": [88, 124], "uv_size": [-1, -1]}
							}
						}
					]
				},
				{
					"name": "shoes6",
					"parent": "right_foot",
					"pivot": [-1.75, 2, -3.5],
					"rotation": [27.5, 0, 0],
					"cubes": [
						{
							"origin": [-3.25, 1, -3.5],
							"size": [3, 1, 4],
							"inflate": 0.03,
							"uv": {
								"north": {"uv": [0, 0], "uv_size": [0, 0]},
								"east": {"uv": [92, 107], "uv_size": [-4, 1]},
								"south": {"uv": [0, 0], "uv_size": [0, 0]},
								"west": {"uv": [85, 107], "uv_size": [-4, 1]},
								"up": {"uv": [88, 103], "uv_size": [-3, 4]},
								"down": {"uv": [0, 0], "uv_size": [0, 0]}
							}
						}
					]
				},
				{
					"name": "left_arm",
					"pivot": [4, 22, 0],
					"cubes": [
						{"origin": [3.5, 17.5, -1.5], "size": [3, 6, 3], "uv": [74, 56]}
					]
				},
				{
					"name": "left_chestplate",
					"parent": "left_arm",
					"pivot": [-5, 24, 0],
					"cubes": [
						{
							"origin": [5.75, 20, -2],
							"size": [1, 3, 4],
							"inflate": -0.9,
							"uv": {
								"north": {"uv": [0, 0], "uv_size": [0, 0]},
								"east": {"uv": [20, 81], "uv_size": [-4, 3]},
								"south": {"uv": [0, 0], "uv_size": [0, 0]},
								"west": {"uv": [0, 0], "uv_size": [0, 0]},
								"up": {"uv": [0, 0], "uv_size": [0, 0]},
								"down": {"uv": [0, 0], "uv_size": [0, 0]}
							}
						},
						{
							"origin": [5.75, 18, -2],
							"size": [1, 3, 4],
							"inflate": -0.9,
							"uv": {
								"north": {"uv": [0, 0], "uv_size": [0, 0]},
								"east": {"uv": [18, 89], "uv_size": [-4, 3]},
								"south": {"uv": [0, 0], "uv_size": [0, 0]},
								"west": {"uv": [0, 0], "uv_size": [0, 0]},
								"up": {"uv": [0, 0], "uv_size": [0, 0]},
								"down": {"uv": [0, 0], "uv_size": [0, 0]}
							}
						}
					]
				},
				{
					"name": "left_arm_down",
					"parent": "left_arm",
					"pivot": [4.75, 17.5, 1.25],
					"cubes": [
						{"origin": [3.5, 12.5, -1.5], "size": [3, 5, 3], "uv": [89, 57]},
						{
							"origin": [2.5, 12.8, -2.5],
							"size": [5, 3, 5],
							"inflate": -0.92,
							"uv": {
								"north": {"uv": [69, 72], "uv_size": [5, 3]},
								"east": {"uv": [64, 72], "uv_size": [5, 3]},
								"south": {"uv": [79, 72], "uv_size": [5, 3]},
								"west": {"uv": [74, 72], "uv_size": [5, 3]},
								"up": {"uv": [0, 0], "uv_size": [0, 0]},
								"down": {"uv": [0, 0], "uv_size": [0, 0]}
							}
						}
					]
				},
				{
					"name": "right_arm",
					"pivot": [-4, 22, 0],
					"cubes": [
						{"origin": [-6.5, 17.5, -1.5], "size": [3, 6, 3], "uv": [74, 56], "mirror": true}
					]
				},
				{
					"name": "right_chestplate",
					"parent": "right_arm",
					"pivot": [-8, 25, 0],
					"cubes": [
						{
							"origin": [-6.75, 20, -2],
							"size": [1, 3, 4],
							"inflate": -0.9,
							"uv": {
								"north": {"uv": [0, 0], "uv_size": [0, 0]},
								"east": {"uv": [0, 0], "uv_size": [0, 0]},
								"south": {"uv": [0, 0], "uv_size": [0, 0]},
								"west": {"uv": [5, 73], "uv_size": [4, 3]},
								"up": {"uv": [0, 0], "uv_size": [0, 0]},
								"down": {"uv": [0, 0], "uv_size": [0, 0]}
							}
						},
						{
							"origin": [-6.75, 18, -2],
							"size": [1, 3, 4],
							"inflate": -0.9,
							"uv": {
								"north": {"uv": [0, 0], "uv_size": [0, 0]},
								"east": {"uv": [0, 0], "uv_size": [0, 0]},
								"south": {"uv": [0, 0], "uv_size": [0, 0]},
								"west": {"uv": [5, 81], "uv_size": [4, 3]},
								"up": {"uv": [0, 0], "uv_size": [0, 0]},
								"down": {"uv": [0, 0], "uv_size": [0, 0]}
							}
						}
					]
				},
				{
					"name": "right_arm_down",
					"parent": "right_arm",
					"pivot": [-4.75, 17.5, 1.25],
					"cubes": [
						{"origin": [-6.5, 12.5, -1.5], "size": [3, 5, 3], "uv": [89, 57], "mirror": true},
						{
							"origin": [-7.5, 12.8, -2.5],
							"size": [5, 3, 5],
							"inflate": -0.92,
							"uv": {
								"north": {"uv": [74, 72], "uv_size": [-5, 3]},
								"east": {"uv": [79, 72], "uv_size": [-5, 3]},
								"south": {"uv": [84, 72], "uv_size": [-5, 3]},
								"west": {"uv": [69, 72], "uv_size": [-5, 3]},
								"up": {"uv": [0, 0], "uv_size": [0, 0]},
								"down": {"uv": [0, 0], "uv_size": [0, 0]}
							}
						}
					]
				},
				{
					"name": "left_leg",
					"pivot": [1.75, 12, 0],
					"cubes": [
						{"origin": [0.25, 7, -1.5], "size": [3, 5, 3], "inflate": -0.01, "uv": [116, 120]}
					]
				},
				{
					"name": "left_leg_hide_parts",
					"parent": "left_leg",
					"pivot": [23.5, 21, -2],
					"cubes": [
						{
							"origin": [-1.75, 4.7, -3.5],
							"size": [7, 5, 7],
							"inflate": -1.95,
							"uv": {
								"north": {"uv": [33, 111], "uv_size": [7, 5]},
								"east": {"uv": [26, 111], "uv_size": [7, 5]},
								"south": {"uv": [47, 111], "uv_size": [7, 5]},
								"west": {"uv": [40, 111], "uv_size": [7, 5]},
								"up": {"uv": [0, 0], "uv_size": [0, 0]},
								"down": {"uv": [0, 0], "uv_size": [0, 0]}
							}
						},
						{
							"origin": [-1.75, 5.4, -3.5],
							"size": [7, 5, 7],
							"inflate": -1.95,
							"uv": {
								"north": {"uv": [33, 123], "uv_size": [7, 5]},
								"east": {"uv": [26, 123], "uv_size": [7, 5]},
								"south": {"uv": [47, 123], "uv_size": [7, 5]},
								"west": {"uv": [40, 123], "uv_size": [7, 5]},
								"up": {"uv": [0, 0], "uv_size": [0, 0]},
								"down": {"uv": [0, 0], "uv_size": [0, 0]}
							}
						},
						{
							"origin": [-0.25, 9, -2],
							"size": [4, 2, 4],
							"inflate": -0.45,
							"uv": {
								"north": {"uv": [104, 115], "uv_size": [4, 2]},
								"east": {"uv": [100, 115], "uv_size": [4, 2]},
								"south": {"uv": [112, 115], "uv_size": [4, 2]},
								"west": {"uv": [108, 115], "uv_size": [4, 2]},
								"up": {"uv": [0, 0], "uv_size": [0, 0]},
								"down": {"uv": [0, 0], "uv_size": [0, 0]}
							}
						}
					]
				},
				{
					"name": "bone17",
					"parent": "left_leg_hide_parts",
					"pivot": [0.25, 10, 0],
					"rotation": [0, 0, -27.5],
					"cubes": [
						{
							"origin": [0, 9.4, -2],
							"size": [4.7, 2, 4],
							"inflate": -0.43,
							"uv": {
								"north": {"uv": [105, 108], "uv_size": [4, 2]},
								"east": {"uv": [101, 108], "uv_size": [4, 2]},
								"south": {"uv": [113, 108], "uv_size": [4, 2]},
								"west": {"uv": [109, 108], "uv_size": [4, 2]},
								"up": {"uv": [0, 0], "uv_size": [0, 0]},
								"down": {"uv": [0, 0], "uv_size": [0, 0]}
							}
						}
					]
				},
				{
					"name": "bone18",
					"parent": "bone17",
					"pivot": [3.25, 8, 0],
					"rotation": [0, 0, 17.5],
					"cubes": [
						{
							"origin": [2.3, 6.4, -2],
							"size": [2, 5, 4],
							"inflate": -0.8,
							"uv": {
								"north": {"uv": [0, 0], "uv_size": [0, 0]},
								"east": {"uv": [0, 0], "uv_size": [0, 0]},
								"south": {"uv": [0, 0], "uv_size": [0, 0]},
								"west": {"uv": [89, 70], "uv_size": [-4, 5]},
								"up": {"uv": [0, 0], "uv_size": [0, 0]},
								"down": {"uv": [0, 0], "uv_size": [0, 0]}
							}
						}
					]
				},
				{
					"name": "bone19",
					"parent": "left_leg_hide_parts",
					"pivot": [2, 8.5, 0],
					"rotation": [0, 0, -2.5],
					"cubes": [
						{
							"origin": [2, 4.5, -2],
							"size": [1, 6, 4],
							"inflate": -1.5,
							"uv": {
								"north": {"uv": [0, 0], "uv_size": [0, 0]},
								"east": {"uv": [61, 59], "uv_size": [-4, 6]},
								"south": {"uv": [0, 0], "uv_size": [0, 0]},
								"west": {"uv": [0, 0], "uv_size": [0, 0]},
								"up": {"uv": [0, 0], "uv_size": [0, 0]},
								"down": {"uv": [0, 0], "uv_size": [0, 0]}
							}
						},
						{
							"origin": [1, 4, -3],
							"size": [1, 7, 6],
							"inflate": -2.6,
							"uv": {
								"north": {"uv": [0, 0], "uv_size": [0, 0]},
								"east": {"uv": [52, 60], "uv_size": [-6, 7]},
								"south": {"uv": [0, 0], "uv_size": [0, 0]},
								"west": {"uv": [0, 0], "uv_size": [0, 0]},
								"up": {"uv": [0, 0], "uv_size": [0, 0]},
								"down": {"uv": [0, 0], "uv_size": [0, 0]}
							}
						}
					]
				},
				{
					"name": "left_leg_down",
					"parent": "left_leg",
					"pivot": [1.75, 7, -1.5],
					"cubes": [
						{
							"origin": [-0.25, 2.01, -2],
							"size": [4, 2, 4],
							"inflate": -0.4,
							"uv": {
								"north": {"uv": [115, 89], "uv_size": [4, 2]},
								"east": {"uv": [111, 89], "uv_size": [4, 2]},
								"south": {"uv": [123, 89], "uv_size": [4, 2]},
								"west": {"uv": [119, 89], "uv_size": [4, 2]},
								"up": {"uv": [0, 0], "uv_size": [0, 0]},
								"down": {"uv": [0, 0], "uv_size": [0, 0]}
							}
						},
						{"origin": [0.25, 1.01, -1.5], "size": [3, 6, 3], "inflate": -0.01, "uv": [102, 119]}
					]
				},
				{
					"name": "left_foot",
					"parent": "left_leg_down",
					"pivot": [1.75, 7, -1.5],
					"cubes": [
						{
							"origin": [0.75, 0, -4.36603],
							"size": [2, 2, 1],
							"inflate": 0.001,
							"uv": {
								"north": {"uv": [79, 121], "uv_size": [2, 2]},
								"east": {"uv": [0, 0], "uv_size": [0, 0]},
								"south": {"uv": [0, 0], "uv_size": [0, 0]},
								"west": {"uv": [0, 0], "uv_size": [0, 0]},
								"up": {"uv": [79, 120], "uv_size": [2, 1]},
								"down": {"uv": [81, 121], "uv_size": [2, -1]}
							}
						},
						{
							"origin": [0.25, 0, -0.5],
							"size": [3, 1, 2],
							"uv": {
								"north": {"uv": [86, 120], "uv_size": [3, 1]},
								"east": {"uv": [84, 120], "uv_size": [2, 1]},
								"south": {"uv": [91, 120], "uv_size": [3, 1]},
								"west": {"uv": [89, 120], "uv_size": [2, 1]},
								"up": {"uv": [0, 0], "uv_size": [0, 0]},
								"down": {"uv": [89, 120], "uv_size": [3, -2]}
							}
						},
						{
							"origin": [0.25, 0, -3.5],
							"size": [3, 1, 3],
							"inflate": 0.01,
							"uv": {
								"north": {"uv": [0, 0], "uv_size": [0, 0]},
								"east": {"uv": [75, 127], "uv_size": [3, 1]},
								"south": {"uv": [84, 127], "uv_size": [3, 1]},
								"west": {"uv": [81, 127], "uv_size": [3, 1]},
								"up": {"uv": [0, 0], "uv_size": [0, 0]},
								"down": {"uv": [81, 127], "uv_size": [3, -3]}
							}
						},
						{
							"origin": [0.25, 1, -3.5],
							"size": [3, 1, 5],
							"inflate": 0.01,
							"uv": {
								"north": {"uv": [0, 0], "uv_size": [0, 0]},
								"east": {"uv": [64, 110], "uv_size": [5, 1]},
								"south": {"uv": [77, 110], "uv_size": [3, 1]},
								"west": {"uv": [72, 110], "uv_size": [5, 1]},
								"up": {"uv": [0, 0], "uv_size": [0, 0]},
								"down": {"uv": [72, 110], "uv_size": [3, -5]}
							}
						},
						{
							"origin": [0.25, 2, -1.5],
							"size": [3, 1, 3],
							"inflate": 0.02,
							"uv": {
								"north": {"uv": [67, 120], "uv_size": [3, 1]},
								"east": {"uv": [64, 120], "uv_size": [3, 1]},
								"south": {"uv": [73, 120], "uv_size": [3, 1]},
								"west": {"uv": [70, 120], "uv_size": [3, 1]},
								"up": {"uv": [0, 0], "uv_size": [0, 0]},
								"down": {"uv": [0, 0], "uv_size": [0, 0]}
							}
						}
					]
				},
				{
					"name": "shoes2",
					"parent": "left_foot",
					"pivot": [3.25, 0, -3.5],
					"rotation": [0, 30, 0],
					"cubes": [
						{
							"origin": [2.25, 0, -4.5],
							"size": [1, 2, 1],
							"uv": {
								"north": {"uv": [0, 0], "uv_size": [0, 0]},
								"east": {"uv": [0, 0], "uv_size": [0, 0]},
								"south": {"uv": [0, 0], "uv_size": [0, 0]},
								"west": {"uv": [86, 124], "uv_size": [-1, 2]},
								"up": {"uv": [87, 123], "uv_size": [-1, 1]},
								"down": {"uv": [88, 124], "uv_size": [-1, -1]}
							}
						}
					]
				},
				{
					"name": "shoes3",
					"parent": "left_foot",
					"pivot": [0.25, 0, -3.5],
					"rotation": [0, -30, 0],
					"cubes": [
						{
							"origin": [0.25, 0, -4.5],
							"size": [1, 2, 1],
							"uv": {
								"north": {"uv": [0, 0], "uv_size": [0, 0]},
								"east": {"uv": [85, 124], "uv_size": [1, 2]},
								"south": {"uv": [0, 0], "uv_size": [0, 0]},
								"west": {"uv": [0, 0], "uv_size": [0, 0]},
								"up": {"uv": [86, 123], "uv_size": [1, 1]},
								"down": {"uv": [87, 124], "uv_size": [1, -1]}
							}
						}
					]
				},
				{
					"name": "shoes7",
					"parent": "left_foot",
					"pivot": [1.75, 2, -3.5],
					"rotation": [27.5, 0, 0],
					"cubes": [
						{
							"origin": [0.25, 1, -3.5],
							"size": [3, 1, 4],
							"inflate": 0.03,
							"uv": {
								"north": {"uv": [0, 0], "uv_size": [0, 0]},
								"east": {"uv": [81, 107], "uv_size": [4, 1]},
								"south": {"uv": [0, 0], "uv_size": [0, 0]},
								"west": {"uv": [88, 107], "uv_size": [4, 1]},
								"up": {"uv": [85, 103], "uv_size": [3, 4]},
								"down": {"uv": [0, 0], "uv_size": [0, 0]}
							}
						}
					]
				}
			]
		}
	]
}