{
	"format_version": "1.12.0",
	"minecraft:geometry": [
		{
			"description": {
				"identifier": "geometry.model",
				"texture_width": 128,
				"texture_height": 128,
				"visible_bounds_width": 3,
				"visible_bounds_height": 3.5,
				"visible_bounds_offset": [0, 1.25, 0]
			},
			"bones": [
				{
					"name": "head",
					"pivot": [0, 24, 0],
					"cubes": [
						{"origin": [-4, 24, -4], "size": [8, 8, 8], "uv": [0, 0]},
						{
							"origin": [-4, 24, -4],
							"size": [8, 8, 8],
							"inflate": 0.3,
							"uv": {
								"north": {"uv": [40, 8], "uv_size": [8, 8]},
								"east": {"uv": [32, 8], "uv_size": [8, 8]},
								"south": {"uv": [56, 8], "uv_size": [8, 8]},
								"west": {"uv": [48, 8], "uv_size": [8, 8]},
								"up": {"uv": [40, 0], "uv_size": [8, 8]},
								"down": {"uv": [0, 0], "uv_size": [0, 0]}
							}
						}
					]
				},
				{
					"name": "ahoge",
					"parent": "head",
					"pivot": [0, 32.25, 0]
				},
				{
					"name": "right_ear",
					"parent": "head",
					"pivot": [-2, 30, -1]
				},
				{
					"name": "ear2",
					"parent": "right_ear",
					"pivot": [-3, 32, -1],
					"rotation": [10, 0, -20],
					"cubes": [
						{
							"origin": [-2.49815, 30.80208, -1.95527],
							"size": [1, 3, 1],
							"uv": {
								"north": {"uv": [68, 1], "uv_size": [1, 3]},
								"east": {"uv": [67, 1], "uv_size": [1, 3]},
								"south": {"uv": [70, 1], "uv_size": [1, 3]},
								"west": {"uv": [69, 1], "uv_size": [1, 3]},
								"up": {"uv": [0, 0], "uv_size": [0, 0]},
								"down": {"uv": [69, 1], "uv_size": [1, -1]}
							}
						}
					]
				},
				{
					"name": "ear3",
					"parent": "ear2",
					"pivot": [-2.68584, 30.86585, -2.43628],
					"rotation": [13.5773, 1.77024, -7.28925],
					"cubes": [
						{
							"origin": [-3.76002, 31.16281, -1.08299],
							"size": [2, 3, 1],
							"uv": {
								"north": {"uv": [26, 1], "uv_size": [2, 3]},
								"east": {"uv": [25, 1], "uv_size": [1, 3]},
								"south": {"uv": [29, 1], "uv_size": [2, 3]},
								"west": {"uv": [28, 1], "uv_size": [1, 3]},
								"up": {"uv": [26, 0], "uv_size": [2, 1]},
								"down": {"uv": [0, 0], "uv_size": [0, 0]}
							}
						}
					]
				},
				{
					"name": "ear7",
					"parent": "ear2",
					"pivot": [-1.53584, 34.01585, -3.18628],
					"rotation": [0, 0, -35],
					"cubes": [
						{
							"origin": [-2.62758, 33.81912, -1.95527],
							"size": [1, 3, 1],
							"inflate": 0.001,
							"uv": {
								"north": {"uv": [73, 1], "uv_size": [1, 3]},
								"east": {"uv": [72, 1], "uv_size": [1, 3]},
								"south": {"uv": [75, 1], "uv_size": [1, 3]},
								"west": {"uv": [74, 1], "uv_size": [1, 3]},
								"up": {"uv": [73, 0], "uv_size": [1, 1]},
								"down": {"uv": [0, 0], "uv_size": [0, 0]}
							}
						}
					]
				},
				{
					"name": "ear8",
					"parent": "ear7",
					"pivot": [-2.53584, 37.01585, -3.18628],
					"rotation": [0, 0, 45],
					"cubes": [
						{
							"origin": [-2.46161, 33.81188, -1.95527],
							"size": [1, 3, 1],
							"uv": {
								"north": {"uv": [2, 1], "uv_size": [1, 3]},
								"east": {"uv": [1, 1], "uv_size": [1, 3]},
								"south": {"uv": [4, 1], "uv_size": [1, 3]},
								"west": {"uv": [3, 1], "uv_size": [1, 3]},
								"up": {"uv": [0, 0], "uv_size": [0, 0]},
								"down": {"uv": [0, 0], "uv_size": [0, 0]}
							}
						}
					]
				},
				{
					"name": "ear9",
					"parent": "ear8",
					"pivot": [-2.53584, 34.01585, -3.18628],
					"rotation": [0, 0, -30],
					"cubes": [
						{
							"origin": [-2.57354, 30.80208, -1.95527],
							"size": [1, 3, 1],
							"inflate": -0.001,
							"uv": {
								"north": {"uv": [33, 1], "uv_size": [1, 3]},
								"east": {"uv": [32, 1], "uv_size": [1, 3]},
								"south": {"uv": [35, 1], "uv_size": [1, 3]},
								"west": {"uv": [34, 1], "uv_size": [1, 3]},
								"up": {"uv": [0, 0], "uv_size": [1, 0]},
								"down": {"uv": [34, 1], "uv_size": [1, -1]}
							}
						}
					]
				},
				{
					"name": "ear13",
					"parent": "ear2",
					"pivot": [-2.78584, 31.01585, -1.18628],
					"cubes": [
						{
							"origin": [-3.8077, 29.82527, -1.24912],
							"size": [2, 2, 1],
							"inflate": 0.001,
							"uv": {
								"north": {"uv": [61, 1], "uv_size": [2, 2]},
								"east": {"uv": [60, 1], "uv_size": [1, 2]},
								"south": {"uv": [64, 1], "uv_size": [2, 2]},
								"west": {"uv": [63, 1], "uv_size": [1, 2]},
								"up": {"uv": [0, 0], "uv_size": [0, 0]},
								"down": {"uv": [63, 1], "uv_size": [2, -1]}
							}
						}
					]
				},
				{
					"name": "right_eardress",
					"parent": "right_ear",
					"pivot": [0, 24, 0]
				},
				{
					"name": "hat1",
					"parent": "right_eardress",
					"pivot": [-1.75, 32.75, -1.25],
					"rotation": [10, 0, -22.5],
					"cubes": [
						{"origin": [-4.625, 32.75, -2.25], "size": [3, 1, 2], "inflate": 0.1, "uv": [25, 5]},
						{
							"origin": [-4.625, 33, -2.25],
							"size": [3, 0.5, 2],
							"inflate": 0.11,
							"uv": {
								"north": {"uv": [59, 7], "uv_size": [3, 1]},
								"east": {"uv": [57, 7], "uv_size": [2, 1]},
								"south": {"uv": [64, 7], "uv_size": [3, 1]},
								"west": {"uv": [62, 7], "uv_size": [2, 1]},
								"up": {"uv": [59, 5], "uv_size": [3, 2]},
								"down": {"uv": [62, 7], "uv_size": [3, -2]}
							}
						}
					]
				},
				{
					"name": "hat2",
					"parent": "right_eardress",
					"pivot": [-4.25, 29.25, -0.75],
					"rotation": [-12.5, -7.5, 12.5],
					"cubes": [
						{
							"origin": [-4.97155, 28.67406, -0.56956],
							"size": [1, 3, 3],
							"uv": {
								"north": {"uv": [0, 0], "uv_size": [0, 0]},
								"east": {"uv": [0, 19], "uv_size": [3, 3]},
								"south": {"uv": [0, 0], "uv_size": [0, 0]},
								"west": {"uv": [0, 0], "uv_size": [0, 0]},
								"up": {"uv": [0, 0], "uv_size": [0, 0]},
								"down": {"uv": [0, 0], "uv_size": [0, 0]}
							}
						}
					]
				},
				{
					"name": "left_ear",
					"parent": "head",
					"pivot": [2, 30, -1]
				},
				{
					"name": "ear4",
					"parent": "left_ear",
					"pivot": [3, 32, -1],
					"rotation": [10, 0, 20],
					"cubes": [
						{
							"origin": [1.49815, 30.80208, -1.95527],
							"size": [1, 3, 1],
							"uv": {
								"north": {"uv": [69, 1], "uv_size": [-1, 3]},
								"east": {"uv": [70, 1], "uv_size": [-1, 3]},
								"south": {"uv": [71, 1], "uv_size": [-1, 3]},
								"west": {"uv": [68, 1], "uv_size": [-1, 3]},
								"up": {"uv": [0, 0], "uv_size": [0, 0]},
								"down": {"uv": [70, 1], "uv_size": [-1, -1]}
							}
						}
					]
				},
				{
					"name": "ear5",
					"parent": "ear4",
					"pivot": [2.68584, 30.86585, -2.43628],
					"rotation": [13.5773, -1.77024, 7.28925],
					"cubes": [
						{
							"origin": [1.76002, 31.16281, -1.08299],
							"size": [2, 3, 1],
							"uv": {
								"north": {"uv": [28, 1], "uv_size": [-2, 3]},
								"east": {"uv": [29, 1], "uv_size": [-1, 3]},
								"south": {"uv": [31, 1], "uv_size": [-2, 3]},
								"west": {"uv": [26, 1], "uv_size": [-1, 3]},
								"up": {"uv": [28, 0], "uv_size": [-2, 1]},
								"down": {"uv": [0, 0], "uv_size": [0, 0]}
							}
						}
					]
				},
				{
					"name": "ear6",
					"parent": "ear4",
					"pivot": [1.53584, 34.01585, -3.18628],
					"rotation": [0, 0, 35],
					"cubes": [
						{
							"origin": [1.62758, 33.81912, -1.95527],
							"size": [1, 3, 1],
							"inflate": 0.001,
							"uv": {
								"north": {"uv": [74, 1], "uv_size": [-1, 3]},
								"east": {"uv": [75, 1], "uv_size": [-1, 3]},
								"south": {"uv": [76, 1], "uv_size": [-1, 3]},
								"west": {"uv": [73, 1], "uv_size": [-1, 3]},
								"up": {"uv": [74, 0], "uv_size": [-1, 1]},
								"down": {"uv": [0, 0], "uv_size": [0, 0]}
							}
						}
					]
				},
				{
					"name": "ear10",
					"parent": "ear6",
					"pivot": [2.53584, 37.01585, -3.18628],
					"rotation": [0, 0, -45],
					"cubes": [
						{
							"origin": [1.46161, 33.81188, -1.95527],
							"size": [1, 3, 1],
							"uv": {
								"north": {"uv": [3, 1], "uv_size": [-1, 3]},
								"east": {"uv": [4, 1], "uv_size": [-1, 3]},
								"south": {"uv": [5, 1], "uv_size": [-1, 3]},
								"west": {"uv": [2, 1], "uv_size": [-1, 3]},
								"up": {"uv": [0, 0], "uv_size": [0, 0]},
								"down": {"uv": [0, 0], "uv_size": [0, 0]}
							}
						}
					]
				},
				{
					"name": "ear11",
					"parent": "ear10",
					"pivot": [2.53584, 34.01585, -3.18628],
					"rotation": [0, 0, 30],
					"cubes": [
						{
							"origin": [1.57354, 30.80208, -1.95527],
							"size": [1, 3, 1],
							"inflate": -0.001,
							"uv": {
								"north": {"uv": [34, 1], "uv_size": [-1, 3]},
								"east": {"uv": [35, 1], "uv_size": [-1, 3]},
								"south": {"uv": [36, 1], "uv_size": [-1, 3]},
								"west": {"uv": [33, 1], "uv_size": [-1, 3]},
								"up": {"uv": [1, 0], "uv_size": [-1, 0]},
								"down": {"uv": [35, 1], "uv_size": [-1, -1]}
							}
						}
					]
				},
				{
					"name": "ear12",
					"parent": "ear4",
					"pivot": [2.78584, 31.01585, -1.18628],
					"cubes": [
						{
							"origin": [1.8077, 29.82527, -1.24912],
							"size": [2, 2, 1],
							"inflate": 0.001,
							"uv": {
								"north": {"uv": [63, 1], "uv_size": [-2, 2]},
								"east": {"uv": [64, 1], "uv_size": [-1, 2]},
								"south": {"uv": [66, 1], "uv_size": [-2, 2]},
								"west": {"uv": [61, 1], "uv_size": [-1, 2]},
								"up": {"uv": [0, 0], "uv_size": [0, 0]},
								"down": {"uv": [65, 1], "uv_size": [-2, -1]}
							}
						}
					]
				},
				{
					"name": "long_hair",
					"parent": "head",
					"pivot": [0, 24, 0],
					"cubes": [
						{
							"origin": [-4, 20.5, -4],
							"size": [8, 3, 8],
							"inflate": 0.25,
							"uv": {
								"north": {"uv": [0, 0], "uv_size": [0, 0]},
								"east": {"uv": [54, 26], "uv_size": [8, 3]},
								"south": {"uv": [78, 26], "uv_size": [8, 3]},
								"west": {"uv": [70, 26], "uv_size": [8, 3]},
								"up": {"uv": [0, 0], "uv_size": [0, 0]},
								"down": {"uv": [0, 0], "uv_size": [0, 0]}
							}
						},
						{
							"origin": [-4, 16, 3],
							"size": [8, 8, 1],
							"uv": {
								"north": {"uv": [0, 0], "uv_size": [0, 0]},
								"east": {"uv": [0, 0], "uv_size": [0, 0]},
								"south": {"uv": [25, 39], "uv_size": [8, 8]},
								"west": {"uv": [0, 0], "uv_size": [0, 0]},
								"up": {"uv": [0, 0], "uv_size": [0, 0]},
								"down": {"uv": [0, 0], "uv_size": [0, 0]}
							}
						}
					]
				},
				{
					"name": "right",
					"parent": "long_hair",
					"pivot": [0, 24, 0],
					"rotation": [5, 0, 15],
					"cubes": [
						{
							"origin": [-4, 16, 3],
							"size": [2, 8, 1],
							"uv": {
								"north": {"uv": [0, 0], "uv_size": [0, 0]},
								"east": {"uv": [19, 49], "uv_size": [-1, 8]},
								"south": {"uv": [21, 49], "uv_size": [-2, 8]},
								"west": {"uv": [0, 0], "uv_size": [0, 0]},
								"up": {"uv": [0, 0], "uv_size": [0, 0]},
								"down": {"uv": [0, 0], "uv_size": [0, 0]}
							}
						}
					]
				},
				{
					"name": "left",
					"parent": "long_hair",
					"pivot": [0, 24, 0],
					"rotation": [5, 0, -15],
					"cubes": [
						{
							"origin": [2, 16, 3],
							"size": [2, 8, 1],
							"uv": {
								"north": {"uv": [0, 0], "uv_size": [0, 0]},
								"east": {"uv": [0, 0], "uv_size": [0, 0]},
								"south": {"uv": [19, 49], "uv_size": [2, 8]},
								"west": {"uv": [18, 49], "uv_size": [1, 8]},
								"up": {"uv": [0, 0], "uv_size": [0, 0]},
								"down": {"uv": [0, 0], "uv_size": [0, 0]}
							}
						}
					]
				},
				{
					"name": "tail",
					"pivot": [0, 15, 2]
				},
				{
					"name": "tail3",
					"parent": "tail",
					"pivot": [0, 18, 1],
					"rotation": [25, 0, 0],
					"cubes": [
						{
							"origin": [-1.5, 8, -1],
							"size": [3, 7, 4],
							"inflate": -0.5,
							"uv": {
								"north": {"uv": [91, 22], "uv_size": [3, 7]},
								"east": {"uv": [87, 22], "uv_size": [4, 7]},
								"south": {"uv": [98, 22], "uv_size": [3, 7]},
								"west": {"uv": [94, 22], "uv_size": [4, 7]},
								"up": {"uv": [91, 18], "uv_size": [3, 4]},
								"down": {"uv": [0, 0], "uv_size": [0, 0]}
							}
						}
					]
				},
				{
					"name": "tail_down",
					"parent": "tail",
					"pivot": [0, 10, 7],
					"rotation": [9.66, 0, 0],
					"cubes": [
						{
							"origin": [-1.5, 3.62865, 2.88723],
							"size": [3, 7, 4],
							"inflate": -0.5,
							"uv": {
								"north": {"uv": [107, 22], "uv_size": [3, 7]},
								"east": {"uv": [103, 22], "uv_size": [4, 7]},
								"south": {"uv": [114, 22], "uv_size": [3, 7]},
								"west": {"uv": [110, 22], "uv_size": [4, 7]},
								"up": {"uv": [0, 0], "uv_size": [0, 0]},
								"down": {"uv": [0, 0], "uv_size": [0, 0]}
							}
						},
						{
							"origin": [-1, 3.3641, 3.92286],
							"size": [2, 7, 2],
							"inflate": -0.5,
							"uv": {
								"north": {"uv": [121, 22], "uv_size": [2, 7]},
								"east": {"uv": [119, 22], "uv_size": [2, 7]},
								"south": {"uv": [125, 22], "uv_size": [2, 7]},
								"west": {"uv": [123, 22], "uv_size": [2, 7]},
								"up": {"uv": [0, 0], "uv_size": [0, 0]},
								"down": {"uv": [0, 0], "uv_size": [0, 0]}
							}
						}
					]
				},
				{
					"name": "body",
					"pivot": [0, 24, 0],
					"cubes": [
						{"origin": [-2.5, 22, -2.5], "size": [5, 4, 5], "inflate": -1.25, "uv": [97, 0]},
						{"origin": [-3.5, 11.75, -1.5], "size": [7, 12, 3], "inflate": -0.251, "uv": [77, 0]}
					]
				},
				{
					"name": "hide_parts",
					"parent": "body",
					"pivot": [-0.75, 0, 0.5],
					"cubes": [
						{
							"origin": [-4, 14, -2],
							"size": [8, 10, 4],
							"inflate": -0.45,
							"uv": {
								"north": {"uv": [13, 21], "uv_size": [8, 10]},
								"east": {"uv": [9, 21], "uv_size": [4, 10]},
								"south": {"uv": [25, 21], "uv_size": [8, 10]},
								"west": {"uv": [21, 21], "uv_size": [4, 10]},
								"up": {"uv": [13, 17], "uv_size": [8, 4]},
								"down": {"uv": [0, 0], "uv_size": [0, 0]}
							}
						}
					]
				},
				{
					"name": "shirt2",
					"parent": "hide_parts",
					"pivot": [0, 22.5, -1.5],
					"rotation": [-31, 0, 0],
					"cubes": [
						{"origin": [-3.75, 19.83572, -1.8015], "size": [4, 3, 2], "inflate": -0.251, "uv": [110, 10]},
						{"origin": [-0.25, 19.83572, -1.8015], "size": [4, 3, 2], "inflate": -0.251, "uv": [97, 10], "mirror": true},
						{
							"origin": [-1, 19.83572, -1.9],
							"size": [2, 2, 1],
							"inflate": -0.251,
							"uv": {
								"north": {"uv": [98, 1], "uv_size": [-2, 2]},
								"east": {"uv": [0, 0], "uv_size": [0, 0]},
								"south": {"uv": [0, 0], "uv_size": [0, 0]},
								"west": {"uv": [0, 0], "uv_size": [0, 0]},
								"up": {"uv": [0, 0], "uv_size": [0, 0]},
								"down": {"uv": [0, 0], "uv_size": [0, 0]}
							}
						}
					]
				},
				{
					"name": "deco",
					"parent": "hide_parts",
					"pivot": [-0.75, 0, 0.5]
				},
				{
					"name": "deco_front",
					"parent": "deco",
					"pivot": [-0.5, 17, -1.35],
					"rotation": [5, 0, 0]
				},
				{
					"name": "deco_front3",
					"parent": "deco_front",
					"pivot": [0, 17.1, -1.45],
					"rotation": [-30, -30, -40],
					"cubes": [
						{
							"origin": [-1.3, 15.53282, -1.95],
							"size": [2, 1, 1],
							"inflate": -0.4,
							"uv": {
								"north": {"uv": [35, 30], "uv_size": [2, 1]},
								"east": {"uv": [0, 0], "uv_size": [0, 0]},
								"south": {"uv": [38, 30], "uv_size": [2, 1]},
								"west": {"uv": [37, 30], "uv_size": [1, 1]},
								"up": {"uv": [35, 29], "uv_size": [2, 1]},
								"down": {"uv": [37, 30], "uv_size": [2, -1]}
							}
						}
					]
				},
				{
					"name": "deco_front2",
					"parent": "deco_front3",
					"pivot": [0, 17.1, -1.45],
					"rotation": [0, 0, 19],
					"cubes": [
						{"origin": [-0.5, 15.5, -1.95], "size": [1, 2, 1], "inflate": -0.4, "uv": [34, 36]}
					]
				},
				{
					"name": "deco_front4",
					"parent": "deco_front3",
					"pivot": [0, 17.1, -1.45],
					"rotation": [0, 0, -19],
					"cubes": [
						{"origin": [-0.5, 15.5, -1.95], "size": [1, 2, 1], "inflate": -0.4, "uv": [34, 32]}
					]
				},
				{
					"name": "deco_front5",
					"parent": "deco_front",
					"pivot": [0, 17.1, -1.45],
					"rotation": [-30, 30, 40],
					"cubes": [
						{
							"origin": [-0.7, 15.53282, -1.95],
							"size": [2, 1, 1],
							"inflate": -0.4,
							"uv": {
								"north": {"uv": [44, 30], "uv_size": [-2, 1]},
								"east": {"uv": [45, 30], "uv_size": [-1, 1]},
								"south": {"uv": [47, 30], "uv_size": [-2, 1]},
								"west": {"uv": [0, 0], "uv_size": [0, 0]},
								"up": {"uv": [44, 29], "uv_size": [-2, 1]},
								"down": {"uv": [46, 30], "uv_size": [-2, -1]}
							}
						}
					]
				},
				{
					"name": "deco_front6",
					"parent": "deco_front5",
					"pivot": [0, 17.1, -1.45],
					"rotation": [0, 0, -19],
					"cubes": [
						{"origin": [-0.5, 15.5, -1.95], "size": [1, 2, 1], "inflate": -0.4, "uv": [49, 36], "mirror": true}
					]
				},
				{
					"name": "deco_front7",
					"parent": "deco_front5",
					"pivot": [0, 17.1, -1.45],
					"rotation": [0, 0, 19],
					"cubes": [
						{"origin": [-0.5, 15.5, -1.95], "size": [1, 2, 1], "inflate": -0.4, "uv": [49, 32], "mirror": true}
					]
				},
				{
					"name": "deco_front8",
					"parent": "deco_front",
					"pivot": [0, 16.9, -1.45],
					"rotation": [-30, 0, -19],
					"cubes": [
						{"origin": [-0.5, 15.3, -1.95], "size": [1, 2, 1], "inflate": -0.4, "uv": [44, 36]}
					]
				},
				{
					"name": "deco_front9",
					"parent": "deco_front8",
					"pivot": [0.1, 15.7, -1.45],
					"rotation": [0, 0, 19],
					"cubes": [
						{"origin": [-0.5, 14.1, -1.95], "size": [1, 2, 1], "inflate": -0.4, "uv": [44, 32]}
					]
				},
				{
					"name": "deco_front10",
					"parent": "deco_front",
					"pivot": [0, 17.1, -1.45],
					"rotation": [-30, 0, 19],
					"cubes": [
						{"origin": [-0.5, 15.5, -1.95], "size": [1, 2, 1], "inflate": -0.4, "uv": [39, 36], "mirror": true}
					]
				},
				{
					"name": "deco_front11",
					"parent": "deco_front10",
					"pivot": [-0.1, 15.9, -1.45],
					"rotation": [0, 0, -19],
					"cubes": [
						{"origin": [-0.5, 14.3, -1.95], "size": [1, 2, 1], "inflate": -0.4, "uv": [39, 32], "mirror": true}
					]
				},
				{
					"name": "deco_back",
					"parent": "deco",
					"pivot": [-0.75, 0, 0.5],
					"cubes": [
						{"origin": [-2.5, 20.2, 1.1], "size": [5, 1, 1], "inflate": -0.4, "uv": [34, 19]},
						{"origin": [-0.53306, 20.38726, 1.3537], "size": [1.07, 1, 1], "inflate": -0.39, "uv": [34, 19]}
					]
				},
				{
					"name": "back1",
					"parent": "deco_back",
					"pivot": [2, 21, 1.6],
					"rotation": [0, 0, 70],
					"cubes": [
						{"origin": [1.82214, 16.42557, 1.1], "size": [1, 5, 1], "inflate": -0.4, "uv": [34, 22]},
						{"origin": [3.03857, 16.56768, 1.1], "size": [1, 4, 1], "inflate": -0.4, "uv": [38, 22]}
					]
				},
				{
					"name": "back2",
					"parent": "deco_back",
					"pivot": [-2, 21, 1.6],
					"rotation": [0, 0, -70],
					"cubes": [
						{"origin": [-2.82214, 16.42557, 1.1], "size": [1, 5, 1], "inflate": -0.4, "uv": [34, 22], "mirror": true},
						{"origin": [-4.03857, 16.56768, 1.1], "size": [1, 4, 1], "inflate": -0.4, "uv": [38, 22], "mirror": true}
					]
				},
				{
					"name": "back",
					"parent": "deco_back",
					"pivot": [-0.75, 0, 0.5]
				},
				{
					"name": "bone5",
					"parent": "back",
					"pivot": [-0.75, 0, 0.5]
				},
				{
					"name": "bone2",
					"parent": "bone5",
					"pivot": [0.25, 21, 1.8],
					"rotation": [5, 0, -10],
					"cubes": [
						{"origin": [-0.5, 17.2, 1.3], "size": [1, 4, 1], "inflate": -0.4, "uv": [43, 22], "mirror": true}
					]
				},
				{
					"name": "bone",
					"parent": "bone5",
					"pivot": [-0.25, 21, 1.8],
					"rotation": [5, 0, 10],
					"cubes": [
						{"origin": [-0.5, 17.2, 1.3], "size": [1, 4, 1], "inflate": -0.4, "uv": [43, 22]}
					]
				},
				{
					"name": "bone7",
					"parent": "back",
					"pivot": [-0.75, 0, 0.5]
				},
				{
					"name": "bone3",
					"parent": "bone7",
					"pivot": [-0.68132, 20.68229, 2.07362],
					"rotation": [20, -7.5, 65],
					"cubes": [
						{"origin": [-1.14291, 19.70562, 1.5804], "size": [1, 2, 1], "inflate": -0.4, "uv": [48, 22]}
					]
				},
				{
					"name": "bone6",
					"parent": "bone7",
					"pivot": [-1.00138, 19.96956, 2.42982],
					"rotation": [10, 17.5, -27.5],
					"cubes": [
						{"origin": [-1.47331, 18.97221, 1.9034], "size": [1, 2, 1], "inflate": -0.4, "uv": [48, 25], "mirror": true}
					]
				},
				{
					"name": "bone4",
					"parent": "bone7",
					"pivot": [0, 21, 1.8],
					"rotation": [22.5, 0, 22.5],
					"cubes": [
						{"origin": [-0.5, 18.7, 1.3], "size": [1, 2.5, 1], "inflate": -0.4, "uv": [48, 22]}
					]
				},
				{
					"name": "bone8",
					"parent": "back",
					"pivot": [0.75, 0, 0.5]
				},
				{
					"name": "bone9",
					"parent": "bone8",
					"pivot": [0.68132, 20.68229, 2.07362],
					"rotation": [20, 7.5, -65],
					"cubes": [
						{"origin": [0.14291, 19.70562, 1.5804], "size": [1, 2, 1], "inflate": -0.4, "uv": [48, 22], "mirror": true}
					]
				},
				{
					"name": "bone10",
					"parent": "bone8",
					"pivot": [1.00138, 19.96956, 2.42982],
					"rotation": [10, -17.5, 27.5],
					"cubes": [
						{"origin": [0.47331, 18.97221, 1.9034], "size": [1, 2, 1], "inflate": -0.4, "uv": [48, 25]}
					]
				},
				{
					"name": "bone11",
					"parent": "bone8",
					"pivot": [0, 21, 1.8],
					"rotation": [22.5, 0, -22.5],
					"cubes": [
						{"origin": [-0.5, 18.7, 1.3], "size": [1, 2.5, 1], "inflate": -0.4, "uv": [48, 22], "mirror": true}
					]
				},
				{
					"name": "skirt",
					"parent": "hide_parts",
					"pivot": [0, 10.75, 0]
				},
				{
					"name": "skirt_front",
					"parent": "skirt",
					"pivot": [0, 10.75, 1]
				},
				{
					"name": "skirt3",
					"parent": "skirt_front",
					"pivot": [0, 10.75, -4.98865],
					"rotation": [-28.87123, 0, 0],
					"cubes": [
						{
							"origin": [-2, 11.44923, -4.30277],
							"size": [4, 5, 1],
							"uv": {
								"north": {"uv": [86, 89], "uv_size": [4, 5]},
								"east": {"uv": [85, 89], "uv_size": [1, 5]},
								"south": {"uv": [91, 89], "uv_size": [4, 5]},
								"west": {"uv": [90, 89], "uv_size": [1, 5]},
								"up": {"uv": [86, 88], "uv_size": [4, 1]},
								"down": {"uv": [0, 0], "uv_size": [0, 0]}
							}
						},
						{
							"origin": [-2, 11.44923, -4.48983],
							"size": [4, 5, 1],
							"uv": {
								"north": {"uv": [86, 96], "uv_size": [4, 5]},
								"east": {"uv": [0, 0], "uv_size": [0, 0]},
								"south": {"uv": [0, 0], "uv_size": [0, 0]},
								"west": {"uv": [0, 0], "uv_size": [0, 0]},
								"up": {"uv": [0, 0], "uv_size": [0, 0]},
								"down": {"uv": [0, 0], "uv_size": [0, 0]}
							}
						},
						{
							"origin": [-2.5, 10.57352, -2.81993],
							"size": [5, 2, 0],
							"uv": {
								"north": {"uv": [102, 77], "uv_size": [5, 2]},
								"east": {"uv": [0, 0], "uv_size": [0, 0]},
								"south": {"uv": [0, 0], "uv_size": [0, 0]},
								"west": {"uv": [0, 0], "uv_size": [0, 0]},
								"up": {"uv": [0, 0], "uv_size": [0, 0]},
								"down": {"uv": [0, 0], "uv_size": [0, 0]}
							}
						},
						{
							"origin": [-1.5, 10.57352, -3.81993],
							"size": [1, 2, 1],
							"uv": {
								"north": {"uv": [99, 91], "uv_size": [1, 2]},
								"east": {"uv": [98, 91], "uv_size": [1, 2]},
								"south": {"uv": [0, 0], "uv_size": [0, 0]},
								"west": {"uv": [100, 91], "uv_size": [1, 2]},
								"up": {"uv": [0, 0], "uv_size": [0, 0]},
								"down": {"uv": [0, 0], "uv_size": [0, 0]}
							}
						},
						{
							"origin": [0.5, 10.57352, -3.81993],
							"size": [1, 2, 1],
							"uv": {
								"north": {"uv": [99, 91], "uv_size": [1, 2]},
								"east": {"uv": [98, 91], "uv_size": [1, 2]},
								"south": {"uv": [0, 0], "uv_size": [0, 0]},
								"west": {"uv": [100, 91], "uv_size": [1, 2]},
								"up": {"uv": [0, 0], "uv_size": [0, 0]},
								"down": {"uv": [0, 0], "uv_size": [0, 0]}
							}
						}
					]
				},
				{
					"name": "skirt6",
					"parent": "skirt3",
					"pivot": [0, 11.55388, -4.98865],
					"rotation": [1, -1, 45]
				},
				{
					"name": "skirt4",
					"parent": "skirt3",
					"pivot": [-2.48058, 10.75, -4.98865],
					"rotation": [0, 0, 11.30993],
					"cubes": [
						{
							"origin": [-2.80298, 11.56249, -3.33709],
							"size": [1, 5, 0],
							"uv": {
								"north": {"uv": [103, 70], "uv_size": [1, 5]},
								"east": {"uv": [0, 0], "uv_size": [0, 0]},
								"south": {"uv": [0, 0], "uv_size": [0, 0]},
								"west": {"uv": [0, 0], "uv_size": [0, 0]},
								"up": {"uv": [0, 0], "uv_size": [0, 0]},
								"down": {"uv": [0, 0], "uv_size": [0, 0]}
							}
						}
					]
				},
				{
					"name": "skirt5",
					"parent": "skirt3",
					"pivot": [2.48058, 10.75, -4.98865],
					"rotation": [0, 0, -11.30993],
					"cubes": [
						{
							"origin": [1.80298, 11.56249, -3.33709],
							"size": [1, 5, 0],
							"uv": {
								"north": {"uv": [100, 70], "uv_size": [1, 5]},
								"east": {"uv": [0, 0], "uv_size": [0, 0]},
								"south": {"uv": [0, 0], "uv_size": [0, 0]},
								"west": {"uv": [0, 0], "uv_size": [0, 0]},
								"up": {"uv": [0, 0], "uv_size": [0, 0]},
								"down": {"uv": [0, 0], "uv_size": [0, 0]}
							}
						}
					]
				},
				{
					"name": "skirt_back",
					"parent": "skirt",
					"pivot": [0, 10.75, -1],
					"rotation": [0, 180, 0]
				},
				{
					"name": "skirt2",
					"parent": "skirt_back",
					"pivot": [0, 10.75, -6.98865],
					"rotation": [-28.87123, 0, 0],
					"cubes": [
						{
							"origin": [-2, 11.41742, -6.36045],
							"size": [4, 5, 1],
							"uv": {
								"north": {"uv": [102, 52], "uv_size": [4, 5]},
								"east": {"uv": [101, 52], "uv_size": [1, 5]},
								"south": {"uv": [107, 52], "uv_size": [4, 5]},
								"west": {"uv": [106, 52], "uv_size": [1, 5]},
								"up": {"uv": [102, 51], "uv_size": [4, 1]},
								"down": {"uv": [0, 0], "uv_size": [0, 0]}
							}
						},
						{
							"origin": [-2.5, 10.54171, -4.87761],
							"size": [5, 2, 0],
							"uv": {
								"north": {"uv": [118, 40], "uv_size": [5, 2]},
								"east": {"uv": [0, 0], "uv_size": [0, 0]},
								"south": {"uv": [0, 0], "uv_size": [0, 0]},
								"west": {"uv": [0, 0], "uv_size": [0, 0]},
								"up": {"uv": [0, 0], "uv_size": [0, 0]},
								"down": {"uv": [0, 0], "uv_size": [0, 0]}
							}
						},
						{
							"origin": [-1.5, 10.54171, -5.87761],
							"size": [1, 2, 1],
							"uv": {
								"north": {"uv": [115, 54], "uv_size": [1, 2]},
								"east": {"uv": [114, 54], "uv_size": [1, 2]},
								"south": {"uv": [0, 0], "uv_size": [0, 0]},
								"west": {"uv": [116, 54], "uv_size": [1, 2]},
								"up": {"uv": [0, 0], "uv_size": [0, 0]},
								"down": {"uv": [0, 0], "uv_size": [0, 0]}
							}
						},
						{
							"origin": [0.5, 10.54171, -5.87761],
							"size": [1, 2, 1],
							"uv": {
								"north": {"uv": [115, 54], "uv_size": [1, 2]},
								"east": {"uv": [114, 54], "uv_size": [1, 2]},
								"south": {"uv": [0, 0], "uv_size": [0, 0]},
								"west": {"uv": [116, 54], "uv_size": [1, 2]},
								"up": {"uv": [0, 0], "uv_size": [0, 0]},
								"down": {"uv": [0, 0], "uv_size": [0, 0]}
							}
						}
					]
				},
				{
					"name": "skirt14",
					"parent": "skirt2",
					"pivot": [-2.48058, 10.75, -6.98865],
					"rotation": [0, 0, 11.30993],
					"cubes": [
						{
							"origin": [-2.79674, 11.53131, -5.39477],
							"size": [1, 5, 0],
							"uv": {
								"north": {"uv": [121, 33], "uv_size": [1, 5]},
								"east": {"uv": [0, 0], "uv_size": [0, 0]},
								"south": {"uv": [0, 0], "uv_size": [0, 0]},
								"west": {"uv": [0, 0], "uv_size": [0, 0]},
								"up": {"uv": [0, 0], "uv_size": [0, 0]},
								"down": {"uv": [0, 0], "uv_size": [0, 0]}
							}
						}
					]
				},
				{
					"name": "skirt15",
					"parent": "skirt2",
					"pivot": [2.48058, 10.75, -6.98865],
					"rotation": [0, 0, -11.30993],
					"cubes": [
						{
							"origin": [1.79674, 11.53131, -5.39477],
							"size": [1, 5, 0],
							"uv": {
								"north": {"uv": [119, 33], "uv_size": [1, 5]},
								"east": {"uv": [0, 0], "uv_size": [0, 0]},
								"south": {"uv": [0, 0], "uv_size": [0, 0]},
								"west": {"uv": [0, 0], "uv_size": [0, 0]},
								"up": {"uv": [0, 0], "uv_size": [0, 0]},
								"down": {"uv": [0, 0], "uv_size": [0, 0]}
							}
						}
					]
				},
				{
					"name": "skirt_left",
					"parent": "skirt",
					"pivot": [-0.5, 10.75, 0],
					"rotation": [0, 90, 0]
				},
				{
					"name": "skirt11",
					"parent": "skirt_left",
					"pivot": [-0.5, 10.75, -5.98865],
					"rotation": [-28.87123, 0, 0],
					"cubes": [
						{
							"origin": [-1.09203, 11.19866, -5.57584],
							"size": [1, 5, 1],
							"uv": {
								"north": {"uv": [112, 38], "uv_size": [1, 5]},
								"east": {"uv": [111, 38], "uv_size": [1, 5]},
								"south": {"uv": [114, 38], "uv_size": [1, 5]},
								"west": {"uv": [113, 38], "uv_size": [1, 5]},
								"up": {"uv": [112, 37], "uv_size": [1, 1]},
								"down": {"uv": [0, 0], "uv_size": [0, 0]}
							}
						},
						{
							"origin": [-1.53294, 10.47477, -4.12448],
							"size": [2, 2, 0],
							"uv": {
								"north": {"uv": [111, 33], "uv_size": [2, 2]},
								"east": {"uv": [0, 0], "uv_size": [0, 0]},
								"south": {"uv": [0, 0], "uv_size": [0, 0]},
								"west": {"uv": [0, 0], "uv_size": [0, 0]},
								"up": {"uv": [0, 0], "uv_size": [0, 0]},
								"down": {"uv": [0, 0], "uv_size": [0, 0]}
							}
						},
						{
							"origin": [-1.08294, 10.37477, -5.03447],
							"size": [1, 2, 1],
							"inflate": -0.1,
							"uv": {
								"north": {"uv": [112, 45], "uv_size": [1, 2]},
								"east": {"uv": [111, 45], "uv_size": [1, 2]},
								"south": {"uv": [114, 45], "uv_size": [1, 2]},
								"west": {"uv": [113, 45], "uv_size": [1, 2]},
								"up": {"uv": [0, 0], "uv_size": [0, 0]},
								"down": {"uv": [0, 0], "uv_size": [0, 0]}
							}
						}
					]
				},
				{
					"name": "skirt12",
					"parent": "skirt11",
					"pivot": [-1.39223, 13.21508, -5.02297],
					"rotation": [0, 20, 11.30993],
					"cubes": [
						{
							"origin": [-1.79967, 11.45715, -4.2755],
							"size": [1, 5, 0],
							"uv": {
								"north": {"uv": [119, 33], "uv_size": [1, 5]},
								"east": {"uv": [0, 0], "uv_size": [0, 0]},
								"south": {"uv": [0, 0], "uv_size": [0, 0]},
								"west": {"uv": [0, 0], "uv_size": [0, 0]},
								"up": {"uv": [0, 0], "uv_size": [0, 0]},
								"down": {"uv": [0, 0], "uv_size": [0, 0]}
							}
						}
					]
				},
				{
					"name": "skirt18",
					"parent": "skirt11",
					"pivot": [0.39223, 13.21508, -5.02297],
					"rotation": [0, -20, -11.30993],
					"cubes": [
						{
							"origin": [-0.26103, 11.47007, -4.25341],
							"size": [1, 5, 0],
							"uv": {
								"north": {"uv": [120, 33], "uv_size": [-1, 5]},
								"east": {"uv": [0, 0], "uv_size": [0, 0]},
								"south": {"uv": [0, 0], "uv_size": [0, 0]},
								"west": {"uv": [0, 0], "uv_size": [0, 0]},
								"up": {"uv": [0, 0], "uv_size": [0, 0]},
								"down": {"uv": [0, 0], "uv_size": [0, 0]}
							}
						}
					]
				},
				{
					"name": "skirt_corner",
					"parent": "skirt",
					"pivot": [-0.5, 10.75, 1],
					"rotation": [0, 45, 0]
				},
				{
					"name": "skirt19",
					"parent": "skirt_corner",
					"pivot": [-0.5, 10.75, -4.98865],
					"rotation": [-28.87123, 0, 0],
					"cubes": [
						{
							"origin": [-1.7304, 11.30315, -4.56771],
							"size": [2, 5, 1],
							"uv": {
								"north": {"uv": [104, 38], "uv_size": [2, 5]},
								"east": {"uv": [103, 38], "uv_size": [1, 5]},
								"south": {"uv": [107, 38], "uv_size": [2, 5]},
								"west": {"uv": [106, 38], "uv_size": [1, 5]},
								"up": {"uv": [104, 37], "uv_size": [2, 1]},
								"down": {"uv": [0, 0], "uv_size": [0, 0]}
							}
						},
						{
							"origin": [-2.2304, 10.42744, -3.08487],
							"size": [3, 2, 0],
							"uv": {
								"north": {"uv": [118, 45], "uv_size": [3, 2]},
								"east": {"uv": [0, 0], "uv_size": [0, 0]},
								"south": {"uv": [121, 45], "uv_size": [3, 2]},
								"west": {"uv": [0, 0], "uv_size": [0, 0]},
								"up": {"uv": [0, 0], "uv_size": [0, 0]},
								"down": {"uv": [0, 0], "uv_size": [0, 0]}
							}
						},
						{
							"origin": [-1.2304, 10.42744, -4.08487],
							"size": [1, 2, 1],
							"uv": {
								"north": {"uv": [112, 45], "uv_size": [1, 2]},
								"east": {"uv": [111, 45], "uv_size": [1, 2]},
								"south": {"uv": [114, 45], "uv_size": [1, 2]},
								"west": {"uv": [113, 45], "uv_size": [1, 2]},
								"up": {"uv": [0, 0], "uv_size": [0, 0]},
								"down": {"uv": [0, 0], "uv_size": [0, 0]}
							}
						}
					]
				},
				{
					"name": "skirt7",
					"parent": "skirt19",
					"pivot": [-0.5, 11.55388, -4.98865],
					"rotation": [1, -1, 45]
				},
				{
					"name": "skirt21",
					"parent": "skirt19",
					"pivot": [1.98058, 10.75, -4.98865],
					"rotation": [0, 0, -11.30993],
					"cubes": [
						{
							"origin": [0.06783, 11.66054, -3.60203],
							"size": [1, 5, 0],
							"uv": {
								"north": {"uv": [119, 33], "uv_size": [1, 5]},
								"east": {"uv": [0, 0], "uv_size": [0, 0]},
								"south": {"uv": [0, 0], "uv_size": [0, 0]},
								"west": {"uv": [0, 0], "uv_size": [0, 0]},
								"up": {"uv": [0, 0], "uv_size": [0, 0]},
								"down": {"uv": [0, 0], "uv_size": [0, 0]}
							}
						}
					]
				},
				{
					"name": "skirt_corner2",
					"parent": "skirt",
					"pivot": [-0.5, 10.75, -1],
					"rotation": [0, 135, 0]
				},
				{
					"name": "skirt24",
					"parent": "skirt_corner2",
					"pivot": [-0.5, 10.75, -6.98865],
					"rotation": [-28.87123, 0, 0],
					"cubes": [
						{
							"origin": [-1.31618, 11.28066, -6.6085],
							"size": [2, 5, 1],
							"uv": {
								"north": {"uv": [104, 38], "uv_size": [2, 5]},
								"east": {"uv": [103, 38], "uv_size": [1, 5]},
								"south": {"uv": [107, 38], "uv_size": [2, 5]},
								"west": {"uv": [106, 38], "uv_size": [1, 5]},
								"up": {"uv": [104, 37], "uv_size": [2, 1]},
								"down": {"uv": [0, 0], "uv_size": [0, 0]}
							}
						},
						{
							"origin": [-1.81618, 10.40495, -5.12566],
							"size": [3, 2, 0],
							"uv": {
								"north": {"uv": [118, 45], "uv_size": [3, 2]},
								"east": {"uv": [0, 0], "uv_size": [0, 0]},
								"south": {"uv": [121, 45], "uv_size": [3, 2]},
								"west": {"uv": [0, 0], "uv_size": [0, 0]},
								"up": {"uv": [0, 0], "uv_size": [0, 0]},
								"down": {"uv": [0, 0], "uv_size": [0, 0]}
							}
						},
						{
							"origin": [-0.81618, 10.40495, -6.12566],
							"size": [1, 2, 1],
							"uv": {
								"north": {"uv": [112, 45], "uv_size": [1, 2]},
								"east": {"uv": [111, 45], "uv_size": [1, 2]},
								"south": {"uv": [114, 45], "uv_size": [1, 2]},
								"west": {"uv": [113, 45], "uv_size": [1, 2]},
								"up": {"uv": [0, 0], "uv_size": [0, 0]},
								"down": {"uv": [0, 0], "uv_size": [0, 0]}
							}
						}
					]
				},
				{
					"name": "skirt26",
					"parent": "skirt24",
					"pivot": [-2.98058, 10.75, -6.98865],
					"rotation": [0, 0, 11.30993],
					"cubes": [
						{
							"origin": [-2.10909, 11.62936, -5.64282],
							"size": [1, 5, 0],
							"uv": {
								"north": {"uv": [119, 33], "uv_size": [1, 5]},
								"east": {"uv": [0, 0], "uv_size": [0, 0]},
								"south": {"uv": [0, 0], "uv_size": [0, 0]},
								"west": {"uv": [0, 0], "uv_size": [0, 0]},
								"up": {"uv": [0, 0], "uv_size": [0, 0]},
								"down": {"uv": [0, 0], "uv_size": [0, 0]}
							}
						}
					]
				},
				{
					"name": "skirt_corner3",
					"parent": "skirt",
					"pivot": [0.5, 10.75, 1],
					"rotation": [0, -45, 0]
				},
				{
					"name": "skirt20",
					"parent": "skirt_corner3",
					"pivot": [0.5, 10.75, -4.98865],
					"rotation": [-28.87123, 0, 0],
					"cubes": [
						{
							"origin": [-0.2696, 10.30315, -4.56771],
							"size": [2, 6, 1],
							"uv": {
								"north": {"uv": [104, 62], "uv_size": [-2, 6]},
								"east": {"uv": [105, 62], "uv_size": [-1, 6]},
								"south": {"uv": [107, 62], "uv_size": [-2, 6]},
								"west": {"uv": [102, 62], "uv_size": [-1, 6]},
								"up": {"uv": [104, 61], "uv_size": [-2, 1]},
								"down": {"uv": [0, 0], "uv_size": [0, 0]}
							}
						},
						{
							"origin": [-0.7696, 10.42744, -3.08487],
							"size": [3, 2, 0],
							"uv": {
								"north": {"uv": [119, 69], "uv_size": [-3, 2]},
								"east": {"uv": [0, 0], "uv_size": [0, 0]},
								"south": {"uv": [122, 69], "uv_size": [-3, 2]},
								"west": {"uv": [0, 0], "uv_size": [0, 0]},
								"up": {"uv": [0, 0], "uv_size": [0, 0]},
								"down": {"uv": [0, 0], "uv_size": [0, 0]}
							}
						},
						{
							"origin": [0.2304, 10.42744, -4.08487],
							"size": [1, 2, 1],
							"uv": {
								"north": {"uv": [111, 69], "uv_size": [-1, 2]},
								"east": {"uv": [112, 69], "uv_size": [-1, 2]},
								"south": {"uv": [113, 69], "uv_size": [-1, 2]},
								"west": {"uv": [110, 69], "uv_size": [-1, 2]},
								"up": {"uv": [0, 0], "uv_size": [0, 0]},
								"down": {"uv": [0, 0], "uv_size": [0, 0]}
							}
						}
					]
				},
				{
					"name": "skirt23",
					"parent": "skirt20",
					"pivot": [-1.98058, 10.75, -4.98865],
					"rotation": [0, 0, 11.30993],
					"cubes": [
						{
							"origin": [-1.06783, 11.66054, -3.60203],
							"size": [1, 5, 0],
							"uv": {
								"north": {"uv": [120, 57], "uv_size": [-1, 5]},
								"east": {"uv": [0, 0], "uv_size": [0, 0]},
								"south": {"uv": [0, 0], "uv_size": [0, 0]},
								"west": {"uv": [0, 0], "uv_size": [0, 0]},
								"up": {"uv": [0, 0], "uv_size": [0, 0]},
								"down": {"uv": [0, 0], "uv_size": [0, 0]}
							}
						}
					]
				},
				{
					"name": "skirt_corner4",
					"parent": "skirt",
					"pivot": [0.5, 10.75, -1],
					"rotation": [0, -135, 0]
				},
				{
					"name": "skirt27",
					"parent": "skirt_corner4",
					"pivot": [0.5, 10.75, -6.98865],
					"rotation": [-28.87123, 0, 0],
					"cubes": [
						{
							"origin": [-0.68382, 10.28066, -6.6085],
							"size": [2, 6, 1],
							"uv": {
								"north": {"uv": [104, 62], "uv_size": [-2, 6]},
								"east": {"uv": [105, 62], "uv_size": [-1, 6]},
								"south": {"uv": [107, 62], "uv_size": [-2, 6]},
								"west": {"uv": [102, 62], "uv_size": [-1, 6]},
								"up": {"uv": [104, 61], "uv_size": [-2, 1]},
								"down": {"uv": [0, 0], "uv_size": [0, 0]}
							}
						},
						{
							"origin": [-1.18382, 10.40495, -5.12566],
							"size": [3, 2, 0],
							"uv": {
								"north": {"uv": [119, 69], "uv_size": [-3, 2]},
								"east": {"uv": [0, 0], "uv_size": [0, 0]},
								"south": {"uv": [122, 69], "uv_size": [-3, 2]},
								"west": {"uv": [0, 0], "uv_size": [0, 0]},
								"up": {"uv": [0, 0], "uv_size": [0, 0]},
								"down": {"uv": [0, 0], "uv_size": [0, 0]}
							}
						},
						{
							"origin": [-0.18382, 10.40495, -6.12566],
							"size": [1, 2, 1],
							"uv": {
								"north": {"uv": [111, 69], "uv_size": [-1, 2]},
								"east": {"uv": [112, 69], "uv_size": [-1, 2]},
								"south": {"uv": [113, 69], "uv_size": [-1, 2]},
								"west": {"uv": [110, 69], "uv_size": [-1, 2]},
								"up": {"uv": [0, 0], "uv_size": [0, 0]},
								"down": {"uv": [0, 0], "uv_size": [0, 0]}
							}
						}
					]
				},
				{
					"name": "skirt29",
					"parent": "skirt27",
					"pivot": [2.98058, 10.75, -6.98865],
					"rotation": [0, 0, -11.30993],
					"cubes": [
						{
							"origin": [1.10909, 11.62936, -5.64282],
							"size": [1, 5, 0],
							"uv": {
								"north": {"uv": [120, 57], "uv_size": [-1, 5]},
								"east": {"uv": [0, 0], "uv_size": [0, 0]},
								"south": {"uv": [0, 0], "uv_size": [0, 0]},
								"west": {"uv": [0, 0], "uv_size": [0, 0]},
								"up": {"uv": [0, 0], "uv_size": [0, 0]},
								"down": {"uv": [0, 0], "uv_size": [0, 0]}
							}
						}
					]
				},
				{
					"name": "skirt_right",
					"parent": "skirt",
					"pivot": [0.5, 10.75, 0],
					"rotation": [0, -90, 0]
				},
				{
					"name": "skirt10",
					"parent": "skirt_right",
					"pivot": [0.5, 10.75, -5.98865],
					"rotation": [-28.87123, 0, 0],
					"cubes": [
						{
							"origin": [0.09203, 10.19866, -5.57584],
							"size": [1, 6, 1],
							"uv": {
								"north": {"uv": [120, 81], "uv_size": [-1, 6]},
								"east": {"uv": [121, 81], "uv_size": [-1, 6]},
								"south": {"uv": [0, 0], "uv_size": [0, 0]},
								"west": {"uv": [119, 81], "uv_size": [-1, 6]},
								"up": {"uv": [120, 80], "uv_size": [-1, 1]},
								"down": {"uv": [0, 0], "uv_size": [0, 0]}
							}
						},
						{
							"origin": [-0.46706, 10.47477, -4.12448],
							"size": [2, 2, 0],
							"uv": {
								"north": {"uv": [120, 76], "uv_size": [-2, 2]},
								"east": {"uv": [0, 0], "uv_size": [0, 0]},
								"south": {"uv": [0, 0], "uv_size": [0, 0]},
								"west": {"uv": [0, 0], "uv_size": [0, 0]},
								"up": {"uv": [0, 0], "uv_size": [0, 0]},
								"down": {"uv": [0, 0], "uv_size": [0, 0]}
							}
						},
						{
							"origin": [0.08294, 10.37477, -5.03447],
							"size": [1, 2, 1],
							"inflate": -0.1,
							"uv": {
								"north": {"uv": [120, 88], "uv_size": [-1, 2]},
								"east": {"uv": [121, 88], "uv_size": [-1, 2]},
								"south": {"uv": [122, 88], "uv_size": [-1, 2]},
								"west": {"uv": [119, 88], "uv_size": [-1, 2]},
								"up": {"uv": [0, 0], "uv_size": [0, 0]},
								"down": {"uv": [0, 0], "uv_size": [0, 0]}
							}
						}
					]
				},
				{
					"name": "skirt16",
					"parent": "skirt10",
					"pivot": [1.39223, 13.21508, -5.02297],
					"rotation": [0, -20, -11.30993],
					"cubes": [
						{
							"origin": [0.79967, 10.45715, -4.2755],
							"size": [1, 6, 1],
							"inflate": 0.15,
							"uv": {
								"north": {"uv": [126, 76], "uv_size": [-1, 6]},
								"east": {"uv": [0, 0], "uv_size": [0, 0]},
								"south": {"uv": [0, 0], "uv_size": [0, 0]},
								"west": {"uv": [0, 0], "uv_size": [0, 0]},
								"up": {"uv": [0, 0], "uv_size": [0, 0]},
								"down": {"uv": [0, 0], "uv_size": [0, 0]}
							}
						}
					]
				},
				{
					"name": "skirt17",
					"parent": "skirt10",
					"pivot": [-0.39223, 13.21508, -5.02297],
					"rotation": [0, 20, 11.30993],
					"cubes": [
						{
							"origin": [-0.73897, 10.47007, -4.25341],
							"size": [1, 6, 1],
							"inflate": 0.15,
							"uv": {
								"north": {"uv": [125, 76], "uv_size": [1, 6]},
								"east": {"uv": [0, 0], "uv_size": [0, 0]},
								"south": {"uv": [0, 0], "uv_size": [0, 0]},
								"west": {"uv": [0, 0], "uv_size": [0, 0]},
								"up": {"uv": [0, 0], "uv_size": [0, 0]},
								"down": {"uv": [0, 0], "uv_size": [0, 0]}
							}
						}
					]
				},
				{
					"name": "bone12",
					"parent": "skirt",
					"pivot": [0, 9.75, 1],
					"rotation": [15, 7.5, 10]
				},
				{
					"name": "bone29",
					"parent": "bone12",
					"pivot": [-3, 10.75, 6],
					"rotation": [30, 0, 30],
					"cubes": [
						{
							"origin": [-5.28375, 8.9646, 3.28217],
							"size": [3, 6, 3],
							"inflate": -0.6,
							"uv": {
								"north": {"uv": [0, 0], "uv_size": [0, 0]},
								"east": {"uv": [44, 72], "uv_size": [3, 6]},
								"south": {"uv": [53, 72], "uv_size": [3, 6]},
								"west": {"uv": [0, 0], "uv_size": [0, 0]},
								"up": {"uv": [0, 0], "uv_size": [0, 0]},
								"down": {"uv": [0, 0], "uv_size": [0, 0]}
							}
						}
					]
				},
				{
					"name": "bone30",
					"parent": "bone12",
					"pivot": [-5, 7.75, 8],
					"rotation": [20, 0, 20],
					"cubes": [
						{
							"origin": [-6.16037, 7.36744, 4.43957],
							"size": [3, 6, 3],
							"inflate": -0.6,
							"uv": {
								"north": {"uv": [0, 0], "uv_size": [0, 0]},
								"east": {"uv": [44, 62], "uv_size": [3, 6]},
								"south": {"uv": [53, 62], "uv_size": [3, 6]},
								"west": {"uv": [0, 0], "uv_size": [0, 0]},
								"up": {"uv": [0, 0], "uv_size": [0, 0]},
								"down": {"uv": [0, 0], "uv_size": [0, 0]}
							}
						}
					]
				},
				{
					"name": "bone31",
					"parent": "bone12",
					"pivot": [-5, 7.75, 8],
					"rotation": [10, 0, 10],
					"cubes": [
						{
							"origin": [-5.72212, 4.43209, 3.96068],
							"size": [3, 6, 3],
							"inflate": -0.6,
							"uv": {
								"north": {"uv": [0, 0], "uv_size": [0, 0]},
								"east": {"uv": [44, 62], "uv_size": [3, 6]},
								"south": {"uv": [53, 62], "uv_size": [3, 6]},
								"west": {"uv": [0, 0], "uv_size": [0, 0]},
								"up": {"uv": [0, 0], "uv_size": [0, 0]},
								"down": {"uv": [0, 0], "uv_size": [0, 0]}
							}
						}
					]
				},
				{
					"name": "bone32",
					"parent": "bone12",
					"pivot": [-5, 8.75, 8],
					"cubes": [
						{
							"origin": [-5.83447, 1.4549, 4.05756],
							"size": [3, 6, 3],
							"inflate": -0.6,
							"uv": {
								"north": {"uv": [0, 0], "uv_size": [0, 0]},
								"east": {"uv": [30, 72], "uv_size": [3, 6]},
								"south": {"uv": [39, 72], "uv_size": [3, 6]},
								"west": {"uv": [0, 0], "uv_size": [0, 0]},
								"up": {"uv": [0, 0], "uv_size": [0, 0]},
								"down": {"uv": [0, 0], "uv_size": [0, 0]}
							}
						}
					]
				},
				{
					"name": "bone33",
					"parent": "skirt",
					"pivot": [0, 9.75, 1],
					"rotation": [9.53219, -17.7763, -0.08151]
				},
				{
					"name": "bone34",
					"parent": "bone33",
					"pivot": [-3, 10.75, 6],
					"rotation": [30, 0, 30],
					"cubes": [
						{
							"origin": [-5.21149, 9.03285, 3.2854],
							"size": [3, 6, 3],
							"inflate": -0.6,
							"uv": {
								"north": {"uv": [0, 0], "uv_size": [0, 0]},
								"east": {"uv": [30, 62], "uv_size": [3, 6]},
								"south": {"uv": [39, 62], "uv_size": [3, 6]},
								"west": {"uv": [0, 0], "uv_size": [0, 0]},
								"up": {"uv": [0, 0], "uv_size": [0, 0]},
								"down": {"uv": [0, 0], "uv_size": [0, 0]}
							}
						}
					]
				},
				{
					"name": "bone35",
					"parent": "bone33",
					"pivot": [-5, 7.75, 8],
					"rotation": [20, 0, 20],
					"cubes": [
						{
							"origin": [-6.07867, 7.42255, 4.42629],
							"size": [3, 6, 3],
							"inflate": -0.6,
							"uv": {
								"north": {"uv": [0, 0], "uv_size": [0, 0]},
								"east": {"uv": [44, 62], "uv_size": [3, 6]},
								"south": {"uv": [53, 62], "uv_size": [3, 6]},
								"west": {"uv": [0, 0], "uv_size": [0, 0]},
								"up": {"uv": [0, 0], "uv_size": [0, 0]},
								"down": {"uv": [0, 0], "uv_size": [0, 0]}
							}
						}
					]
				},
				{
					"name": "bone36",
					"parent": "bone33",
					"pivot": [-5, 7.75, 8],
					"rotation": [10, 0, 10],
					"cubes": [
						{
							"origin": [-5.63345, 4.46938, 3.93544],
							"size": [3, 6, 3],
							"inflate": -0.6,
							"uv": {
								"north": {"uv": [0, 0], "uv_size": [0, 0]},
								"east": {"uv": [30, 72], "uv_size": [3, 6]},
								"south": {"uv": [39, 72], "uv_size": [3, 6]},
								"west": {"uv": [0, 0], "uv_size": [0, 0]},
								"up": {"uv": [0, 0], "uv_size": [0, 0]},
								"down": {"uv": [0, 0], "uv_size": [0, 0]}
							}
						}
					]
				},
				{
					"name": "left_arm",
					"pivot": [4, 22, 0],
					"cubes": [
						{"origin": [3.5, 17.5, -1.5], "size": [3, 6, 3], "uv": [34, 39]}
					]
				},
				{
					"name": "left_chestplate",
					"parent": "left_arm",
					"pivot": [5, 22, 0],
					"cubes": [
						{
							"origin": [3.5, 19.5, -1.5],
							"size": [3, 1, 3],
							"inflate": 0.1,
							"uv": {
								"north": {"uv": [4, 49], "uv_size": [3, 1]},
								"east": {"uv": [1, 49], "uv_size": [3, 1]},
								"south": {"uv": [10, 49], "uv_size": [3, 1]},
								"west": {"uv": [7, 49], "uv_size": [3, 1]},
								"up": {"uv": [0, 0], "uv_size": [0, 0]},
								"down": {"uv": [0, 0], "uv_size": [0, 0]}
							}
						},
						{
							"origin": [3, 21, -2],
							"size": [4, 2, 4],
							"inflate": -0.4,
							"uv": {
								"north": {"uv": [20, 35], "uv_size": [4, 2]},
								"east": {"uv": [16, 35], "uv_size": [4, 2]},
								"south": {"uv": [28, 35], "uv_size": [4, 2]},
								"west": {"uv": [24, 35], "uv_size": [4, 2]},
								"up": {"uv": [0, 0], "uv_size": [0, 0]},
								"down": {"uv": [0, 0], "uv_size": [0, 0]}
							}
						}
					]
				},
				{
					"name": "deco3",
					"parent": "left_chestplate",
					"pivot": [7, 20.7, 0],
					"rotation": [0, 0, -27.5]
				},
				{
					"name": "left3",
					"parent": "deco3",
					"pivot": [5, 22, 0]
				},
				{
					"name": "bone20",
					"parent": "left3",
					"pivot": [6.7, 21, 0],
					"rotation": [50.75, 0, 0],
					"cubes": [
						{"origin": [6.2, 18.35891, -0.73058], "size": [1, 2.65, 1], "inflate": -0.4, "uv": [5, 42], "mirror": true}
					]
				},
				{
					"name": "bone21",
					"parent": "left3",
					"pivot": [6.7, 21, 0],
					"rotation": [17.5, 0, 0],
					"cubes": [
						{"origin": [6.2, 18, -0.5], "size": [1, 3, 1], "inflate": -0.4, "uv": [5, 42], "mirror": true}
					]
				},
				{
					"name": "bone22",
					"parent": "left3",
					"pivot": [6.7, 21, 0],
					"rotation": [-47.5, 0, 0],
					"cubes": [
						{"origin": [6.2, 19.59182, 1.79866], "size": [1, 2, 1], "inflate": -0.4, "uv": [10, 42], "mirror": true}
					]
				},
				{
					"name": "right3",
					"parent": "deco3",
					"pivot": [5, 22, 0]
				},
				{
					"name": "bone23",
					"parent": "right3",
					"pivot": [6.7, 21, 0],
					"rotation": [-50.75, 0, 0],
					"cubes": [
						{"origin": [6.2, 18.35891, -0.26942], "size": [1, 2.65, 1], "inflate": -0.4, "uv": [5, 42], "mirror": true}
					]
				},
				{
					"name": "bone24",
					"parent": "right3",
					"pivot": [6.7, 21, 0],
					"rotation": [-17.5, 0, 0],
					"cubes": [
						{"origin": [6.2, 18, -0.5], "size": [1, 3, 1], "inflate": -0.4, "uv": [5, 42], "mirror": true}
					]
				},
				{
					"name": "bone25",
					"parent": "right3",
					"pivot": [6.7, 21, 0],
					"rotation": [47.5, 0, 0],
					"cubes": [
						{"origin": [6.2, 19.59182, -2.79866], "size": [1, 2, 1], "inflate": -0.4, "uv": [10, 42], "mirror": true}
					]
				},
				{
					"name": "bone26",
					"parent": "deco3",
					"pivot": [6.7, 21, 0],
					"rotation": [10, 0, 15],
					"cubes": [
						{"origin": [6.2, 17, -0.5], "size": [1, 4, 1], "inflate": -0.4, "uv": [0, 42], "mirror": true}
					]
				},
				{
					"name": "bone27",
					"parent": "deco3",
					"pivot": [6.7, 21, 0],
					"rotation": [-10, 0, 15],
					"cubes": [
						{"origin": [6.2, 17, -0.5], "size": [1, 4, 1], "inflate": -0.4, "uv": [0, 42], "mirror": true}
					]
				},
				{
					"name": "left_arm_down",
					"parent": "left_arm",
					"pivot": [4.75, 17.5, -1.25],
					"cubes": [
						{
							"origin": [3.5, 14.2, -1.5],
							"size": [3, 1, 3],
							"inflate": 0.15,
							"uv": {
								"north": {"uv": [3, 63], "uv_size": [3, 1]},
								"east": {"uv": [0, 63], "uv_size": [3, 1]},
								"south": {"uv": [9, 63], "uv_size": [3, 1]},
								"west": {"uv": [6, 63], "uv_size": [3, 1]},
								"up": {"uv": [0, 0], "uv_size": [0, 0]},
								"down": {"uv": [6, 63], "uv_size": [3, -3]}
							}
						},
						{"origin": [3.5, 12.5, -1.5], "size": [3, 5, 3], "uv": [22, 48]}
					]
				},
				{
					"name": "right_arm",
					"pivot": [-4, 22, 0],
					"cubes": [
						{"origin": [-6.5, 17.5, -1.5], "size": [3, 6, 3], "uv": [0, 28], "mirror": true}
					]
				},
				{
					"name": "right_chestplate",
					"parent": "right_arm",
					"pivot": [-5, 22, 0],
					"cubes": [
						{
							"origin": [-6.5, 19.5, -1.5],
							"size": [3, 1, 3],
							"inflate": 0.1,
							"uv": {
								"north": {"uv": [7, 49], "uv_size": [-3, 1]},
								"east": {"uv": [10, 49], "uv_size": [-3, 1]},
								"south": {"uv": [13, 49], "uv_size": [-3, 1]},
								"west": {"uv": [4, 49], "uv_size": [-3, 1]},
								"up": {"uv": [0, 0], "uv_size": [0, 0]},
								"down": {"uv": [0, 0], "uv_size": [0, 0]}
							}
						},
						{
							"origin": [-7, 21, -2],
							"size": [4, 2, 4],
							"inflate": -0.4,
							"uv": {
								"north": {"uv": [24, 35], "uv_size": [-4, 2]},
								"east": {"uv": [28, 35], "uv_size": [-4, 2]},
								"south": {"uv": [32, 35], "uv_size": [-4, 2]},
								"west": {"uv": [20, 35], "uv_size": [-4, 2]},
								"up": {"uv": [0, 0], "uv_size": [0, 0]},
								"down": {"uv": [0, 0], "uv_size": [0, 0]}
							}
						}
					]
				},
				{
					"name": "deco2",
					"parent": "right_chestplate",
					"pivot": [-7, 20.7, 0],
					"rotation": [0, 0, 27.5]
				},
				{
					"name": "left2",
					"parent": "deco2",
					"pivot": [-5, 22, 0]
				},
				{
					"name": "bone13",
					"parent": "left2",
					"pivot": [-6.7, 21, 0],
					"rotation": [50.75, 0, 0],
					"cubes": [
						{"origin": [-7.2, 18.35891, -0.73058], "size": [1, 2.65, 1], "inflate": -0.4, "uv": [5, 42]}
					]
				},
				{
					"name": "bone14",
					"parent": "left2",
					"pivot": [-6.7, 21, 0],
					"rotation": [17.5, 0, 0],
					"cubes": [
						{"origin": [-7.2, 18, -0.5], "size": [1, 3, 1], "inflate": -0.4, "uv": [5, 42]}
					]
				},
				{
					"name": "bone15",
					"parent": "left2",
					"pivot": [-6.7, 21, 0],
					"rotation": [-47.5, 0, 0],
					"cubes": [
						{"origin": [-7.2, 19.59182, 1.79866], "size": [1, 2, 1], "inflate": -0.4, "uv": [10, 42]}
					]
				},
				{
					"name": "right2",
					"parent": "deco2",
					"pivot": [-5, 22, 0]
				},
				{
					"name": "bone16",
					"parent": "right2",
					"pivot": [-6.7, 21, 0],
					"rotation": [-50.75, 0, 0],
					"cubes": [
						{"origin": [-7.2, 18.35891, -0.26942], "size": [1, 2.65, 1], "inflate": -0.4, "uv": [5, 42]}
					]
				},
				{
					"name": "bone17",
					"parent": "right2",
					"pivot": [-6.7, 21, 0],
					"rotation": [-17.5, 0, 0],
					"cubes": [
						{"origin": [-7.2, 18, -0.5], "size": [1, 3, 1], "inflate": -0.4, "uv": [5, 42]}
					]
				},
				{
					"name": "bone18",
					"parent": "right2",
					"pivot": [-6.7, 21, 0],
					"rotation": [47.5, 0, 0],
					"cubes": [
						{"origin": [-7.2, 19.59182, -2.79866], "size": [1, 2, 1], "inflate": -0.4, "uv": [10, 42]}
					]
				},
				{
					"name": "bone19",
					"parent": "deco2",
					"pivot": [-6.7, 21, 0],
					"rotation": [10, 0, -15],
					"cubes": [
						{"origin": [-7.2, 17, -0.5], "size": [1, 4, 1], "inflate": -0.4, "uv": [0, 42]}
					]
				},
				{
					"name": "bone28",
					"parent": "deco2",
					"pivot": [-6.7, 21, 0],
					"rotation": [-10, 0, -15],
					"cubes": [
						{"origin": [-7.2, 17, -0.5], "size": [1, 4, 1], "inflate": -0.4, "uv": [0, 42]}
					]
				},
				{
					"name": "right_arm_down",
					"parent": "right_arm",
					"pivot": [-4.75, 17.5, -1.25],
					"cubes": [
						{
							"origin": [-6.5, 13.5, -1.5],
							"size": [3, 1, 3],
							"inflate": 0.15,
							"uv": {
								"north": {"uv": [6, 63], "uv_size": [-3, 1]},
								"east": {"uv": [9, 63], "uv_size": [-3, 1]},
								"south": {"uv": [12, 63], "uv_size": [-3, 1]},
								"west": {"uv": [3, 63], "uv_size": [-3, 1]},
								"up": {"uv": [0, 0], "uv_size": [0, 0]},
								"down": {"uv": [9, 63], "uv_size": [-3, -3]}
							}
						},
						{"origin": [-6.5, 12.5, -1.5], "size": [3, 5, 3], "uv": [0, 51], "mirror": true}
					]
				},
				{
					"name": "left_leg",
					"pivot": [1.75, 12, 0],
					"cubes": [
						{"origin": [0.25, 7, -1.5], "size": [3, 5, 3], "inflate": -0.01, "uv": [0, 67]}
					]
				},
				{
					"name": "left_leg_down",
					"parent": "left_leg",
					"pivot": [1.75, 7, -1.5],
					"cubes": [
						{"origin": [0.25, 1.01, -1.5], "size": [3, 6, 3], "inflate": -0.01, "uv": [13, 68]}
					]
				},
				{
					"name": "left_foot",
					"parent": "left_leg_down",
					"pivot": [1.75, 7, -1.5],
					"cubes": [
						{
							"origin": [0.75, 0, -4.36603],
							"size": [2, 2, 1],
							"inflate": 0.001,
							"uv": {
								"north": {"uv": [15, 59], "uv_size": [2, 2]},
								"east": {"uv": [0, 0], "uv_size": [0, 0]},
								"south": {"uv": [0, 0], "uv_size": [0, 0]},
								"west": {"uv": [0, 0], "uv_size": [0, 0]},
								"up": {"uv": [15, 58], "uv_size": [2, 1]},
								"down": {"uv": [17, 59], "uv_size": [2, -1]}
							}
						},
						{
							"origin": [0.25, 0, 0.5],
							"size": [3, 1, 1],
							"uv": {
								"north": {"uv": [22, 58], "uv_size": [3, 1]},
								"east": {"uv": [21, 58], "uv_size": [1, 1]},
								"south": {"uv": [26, 58], "uv_size": [3, 1]},
								"west": {"uv": [25, 58], "uv_size": [1, 1]},
								"up": {"uv": [0, 0], "uv_size": [0, 0]},
								"down": {"uv": [25, 58], "uv_size": [3, -1]}
							}
						},
						{
							"origin": [0.25, 0, -3.5],
							"size": [3, 1, 3],
							"inflate": 0.01,
							"uv": {
								"north": {"uv": [14, 65], "uv_size": [3, 1]},
								"east": {"uv": [11, 65], "uv_size": [3, 1]},
								"south": {"uv": [20, 65], "uv_size": [3, 1]},
								"west": {"uv": [17, 65], "uv_size": [3, 1]},
								"up": {"uv": [0, 0], "uv_size": [0, 0]},
								"down": {"uv": [17, 65], "uv_size": [3, -3]}
							}
						},
						{
							"origin": [0.25, 1, -3.5],
							"size": [3, 1, 5],
							"inflate": 0.01,
							"uv": {
								"north": {"uv": [59, 36], "uv_size": [3, 1]},
								"east": {"uv": [54, 36], "uv_size": [5, 1]},
								"south": {"uv": [67, 36], "uv_size": [3, 1]},
								"west": {"uv": [62, 36], "uv_size": [5, 1]},
								"up": {"uv": [0, 0], "uv_size": [0, 0]},
								"down": {"uv": [62, 36], "uv_size": [3, -5]}
							}
						},
						{
							"origin": [0.25, 2, -1.5],
							"size": [3, 3, 3],
							"inflate": 0.02,
							"uv": {
								"north": {"uv": [51, 45], "uv_size": [3, 3]},
								"east": {"uv": [48, 45], "uv_size": [3, 3]},
								"south": {"uv": [57, 45], "uv_size": [3, 3]},
								"west": {"uv": [54, 45], "uv_size": [3, 3]},
								"up": {"uv": [0, 0], "uv_size": [0, 0]},
								"down": {"uv": [0, 0], "uv_size": [0, 0]}
							}
						}
					]
				},
				{
					"name": "shoes5",
					"parent": "left_foot",
					"pivot": [1.75, 5.05, -1.75],
					"rotation": [0, 0, 10],
					"cubes": [
						{
							"origin": [-0.5, 2.8, -2.5],
							"size": [3, 3, 5],
							"inflate": -0.75,
							"uv": {
								"north": {"uv": [8, 81], "uv_size": [-3, 3]},
								"east": {"uv": [13, 81], "uv_size": [-5, 3]},
								"south": {"uv": [16, 81], "uv_size": [-3, 3]},
								"west": {"uv": [0, 0], "uv_size": [0, 0]},
								"up": {"uv": [8, 76], "uv_size": [-3, 5]},
								"down": {"uv": [0, 0], "uv_size": [0, 0]}
							}
						}
					]
				},
				{
					"name": "shoes4",
					"parent": "left_foot",
					"pivot": [1.75, 5.05, -1.75],
					"rotation": [0, 0, -10],
					"cubes": [
						{
							"origin": [1, 2.8, -2.5],
							"size": [3, 3, 5],
							"inflate": -0.75,
							"uv": {
								"north": {"uv": [5, 81], "uv_size": [3, 3]},
								"east": {"uv": [0, 0], "uv_size": [0, 0]},
								"south": {"uv": [13, 81], "uv_size": [3, 3]},
								"west": {"uv": [8, 81], "uv_size": [5, 3]},
								"up": {"uv": [5, 76], "uv_size": [3, 5]},
								"down": {"uv": [0, 0], "uv_size": [0, 0]}
							}
						}
					]
				},
				{
					"name": "shoes2",
					"parent": "left_foot",
					"pivot": [3.25, 0, -3.5],
					"rotation": [0, 30, 0],
					"cubes": [
						{
							"origin": [2.25, 0, -4.5],
							"size": [1, 2, 1],
							"uv": {
								"north": {"uv": [0, 0], "uv_size": [0, 0]},
								"east": {"uv": [0, 0], "uv_size": [0, 0]},
								"south": {"uv": [0, 0], "uv_size": [0, 0]},
								"west": {"uv": [22, 62], "uv_size": [-1, 2]},
								"up": {"uv": [23, 61], "uv_size": [-1, 1]},
								"down": {"uv": [24, 62], "uv_size": [-1, -1]}
							}
						}
					]
				},
				{
					"name": "shoes3",
					"parent": "left_foot",
					"pivot": [0.25, 0, -3.5],
					"rotation": [0, -30, 0],
					"cubes": [
						{
							"origin": [0.25, 0, -4.5],
							"size": [1, 2, 1],
							"uv": {
								"north": {"uv": [0, 0], "uv_size": [0, 0]},
								"east": {"uv": [21, 62], "uv_size": [1, 2]},
								"south": {"uv": [0, 0], "uv_size": [0, 0]},
								"west": {"uv": [0, 0], "uv_size": [0, 0]},
								"up": {"uv": [22, 61], "uv_size": [1, 1]},
								"down": {"uv": [23, 62], "uv_size": [1, -1]}
							}
						}
					]
				},
				{
					"name": "shoes",
					"parent": "left_foot",
					"pivot": [1.75, 2, -3.5],
					"rotation": [27.5, 0, 0],
					"cubes": [
						{
							"origin": [0.25, 1, -3.5],
							"size": [3, 1, 4],
							"inflate": 0.03,
							"uv": {
								"north": {"uv": [75, 36], "uv_size": [3, 1]},
								"east": {"uv": [71, 36], "uv_size": [4, 1]},
								"south": {"uv": [82, 36], "uv_size": [3, 1]},
								"west": {"uv": [78, 36], "uv_size": [4, 1]},
								"up": {"uv": [75, 32], "uv_size": [3, 4]},
								"down": {"uv": [0, 0], "uv_size": [0, 0]}
							}
						}
					]
				},
				{
					"name": "right_leg",
					"pivot": [-1.75, 12, 0],
					"cubes": [
						{"origin": [-3.25, 7, -1.5], "size": [3, 5, 3], "inflate": -0.01, "uv": [0, 67], "mirror": true}
					]
				},
				{
					"name": "right_leg_down",
					"parent": "right_leg",
					"pivot": [-1.75, 7, -1.5],
					"cubes": [
						{"origin": [-3.25, 1.01, -1.5], "size": [3, 6, 3], "inflate": -0.01, "uv": [13, 68], "mirror": true}
					]
				},
				{
					"name": "right_foot",
					"parent": "right_leg_down",
					"pivot": [-1.75, 7, -1.5],
					"cubes": [
						{
							"origin": [-2.75, 0, -4.36603],
							"size": [2, 2, 1],
							"inflate": 0.001,
							"uv": {
								"north": {"uv": [17, 59], "uv_size": [-2, 2]},
								"east": {"uv": [0, 0], "uv_size": [0, 0]},
								"south": {"uv": [0, 0], "uv_size": [0, 0]},
								"west": {"uv": [0, 0], "uv_size": [0, 0]},
								"up": {"uv": [17, 58], "uv_size": [-2, 1]},
								"down": {"uv": [19, 59], "uv_size": [-2, -1]}
							}
						},
						{
							"origin": [-3.25, 0, 0.5],
							"size": [3, 1, 1],
							"uv": {
								"north": {"uv": [25, 58], "uv_size": [-3, 1]},
								"east": {"uv": [26, 58], "uv_size": [-1, 1]},
								"south": {"uv": [29, 58], "uv_size": [-3, 1]},
								"west": {"uv": [22, 58], "uv_size": [-1, 1]},
								"up": {"uv": [0, 0], "uv_size": [0, 0]},
								"down": {"uv": [28, 58], "uv_size": [-3, -1]}
							}
						},
						{
							"origin": [-3.25, 0, -3.5],
							"size": [3, 1, 3],
							"inflate": 0.01,
							"uv": {
								"north": {"uv": [17, 65], "uv_size": [-3, 1]},
								"east": {"uv": [20, 65], "uv_size": [-3, 1]},
								"south": {"uv": [23, 65], "uv_size": [-3, 1]},
								"west": {"uv": [14, 65], "uv_size": [-3, 1]},
								"up": {"uv": [0, 0], "uv_size": [0, 0]},
								"down": {"uv": [20, 65], "uv_size": [-3, -3]}
							}
						},
						{
							"origin": [-3.25, 1, -3.5],
							"size": [3, 1, 5],
							"inflate": 0.01,
							"uv": {
								"north": {"uv": [62, 36], "uv_size": [-3, 1]},
								"east": {"uv": [67, 36], "uv_size": [-5, 1]},
								"south": {"uv": [70, 36], "uv_size": [-3, 1]},
								"west": {"uv": [59, 36], "uv_size": [-5, 1]},
								"up": {"uv": [0, 0], "uv_size": [0, 0]},
								"down": {"uv": [65, 36], "uv_size": [-3, -5]}
							}
						},
						{
							"origin": [-3.25, 2, -1.5],
							"size": [3, 6, 3],
							"inflate": 0.02,
							"uv": {
								"north": {"uv": [41, 52], "uv_size": [-3, 6]},
								"east": {"uv": [44, 52], "uv_size": [-3, 6]},
								"south": {"uv": [47, 52], "uv_size": [-3, 6]},
								"west": {"uv": [38, 52], "uv_size": [-3, 6]},
								"up": {"uv": [0, 0], "uv_size": [0, 0]},
								"down": {"uv": [0, 0], "uv_size": [0, 0]}
							}
						}
					]
				},
				{
					"name": "shoes6",
					"parent": "right_foot",
					"pivot": [-1.75, 8.05, -1.75],
					"rotation": [0, 0, -10],
					"cubes": [
						{
							"origin": [-2.5, 5.8, -2.5],
							"size": [3, 3, 5],
							"inflate": -0.75,
							"uv": {
								"north": {"uv": [5, 81], "uv_size": [3, 3]},
								"east": {"uv": [0, 0], "uv_size": [0, 0]},
								"south": {"uv": [13, 81], "uv_size": [3, 3]},
								"west": {"uv": [8, 81], "uv_size": [5, 3]},
								"up": {"uv": [5, 76], "uv_size": [3, 5]},
								"down": {"uv": [0, 0], "uv_size": [0, 0]}
							}
						}
					]
				},
				{
					"name": "shoes7",
					"parent": "right_foot",
					"pivot": [-1.75, 8.05, -1.75],
					"rotation": [0, 0, 10],
					"cubes": [
						{
							"origin": [-4, 5.8, -2.5],
							"size": [3, 3, 5],
							"inflate": -0.75,
							"uv": {
								"north": {"uv": [8, 81], "uv_size": [-3, 3]},
								"east": {"uv": [13, 81], "uv_size": [-5, 3]},
								"south": {"uv": [16, 81], "uv_size": [-3, 3]},
								"west": {"uv": [0, 0], "uv_size": [0, 0]},
								"up": {"uv": [8, 76], "uv_size": [-3, 5]},
								"down": {"uv": [0, 0], "uv_size": [0, 0]}
							}
						}
					]
				},
				{
					"name": "shoes8",
					"parent": "right_foot",
					"pivot": [-3.25, 0, -3.5],
					"rotation": [0, -30, 0],
					"cubes": [
						{
							"origin": [-3.25, 0, -4.5],
							"size": [1, 2, 1],
							"uv": {
								"north": {"uv": [0, 0], "uv_size": [0, 0]},
								"east": {"uv": [21, 62], "uv_size": [1, 2]},
								"south": {"uv": [0, 0], "uv_size": [0, 0]},
								"west": {"uv": [0, 0], "uv_size": [0, 0]},
								"up": {"uv": [22, 61], "uv_size": [1, 1]},
								"down": {"uv": [23, 62], "uv_size": [1, -1]}
							}
						}
					]
				},
				{
					"name": "shoes9",
					"parent": "right_foot",
					"pivot": [-0.25, 0, -3.5],
					"rotation": [0, 30, 0],
					"cubes": [
						{
							"origin": [-1.25, 0, -4.5],
							"size": [1, 2, 1],
							"uv": {
								"north": {"uv": [0, 0], "uv_size": [0, 0]},
								"east": {"uv": [0, 0], "uv_size": [0, 0]},
								"south": {"uv": [0, 0], "uv_size": [0, 0]},
								"west": {"uv": [22, 62], "uv_size": [-1, 2]},
								"up": {"uv": [23, 61], "uv_size": [-1, 1]},
								"down": {"uv": [24, 62], "uv_size": [-1, -1]}
							}
						}
					]
				},
				{
					"name": "shoes10",
					"parent": "right_foot",
					"pivot": [-1.75, 2, -3.5],
					"rotation": [27.5, 0, 0],
					"cubes": [
						{
							"origin": [-3.25, 1, -3.5],
							"size": [3, 1, 4],
							"inflate": 0.03,
							"uv": {
								"north": {"uv": [78, 36], "uv_size": [-3, 1]},
								"east": {"uv": [82, 36], "uv_size": [-4, 1]},
								"south": {"uv": [85, 36], "uv_size": [-3, 1]},
								"west": {"uv": [75, 36], "uv_size": [-4, 1]},
								"up": {"uv": [78, 32], "uv_size": [-3, 4]},
								"down": {"uv": [0, 0], "uv_size": [0, 0]}
							}
						}
					]
				}
			]
		}
	]
}