{
	"format_version": "1.10.0",
	"geometry.model": {
		"texturewidth": 128,
		"textureheight": 128,
		"visible_bounds_width": 3,
		"visible_bounds_height": 4.5,
		"visible_bounds_offset": [0, 0.75, 0],
		"bones": [
			{
				"name": "hat",
				"pivot": [0, 24, 0]
			},
			{
				"name": "red",
				"parent": "hat",
				"pivot": [-4, 30, -2],
				"rotation": [-10, -52.5, 5],
				"cubes": [
					{"origin": [-6, 30, -4], "size": [1, 2, 2], "uv": [71, 0], "inflate": -0.7}
				]
			},
			{
				"name": "flower1",
				"parent": "red",
				"pivot": [-5, 31, -3],
				"rotation": [0, 0, -22.5],
				"cubes": [
					{"origin": [-5.85, 30.5, -4], "size": [1, 2.5, 2], "uv": [64, 0], "inflate": -0.7}
				]
			},
			{
				"name": "flower2",
				"parent": "red",
				"pivot": [-5, 31, -3],
				"rotation": [-72, -15, -15],
				"cubes": [
					{"origin": [-5.85, 30.5, -4], "size": [1, 2.5, 2], "uv": [64, 0], "inflate": -0.7}
				]
			},
			{
				"name": "flower3",
				"parent": "red",
				"pivot": [-5, 31, -3],
				"rotation": [72, 15, -15],
				"cubes": [
					{"origin": [-5.85, 30.5, -4], "size": [1, 2.5, 2], "uv": [64, 0], "inflate": -0.7}
				]
			},
			{
				"name": "flower4",
				"parent": "red",
				"pivot": [-5, 31, -3],
				"rotation": [144, 15, 15],
				"cubes": [
					{"origin": [-5.85, 30.5, -4], "size": [1, 2.5, 2], "uv": [64, 0], "inflate": -0.7}
				]
			},
			{
				"name": "flower5",
				"parent": "red",
				"pivot": [-5, 31, -3],
				"rotation": [-144, -15, 15],
				"cubes": [
					{"origin": [-5.85, 30.5, -4], "size": [1, 2.5, 2], "uv": [64, 0], "inflate": -0.7}
				]
			},
			{
				"name": "pink",
				"parent": "hat",
				"pivot": [-8, 32, -3],
				"rotation": [-15, -1, 2.5],
				"cubes": [
					{"origin": [-5, 31, -3], "size": [1, 2, 2], "uv": [71, 0], "inflate": -0.7}
				]
			},
			{
				"name": "flower6",
				"parent": "pink",
				"pivot": [-4, 32, -2],
				"rotation": [0, 0, -22.5],
				"cubes": [
					{"origin": [-4.85, 31.5, -3], "size": [1, 2.8, 2], "uv": [57, 0], "inflate": -0.7}
				]
			},
			{
				"name": "flower7",
				"parent": "pink",
				"pivot": [-4, 32, -2],
				"rotation": [-72, -15, -15],
				"cubes": [
					{"origin": [-4.85, 31.5, -3], "size": [1, 2.8, 2], "uv": [57, 0], "inflate": -0.7}
				]
			},
			{
				"name": "flower8",
				"parent": "pink",
				"pivot": [-4, 32, -2],
				"rotation": [72, 15, -15],
				"cubes": [
					{"origin": [-4.85, 31.5, -3], "size": [1, 2.8, 2], "uv": [57, 0], "inflate": -0.7}
				]
			},
			{
				"name": "flower9",
				"parent": "pink",
				"pivot": [-4, 32, -2],
				"rotation": [144, 15, 15],
				"cubes": [
					{"origin": [-4.85, 31.5, -3], "size": [1, 2.8, 2], "uv": [57, 0], "inflate": -0.7}
				]
			},
			{
				"name": "flower10",
				"parent": "pink",
				"pivot": [-4, 32, -2],
				"rotation": [-141.5, -15, 15],
				"cubes": [
					{"origin": [-4.85, 31.5, -3], "size": [1, 2.9, 2], "uv": [57, 0], "inflate": -0.7}
				]
			},
			{
				"name": "rope",
				"parent": "pink",
				"pivot": [-4, 8, -6]
			},
			{
				"name": "rope1",
				"parent": "rope",
				"pivot": [-4, 32, -4],
				"rotation": [45, 0, 0],
				"cubes": [
					{"origin": [-5, 30.8, -2.1], "size": [1, 1, 2], "uv": [82, 4], "inflate": -0.4}
				]
			},
			{
				"name": "rope2",
				"parent": "rope",
				"pivot": [-4, 33, -1],
				"rotation": [45, 0, 0],
				"cubes": [
					{"origin": [-5, 32.55, -0.9], "size": [1, 1.5, 1], "uv": [89, 5], "inflate": -0.4}
				]
			},
			{
				"name": "rope3",
				"parent": "rope",
				"pivot": [-4, 32, -1],
				"rotation": [-7.5, 0, 0],
				"cubes": [
					{"origin": [-5, 31.9, -1.3], "size": [1, 2, 1], "uv": [93, 4], "inflate": -0.4}
				]
			},
			{
				"name": "rope4",
				"parent": "rope",
				"pivot": [-4, 33, -1],
				"rotation": [-110, 0.4, -2.6],
				"cubes": [
					{"origin": [-5, 33, -1], "size": [1, 2, 1], "uv": [93, 4], "inflate": -0.4}
				]
			},
			{
				"name": "rope5",
				"parent": "rope",
				"pivot": [-4, 31, 0],
				"rotation": [-7.5, 0, 0],
				"cubes": [
					{"origin": [-5, 31.1, -0.4], "size": [1, 1.3, 1], "uv": [97, 5], "inflate": -0.4}
				]
			},
			{
				"name": "rope6",
				"parent": "rope",
				"pivot": [-4, 30.2, -2.2],
				"rotation": [-52.5, 3, 44],
				"cubes": [
					{"origin": [-5.9, 30.6, -1.8], "size": [1, 2.3, 1], "uv": [93, 4], "inflate": -0.4}
				]
			},
			{
				"name": "rope7",
				"parent": "rope",
				"pivot": [-4, 32, -2],
				"rotation": [9, -0.5, 12.5],
				"cubes": [
					{"origin": [-5, 31.5, -1.8], "size": [1, 1, 1.5], "uv": [93, 5], "inflate": -0.4}
				]
			},
			{
				"name": "rope8",
				"parent": "rope",
				"pivot": [-4, 32, -2],
				"rotation": [39, -0.5, 12.5],
				"cubes": [
					{"origin": [-5, 30.8, -2], "size": [1, 1, 1.5], "uv": [92, 4], "inflate": -0.4}
				]
			},
			{
				"name": "rope9",
				"parent": "rope",
				"pivot": [-4, 30, -2],
				"rotation": [-77.5, 0, 0],
				"cubes": [
					{"origin": [-5, 29.8, -4], "size": [1, 1, 2.5], "uv": [92, 4], "inflate": -0.4},
					{"origin": [-5.4, 29.4, -3], "size": [1.8, 1.8, 1.8], "uv": [93, 5], "inflate": -0.7}
				]
			},
			{
				"name": "rope10",
				"parent": "rope",
				"pivot": [-4, 29, -3],
				"rotation": [-1.59611, -47.37098, 13.62841],
				"cubes": [
					{"origin": [-4.8, 29, -2.4], "size": [1, 3.5, 1], "uv": [101, 3], "inflate": -0.4},
					{"origin": [-5.2, 28.7, -2.8], "size": [1.8, 1.8, 1.8], "uv": [101, 3], "inflate": -0.7}
				]
			},
			{
				"name": "head",
				"pivot": [0, 24, 0],
				"cubes": [
					{"origin": [-4, 24, -4], "size": [8, 8, 8], "uv": [0, 0]},
					{"origin": [-4, 23.5, -4], "size": [8, 8, 8], "uv": [32, 0], "inflate": 0.3}
				]
			},
			{
				"name": "hair",
				"parent": "head",
				"pivot": [0, 24, 0]
			},
			{
				"name": "left_dogear",
				"parent": "hair",
				"pivot": [-4, 29, 0],
				"rotation": [5.18948, -42.76189, 32.24139]
			},
			{
				"name": "bone20",
				"parent": "left_dogear",
				"pivot": [-3, -12, -1]
			},
			{
				"name": "bone21",
				"parent": "left_dogear",
				"pivot": [-4.72598, 29, -0.44602],
				"rotation": [0, 85, 0],
				"cubes": [
					{"origin": [-6.13117, 26.25898, -0.73107], "size": [3, 4, 3], "uv": [0, 91]}
				]
			},
			{
				"name": "bone69",
				"parent": "left_dogear",
				"pivot": [-4.72598, 29, -0.44602],
				"rotation": [0, 85, 0],
				"cubes": [
					{"origin": [-6.13117, 26.25898, -0.73107], "size": [3, 4, 3], "uv": [0, 91]}
				]
			},
			{
				"name": "right_dogear",
				"parent": "hair",
				"pivot": [4, 29, 0],
				"rotation": [5.18948, 42.76189, -32.24139]
			},
			{
				"name": "bone70",
				"parent": "right_dogear",
				"pivot": [3, -12, -1]
			},
			{
				"name": "bone71",
				"parent": "right_dogear",
				"pivot": [4.72598, 29, -0.44602],
				"rotation": [0, -85, 0],
				"cubes": [
					{"origin": [3.13117, 26.25898, -0.73107], "size": [3, 4, 3], "uv": [0, 91], "mirror": true}
				]
			},
			{
				"name": "bone72",
				"parent": "right_dogear",
				"pivot": [4.72598, 29, -0.44602],
				"rotation": [0, -85, 0],
				"cubes": [
					{"origin": [3.13117, 26.25898, -0.73107], "size": [3, 4, 3], "uv": [0, 91], "mirror": true}
				]
			},
			{
				"name": "left_ear",
				"parent": "head",
				"pivot": [2, 30, -1]
			},
			{
				"name": "ear4",
				"parent": "left_ear",
				"pivot": [3, 32, -1],
				"rotation": [10, 0, 20],
				"cubes": [
					{"origin": [1.49815, 30.80208, -1.95527], "size": [1, 3, 1], "uv": [22, 66], "mirror": true}
				]
			},
			{
				"name": "ear5",
				"parent": "ear4",
				"pivot": [2.68584, 30.86585, -2.43628],
				"rotation": [13.5773, -1.77024, 7.28925],
				"cubes": [
					{"origin": [1.76002, 31.16281, -1.08299], "size": [2, 3, 1], "uv": [8, 66], "mirror": true}
				]
			},
			{
				"name": "ear6",
				"parent": "ear4",
				"pivot": [1.53584, 34.01585, -3.18628],
				"rotation": [0, 0, 35],
				"cubes": [
					{"origin": [1.62758, 33.81912, -1.95527], "size": [1, 3, 1], "uv": [34, 66], "inflate": 0.001, "mirror": true}
				]
			},
			{
				"name": "ear10",
				"parent": "ear6",
				"pivot": [2.53584, 37.01585, -3.18628],
				"rotation": [0, 0, -45],
				"cubes": [
					{"origin": [1.46161, 33.81188, -1.95527], "size": [1, 3, 1], "uv": [28, 66], "mirror": true}
				]
			},
			{
				"name": "ear11",
				"parent": "ear10",
				"pivot": [2.53584, 34.01585, -3.18628],
				"rotation": [0, 0, 30],
				"cubes": [
					{"origin": [1.57354, 30.80208, -1.95527], "size": [1, 3, 1], "uv": [16, 66], "inflate": -0.001, "mirror": true}
				]
			},
			{
				"name": "ear12",
				"parent": "ear4",
				"pivot": [2.78584, 31.01585, -1.18628],
				"cubes": [
					{"origin": [1.8077, 29.82527, -1.24912], "size": [2, 2, 1], "uv": [0, 67], "inflate": 0.001, "mirror": true}
				]
			},
			{
				"name": "right_ear",
				"parent": "head",
				"pivot": [-2, 30, -1]
			},
			{
				"name": "ear2",
				"parent": "right_ear",
				"pivot": [-3, 32, -1],
				"rotation": [10, 0, -20],
				"cubes": [
					{"origin": [-2.49815, 30.80208, -1.95527], "size": [1, 3, 1], "uv": [22, 66]}
				]
			},
			{
				"name": "ear3",
				"parent": "ear2",
				"pivot": [-2.68584, 30.86585, -2.43628],
				"rotation": [13.5773, 1.77024, -7.28925],
				"cubes": [
					{"origin": [-3.76002, 31.16281, -1.08299], "size": [2, 3, 1], "uv": [8, 66]}
				]
			},
			{
				"name": "ear7",
				"parent": "ear2",
				"pivot": [-1.53584, 34.01585, -3.18628],
				"rotation": [0, 0, -35],
				"cubes": [
					{"origin": [-2.62758, 33.81912, -1.95527], "size": [1, 3, 1], "uv": [34, 66], "inflate": 0.001}
				]
			},
			{
				"name": "ear8",
				"parent": "ear7",
				"pivot": [-2.53584, 37.01585, -3.18628],
				"rotation": [0, 0, 45],
				"cubes": [
					{"origin": [-2.46161, 33.81188, -1.95527], "size": [1, 3, 1], "uv": [28, 66]}
				]
			},
			{
				"name": "ear9",
				"parent": "ear8",
				"pivot": [-2.53584, 34.01585, -3.18628],
				"rotation": [0, 0, -30],
				"cubes": [
					{"origin": [-2.57354, 30.80208, -1.95527], "size": [1, 3, 1], "uv": [16, 66], "inflate": -0.001}
				]
			},
			{
				"name": "ear13",
				"parent": "ear2",
				"pivot": [-2.78584, 31.01585, -1.18628],
				"cubes": [
					{"origin": [-3.8077, 29.82527, -1.24912], "size": [2, 2, 1], "uv": [0, 67], "inflate": 0.001}
				]
			},
			{
				"name": "ahoge",
				"parent": "head",
				"pivot": [0, 32.25, 0]
			},
			{
				"name": "tail",
				"pivot": [0, 15, 2]
			},
			{
				"name": "tail3",
				"parent": "tail",
				"pivot": [0, 18, 1],
				"rotation": [25, 0, 0],
				"mirror": true,
				"cubes": [
					{"origin": [-1.5, 8, -1], "size": [3, 7, 4], "uv": [26, 73], "inflate": -0.5, "mirror": false}
				]
			},
			{
				"name": "tail_down",
				"parent": "tail",
				"pivot": [0, 10, 7],
				"rotation": [9.66, 0, 0],
				"mirror": true,
				"cubes": [
					{"origin": [-1.5, 3.62865, 2.88723], "size": [3, 7, 4], "uv": [11, 73], "inflate": -0.5, "mirror": false},
					{"origin": [-1, 3.3641, 3.92286], "size": [2, 7, 2], "uv": [0, 75], "inflate": -0.5, "mirror": false}
				]
			},
			{
				"name": "body",
				"pivot": [0, 24, 0],
				"mirror": true,
				"cubes": [
					{"origin": [-2.5, 22, -2.5], "size": [5, 4, 5], "uv": [76, 10], "inflate": -1.25, "mirror": false},
					{"origin": [-3.5, 11.75, -1.5], "size": [7, 12, 3], "uv": [76, 21], "inflate": -0.251, "mirror": false}
				]
			},
			{
				"name": "hide_parts",
				"parent": "body",
				"pivot": [-0.75, 0, 0.5]
			},
			{
				"name": "skirt",
				"parent": "hide_parts",
				"pivot": [-1.75, 14, -1.75]
			},
			{
				"name": "bone15",
				"parent": "skirt",
				"pivot": [-1.75, 23.75, -1.75]
			},
			{
				"name": "bone16",
				"parent": "bone15",
				"pivot": [0, 10.75, 0]
			},
			{
				"name": "bone17",
				"parent": "bone16",
				"pivot": [0, 10.75, 4.47051],
				"rotation": [10, 0, 0],
				"cubes": [
					{"origin": [-2.5, 11.71171, 2.7471], "size": [5, 6, 0], "uv": [117, 104]}
				]
			},
			{
				"name": "bone18",
				"parent": "bone17",
				"pivot": [-2.5, 10.40782, 4.47051],
				"rotation": [0, 0, 9.85108],
				"cubes": [
					{"origin": [-4.55199, 11.70723, 2.7461], "size": [2, 6, 0], "uv": [104, 104]}
				]
			},
			{
				"name": "bone56",
				"parent": "bone17",
				"pivot": [2.5, 10.40782, 4.47051],
				"rotation": [0, 0, -9.85108],
				"cubes": [
					{"origin": [2.65052, 11.69012, 2.7461], "size": [2, 6, 0], "uv": [104, 104], "mirror": true}
				]
			},
			{
				"name": "bone57",
				"parent": "bone15",
				"pivot": [0, 10.75, 0],
				"rotation": [0, -90, 0]
			},
			{
				"name": "bone58",
				"parent": "bone57",
				"pivot": [0, 10.75, 4.47051],
				"rotation": [10, 0, 0],
				"cubes": [
					{"origin": [-1.5, 11.42519, 4.37203], "size": [3, 6, 0], "uv": [109, 111]}
				]
			},
			{
				"name": "bone59",
				"parent": "bone58",
				"pivot": [-2.5, 10.40782, 4.47051],
				"rotation": [0, 0, 9.85108],
				"cubes": [
					{"origin": [-2.72357, 11.69867, 4.56799], "size": [2, 6, 0], "uv": [111, 104]}
				]
			},
			{
				"name": "bone60",
				"parent": "bone58",
				"pivot": [2.5, 10.40782, 4.47051],
				"rotation": [0, 0, -9.85108],
				"cubes": [
					{"origin": [0.7758, 11.70723, 4.47151], "size": [2, 6, 0], "uv": [111, 104], "mirror": true}
				]
			},
			{
				"name": "bone61",
				"parent": "bone15",
				"pivot": [0, 10.75, 0],
				"rotation": [0, -180, 0]
			},
			{
				"name": "bone62",
				"parent": "bone61",
				"pivot": [0, 10.75, 4.47051],
				"rotation": [10, 0, 0],
				"cubes": [
					{"origin": [-2.5, 11.70303, 2.80456], "size": [5, 6, 0], "uv": [117, 104]}
				]
			},
			{
				"name": "bone63",
				"parent": "bone62",
				"pivot": [-2.5, 10.40782, 4.47051],
				"rotation": [0, 0, 9.85108],
				"cubes": [
					{"origin": [-4.55348, 11.71578, 2.69686], "size": [2, 6, 0], "uv": [104, 104]}
				]
			},
			{
				"name": "bone64",
				"parent": "bone62",
				"pivot": [2.5, 10.40782, 4.47051],
				"rotation": [0, 0, -9.85108],
				"cubes": [
					{"origin": [2.652, 11.69867, 2.69686], "size": [2, 6, 0], "uv": [104, 104], "mirror": true}
				]
			},
			{
				"name": "bone65",
				"parent": "bone15",
				"pivot": [0, 10.75, 0],
				"rotation": [0, -270, 0]
			},
			{
				"name": "bone66",
				"parent": "bone65",
				"pivot": [0, 10.75, 4.47051],
				"rotation": [10, 0, 0],
				"cubes": [
					{"origin": [-1.5, 11.40782, 4.47051], "size": [3, 6, 0], "uv": [109, 111]}
				]
			},
			{
				"name": "bone67",
				"parent": "bone66",
				"pivot": [-2.5, 10.40782, 4.47051],
				"rotation": [0, 0, 9.85108],
				"cubes": [
					{"origin": [-2.77283, 11.69012, 4.56799], "size": [2, 6, 0], "uv": [111, 104]}
				]
			},
			{
				"name": "bone68",
				"parent": "bone66",
				"pivot": [2.5, 10.40782, 4.47051],
				"rotation": [0, 0, -9.85108],
				"cubes": [
					{"origin": [0.72654, 11.71578, 4.47151], "size": [2, 6, 0], "uv": [111, 104], "mirror": true}
				]
			},
			{
				"name": "bone26",
				"parent": "skirt",
				"pivot": [-1.75, 23, -1.75]
			},
			{
				"name": "bone27",
				"parent": "bone26",
				"pivot": [0, 10, 0]
			},
			{
				"name": "bone73",
				"parent": "bone27",
				"pivot": [0, 10, 4.47051],
				"rotation": [10, 0, 0],
				"cubes": [
					{"origin": [-2.5, 11.00512, 2.5009], "size": [5, 1, 0], "uv": [94, 119]}
				]
			},
			{
				"name": "bone74",
				"parent": "bone73",
				"pivot": [-2.5, 9.65782, 4.47051],
				"rotation": [0, 0, 9.85108],
				"cubes": [
					{"origin": [-4.55942, 11, 2.4999], "size": [2, 1, 0], "uv": [88, 119]}
				]
			},
			{
				"name": "bone75",
				"parent": "bone73",
				"pivot": [2.5, 9.65782, 4.47051],
				"rotation": [0, 0, -9.85108],
				"cubes": [
					{"origin": [2.65794, 10.98289, 2.4999], "size": [2, 1, 0], "uv": [88, 119], "mirror": true}
				]
			},
			{
				"name": "bone76",
				"parent": "bone26",
				"pivot": [0, 10, 0],
				"rotation": [0, -90, 0]
			},
			{
				"name": "bone77",
				"parent": "bone76",
				"pivot": [0, 10, 4.47051],
				"rotation": [10, 0, 0]
			},
			{
				"name": "bone78",
				"parent": "bone77",
				"pivot": [-2.5, 9.65782, 4.47051],
				"rotation": [0, 0, 9.85108],
				"cubes": [
					{"origin": [-2.731, 10.99145, 4.32179], "size": [2, 1, 0], "uv": [88, 119]}
				]
			},
			{
				"name": "bone79",
				"parent": "bone77",
				"pivot": [2.5, 9.65782, 4.47051],
				"rotation": [0, 0, -9.85108],
				"cubes": [
					{"origin": [0.78323, 11, 4.22531], "size": [2, 1, 0], "uv": [88, 119], "mirror": true}
				]
			},
			{
				"name": "bone80",
				"parent": "bone26",
				"pivot": [0, 10, 0],
				"rotation": [0, -180, 0]
			},
			{
				"name": "bone81",
				"parent": "bone80",
				"pivot": [0, 10, 4.47051],
				"rotation": [10, 0, 0],
				"cubes": [
					{"origin": [-2.5, 10.99644, 2.55836], "size": [5, 1, 0], "uv": [94, 119]}
				]
			},
			{
				"name": "bone82",
				"parent": "bone81",
				"pivot": [-2.5, 9.65782, 4.47051],
				"rotation": [0, 0, 9.85108],
				"cubes": [
					{"origin": [-4.5609, 11.00855, 2.45066], "size": [2, 1, 0], "uv": [88, 119]}
				]
			},
			{
				"name": "bone83",
				"parent": "bone81",
				"pivot": [2.5, 9.65782, 4.47051],
				"rotation": [0, 0, -9.85108],
				"cubes": [
					{"origin": [2.65943, 10.99145, 2.45066], "size": [2, 1, 0], "uv": [88, 119], "mirror": true}
				]
			},
			{
				"name": "bone84",
				"parent": "bone26",
				"pivot": [0, 10, 0],
				"rotation": [0, -270, 0]
			},
			{
				"name": "bone85",
				"parent": "bone84",
				"pivot": [0, 10, 4.47051],
				"rotation": [10, 0, 0]
			},
			{
				"name": "bone86",
				"parent": "bone85",
				"pivot": [-2.5, 9.65782, 4.47051],
				"rotation": [0, 0, 9.85108],
				"cubes": [
					{"origin": [-2.78026, 10.98289, 4.32179], "size": [2, 1, 0], "uv": [88, 119]}
				]
			},
			{
				"name": "bone87",
				"parent": "bone85",
				"pivot": [2.5, 9.65782, 4.47051],
				"rotation": [0, 0, -9.85108],
				"cubes": [
					{"origin": [0.73397, 11.00855, 4.22531], "size": [2, 1, 0], "uv": [88, 119], "mirror": true}
				]
			},
			{
				"name": "shirt",
				"parent": "hide_parts",
				"pivot": [-0.75, 0, 0.5],
				"cubes": [
					{"origin": [-4, 18, -2], "size": [8, 6, 4], "uv": [75, 41], "inflate": -0.5},
					{"origin": [-3, 15.5, -2], "size": [6, 2, 4], "uv": [98, 35], "inflate": -0.5}
				]
			},
			{
				"name": "shirt2",
				"parent": "shirt",
				"pivot": [0, 22.5, -1.5],
				"rotation": [-31, 0, 0],
				"cubes": [
					{"origin": [-3.75, 19.83572, -1.8015], "size": [4, 3, 2], "uv": [103, 42], "inflate": -0.251},
					{"origin": [-0.25, 19.83572, -1.8015], "size": [4, 3, 2], "uv": [88, 55], "inflate": -0.251, "mirror": true}
				]
			},
			{
				"name": "shirt4",
				"parent": "shirt2",
				"pivot": [0, 22.18472, -1.12243],
				"rotation": [0, 0, 45],
				"cubes": [
					{"origin": [-1.5, 20.68472, -2.123], "size": [3, 3, 2], "uv": [104, 55], "inflate": -0.57192}
				]
			},
			{
				"name": "bone22",
				"parent": "shirt4",
				"pivot": [0.5, 21.5, -1.5],
				"rotation": [0, 0, -45],
				"cubes": [
					{"origin": [-2.85, 18.5, -4.8], "size": [7, 7, 7], "uv": [7, 104], "inflate": -3.2}
				]
			},
			{
				"name": "shirt3",
				"parent": "shirt",
				"pivot": [-0.02121, 20.9, -1.5],
				"rotation": [0, 0, 45],
				"cubes": [
					{"origin": [-1.82121, 17.93, -1.852], "size": [4.8, 4.8, 1], "uv": [74, 55], "inflate": -0.35008}
				]
			},
			{
				"name": "shirt5",
				"parent": "shirt",
				"pivot": [0, 20.30157, 1.7],
				"rotation": [0, 0, 45],
				"cubes": [
					{"origin": [-3.3, 15.6, -0.8], "size": [8, 8, 4.3], "uv": [97, 21], "inflate": -2.34835}
				]
			},
			{
				"name": "belt",
				"parent": "shirt",
				"pivot": [0, 25, 0],
				"cubes": [
					{"origin": [-8, 15, -6], "size": [16, 7, 12], "uv": [72, 63], "inflate": -4.2},
					{"origin": [-4, 16.75, -2], "size": [8, 3, 4], "uv": [98, 12], "inflate": -0.3}
				]
			},
			{
				"name": "flower",
				"parent": "belt",
				"pivot": [-2, 18.2, -1.8],
				"rotation": [0, 7.5, 0],
				"cubes": [
					{"origin": [-3.5, 16.65, -3.4], "size": [3, 3, 3], "uv": [69, 62], "inflate": -0.9},
					{"origin": [-4.5, 17.65, -2.2], "size": [5, 1.2, 1], "uv": [106, 8], "inflate": -0.1}
				]
			},
			{
				"name": "right",
				"parent": "flower",
				"pivot": [0.5, 17.65, -2.2]
			},
			{
				"name": "bone10",
				"parent": "right",
				"pivot": [-0.05, 17.25, -1.7],
				"rotation": [0, 0, 62.5],
				"cubes": [
					{"origin": [-0.9, 16.65, -2.2], "size": [1.5, 1.5, 1], "uv": [112, 0], "inflate": -0.1}
				]
			},
			{
				"name": "bone9",
				"parent": "right",
				"pivot": [-0.05, 19.25, -1.7],
				"rotation": [0, 0, 22.5],
				"cubes": [
					{"origin": [-0.65, 18.45, -2.2], "size": [1.5, 1.5, 1], "uv": [107, 0], "inflate": -0.1}
				]
			},
			{
				"name": "bone8",
				"parent": "right",
				"pivot": [-1.25, 18.25, -1.7],
				"rotation": [0, 0, 25],
				"cubes": [
					{"origin": [-1.5, 17, -2.2], "size": [2, 1.5, 1], "uv": [117, 0], "inflate": -0.1}
				]
			},
			{
				"name": "bone7",
				"parent": "right",
				"pivot": [-1.25, 18.25, -1.7],
				"rotation": [0, 0, -25],
				"cubes": [
					{"origin": [-1.5, 18, -2.2], "size": [2, 1.5, 1], "uv": [113, 5], "inflate": -0.1}
				]
			},
			{
				"name": "left",
				"parent": "flower",
				"pivot": [-2.5, 17.65, 0]
			},
			{
				"name": "bone11",
				"parent": "left",
				"pivot": [-3.95, 17.25, -1.7],
				"rotation": [0, 0, -62.5],
				"cubes": [
					{"origin": [-4.6, 16.65, -2.2], "size": [1.5, 1.5, 1], "uv": [112, 0], "inflate": -0.1, "mirror": true}
				]
			},
			{
				"name": "bone12",
				"parent": "left",
				"pivot": [-3.95, 19.25, -1.7],
				"rotation": [0, 0, -22.5],
				"cubes": [
					{"origin": [-4.85, 18.45, -2.2], "size": [1.5, 1.5, 1], "uv": [107, 0], "inflate": -0.1, "mirror": true}
				]
			},
			{
				"name": "bone13",
				"parent": "left",
				"pivot": [-2.75, 18.25, -1.7],
				"rotation": [0, 0, -25],
				"cubes": [
					{"origin": [-4.5, 17, -2.2], "size": [2, 1.5, 1], "uv": [107, 5], "inflate": -0.1, "mirror": true}
				]
			},
			{
				"name": "bone14",
				"parent": "left",
				"pivot": [-2.75, 18.25, -1.7],
				"rotation": [0, 0, 25],
				"cubes": [
					{"origin": [-4.5, 18, -2.2], "size": [2, 1.5, 1], "uv": [119, 5], "inflate": -0.1, "mirror": true}
				]
			},
			{
				"name": "bone88",
				"parent": "flower",
				"pivot": [-2.0653, 18.45, -0.52806],
				"rotation": [-15.12353, 7.24305, 8.04845],
				"cubes": [
					{"origin": [-2.93372, 14.40564, -1.53088], "size": [1, 3, 0], "uv": [14, 92]}
				]
			},
			{
				"name": "bone91",
				"parent": "bone88",
				"pivot": [-2.0653, 13.45, -0.52806],
				"rotation": [2.47178, -0.65182, -2.54256],
				"cubes": [
					{"origin": [-2.90183, 9.48514, -1.47767], "size": [1, 5, 0], "uv": [14, 92]}
				]
			},
			{
				"name": "bone89",
				"parent": "flower",
				"pivot": [-1.16744, 18.95, -0.49543],
				"rotation": [-11.83501, -4.46375, -6.93839],
				"cubes": [
					{"origin": [-2.03691, 13.95, -1.48688], "size": [1, 4, 0], "uv": [14, 92]}
				]
			},
			{
				"name": "bone90",
				"parent": "bone89",
				"pivot": [-1.79368, 12.03237, -1.48688],
				"rotation": [0, 0, 7.5],
				"cubes": [
					{"origin": [-2.29368, 10.03237, -1.48688], "size": [1, 4, 0], "uv": [14, 92]}
				]
			},
			{
				"name": "bone92",
				"parent": "flower",
				"pivot": [-1.5, 18.2, -1.8]
			},
			{
				"name": "bone93",
				"parent": "bone92",
				"pivot": [-4, 15.95, 0.7],
				"rotation": [17.75313, 9.53274, 20.53513],
				"cubes": [
					{"origin": [-4.4, 14.55, 0], "size": [0, 3, 1], "uv": [2, 118]}
				]
			},
			{
				"name": "bone94",
				"parent": "bone92",
				"pivot": [-3.8, 15.95, -1.2],
				"rotation": [-15.91527, -19.291, 22.88152],
				"cubes": [
					{"origin": [-4.3, 14.45, -1.6], "size": [0, 3, 1], "uv": [2, 118]}
				]
			},
			{
				"name": "bone95",
				"parent": "bone92",
				"pivot": [-1.5, 18.2, -1.8]
			},
			{
				"name": "bone96",
				"parent": "bone95",
				"pivot": [-3.5, 15.45, -0.8],
				"rotation": [-8.81054, -39.96252, 20.78435],
				"cubes": [
					{"origin": [-4, 10.95, -1.3], "size": [0, 6, 1], "uv": [2, 114]}
				]
			},
			{
				"name": "bone97",
				"parent": "bone96",
				"pivot": [-3.5, 9.45, -0.8],
				"rotation": [0, 0, -10],
				"cubes": [
					{"origin": [-3.73192, 7.01421, -1.3], "size": [0, 4, 1], "uv": [2, 114]}
				]
			},
			{
				"name": "bone98",
				"parent": "bone92",
				"pivot": [-3.5, 15.45, 0.35],
				"rotation": [6.98718, 15.18933, 16.93837],
				"cubes": [
					{"origin": [-4, 10.95, -0.15], "size": [0, 6, 1], "uv": [2, 114]}
				]
			},
			{
				"name": "bone99",
				"parent": "bone98",
				"pivot": [-3.5, 9.45, 0.35],
				"rotation": [1.89404, -0.47049, -2.76579],
				"cubes": [
					{"origin": [-3.93113, 5.988, -0.09588], "size": [0, 5, 1], "uv": [2, 114]}
				]
			},
			{
				"name": "bone100",
				"parent": "flower",
				"pivot": [-0.34576, 1, 0.71095],
				"rotation": [0, -10, 0]
			},
			{
				"name": "bone101",
				"parent": "bone100",
				"pivot": [3.65424, 15.95, 1.41095],
				"rotation": [17.75313, -9.53274, -20.53513],
				"cubes": [
					{"origin": [4.05424, 14.55, 0.71095], "size": [0, 3, 1], "uv": [2, 118], "mirror": true}
				]
			},
			{
				"name": "bone102",
				"parent": "bone100",
				"pivot": [3.45424, 15.95, -0.48905],
				"rotation": [-15.91527, 19.291, -22.88152],
				"cubes": [
					{"origin": [3.95424, 14.45, -0.88905], "size": [0, 3, 1], "uv": [2, 118], "mirror": true}
				]
			},
			{
				"name": "bone103",
				"parent": "bone100",
				"pivot": [1.15424, 18.2, -1.08905]
			},
			{
				"name": "bone104",
				"parent": "bone103",
				"pivot": [3.15424, 15.45, -0.08905],
				"rotation": [-8.81054, 39.96252, -20.78435],
				"cubes": [
					{"origin": [3.65424, 10.95, -0.58905], "size": [0, 6, 1], "uv": [2, 114], "mirror": true}
				]
			},
			{
				"name": "bone105",
				"parent": "bone104",
				"pivot": [3.15424, 9.45, -0.08905],
				"rotation": [0, 0, 10],
				"cubes": [
					{"origin": [3.38616, 7.01421, -0.58905], "size": [0, 4, 1], "uv": [2, 114], "mirror": true}
				]
			},
			{
				"name": "bone106",
				"parent": "bone100",
				"pivot": [3.15424, 15.45, 1.06095],
				"rotation": [6.98718, -15.18933, -16.93837],
				"cubes": [
					{"origin": [3.65424, 10.95, 0.56095], "size": [0, 6, 1], "uv": [2, 114], "mirror": true}
				]
			},
			{
				"name": "bone107",
				"parent": "bone106",
				"pivot": [3.15424, 9.45, 1.06095],
				"rotation": [1.89404, 0.47049, 2.76579],
				"cubes": [
					{"origin": [3.58537, 5.988, 0.61507], "size": [0, 5, 1], "uv": [2, 114], "mirror": true}
				]
			},
			{
				"name": "corsage",
				"parent": "shirt",
				"pivot": [0, 20.75, -2.7],
				"rotation": [-2.5, 0, 0],
				"cubes": [
					{"origin": [-1.75, 20.25, -3.2], "size": [3.5, 1, 1], "uv": [115, 58], "inflate": -0.3, "mirror": true}
				]
			},
			{
				"name": "2",
				"parent": "corsage",
				"pivot": [0.00799, 20.75141, -2.7],
				"rotation": [0, 0, -15],
				"cubes": [
					{"origin": [-1.74201, 20.25141, -3.2], "size": [3.5, 1, 1], "uv": [115, 58], "inflate": -0.3, "mirror": true}
				]
			},
			{
				"name": "3",
				"parent": "corsage",
				"pivot": [-0.00799, 20.75141, -2.7],
				"rotation": [0, 0, 12.5],
				"cubes": [
					{"origin": [-1.75799, 20.25141, -3.2], "size": [3.5, 1, 1], "uv": [115, 58], "inflate": -0.3, "mirror": true}
				]
			},
			{
				"name": "red2",
				"parent": "corsage",
				"pivot": [0.0077, 20.75, -2.77196],
				"rotation": [-90, -67.5, 90],
				"cubes": [
					{"origin": [-0.4923, 19.75, -3.77196], "size": [1, 2, 2], "uv": [71, 0], "inflate": -0.9}
				]
			},
			{
				"name": "bone",
				"parent": "red2",
				"pivot": [-0.3223, 21, -2.77196],
				"rotation": [0, 0, -20],
				"cubes": [
					{"origin": [-0.8223, 20.25, -3.27196], "size": [1, 1.5, 1], "uv": [65, 3], "inflate": -0.6}
				]
			},
			{
				"name": "bone2",
				"parent": "red2",
				"pivot": [-0.3223, 20.82725, -2.5342],
				"rotation": [-72, -15, -2.5],
				"cubes": [
					{"origin": [-0.8223, 20.07725, -3.0342], "size": [1, 1.5, 1], "uv": [65, 3], "inflate": -0.6}
				]
			},
			{
				"name": "bone3",
				"parent": "red2",
				"pivot": [-0.3223, 20.54775, -2.62502],
				"rotation": [-144, -20, 12.5],
				"cubes": [
					{"origin": [-0.8223, 19.79775, -3.12502], "size": [1, 1.5, 1], "uv": [65, 3], "inflate": -0.6}
				]
			},
			{
				"name": "bone4",
				"parent": "red2",
				"pivot": [-0.3223, 20.54775, -2.91891],
				"rotation": [144, 7.5, 20],
				"cubes": [
					{"origin": [-0.8223, 19.79775, -3.41891], "size": [1, 1.5, 1], "uv": [65, 3], "inflate": -0.6}
				]
			},
			{
				"name": "bone5",
				"parent": "red2",
				"pivot": [-0.3223, 20.82725, -3.00973],
				"rotation": [72, 12.5, 0],
				"cubes": [
					{"origin": [-0.8223, 20.07725, -3.50973], "size": [1, 1.5, 1], "uv": [65, 3], "inflate": -0.6}
				]
			},
			{
				"name": "1",
				"parent": "red2",
				"pivot": [-0.21888, 20.64435, -2.77196],
				"rotation": [-11.45123, -5.62968, -7.20893],
				"cubes": [
					{"origin": [-0.04743, 18.4582, -3.33151], "size": [0.01, 2, 0.5], "uv": [1, 103]}
				]
			},
			{
				"name": "bone6",
				"parent": "red2",
				"pivot": [-0.32453, 20.87092, -2.77196],
				"rotation": [20.57639, 9.30727, -15.80696],
				"cubes": [
					{"origin": [-0.16881, 18.51188, -2.81817], "size": [0.01, 2, 0.5], "uv": [1, 103]}
				]
			},
			{
				"name": "right_arm",
				"pivot": [-4, 22, 0],
				"mirror": true,
				"cubes": [
					{"origin": [-6.5, 17.5, -1.5], "size": [3, 6, 3], "uv": [43, 75]}
				]
			},
			{
				"name": "right_chestplate",
				"parent": "right_arm",
				"pivot": [-5, 22, 0],
				"cubes": [
					{"origin": [-7, 18.7, -2], "size": [4, 2, 4], "uv": [40, 87], "inflate": -0.4, "mirror": true}
				]
			},
			{
				"name": "right_arm_down",
				"parent": "right_arm",
				"pivot": [-4.75, 17.5, 1.5],
				"cubes": [
					{"origin": [-6.5, 12.5, -1.5], "size": [3, 5, 3], "uv": [56, 76], "inflate": 0.1, "mirror": true},
					{"origin": [-6.5, 13, -1.5], "size": [3, 1, 3], "uv": [56, 70], "inflate": 0.15, "mirror": true},
					{"origin": [-6.5, 12.5, -1.5], "size": [3, 5, 3], "uv": [57, 85], "mirror": true}
				]
			},
			{
				"name": "left_arm",
				"pivot": [4, 22, 0],
				"mirror": true,
				"cubes": [
					{"origin": [3.5, 17.5, -1.5], "size": [3, 6, 3], "uv": [43, 75], "mirror": false}
				]
			},
			{
				"name": "left_chestplate",
				"parent": "left_arm",
				"pivot": [5, 22, 0],
				"cubes": [
					{"origin": [3, 18.7, -2], "size": [4, 2, 4], "uv": [40, 87], "inflate": -0.4}
				]
			},
			{
				"name": "left_arm_down",
				"parent": "left_arm",
				"pivot": [4.75, 17.5, 1.5],
				"cubes": [
					{"origin": [3.5, 12.5, -1.5], "size": [3, 5, 3], "uv": [56, 76], "inflate": 0.1},
					{"origin": [3.5, 13, -1.5], "size": [3, 1, 3], "uv": [56, 70], "inflate": 0.15},
					{"origin": [3.5, 12.5, -1.5], "size": [3, 5, 3], "uv": [57, 85]}
				]
			},
			{
				"name": "left_leg",
				"pivot": [1.75, 12, 0],
				"mirror": true,
				"cubes": [
					{"origin": [0.25, 7, -1.5], "size": [3, 5, 3], "uv": [41, 19], "inflate": -0.01, "mirror": false},
					{"origin": [0.25, 7, -1.5], "size": [3, 2, 3], "uv": [41, 39], "mirror": false}
				]
			},
			{
				"name": "left_leg_down",
				"parent": "left_leg",
				"pivot": [1.75, 7, -1.5],
				"cubes": [
					{"origin": [0.25, 1.01, -1.5], "size": [3, 6, 3], "uv": [41, 28], "inflate": -0.01}
				]
			},
			{
				"name": "left_foot",
				"parent": "left_leg_down",
				"pivot": [1.75, 7, -1.5],
				"cubes": [
					{"origin": [0.75, 0, -4.36603], "size": [2, 1, 1], "uv": [41, 97], "inflate": 0.001},
					{"origin": [0.25, 0, 0.5], "size": [3, 1, 1], "uv": [62, 102]},
					{"origin": [0.25, 0, -3.5], "size": [3, 1, 3], "uv": [48, 96], "inflate": 0.01},
					{"origin": [0.25, 0.8, -3.5], "size": [3, 1, 5], "uv": [46, 102], "inflate": -0.1},
					{"origin": [0.65, 0.8, -4.17], "size": [2.2, 1, 1], "uv": [40, 124], "inflate": -0.15},
					{"origin": [1.1, -0.4, -5], "size": [1, 1.6, 1], "uv": [64, 106], "inflate": -0.4},
					{"origin": [1.65, 0.8, -4.17], "size": [1.2, 1, 1], "uv": [52, 113], "inflate": -0.1},
					{"origin": [0.65, 0.8, -4.17], "size": [1, 1, 1], "uv": [52, 113], "inflate": -0.1},
					{"origin": [0.25, 0.5, -1.5], "size": [3, 0.5, 3], "uv": [39, 117], "inflate": -0.01}
				]
			},
			{
				"name": "shoes2",
				"parent": "left_foot",
				"pivot": [3.25, 0, -3.5],
				"rotation": [0, 30, 0],
				"cubes": [
					{"origin": [2.25, 0, -4.5], "size": [1, 1, 1], "uv": [62, 97], "mirror": true},
					{"origin": [2.2, 0.8, -4.35], "size": [1, 1, 1], "uv": [60, 113], "inflate": -0.1, "mirror": true}
				]
			},
			{
				"name": "shoes3",
				"parent": "left_foot",
				"pivot": [0.25, 0, -3.5],
				"rotation": [0, -30, 0],
				"cubes": [
					{"origin": [0.25, 0, -4.5], "size": [1, 1, 1], "uv": [71, 97]},
					{"origin": [0.3, 0.8, -4.35], "size": [1, 1, 1], "uv": [60, 110], "inflate": -0.1}
				]
			},
			{
				"name": "shoes",
				"parent": "left_foot",
				"pivot": [1.75, 2, -3.5],
				"rotation": [15, 0, 0],
				"cubes": [
					{"origin": [0.25, 0.8, -3.5], "size": [3, 1, 4], "uv": [40, 110], "inflate": -0.1}
				]
			},
			{
				"name": "bone23",
				"parent": "shoes",
				"pivot": [2.41202, 1.7, -2.61326],
				"rotation": [0, 47.5, 0],
				"cubes": [
					{"origin": [1.91202, 1, -4.01326], "size": [1, 1, 2.45], "uv": [77, 96], "inflate": -0.25}
				]
			},
			{
				"name": "bone24",
				"parent": "shoes",
				"pivot": [2.41202, 1.5, -2.51326],
				"cubes": [
					{"origin": [2.5, 1.05, -2.6], "size": [1, 1, 1], "uv": [78, 100], "inflate": -0.3}
				]
			},
			{
				"name": "bone31",
				"parent": "shoes",
				"pivot": [0.41202, 1.5, -2.51326],
				"rotation": [-5, 0, 0],
				"cubes": [
					{"origin": [0, 1.05, -2.6], "size": [1, 1, 1], "uv": [78, 100], "inflate": -0.28}
				]
			},
			{
				"name": "bone34",
				"parent": "shoes",
				"pivot": [1.175, 1.5, -2.73612],
				"rotation": [0, -45, 0],
				"cubes": [
					{"origin": [0.675, 1, -3.88612], "size": [1, 1, 2.3], "uv": [74, 120], "inflate": -0.25}
				]
			},
			{
				"name": "bone30",
				"parent": "left_foot",
				"pivot": [1.75, 7, -1.5]
			},
			{
				"name": "bone25",
				"parent": "bone30",
				"pivot": [3, 1.51, -1],
				"rotation": [-20, 0, 0],
				"cubes": [
					{"origin": [2.5, 1.1, -2.2], "size": [1, 1, 2.3], "uv": [77, 104], "inflate": -0.25}
				]
			},
			{
				"name": "bone28",
				"parent": "bone30",
				"pivot": [3, 1.9, -2],
				"rotation": [0, 10, 0],
				"cubes": [
					{"origin": [2.45, 1.4, -2.45], "size": [1, 1, 1], "uv": [36, 25], "inflate": -0.25}
				]
			},
			{
				"name": "bone29",
				"parent": "bone30",
				"pivot": [3, 1.9, -2],
				"cubes": [
					{"origin": [2.5, 0.75, -0.8], "size": [1, 1, 1], "uv": [36, 25], "inflate": -0.25}
				]
			},
			{
				"name": "bone32",
				"parent": "bone30",
				"pivot": [3, 1.51, -1],
				"rotation": [-20, 0, 0],
				"cubes": [
					{"origin": [0, 1.1, -2.2], "size": [1, 1, 2.3], "uv": [77, 109], "inflate": -0.25}
				]
			},
			{
				"name": "bone33",
				"parent": "bone30",
				"pivot": [0.50716, 1.9, -2.00025],
				"rotation": [-0.13098, -2.99714, 2.50343],
				"cubes": [
					{"origin": [0.00716, 1.4, -2.50025], "size": [1, 1, 1], "uv": [75, 115], "inflate": -0.25}
				]
			},
			{
				"name": "bone19",
				"parent": "bone30",
				"pivot": [0, 1.9, -2],
				"cubes": [
					{"origin": [-0.5, 0.75, -0.8], "size": [1, 1, 1], "uv": [36, 25], "inflate": -0.25}
				]
			},
			{
				"name": "red3",
				"parent": "left_foot",
				"pivot": [1.7, 1.8, -3.5],
				"rotation": [22.5, 0, 0],
				"cubes": [
					{"origin": [1.2, 1.38, -4], "size": [1, 1, 1], "uv": [88, 108], "inflate": -0.35}
				]
			},
			{
				"name": "bone35",
				"parent": "red3",
				"pivot": [1.7, 1.8, -3.5],
				"rotation": [15, 0, 0],
				"cubes": [
					{"origin": [1.2, 1.38, -4], "size": [1, 0.9, 1.4], "uv": [88, 104], "inflate": -0.35}
				]
			},
			{
				"name": "bone36",
				"parent": "red3",
				"pivot": [1.7, 1.8, -3.5],
				"rotation": [15, -72, 0],
				"cubes": [
					{"origin": [1.2, 1.38, -4], "size": [1, 0.9, 1.4], "uv": [88, 104], "inflate": -0.35}
				]
			},
			{
				"name": "bone37",
				"parent": "red3",
				"pivot": [1.7, 1.8, -3.5],
				"rotation": [15, -144, 0],
				"cubes": [
					{"origin": [1.2, 1.38, -4], "size": [1, 0.9, 1.4], "uv": [88, 104], "inflate": -0.35}
				]
			},
			{
				"name": "bone38",
				"parent": "red3",
				"pivot": [1.7, 1.8, -3.5],
				"rotation": [15, 144, 0],
				"cubes": [
					{"origin": [1.2, 1.38, -4], "size": [1, 0.9, 1.4], "uv": [88, 104], "inflate": -0.35}
				]
			},
			{
				"name": "bone39",
				"parent": "red3",
				"pivot": [1.7, 1.8, -3.5],
				"rotation": [15, 72, 0],
				"cubes": [
					{"origin": [1.2, 1.38, -4], "size": [1, 0.9, 1.4], "uv": [88, 104], "inflate": -0.35}
				]
			},
			{
				"name": "right_leg",
				"pivot": [-1.75, 12, 0],
				"mirror": true,
				"cubes": [
					{"origin": [-3.25, 7, -1.5], "size": [3, 5, 3], "uv": [41, 19], "inflate": -0.01},
					{"origin": [-3.25, 7, -1.5], "size": [3, 2, 3], "uv": [41, 39]}
				]
			},
			{
				"name": "right_leg_down",
				"parent": "right_leg",
				"pivot": [-1.75, 7, -1.5],
				"cubes": [
					{"origin": [-3.25, 1.01, -1.5], "size": [3, 6, 3], "uv": [41, 28], "inflate": -0.01, "mirror": true}
				]
			},
			{
				"name": "right_foot",
				"parent": "right_leg_down",
				"pivot": [-1.75, 7, -1.5],
				"cubes": [
					{"origin": [-2.75, 0, -4.36603], "size": [2, 1, 1], "uv": [41, 97], "inflate": 0.001, "mirror": true},
					{"origin": [-3.25, 0, 0.5], "size": [3, 1, 1], "uv": [62, 102], "mirror": true},
					{"origin": [-3.25, 0, -3.5], "size": [3, 1, 3], "uv": [48, 96], "inflate": 0.01, "mirror": true},
					{"origin": [-3.25, 0.8, -3.5], "size": [3, 1, 5], "uv": [46, 102], "inflate": -0.1, "mirror": true},
					{"origin": [-2.85, 0.8, -4.17], "size": [2.2, 1, 1], "uv": [40, 124], "inflate": -0.15, "mirror": true},
					{"origin": [-2.1, -0.4, -5], "size": [1, 1.6, 1], "uv": [64, 106], "inflate": -0.4, "mirror": true},
					{"origin": [-2.85, 0.8, -4.17], "size": [1.2, 1, 1], "uv": [52, 113], "inflate": -0.1, "mirror": true},
					{"origin": [-1.65, 0.8, -4.17], "size": [1, 1, 1], "uv": [52, 113], "inflate": -0.1, "mirror": true},
					{"origin": [-3.25, 0.5, -1.5], "size": [3, 0.5, 3], "uv": [39, 117], "inflate": -0.01, "mirror": true}
				]
			},
			{
				"name": "shoes4",
				"parent": "right_foot",
				"pivot": [-3.25, 0, -3.5],
				"rotation": [0, -30, 0],
				"cubes": [
					{"origin": [-3.25, 0, -4.5], "size": [1, 1, 1], "uv": [62, 97]},
					{"origin": [-3.2, 0.8, -4.35], "size": [1, 1, 1], "uv": [60, 113], "inflate": -0.1}
				]
			},
			{
				"name": "shoes5",
				"parent": "right_foot",
				"pivot": [-0.25, 0, -3.5],
				"rotation": [0, 30, 0],
				"cubes": [
					{"origin": [-1.25, 0, -4.5], "size": [1, 1, 1], "uv": [71, 97], "mirror": true},
					{"origin": [-1.3, 0.8, -4.35], "size": [1, 1, 1], "uv": [60, 110], "inflate": -0.1, "mirror": true}
				]
			},
			{
				"name": "shoes6",
				"parent": "right_foot",
				"pivot": [-1.75, 2, -3.5],
				"rotation": [15, 0, 0],
				"cubes": [
					{"origin": [-3.25, 0.8, -3.5], "size": [3, 1, 4], "uv": [40, 110], "inflate": -0.1, "mirror": true}
				]
			},
			{
				"name": "bone40",
				"parent": "shoes6",
				"pivot": [-2.41202, 1.7, -2.61326],
				"rotation": [0, -47.5, 0],
				"cubes": [
					{"origin": [-2.91202, 1, -4.01326], "size": [1, 1, 2.45], "uv": [77, 96], "inflate": -0.25, "mirror": true}
				]
			},
			{
				"name": "bone41",
				"parent": "shoes6",
				"pivot": [-2.41202, 1.5, -2.51326],
				"cubes": [
					{"origin": [-3.5, 1.05, -2.6], "size": [1, 1, 1], "uv": [78, 100], "inflate": -0.3, "mirror": true}
				]
			},
			{
				"name": "bone42",
				"parent": "shoes6",
				"pivot": [-0.41202, 1.5, -2.51326],
				"rotation": [-5, 0, 0],
				"cubes": [
					{"origin": [-1, 1.05, -2.6], "size": [1, 1, 1], "uv": [78, 100], "inflate": -0.28, "mirror": true}
				]
			},
			{
				"name": "bone43",
				"parent": "shoes6",
				"pivot": [-1.175, 1.5, -2.73612],
				"rotation": [0, 45, 0],
				"cubes": [
					{"origin": [-1.675, 1, -3.88612], "size": [1, 1, 2.3], "uv": [74, 120], "inflate": -0.25, "mirror": true}
				]
			},
			{
				"name": "bone44",
				"parent": "right_foot",
				"pivot": [-1.75, 7, -1.5]
			},
			{
				"name": "bone45",
				"parent": "bone44",
				"pivot": [-3, 1.51, -1],
				"rotation": [-20, 0, 0],
				"cubes": [
					{"origin": [-3.5, 1.1, -2.2], "size": [1, 1, 2.3], "uv": [77, 104], "inflate": -0.25, "mirror": true}
				]
			},
			{
				"name": "bone46",
				"parent": "bone44",
				"pivot": [-3, 1.9, -2],
				"rotation": [0, -10, 0],
				"cubes": [
					{"origin": [-3.45, 1.4, -2.45], "size": [1, 1, 1], "uv": [36, 25], "inflate": -0.25, "mirror": true}
				]
			},
			{
				"name": "bone47",
				"parent": "bone44",
				"pivot": [-3, 1.9, -2],
				"cubes": [
					{"origin": [-3.5, 0.75, -0.8], "size": [1, 1, 1], "uv": [36, 25], "inflate": -0.25, "mirror": true}
				]
			},
			{
				"name": "bone48",
				"parent": "bone44",
				"pivot": [-3, 1.51, -1],
				"rotation": [-20, 0, 0],
				"cubes": [
					{"origin": [-1, 1.1, -2.2], "size": [1, 1, 2.3], "uv": [77, 109], "inflate": -0.25, "mirror": true}
				]
			},
			{
				"name": "bone49",
				"parent": "bone44",
				"pivot": [-0.50716, 1.9, -2.00025],
				"rotation": [-0.13098, 2.99714, -2.50343],
				"cubes": [
					{"origin": [-1.00716, 1.4, -2.50025], "size": [1, 1, 1], "uv": [75, 115], "inflate": -0.25, "mirror": true}
				]
			},
			{
				"name": "bone50",
				"parent": "bone44",
				"pivot": [0, 1.9, -2],
				"cubes": [
					{"origin": [-0.5, 0.75, -0.8], "size": [1, 1, 1], "uv": [36, 25], "inflate": -0.25, "mirror": true}
				]
			},
			{
				"name": "red4",
				"parent": "right_foot",
				"pivot": [-1.7, 1.8, -3.5],
				"rotation": [22.5, 0, 0],
				"cubes": [
					{"origin": [-2.2, 1.38, -4], "size": [1, 1, 1], "uv": [88, 108], "inflate": -0.35, "mirror": true}
				]
			},
			{
				"name": "bone51",
				"parent": "red4",
				"pivot": [-1.7, 1.8, -3.5],
				"rotation": [15, 0, 0],
				"cubes": [
					{"origin": [-2.2, 1.38, -4], "size": [1, 0.9, 1.4], "uv": [88, 104], "inflate": -0.35, "mirror": true}
				]
			},
			{
				"name": "bone52",
				"parent": "red4",
				"pivot": [-1.7, 1.8, -3.5],
				"rotation": [15, 72, 0],
				"cubes": [
					{"origin": [-2.2, 1.38, -4], "size": [1, 0.9, 1.4], "uv": [88, 104], "inflate": -0.35, "mirror": true}
				]
			},
			{
				"name": "bone53",
				"parent": "red4",
				"pivot": [-1.7, 1.8, -3.5],
				"rotation": [15, 144, 0],
				"cubes": [
					{"origin": [-2.2, 1.38, -4], "size": [1, 0.9, 1.4], "uv": [88, 104], "inflate": -0.35, "mirror": true}
				]
			},
			{
				"name": "bone54",
				"parent": "red4",
				"pivot": [-1.7, 1.8, -3.5],
				"rotation": [15, -144, 0],
				"cubes": [
					{"origin": [-2.2, 1.38, -4], "size": [1, 0.9, 1.4], "uv": [88, 104], "inflate": -0.35, "mirror": true}
				]
			},
			{
				"name": "bone55",
				"parent": "red4",
				"pivot": [-1.7, 1.8, -3.5],
				"rotation": [15, -72, 0],
				"cubes": [
					{"origin": [-2.2, 1.38, -4], "size": [1, 0.9, 1.4], "uv": [88, 104], "inflate": -0.35, "mirror": true}
				]
			}
		]
	}
}