{
	"format_version": "1.10.0",
	"geometry.model": {
		"texturewidth": 128,
		"textureheight": 128,
		"visible_bounds_width": 3,
		"visible_bounds_height": 3.5,
		"visible_bounds_offset": [0, 1.25, 0],
		"bones": [
			{
				"name": "head",
				"pivot": [0, 24, 0],
				"cubes": [
					{"origin": [-4, 24, -4], "size": [8, 8, 8], "uv": [33, 0]},
					{"origin": [-4, 24, -4], "size": [8, 8, 8], "uv": [0, 0], "inflate": 0.25}
				]
			},
			{
				"name": "headyf",
				"parent": "head",
				"pivot": [0, 30, -2],
				"rotation": [2.5, 0, 0],
				"cubes": [
					{"origin": [-4, 24, -4], "size": [8, 8, 8], "uv": [65, 0], "inflate": 0.1},
					{"origin": [-4, 24, 3], "size": [8, 8, 1], "uv": [0, 17], "inflate": 0.2}
				]
			},
			{
				"name": "left_ear",
				"parent": "head",
				"pivot": [2, 30, -1]
			},
			{
				"name": "ear4",
				"parent": "left_ear",
				"pivot": [3, 32, -1],
				"rotation": [10, 0, 20],
				"cubes": [
					{"origin": [1.49815, 30.80208, -1.95527], "size": [1, 3, 1], "uv": [10, 27]}
				]
			},
			{
				"name": "ear5",
				"parent": "ear4",
				"pivot": [2.68584, 30.86585, -2.43628],
				"rotation": [13.5773, -1.77024, 7.28925],
				"cubes": [
					{"origin": [1.76002, 31.16281, -1.08299], "size": [2, 3, 1], "uv": [19, 22]}
				]
			},
			{
				"name": "ear6",
				"parent": "ear4",
				"pivot": [1.53584, 34.01585, -3.18628],
				"rotation": [0, 0, 35],
				"cubes": [
					{"origin": [1.62758, 33.81912, -1.95527], "size": [1, 3, 1], "uv": [25, 27], "inflate": 0.001}
				]
			},
			{
				"name": "ear10",
				"parent": "ear6",
				"pivot": [2.53584, 37.01585, -3.18628],
				"rotation": [0, 0, -45],
				"cubes": [
					{"origin": [1.46161, 33.81188, -1.95527], "size": [1, 3, 1], "uv": [20, 27]}
				]
			},
			{
				"name": "ear11",
				"parent": "ear10",
				"pivot": [2.53584, 34.01585, -3.18628],
				"rotation": [0, 0, 30],
				"cubes": [
					{"origin": [1.57354, 30.80208, -1.95527], "size": [1, 3, 1], "uv": [15, 27], "inflate": -0.001}
				]
			},
			{
				"name": "ear12",
				"parent": "ear4",
				"pivot": [2.78584, 31.01585, -1.18628],
				"cubes": [
					{"origin": [1.8077, 29.82527, -1.24912], "size": [2, 2, 1], "uv": [26, 21], "inflate": 0.001}
				]
			},
			{
				"name": "right_ear",
				"parent": "head",
				"pivot": [-2, 30, -1],
				"cubes": [
					{"origin": [-4.2, 31.1, -4.1], "size": [4, 1, 4.1], "uv": [0, 56]}
				]
			},
			{
				"name": "ear2",
				"parent": "right_ear",
				"pivot": [-3, 32, -1],
				"rotation": [10, 0, -20],
				"cubes": [
					{"origin": [-2.49815, 30.80208, -1.95527], "size": [1, 3, 1], "uv": [33, 17]}
				]
			},
			{
				"name": "ear3",
				"parent": "ear2",
				"pivot": [-2.68584, 30.86585, -2.43628],
				"rotation": [13.5773, 1.77024, -7.28925],
				"cubes": [
					{"origin": [-3.76002, 31.16281, -1.08299], "size": [2, 3, 1], "uv": [19, 17]}
				]
			},
			{
				"name": "ear7",
				"parent": "ear2",
				"pivot": [-1.53584, 34.01585, -3.18628],
				"rotation": [0, 0, -35],
				"cubes": [
					{"origin": [-2.62758, 33.81912, -1.95527], "size": [1, 3, 1], "uv": [5, 27], "inflate": 0.001}
				]
			},
			{
				"name": "ear8",
				"parent": "ear7",
				"pivot": [-2.53584, 37.01585, -3.18628],
				"rotation": [0, 0, 45],
				"cubes": [
					{"origin": [-2.46161, 33.81188, -1.95527], "size": [1, 3, 1], "uv": [0, 27]}
				]
			},
			{
				"name": "ear9",
				"parent": "ear8",
				"pivot": [-2.53584, 34.01585, -3.18628],
				"rotation": [0, 0, -30],
				"cubes": [
					{"origin": [-2.57354, 30.80208, -1.95527], "size": [1, 3, 1], "uv": [33, 22], "inflate": -0.001}
				]
			},
			{
				"name": "ear13",
				"parent": "ear2",
				"pivot": [-2.78584, 31.01585, -1.18628],
				"cubes": [
					{"origin": [-3.8077, 29.82527, -1.24912], "size": [2, 2, 1], "uv": [26, 17], "inflate": 0.001}
				]
			},
			{
				"name": "bone2",
				"parent": "right_ear",
				"pivot": [-4.2, 32.1, -2.3],
				"rotation": [0, 0, 10],
				"cubes": [
					{"origin": [-4.2, 27.1, -4.1], "size": [2, 5, 4.1], "uv": [0, 62], "inflate": -0.01}
				]
			},
			{
				"name": "bone3",
				"parent": "right_ear",
				"pivot": [-4.2, 31.1, -1.4],
				"rotation": [7.5, 5, 7.5],
				"cubes": [
					{"origin": [-4.2, 26.1, -4.1], "size": [1, 5, 3.1], "uv": [13, 62], "inflate": -0.01}
				]
			},
			{
				"name": "bone4",
				"parent": "bone3",
				"pivot": [-4.1, 27.1, -2.1],
				"rotation": [-7.5, -2.5, -5],
				"cubes": [
					{"origin": [-4.1, 23.1, -3.9], "size": [1, 5, 3.1], "uv": [13, 70], "inflate": -0.01}
				]
			},
			{
				"name": "bone",
				"parent": "right_ear",
				"pivot": [-2.8, 31.5, -1.3],
				"rotation": [7.5, 0, -17.5],
				"cubes": [
					{"origin": [-4.5, 30.8, -2.2], "size": [3.2, 4, 2.1], "uv": [0, 71]}
				]
			},
			{
				"name": "long_hair",
				"parent": "head",
				"pivot": [0, 24, 2],
				"rotation": [20, 0, 0],
				"cubes": [
					{"origin": [-4, 17, 2], "size": [8, 7, 2], "uv": [0, 34]}
				]
			},
			{
				"name": "left_long_hair",
				"parent": "long_hair",
				"pivot": [4, 24, 4],
				"rotation": [0, 45, 0],
				"cubes": [
					{"origin": [4, 17, 2], "size": [4, 7, 2], "uv": [22, 34]}
				]
			},
			{
				"name": "left_long_hair2",
				"parent": "left_long_hair",
				"pivot": [8, 17, 2],
				"cubes": [
					{"origin": [4, 9, 2], "size": [4, 8, 2], "uv": [22, 44]}
				]
			},
			{
				"name": "right_long_hair",
				"parent": "long_hair",
				"pivot": [-4, 24, 4],
				"rotation": [0, -45, 0],
				"cubes": [
					{"origin": [-8, 17, 2], "size": [4, 7, 2], "uv": [22, 34], "mirror": true}
				]
			},
			{
				"name": "right_long_hair2",
				"parent": "right_long_hair",
				"pivot": [-8, 17, 2],
				"cubes": [
					{"origin": [-8, 9, 2], "size": [4, 8, 2], "uv": [22, 44], "mirror": true}
				]
			},
			{
				"name": "long_hair2",
				"parent": "long_hair",
				"pivot": [0, 17, 2],
				"cubes": [
					{"origin": [-4, 9, 2], "size": [8, 8, 2], "uv": [0, 44]}
				]
			},
			{
				"name": "tail",
				"pivot": [0, 15, 2]
			},
			{
				"name": "tail3",
				"parent": "tail",
				"pivot": [0, 18, 1],
				"rotation": [25, 0, 0],
				"cubes": [
					{"origin": [-1.5, 8, -1], "size": [3, 7, 4], "uv": [98, 0], "inflate": -0.5}
				]
			},
			{
				"name": "tail_down",
				"parent": "tail",
				"pivot": [0, 10, 7],
				"rotation": [9.66, 0, 0],
				"cubes": [
					{"origin": [-1.5, 3.62865, 2.88723], "size": [3, 7, 4], "uv": [98, 13], "inflate": -0.5},
					{"origin": [-1, 3.3641, 3.92286], "size": [2, 7, 2], "uv": [114, 0], "inflate": -0.5}
				]
			},
			{
				"name": "body",
				"pivot": [0, 24, 0],
				"cubes": [
					{"origin": [-2.5, 21.8, -2.5], "size": [5, 4, 5], "uv": [38, 17], "inflate": -1.25},
					{"origin": [-2.5, 21.8, -2.5], "size": [5, 4, 5], "uv": [59, 17], "inflate": -1.2},
					{"origin": [-3.5, 11.73, -1.5], "size": [7, 12, 3], "uv": [35, 27], "inflate": -0.251}
				]
			},
			{
				"name": "hide_parts",
				"parent": "body",
				"pivot": [0, 24, 0]
			},
			{
				"name": "coat",
				"parent": "hide_parts",
				"pivot": [0, 24, 0],
				"cubes": [
					{"origin": [-3.5, 11.55, -1.5], "size": [7, 12, 3], "uv": [35, 43], "inflate": -0.05}
				]
			},
			{
				"name": "chest",
				"parent": "hide_parts",
				"pivot": [0, 21.9, -1.5],
				"rotation": [-31, 0, 0],
				"cubes": [
					{"origin": [-3.5, 19.25124, -1.61429], "size": [7, 4, 3], "uv": [57, 27], "inflate": -0.252},
					{"origin": [-3.5, 19.32124, -1.56429], "size": [7, 3, 3], "uv": [57, 35], "inflate": -0.051}
				]
			},
			{
				"name": "skirt",
				"parent": "hide_parts",
				"pivot": [0, 25, 0]
			},
			{
				"name": "left_skirt",
				"parent": "skirt",
				"pivot": [3.3, 14.5, -1.1]
			},
			{
				"name": "skirt7",
				"parent": "left_skirt",
				"pivot": [3.3, 14.5, -1.1],
				"rotation": [0, 0, -32.5],
				"cubes": [
					{"origin": [1.5, 9.73, -1.4], "size": [2, 5, 3], "uv": [104, 58], "inflate": -0.251},
					{"origin": [1.6, 13.53, -1.525], "size": [2, 2, 3.2], "uv": [70, 77], "inflate": -0.251}
				]
			},
			{
				"name": "skirt20",
				"parent": "skirt7",
				"pivot": [3.3, 10, -1.1],
				"rotation": [0, 0, 12.5],
				"cubes": [
					{"origin": [1.5, 7.23, -1.4], "size": [2, 3, 3], "uv": [48, 77], "inflate": -0.251}
				]
			},
			{
				"name": "skirt25",
				"parent": "skirt20",
				"pivot": [3.3, 7.5, -1.1],
				"rotation": [0, 0, 7.5],
				"cubes": [
					{"origin": [1.5, 5.73, -1.4], "size": [2, 2, 3], "uv": [81, 77], "inflate": -0.251},
					{"origin": [1.5, 4.23, -0.575], "size": [2, 2, 2.175], "uv": [91, 84], "inflate": -0.251},
					{"origin": [1.5, 4.955, -1.4], "size": [2, 1.275, 1.325], "uv": [111, 90], "inflate": -0.251},
					{"origin": [1.5, 3.455, 0.275], "size": [2, 1.275, 1.325], "uv": [104, 90], "inflate": -0.251}
				]
			},
			{
				"name": "skirt31",
				"parent": "left_skirt",
				"pivot": [3.45, 14, -0.9],
				"rotation": [0, 0, -32.5]
			},
			{
				"name": "skirt32",
				"parent": "skirt31",
				"pivot": [3.5, 12.5, -1.2],
				"rotation": [0, 57.5, 0],
				"cubes": [
					{"origin": [1.7, 9.73, -2.9], "size": [2, 3, 2], "uv": [37, 84], "inflate": -0.251},
					{"origin": [1.7, 9.73, -3.9], "size": [2, 2.4, 1.5], "uv": [90, 90], "inflate": -0.251}
				]
			},
			{
				"name": "skirt33",
				"parent": "skirt32",
				"pivot": [3.5, 10, -1.2],
				"rotation": [-12.5, -1, 7.5],
				"cubes": [
					{"origin": [2.3, 8.93, -3.9], "size": [1.4, 1.3, 3], "uv": [82, 84], "inflate": -0.251},
					{"origin": [2.3, 7.23, -4.9], "size": [1.4, 2.2, 4], "uv": [37, 77], "inflate": -0.251}
				]
			},
			{
				"name": "skirt34",
				"parent": "skirt33",
				"pivot": [3.4, 6.9, -1.2],
				"rotation": [-10, 0, 5],
				"cubes": [
					{"origin": [2.3, 5.63, -4.9], "size": [1.4, 2.1, 4], "uv": [103, 68], "inflate": -0.251}
				]
			},
			{
				"name": "skirt35",
				"parent": "skirt32",
				"pivot": [3.449, 12.481, -2.251],
				"rotation": [-30, -15, 2.5],
				"cubes": [
					{"origin": [1.7, 12.23, -2.5], "size": [2, 2, 1.2], "uv": [97, 90], "inflate": -0.251}
				]
			},
			{
				"name": "skirt26",
				"parent": "left_skirt",
				"pivot": [3.45, 14, 1.2],
				"rotation": [0, -5, -32.5]
			},
			{
				"name": "skirt27",
				"parent": "skirt26",
				"pivot": [3.5, 12.5, 1.5],
				"rotation": [0, -62.5, 0],
				"cubes": [
					{"origin": [1.7, 9.73, 1.2], "size": [2, 3, 2], "uv": [116, 77], "inflate": -0.251},
					{"origin": [1.7, 9.73, 2.7], "size": [2, 2.4, 1.5], "uv": [83, 90], "inflate": -0.251}
				]
			},
			{
				"name": "skirt28",
				"parent": "skirt27",
				"pivot": [3.5, 10, 1.5],
				"rotation": [12.5, 1, 7.5],
				"cubes": [
					{"origin": [2.3, 8.93, 1.2], "size": [1.4, 1.3, 3], "uv": [73, 84], "inflate": -0.251},
					{"origin": [2.3, 7.23, 1.2], "size": [1.4, 2.2, 4], "uv": [92, 68], "inflate": -0.251}
				]
			},
			{
				"name": "skirt29",
				"parent": "skirt28",
				"pivot": [3.4, 6.9, 1.5],
				"rotation": [10, 0, 2.5],
				"cubes": [
					{"origin": [2.3, 2.63, 1.2], "size": [1.4, 5.1, 4], "uv": [82, 58], "inflate": -0.251}
				]
			},
			{
				"name": "skirt30",
				"parent": "skirt27",
				"pivot": [3.449, 12.481, 2.551],
				"rotation": [30, 15, 2.5],
				"cubes": [
					{"origin": [1.7, 12.23, 1.6], "size": [2, 2, 1.2], "uv": [76, 90], "inflate": -0.251}
				]
			},
			{
				"name": "right_skirt",
				"parent": "skirt",
				"pivot": [-3.3, 14.5, -1.1]
			},
			{
				"name": "skirt6",
				"parent": "right_skirt",
				"pivot": [-3.3, 14.5, -1.1],
				"rotation": [0, 0, 32.5],
				"cubes": [
					{"origin": [-3.5, 9.73, -1.4], "size": [2, 5, 3], "uv": [104, 58], "inflate": -0.251, "mirror": true},
					{"origin": [-3.6, 13.53, -1.525], "size": [2, 2, 3.2], "uv": [70, 77], "inflate": -0.251, "mirror": true}
				]
			},
			{
				"name": "skirt8",
				"parent": "skirt6",
				"pivot": [-3.3, 10, -1.1],
				"rotation": [0, 0, -12.5],
				"cubes": [
					{"origin": [-3.5, 7.23, -1.4], "size": [2, 3, 3], "uv": [48, 77], "inflate": -0.251, "mirror": true}
				]
			},
			{
				"name": "skirt9",
				"parent": "skirt8",
				"pivot": [-3.3, 7.5, -1.1],
				"rotation": [0, 0, -7.5],
				"cubes": [
					{"origin": [-3.5, 5.73, -1.4], "size": [2, 2, 3], "uv": [81, 77], "inflate": -0.251, "mirror": true},
					{"origin": [-3.5, 4.23, -0.575], "size": [2, 2, 2.175], "uv": [91, 84], "inflate": -0.251, "mirror": true},
					{"origin": [-3.5, 4.955, -1.4], "size": [2, 1.275, 1.325], "uv": [111, 90], "inflate": -0.251, "mirror": true},
					{"origin": [-3.5, 3.455, 0.275], "size": [2, 1.275, 1.325], "uv": [104, 90], "inflate": -0.251, "mirror": true}
				]
			},
			{
				"name": "skirt10",
				"parent": "right_skirt",
				"pivot": [-3.45, 14, -0.9],
				"rotation": [0, 0, 32.5]
			},
			{
				"name": "skirt11",
				"parent": "skirt10",
				"pivot": [-3.5, 12.5, -1.2],
				"rotation": [0, -57.5, 0],
				"cubes": [
					{"origin": [-3.7, 9.73, -2.9], "size": [2, 3, 2], "uv": [37, 84], "inflate": -0.251, "mirror": true},
					{"origin": [-3.7, 9.73, -3.9], "size": [2, 2.4, 1.5], "uv": [90, 90], "inflate": -0.251, "mirror": true}
				]
			},
			{
				"name": "skirt12",
				"parent": "skirt11",
				"pivot": [-3.5, 10, -1.2],
				"rotation": [-12.5, 1, -7.5],
				"cubes": [
					{"origin": [-3.7, 8.93, -3.9], "size": [1.4, 1.3, 3], "uv": [82, 84], "inflate": -0.251, "mirror": true},
					{"origin": [-3.7, 7.23, -4.9], "size": [1.4, 2.2, 4], "uv": [37, 77], "inflate": -0.251, "mirror": true}
				]
			},
			{
				"name": "skirt13",
				"parent": "skirt12",
				"pivot": [-3.4, 6.9, -1.2],
				"rotation": [-10, 0, -5],
				"cubes": [
					{"origin": [-3.7, 5.63, -4.9], "size": [1.4, 2.1, 4], "uv": [103, 68], "inflate": -0.251, "mirror": true}
				]
			},
			{
				"name": "skirt14",
				"parent": "skirt11",
				"pivot": [-3.449, 12.481, -2.251],
				"rotation": [-30, 15, -2.5],
				"cubes": [
					{"origin": [-3.7, 12.23, -2.5], "size": [2, 2, 1.2], "uv": [97, 90], "inflate": -0.251, "mirror": true}
				]
			},
			{
				"name": "skirt15",
				"parent": "right_skirt",
				"pivot": [-3.45, 14, 1.2],
				"rotation": [0, 5, 32.5]
			},
			{
				"name": "skirt21",
				"parent": "skirt15",
				"pivot": [-3.5, 12.5, 1.5],
				"rotation": [0, 62.5, 0],
				"cubes": [
					{"origin": [-3.7, 9.73, 1.2], "size": [2, 3, 2], "uv": [116, 77], "inflate": -0.251, "mirror": true},
					{"origin": [-3.7, 9.73, 2.7], "size": [2, 2.4, 1.5], "uv": [83, 90], "inflate": -0.251, "mirror": true}
				]
			},
			{
				"name": "skirt22",
				"parent": "skirt21",
				"pivot": [-3.5, 10, 1.5],
				"rotation": [12.5, -1, -7.5],
				"cubes": [
					{"origin": [-3.7, 8.93, 1.2], "size": [1.4, 1.3, 3], "uv": [73, 84], "inflate": -0.251, "mirror": true},
					{"origin": [-3.7, 7.23, 1.2], "size": [1.4, 2.2, 4], "uv": [92, 68], "inflate": -0.251, "mirror": true}
				]
			},
			{
				"name": "skirt24",
				"parent": "skirt22",
				"pivot": [-3.4, 6.9, 1.5],
				"rotation": [10, 0, -2.5],
				"cubes": [
					{"origin": [-3.7, 2.63, 1.2], "size": [1.4, 5.1, 4], "uv": [82, 58], "inflate": -0.251, "mirror": true}
				]
			},
			{
				"name": "skirt37",
				"parent": "skirt21",
				"pivot": [-3.449, 12.481, 2.551],
				"rotation": [30, -15, -2.5],
				"cubes": [
					{"origin": [-3.7, 12.23, 1.6], "size": [2, 2, 1.2], "uv": [76, 90], "inflate": -0.251, "mirror": true}
				]
			},
			{
				"name": "skirt2",
				"parent": "skirt",
				"pivot": [0, 14.5, -1.3],
				"rotation": [-20, 0, 0]
			},
			{
				"name": "skirt3",
				"parent": "skirt2",
				"pivot": [0, 14.5, -1.3],
				"rotation": [-5, 0, 0],
				"cubes": [
					{"origin": [-1.6, 13.13, -1.7], "size": [3.2, 2, 1], "uv": [46, 90], "inflate": -0.251},
					{"origin": [-1.5, 10.73, -1.6], "size": [3, 4, 1], "uv": [64, 84], "inflate": -0.251},
					{"origin": [-1.5, 9.905, -1.6], "size": [1.325, 1.325, 1], "uv": [123, 90], "inflate": -0.251}
				]
			},
			{
				"name": "skirt415",
				"parent": "skirt3",
				"pivot": [1.251, 11.881, -1.349],
				"rotation": [0, -7.5, -7.5],
				"cubes": [
					{"origin": [1, 11.63, -1.6], "size": [2, 3, 1], "uv": [62, 90], "inflate": -0.251},
					{"origin": [2.5, 12.43, -1.6], "size": [1.4, 2.3, 1.4], "uv": [118, 90], "inflate": -0.251}
				]
			},
			{
				"name": "skirt4",
				"parent": "skirt2",
				"pivot": [-2, 14.5, -1.1],
				"rotation": [-2.5, 7.5, 7.5],
				"cubes": [
					{"origin": [-3.5, 9.73, -1.4], "size": [3, 5, 2], "uv": [81, 68], "inflate": -0.251},
					{"origin": [-3.5, 13.53, -1.5], "size": [3, 2, 1], "uv": [37, 90], "inflate": -0.251}
				]
			},
			{
				"name": "bone9",
				"parent": "skirt4",
				"pivot": [-1.75, 9.975, -1.1],
				"rotation": [10, 0, 0],
				"cubes": [
					{"origin": [-3.5, 7.23, -1.4], "size": [2, 3, 2], "uv": [55, 84], "inflate": -0.251}
				]
			},
			{
				"name": "bone10",
				"parent": "bone9",
				"pivot": [-2.551, 7.479, -1.149],
				"rotation": [7.5, 0, 0],
				"cubes": [
					{"origin": [-3.5, 5.73, -1.4], "size": [1.25, 2, 2], "uv": [69, 90], "inflate": -0.251}
				]
			},
			{
				"name": "skirt5",
				"parent": "skirt2",
				"pivot": [2, 14.5, -1.1],
				"rotation": [-2.5, -7.5, -7.5],
				"cubes": [
					{"origin": [0.5, 9.73, -1.4], "size": [3, 5, 2], "uv": [59, 68], "inflate": -0.251},
					{"origin": [0.5, 13.53, -1.5], "size": [3, 2, 1], "uv": [109, 84], "inflate": -0.251}
				]
			},
			{
				"name": "bone11",
				"parent": "skirt5",
				"pivot": [1.75, 9.975, -1.1],
				"rotation": [10, 0, 0],
				"cubes": [
					{"origin": [1.5, 7.23, -1.4], "size": [2, 3, 2], "uv": [46, 84], "inflate": -0.251}
				]
			},
			{
				"name": "bone12",
				"parent": "bone11",
				"pivot": [2.551, 7.479, -1.149],
				"rotation": [7.5, 0, 0],
				"cubes": [
					{"origin": [2.25, 5.73, -1.4], "size": [1.25, 2, 2], "uv": [55, 90], "inflate": -0.251}
				]
			},
			{
				"name": "skirt16",
				"parent": "skirt",
				"pivot": [0, 14.5, 1.5],
				"rotation": [20, 0, 0]
			},
			{
				"name": "skirt17",
				"parent": "skirt16",
				"pivot": [0, 14.5, 1.5],
				"cubes": [
					{"origin": [-2.6, 13.13, 0.9], "size": [5.2, 2, 1], "uv": [103, 77], "inflate": -0.251},
					{"origin": [-2.5, 9.73, -0.2], "size": [5, 5, 2], "uv": [67, 58], "inflate": -0.251}
				]
			},
			{
				"name": "skirt18",
				"parent": "skirt17",
				"pivot": [0, 10, 1.5],
				"rotation": [-10, 0, 0],
				"cubes": [
					{"origin": [-2.5, 5.23, -0.2], "size": [5, 5, 2], "uv": [52, 58], "inflate": -0.251}
				]
			},
			{
				"name": "skirt23",
				"parent": "skirt18",
				"pivot": [0, 5.5, 1.5],
				"rotation": [-10, 0, 0],
				"cubes": [
					{"origin": [-2.5, 0.73, -0.2], "size": [5, 5, 2], "uv": [37, 58], "inflate": -0.251}
				]
			},
			{
				"name": "skirt19",
				"parent": "skirt16",
				"pivot": [-2, 14.5, 1.3],
				"rotation": [0, -7.5, 7.5],
				"cubes": [
					{"origin": [-3.5, 9.73, -0.4], "size": [3, 5, 2], "uv": [70, 68], "inflate": -0.251},
					{"origin": [-3.5, 13.53, 0.7], "size": [3, 2, 1], "uv": [118, 84], "inflate": -0.251}
				]
			},
			{
				"name": "bone5",
				"parent": "skirt19",
				"pivot": [-1.75, 9.975, 1.3],
				"rotation": [-10, 0, 0],
				"cubes": [
					{"origin": [-3.5, 7.23, -0.4], "size": [3, 3, 2], "uv": [92, 77], "inflate": -0.251}
				]
			},
			{
				"name": "bone6",
				"parent": "bone5",
				"pivot": [-3.251, 7.479, 1.349],
				"rotation": [-10, 0, -2.5],
				"cubes": [
					{"origin": [-3.5, 1.73, -0.4], "size": [3, 6, 2], "uv": [37, 68], "inflate": -0.251}
				]
			},
			{
				"name": "skirt36",
				"parent": "skirt16",
				"pivot": [2, 14.5, 1.3],
				"rotation": [0, 7.5, -7.5],
				"cubes": [
					{"origin": [0.5, 9.73, -0.4], "size": [3, 5, 2], "uv": [48, 68], "inflate": -0.251},
					{"origin": [0.5, 13.53, 0.7], "size": [3, 2, 1], "uv": [100, 84], "inflate": -0.251}
				]
			},
			{
				"name": "bone7",
				"parent": "skirt36",
				"pivot": [1.75, 9.975, 1.3],
				"rotation": [-10, 0, 0],
				"cubes": [
					{"origin": [0.5, 7.23, -0.4], "size": [3, 3, 2], "uv": [59, 77], "inflate": -0.251}
				]
			},
			{
				"name": "bone8",
				"parent": "bone7",
				"pivot": [3.251, 7.479, 1.349],
				"rotation": [-10, 0, 2.5],
				"cubes": [
					{"origin": [0.5, 1.73, -0.4], "size": [3, 6, 2], "uv": [93, 58], "inflate": -0.251}
				]
			},
			{
				"name": "HDJ",
				"parent": "hide_parts",
				"pivot": [0, 13.7, 1],
				"rotation": [15, 0, 0]
			},
			{
				"name": "bone15",
				"parent": "HDJ",
				"pivot": [0, 13.7, 1],
				"rotation": [0, -6, 70],
				"cubes": [
					{"origin": [0, 12.7, 1], "size": [9, 2, 1], "uv": [100, 34]}
				]
			},
			{
				"name": "bone16",
				"parent": "bone15",
				"pivot": [0, 13.7, 1],
				"rotation": [0, -1, -12.5],
				"cubes": [
					{"origin": [0, 12.7, 1], "size": [9, 2, 1], "uv": [100, 30]}
				]
			},
			{
				"name": "bone23",
				"parent": "HDJ",
				"pivot": [0, 13.7, 1],
				"rotation": [0, 6, -70],
				"cubes": [
					{"origin": [-9, 12.7, 1], "size": [9, 2, 1], "uv": [100, 34], "mirror": true}
				]
			},
			{
				"name": "bone24",
				"parent": "bone23",
				"pivot": [0, 13.7, 1],
				"rotation": [0, 1, 12.5],
				"cubes": [
					{"origin": [-9, 12.7, 1], "size": [9, 2, 1], "uv": [100, 30], "mirror": true}
				]
			},
			{
				"name": "bone14",
				"parent": "HDJ",
				"pivot": [0, 13.7, 1],
				"rotation": [0, 0, 45],
				"cubes": [
					{"origin": [-1, 12.7, 1.3], "size": [2, 2, 1], "uv": [79, 30], "inflate": 0.1}
				]
			},
			{
				"name": "bone17",
				"parent": "HDJ",
				"pivot": [0, 13.7, 1],
				"rotation": [0, -10, -10]
			},
			{
				"name": "bone18",
				"parent": "bone17",
				"pivot": [0, 13.7, 1],
				"rotation": [0, 0.25, 0],
				"cubes": [
					{"origin": [0, 12.7, 1], "size": [5, 2, 1], "uv": [87, 38]}
				]
			},
			{
				"name": "bone25",
				"parent": "bone17",
				"pivot": [0, 13.7, 1],
				"rotation": [0, -1, 22.5],
				"cubes": [
					{"origin": [0, 12.7, 1], "size": [5, 2, 1], "uv": [87, 34]}
				]
			},
			{
				"name": "bone26",
				"parent": "bone17",
				"pivot": [0, 13.7, 1],
				"rotation": [0, 0, -22.5],
				"cubes": [
					{"origin": [0, 12.7, 1], "size": [5, 2, 1], "uv": [87, 30]}
				]
			},
			{
				"name": "bone19",
				"parent": "HDJ",
				"pivot": [0, 13.7, 1],
				"rotation": [0, 10, 10]
			},
			{
				"name": "bone20",
				"parent": "bone19",
				"pivot": [0, 13.7, 1],
				"rotation": [0, -0.25, 0],
				"cubes": [
					{"origin": [-5, 12.7, 1], "size": [5, 2, 1], "uv": [87, 38], "mirror": true}
				]
			},
			{
				"name": "bone21",
				"parent": "bone19",
				"pivot": [0, 13.7, 1],
				"rotation": [0, 1, -22.5],
				"cubes": [
					{"origin": [-5, 12.7, 1], "size": [5, 2, 1], "uv": [87, 34], "mirror": true}
				]
			},
			{
				"name": "bone22",
				"parent": "bone19",
				"pivot": [0, 13.7, 1],
				"rotation": [0, 0, 22.5],
				"cubes": [
					{"origin": [-5, 12.7, 1], "size": [5, 2, 1], "uv": [87, 30], "mirror": true}
				]
			},
			{
				"name": "right_arm",
				"pivot": [-4, 22, 0],
				"cubes": [
					{"origin": [-6.25, 17.25, -1.5], "size": [3.25, 6.5, 3], "uv": [0, 94], "inflate": -0.251, "mirror": true}
				]
			},
			{
				"name": "right_chestplate",
				"parent": "right_arm",
				"pivot": [-4.75, 22, 0],
				"cubes": [
					{"origin": [-6.1, 17.531, -1.5], "size": [3, 6, 3], "uv": [0, 119], "inflate": 0.03}
				]
			},
			{
				"name": "right_arm_down",
				"parent": "right_arm",
				"pivot": [-4.75, 17.5, 1.25],
				"cubes": [
					{"origin": [-6.25, 12.25, -1.5], "size": [3.25, 5.5, 3], "uv": [0, 103], "inflate": -0.251, "mirror": true},
					{"origin": [-6.1, 15.271, -1.5], "size": [3, 4, 3], "uv": [0, 111], "inflate": 0.03}
				]
			},
			{
				"name": "right_arm_sp",
				"parent": "right_arm_down",
				"pivot": [-4.65, 15.725, -0.05]
			},
			{
				"name": "right_arm_sp4",
				"parent": "right_arm_sp",
				"pivot": [-4.75, 14, -0.05],
				"rotation": [0, -45, 0],
				"cubes": [
					{"origin": [-6.125, 9.671, -1.9], "size": [3.25, 5.2, 3.25], "uv": [0, 85], "inflate": -0.3},
					{"origin": [-6.125, 8.771, -1.9], "size": [3.25, 2.2, 3.25], "uv": [14, 79], "inflate": -0.4},
					{"origin": [-6.125, 9.671, -1.9], "size": [3.25, 1.2, 3.25], "uv": [0, 80], "inflate": -0.2}
				]
			},
			{
				"name": "right_arm_sp2",
				"parent": "right_arm_sp",
				"pivot": [-6.25, 15.725, -0.05],
				"rotation": [-13.5, 2.5, 7.5],
				"cubes": [
					{"origin": [-6.25, 10.25, -1.5], "size": [3.15, 6.5, 1], "uv": [13, 96], "inflate": -0.03, "mirror": true},
					{"origin": [-6.25, 9.85, -1.5], "size": [2.15, 6.5, 1], "uv": [13, 88], "inflate": 0.1, "mirror": true},
					{"origin": [-6.25, 11.25, -0.575], "size": [1.15, 5.5, 1.075], "uv": [22, 96], "inflate": -0.03, "mirror": true}
				]
			},
			{
				"name": "right_arm_sp2a",
				"parent": "right_arm_sp2",
				"pivot": [-4.125, 15.7, -1.45],
				"rotation": [0, 2.5, -22.5],
				"cubes": [
					{"origin": [-4.15, 10.25, -1.5], "size": [1.15, 5.5, 3], "uv": [13, 104], "inflate": -0.03, "mirror": true},
					{"origin": [-5.35, 10.25, -1.5], "size": [1.25, 5.5, 1], "uv": [22, 106], "inflate": -0.03, "mirror": true}
				]
			},
			{
				"name": "right_arm_sp3",
				"parent": "right_arm_sp",
				"pivot": [-6.25, 15.725, 0.05],
				"rotation": [13.5, -2.5, 7.5],
				"cubes": [
					{"origin": [-6.25, 10.25, 0.5], "size": [3.15, 6.5, 1], "uv": [13, 96], "inflate": -0.03, "mirror": true},
					{"origin": [-6.25, 9.85, 0.5], "size": [2.15, 6.5, 1], "uv": [13, 88], "inflate": 0.1, "mirror": true},
					{"origin": [-6.25, 11.25, -0.5], "size": [1.15, 5.5, 1.075], "uv": [22, 96], "inflate": -0.03, "mirror": true}
				]
			},
			{
				"name": "right_arm_sp2a2",
				"parent": "right_arm_sp3",
				"pivot": [-4.125, 15.7, 1.45],
				"rotation": [0, -1.5, -22.5],
				"cubes": [
					{"origin": [-4.05, 10.25, -1.5], "size": [1.05, 5.5, 3], "uv": [13, 113], "inflate": -0.03, "mirror": true},
					{"origin": [-5.35, 10.25, 0.5], "size": [1.35, 5.5, 1], "uv": [22, 106], "inflate": -0.03, "mirror": true}
				]
			},
			{
				"name": "left_leg",
				"pivot": [1.75, 12, 0],
				"cubes": [
					{"origin": [0.25, 7, -1.5], "size": [3, 5, 3], "uv": [27, 94]}
				]
			},
			{
				"name": "left_leg_down",
				"parent": "left_leg",
				"pivot": [1.75, 7, -1.5],
				"cubes": [
					{"origin": [0.25, 1.01, -1.5], "size": [3, 6, 3], "uv": [27, 112]}
				]
			},
			{
				"name": "left_foot",
				"parent": "left_leg_down",
				"pivot": [1.75, 7, -1.5],
				"cubes": [
					{"origin": [0.75, 0, -4.36603], "size": [2, 2, 1], "uv": [71, 119], "inflate": 0.001},
					{"origin": [0.25, 0, 0.5], "size": [3, 1, 1], "uv": [82, 126]},
					{"origin": [0.25, 0, -3.5], "size": [3, 1, 3], "uv": [69, 124], "inflate": 0.01},
					{"origin": [0.25, 1, -3.5], "size": [3, 1, 5], "uv": [53, 116], "inflate": 0.01},
					{"origin": [0.25, 2, -1.5], "size": [3, 4, 3], "uv": [40, 121], "inflate": 0.02},
					{"origin": [0.25, 3.7, -1.5], "size": [3, 2, 3], "uv": [40, 115], "inflate": 0.1},
					{"origin": [0.25, 3.2, -1.5], "size": [3, 1, 3], "uv": [40, 110], "inflate": 0.05}
				]
			},
			{
				"name": "shoes2",
				"parent": "left_foot",
				"pivot": [3.25, 0, -3.5],
				"rotation": [0, 30, 0],
				"cubes": [
					{"origin": [2.25, 0, -4.5], "size": [1, 2, 1], "uv": [53, 116], "mirror": true}
				]
			},
			{
				"name": "shoes3",
				"parent": "left_foot",
				"pivot": [0.25, 0, -3.5],
				"rotation": [0, -30, 0],
				"cubes": [
					{"origin": [0.25, 0, -4.5], "size": [1, 2, 1], "uv": [65, 117]}
				]
			},
			{
				"name": "shoes",
				"parent": "left_foot",
				"pivot": [1.75, 2, -3.5],
				"rotation": [27.5, 0, 0],
				"cubes": [
					{"origin": [0.25, 1, -3.5], "size": [3, 1, 4], "uv": [53, 123], "inflate": 0.021}
				]
			},
			{
				"name": "left_leg_hide_parts",
				"parent": "left_leg",
				"pivot": [-20, 21, -2],
				"cubes": [
					{"origin": [0.25, 6, -1.5], "size": [3, 6, 3], "uv": [27, 103], "inflate": 0.1}
				]
			},
			{
				"name": "right_leg",
				"pivot": [-1.75, 12, 0],
				"cubes": [
					{"origin": [-3.25, 7, -1.5], "size": [3, 5, 3], "uv": [27, 94], "mirror": true}
				]
			},
			{
				"name": "right_leg_down",
				"parent": "right_leg",
				"pivot": [-1.75, 7, -1.5],
				"cubes": [
					{"origin": [-3.25, 1.01, -1.5], "size": [3, 6, 3], "uv": [27, 112], "mirror": true}
				]
			},
			{
				"name": "right_foot",
				"parent": "right_leg_down",
				"pivot": [-1.75, 7, -1.5],
				"cubes": [
					{"origin": [-2.75, 0, -4.36603], "size": [2, 2, 1], "uv": [71, 119], "inflate": 0.001, "mirror": true},
					{"origin": [-3.25, 0, 0.5], "size": [3, 1, 1], "uv": [82, 126], "mirror": true},
					{"origin": [-3.25, 0, -3.5], "size": [3, 1, 3], "uv": [69, 124], "inflate": 0.01, "mirror": true},
					{"origin": [-3.25, 1, -3.5], "size": [3, 1, 5], "uv": [53, 116], "inflate": 0.01, "mirror": true},
					{"origin": [-3.25, 2, -1.5], "size": [3, 4, 3], "uv": [40, 121], "inflate": 0.02, "mirror": true},
					{"origin": [-3.25, 3.7, -1.5], "size": [3, 2, 3], "uv": [40, 115], "inflate": 0.1, "mirror": true},
					{"origin": [-3.25, 3.2, -1.5], "size": [3, 1, 3], "uv": [40, 110], "inflate": 0.05, "mirror": true}
				]
			},
			{
				"name": "shoes4",
				"parent": "right_foot",
				"pivot": [-3.25, 0, -3.5],
				"rotation": [0, -30, 0],
				"cubes": [
					{"origin": [-3.25, 0, -4.5], "size": [1, 2, 1], "uv": [53, 116]}
				]
			},
			{
				"name": "shoes5",
				"parent": "right_foot",
				"pivot": [-0.25, 0, -3.5],
				"rotation": [0, 30, 0],
				"cubes": [
					{"origin": [-1.25, 0, -4.5], "size": [1, 2, 1], "uv": [65, 117], "mirror": true}
				]
			},
			{
				"name": "shoes6",
				"parent": "right_foot",
				"pivot": [-1.75, 2, -3.5],
				"rotation": [27.5, 0, 0],
				"cubes": [
					{"origin": [-3.25, 1, -3.5], "size": [3, 1, 4], "uv": [53, 123], "inflate": 0.021, "mirror": true}
				]
			},
			{
				"name": "right_leg_hide_parts",
				"parent": "right_leg",
				"pivot": [20, 21, -2],
				"cubes": [
					{"origin": [-3.25, 6, -1.5], "size": [3, 6, 3], "uv": [27, 103], "inflate": 0.1, "mirror": true}
				]
			},
			{
				"name": "left_arm",
				"pivot": [4, 22, 0],
				"cubes": [
					{"origin": [3, 17.25, -1.5], "size": [3.25, 6.5, 3], "uv": [0, 94], "inflate": -0.251}
				]
			},
			{
				"name": "left_chestplate",
				"parent": "left_arm",
				"pivot": [4.75, 22, 0],
				"cubes": [
					{"origin": [3.1, 17.531, -1.5], "size": [3, 6, 3], "uv": [0, 119], "inflate": 0.03, "mirror": true}
				]
			},
			{
				"name": "left_arm_down",
				"parent": "left_arm",
				"pivot": [4.75, 17.5, 1.25],
				"cubes": [
					{"origin": [3, 12.25, -1.5], "size": [3.25, 5.5, 3], "uv": [0, 103], "inflate": -0.251},
					{"origin": [3.1, 15.271, -1.5], "size": [3, 4, 3], "uv": [0, 111], "inflate": 0.03, "mirror": true}
				]
			},
			{
				"name": "left_arm_sp",
				"parent": "left_arm_down",
				"pivot": [4.65, 15.725, -0.05]
			},
			{
				"name": "left_arm_sp4",
				"parent": "left_arm_sp",
				"pivot": [4.75, 14, -0.05],
				"rotation": [0, 45, 0],
				"cubes": [
					{"origin": [2.875, 9.671, -1.9], "size": [3.25, 5.2, 3.25], "uv": [0, 85], "inflate": -0.3, "mirror": true},
					{"origin": [2.875, 8.771, -1.9], "size": [3.25, 2.2, 3.25], "uv": [14, 79], "inflate": -0.4, "mirror": true},
					{"origin": [2.875, 9.671, -1.9], "size": [3.25, 1.2, 3.25], "uv": [0, 80], "inflate": -0.2, "mirror": true}
				]
			},
			{
				"name": "left_arm_sp2",
				"parent": "left_arm_sp",
				"pivot": [6.25, 15.725, -0.05],
				"rotation": [-13.5, -2.5, -7.5],
				"cubes": [
					{"origin": [3.1, 10.25, -1.5], "size": [3.15, 6.5, 1], "uv": [13, 96], "inflate": -0.03},
					{"origin": [4.1, 9.85, -1.5], "size": [2.15, 6.5, 1], "uv": [13, 88], "inflate": 0.1},
					{"origin": [5.1, 11.25, -0.575], "size": [1.15, 5.5, 1.075], "uv": [22, 96], "inflate": -0.03}
				]
			},
			{
				"name": "left_arm_sp2a",
				"parent": "left_arm_sp2",
				"pivot": [4.125, 15.7, -1.45],
				"rotation": [0, -2.5, 22.5],
				"cubes": [
					{"origin": [3, 10.25, -1.5], "size": [1.15, 5.5, 3], "uv": [13, 104], "inflate": -0.03},
					{"origin": [4.1, 10.25, -1.5], "size": [1.25, 5.5, 1], "uv": [22, 106], "inflate": -0.03}
				]
			},
			{
				"name": "left_arm_sp3",
				"parent": "left_arm_sp",
				"pivot": [6.25, 15.725, 0.05],
				"rotation": [13.5, 2.5, -7.5],
				"cubes": [
					{"origin": [3.1, 10.25, 0.5], "size": [3.15, 6.5, 1], "uv": [13, 96], "inflate": -0.03},
					{"origin": [4.1, 9.85, 0.5], "size": [2.15, 6.5, 1], "uv": [13, 88], "inflate": 0.1},
					{"origin": [5.1, 11.25, -0.5], "size": [1.15, 5.5, 1.075], "uv": [22, 96], "inflate": -0.03}
				]
			},
			{
				"name": "left_arm_sp2a2",
				"parent": "left_arm_sp3",
				"pivot": [4.125, 15.7, 1.45],
				"rotation": [0, 1.5, 22.5],
				"cubes": [
					{"origin": [3, 10.25, -1.5], "size": [1.05, 5.5, 3], "uv": [13, 113], "inflate": -0.03},
					{"origin": [4, 10.25, 0.5], "size": [1.35, 5.5, 1], "uv": [22, 106], "inflate": -0.03}
				]
			}
		]
	}
}