{
	"format_version": "1.12.0",
	"minecraft:geometry": [
		{
			"description": {
				"identifier": "geometry.model",
				"texture_width": 128,
				"texture_height": 128,
				"visible_bounds_width": 3,
				"visible_bounds_height": 3.5,
				"visible_bounds_offset": [0, 1.25, 0]
			},
			"bones": [
				{
					"name": "head",
					"pivot": [0, 24, 0],
					"cubes": [
						{"origin": [-4, 24, -4], "size": [8, 8, 8], "uv": [0, 0]},
						{
							"origin": [-4, 24, -4],
							"size": [8, 8, 8],
							"inflate": 0.3,
							"uv": {
								"north": {"uv": [40, 8], "uv_size": [8, 8]},
								"east": {"uv": [32, 8], "uv_size": [8, 8]},
								"south": {"uv": [56, 8], "uv_size": [8, 8]},
								"west": {"uv": [48, 8], "uv_size": [8, 8]},
								"up": {"uv": [0, 0], "uv_size": [0, 0]},
								"down": {"uv": [0, 0], "uv_size": [0, 0]}
							}
						},
						{
							"origin": [-4, 24, -4.2],
							"size": [8, 8, 1],
							"inflate": 0.35,
							"uv": {
								"north": {"uv": [26, 17], "uv_size": [8, 8]},
								"east": {"uv": [0, 0], "uv_size": [0, 0]},
								"south": {"uv": [0, 0], "uv_size": [0, 0]},
								"west": {"uv": [0, 0], "uv_size": [0, 0]},
								"up": {"uv": [0, 0], "uv_size": [0, 0]},
								"down": {"uv": [0, 0], "uv_size": [0, 0]}
							}
						}
					]
				},
				{
					"name": "left_ear",
					"parent": "head",
					"pivot": [2, 24, -1]
				},
				{
					"name": "ear2",
					"parent": "left_ear",
					"pivot": [3, 33, 2],
					"rotation": [10, 0, 20],
					"cubes": [
						{
							"origin": [2.5, 32.2, -2.05],
							"size": [2, 3, 0],
							"uv": {
								"north": {"uv": [60, 4], "uv_size": [2, 3]},
								"east": {"uv": [0, 0], "uv_size": [0, 0]},
								"south": {"uv": [0, 0], "uv_size": [0, 0]},
								"west": {"uv": [0, 0], "uv_size": [0, 0]},
								"up": {"uv": [0, 0], "uv_size": [0, 0]},
								"down": {"uv": [0, 0], "uv_size": [0, 0]}
							}
						},
						{
							"origin": [1.84017, 31.39761, -2.07287],
							"size": [1, 3, 1],
							"uv": {
								"north": {"uv": [69, 1], "uv_size": [-1, 3]},
								"east": {"uv": [70, 1], "uv_size": [-1, 3]},
								"south": {"uv": [71, 1], "uv_size": [-1, 3]},
								"west": {"uv": [68, 1], "uv_size": [-1, 3]},
								"up": {"uv": [0, 0], "uv_size": [0, 0]},
								"down": {"uv": [70, 1], "uv_size": [-1, -1]}
							}
						}
					]
				},
				{
					"name": "ear3",
					"parent": "ear2",
					"pivot": [2.68584, 31.86585, 0.56372],
					"rotation": [13.5773, -1.77024, 7.28925],
					"cubes": [
						{"origin": [2.0541, 32.54936, -1.20774], "size": [2, 3, 1], "uv": [25, 0], "mirror": true}
					]
				},
				{
					"name": "ear4",
					"parent": "ear2",
					"pivot": [1.53584, 35.01585, -0.18628],
					"rotation": [0, 0, 35],
					"cubes": [
						{
							"origin": [2.13974, 34.68397, -2.07287],
							"size": [1, 3, 1],
							"inflate": 0.001,
							"uv": {
								"north": {"uv": [74, 1], "uv_size": [-1, 3]},
								"east": {"uv": [75, 1], "uv_size": [-1, 3]},
								"south": {"uv": [76, 1], "uv_size": [-1, 3]},
								"west": {"uv": [73, 1], "uv_size": [-1, 3]},
								"up": {"uv": [74, 0], "uv_size": [-1, 1]},
								"down": {"uv": [0, 0], "uv_size": [0, 0]}
							}
						}
					]
				},
				{
					"name": "ear5",
					"parent": "ear4",
					"pivot": [2.53584, 38.01585, -0.18628],
					"rotation": [0, 0, -45],
					"cubes": [
						{
							"origin": [1.72819, 34.35416, -2.07287],
							"size": [1, 3, 1],
							"uv": {
								"north": {"uv": [3, 1], "uv_size": [-1, 3]},
								"east": {"uv": [4, 1], "uv_size": [-1, 3]},
								"south": {"uv": [5, 1], "uv_size": [-1, 3]},
								"west": {"uv": [2, 1], "uv_size": [-1, 3]},
								"up": {"uv": [0, 0], "uv_size": [0, 0]},
								"down": {"uv": [0, 0], "uv_size": [0, 0]}
							}
						}
					]
				},
				{
					"name": "ear6",
					"parent": "ear5",
					"pivot": [2.53584, 35.01585, -0.18628],
					"rotation": [0, 0, 30],
					"cubes": [
						{
							"origin": [2.03327, 32.53898, -2.07287],
							"size": [1, 2, 1],
							"inflate": -0.001,
							"uv": {
								"north": {"uv": [34, 1], "uv_size": [-1, 2]},
								"east": {"uv": [35, 1], "uv_size": [-1, 2]},
								"south": {"uv": [36, 1], "uv_size": [-1, 2]},
								"west": {"uv": [33, 1], "uv_size": [-1, 2]},
								"up": {"uv": [0, 0], "uv_size": [0, 0]},
								"down": {"uv": [35, 1], "uv_size": [-1, -1]}
							}
						}
					]
				},
				{
					"name": "ear7",
					"parent": "ear2",
					"pivot": [2.78584, 32.01585, 1.81372],
					"cubes": [
						{
							"origin": [2.14972, 30.4208, -1.36672],
							"size": [2, 2, 1],
							"inflate": 0.001,
							"uv": {
								"north": {"uv": [63, 1], "uv_size": [-2, 2]},
								"east": {"uv": [64, 1], "uv_size": [-1, 2]},
								"south": {"uv": [66, 1], "uv_size": [-2, 2]},
								"west": {"uv": [61, 1], "uv_size": [-1, 2]},
								"up": {"uv": [0, 0], "uv_size": [0, 0]},
								"down": {"uv": [65, 1], "uv_size": [-2, -1]}
							}
						}
					]
				},
				{
					"name": "right_ear",
					"parent": "head",
					"pivot": [-2, 24, -1]
				},
				{
					"name": "ear8",
					"parent": "right_ear",
					"pivot": [-3, 33, 2],
					"rotation": [10, 0, -20],
					"cubes": [
						{
							"origin": [-4.5, 32.2, -2.05],
							"size": [2, 3, 0],
							"uv": {
								"north": {"uv": [62, 4], "uv_size": [-2, 3]},
								"east": {"uv": [0, 0], "uv_size": [0, 0]},
								"south": {"uv": [0, 0], "uv_size": [0, 0]},
								"west": {"uv": [0, 0], "uv_size": [0, 0]},
								"up": {"uv": [0, 0], "uv_size": [0, 0]},
								"down": {"uv": [0, 0], "uv_size": [0, 0]}
							}
						},
						{
							"origin": [-2.84017, 31.39761, -2.07287],
							"size": [1, 3, 1],
							"uv": {
								"north": {"uv": [68, 1], "uv_size": [1, 3]},
								"east": {"uv": [67, 1], "uv_size": [1, 3]},
								"south": {"uv": [70, 1], "uv_size": [1, 3]},
								"west": {"uv": [69, 1], "uv_size": [1, 3]},
								"up": {"uv": [0, 0], "uv_size": [0, 0]},
								"down": {"uv": [69, 1], "uv_size": [1, -1]}
							}
						}
					]
				},
				{
					"name": "ear9",
					"parent": "ear8",
					"pivot": [-2.68584, 31.86585, 0.56372],
					"rotation": [13.5773, 1.77024, -7.28925],
					"cubes": [
						{"origin": [-4.0541, 32.54936, -1.20774], "size": [2, 3, 1], "uv": [25, 0]}
					]
				},
				{
					"name": "ear10",
					"parent": "ear8",
					"pivot": [-1.53584, 35.01585, -0.18628],
					"rotation": [0, 0, -35],
					"cubes": [
						{
							"origin": [-3.13974, 34.68397, -2.07287],
							"size": [1, 3, 1],
							"inflate": 0.001,
							"uv": {
								"north": {"uv": [73, 1], "uv_size": [1, 3]},
								"east": {"uv": [72, 1], "uv_size": [1, 3]},
								"south": {"uv": [75, 1], "uv_size": [1, 3]},
								"west": {"uv": [74, 1], "uv_size": [1, 3]},
								"up": {"uv": [73, 0], "uv_size": [1, 1]},
								"down": {"uv": [0, 0], "uv_size": [0, 0]}
							}
						}
					]
				},
				{
					"name": "ear11",
					"parent": "ear10",
					"pivot": [-2.53584, 38.01585, -0.18628],
					"rotation": [0, 0, 45],
					"cubes": [
						{
							"origin": [-2.72819, 34.35416, -2.07287],
							"size": [1, 3, 1],
							"uv": {
								"north": {"uv": [2, 1], "uv_size": [1, 3]},
								"east": {"uv": [1, 1], "uv_size": [1, 3]},
								"south": {"uv": [4, 1], "uv_size": [1, 3]},
								"west": {"uv": [3, 1], "uv_size": [1, 3]},
								"up": {"uv": [0, 0], "uv_size": [0, 0]},
								"down": {"uv": [0, 0], "uv_size": [0, 0]}
							}
						}
					]
				},
				{
					"name": "ear12",
					"parent": "ear11",
					"pivot": [-2.53584, 35.01585, -0.18628],
					"rotation": [0, 0, -30],
					"cubes": [
						{
							"origin": [-3.03327, 32.53898, -2.07287],
							"size": [1, 2, 1],
							"inflate": -0.001,
							"uv": {
								"north": {"uv": [33, 1], "uv_size": [1, 2]},
								"east": {"uv": [32, 1], "uv_size": [1, 2]},
								"south": {"uv": [35, 1], "uv_size": [1, 2]},
								"west": {"uv": [34, 1], "uv_size": [1, 2]},
								"up": {"uv": [0, 0], "uv_size": [0, 0]},
								"down": {"uv": [34, 1], "uv_size": [1, -1]}
							}
						}
					]
				},
				{
					"name": "ear13",
					"parent": "ear8",
					"pivot": [-2.78584, 32.01585, 1.81372],
					"cubes": [
						{
							"origin": [-4.14972, 30.4208, -1.36672],
							"size": [2, 2, 1],
							"inflate": 0.001,
							"uv": {
								"north": {"uv": [61, 1], "uv_size": [2, 2]},
								"east": {"uv": [60, 1], "uv_size": [1, 2]},
								"south": {"uv": [64, 1], "uv_size": [2, 2]},
								"west": {"uv": [63, 1], "uv_size": [1, 2]},
								"up": {"uv": [0, 0], "uv_size": [0, 0]},
								"down": {"uv": [63, 1], "uv_size": [2, -1]}
							}
						}
					]
				},
				{
					"name": "hair",
					"parent": "head",
					"pivot": [0, 0, 0],
					"cubes": [
						{
							"origin": [-4, 18.5, -4],
							"size": [8, 5, 8],
							"inflate": 0.25,
							"uv": {
								"north": {"uv": [0, 0], "uv_size": [0, 0]},
								"east": {"uv": [96, 38], "uv_size": [8, 5]},
								"south": {"uv": [0, 0], "uv_size": [0, 0]},
								"west": {"uv": [112, 38], "uv_size": [8, 5]},
								"up": {"uv": [0, 0], "uv_size": [0, 0]},
								"down": {"uv": [0, 0], "uv_size": [0, 0]}
							}
						}
					]
				},
				{
					"name": "long_hair",
					"parent": "head",
					"pivot": [0, 24, 0]
				},
				{
					"name": "back",
					"parent": "long_hair",
					"pivot": [0, 24, 0],
					"rotation": [2.5, 0, 0],
					"cubes": [
						{
							"origin": [-4, 15, 3],
							"size": [8, 10, 1],
							"uv": {
								"north": {"uv": [0, 0], "uv_size": [0, 0]},
								"east": {"uv": [0, 0], "uv_size": [0, 0]},
								"south": {"uv": [63, 18], "uv_size": [8, 10]},
								"west": {"uv": [0, 0], "uv_size": [0, 0]},
								"up": {"uv": [0, 0], "uv_size": [0, 0]},
								"down": {"uv": [0, 0], "uv_size": [0, 0]}
							}
						}
					]
				},
				{
					"name": "right",
					"parent": "long_hair",
					"pivot": [-1, 25, 0],
					"rotation": [5, 0, 10],
					"cubes": [
						{
							"origin": [-4, 15, 3],
							"size": [3, 10, 1],
							"uv": {
								"north": {"uv": [0, 0], "uv_size": [0, 0]},
								"east": {"uv": [0, 0], "uv_size": [0, 0]},
								"south": {"uv": [78, 18], "uv_size": [3, 10]},
								"west": {"uv": [0, 0], "uv_size": [0, 0]},
								"up": {"uv": [0, 0], "uv_size": [0, 0]},
								"down": {"uv": [0, 0], "uv_size": [0, 0]}
							}
						}
					]
				},
				{
					"name": "left",
					"parent": "long_hair",
					"pivot": [1, 24, 0],
					"rotation": [5, 0, -10],
					"cubes": [
						{
							"origin": [1, 15, 3],
							"size": [3, 10, 1],
							"uv": {
								"north": {"uv": [0, 0], "uv_size": [0, 0]},
								"east": {"uv": [0, 0], "uv_size": [0, 0]},
								"south": {"uv": [81, 18], "uv_size": [-3, 10]},
								"west": {"uv": [0, 0], "uv_size": [0, 0]},
								"up": {"uv": [0, 0], "uv_size": [0, 0]},
								"down": {"uv": [0, 0], "uv_size": [0, 0]}
							}
						}
					]
				},
				{
					"name": "ahoge",
					"parent": "head",
					"pivot": [0, 32.25, 0]
				},
				{
					"name": "hat",
					"pivot": [0, 24, 0]
				},
				{
					"name": "bone",
					"parent": "hat",
					"pivot": [-5, 31.7, -2.5],
					"rotation": [-45, 45, 0],
					"cubes": [
						{"origin": [-6, 30.7, -3.5], "size": [2, 2, 2], "inflate": -0.25, "uv": [0, 16]}
					]
				},
				{
					"name": "bone3",
					"parent": "hat",
					"pivot": [3, -2, 3]
				},
				{
					"name": "bone2",
					"parent": "bone3",
					"pivot": [-4, 30.5, -3],
					"rotation": [-22.5, 0, 0],
					"cubes": [
						{
							"origin": [-4.5, 27.3, -4.2],
							"size": [1, 5, 3],
							"inflate": -0.93,
							"uv": {
								"north": {"uv": [0, 0], "uv_size": [0, 0]},
								"east": {"uv": [0, 0], "uv_size": [0, 0]},
								"south": {"uv": [0, 0], "uv_size": [0, 0]},
								"west": {"uv": [47, 19], "uv_size": [3, 5]},
								"up": {"uv": [0, 0], "uv_size": [0, 0]},
								"down": {"uv": [0, 0], "uv_size": [0, 0]}
							}
						}
					]
				},
				{
					"name": "bone4",
					"parent": "bone3",
					"pivot": [-4, 29.5, -2],
					"rotation": [15, 0, 0],
					"cubes": [
						{
							"origin": [-4.5, 27.3, -3],
							"size": [1, 5, 3],
							"inflate": -0.95,
							"uv": {
								"north": {"uv": [0, 0], "uv_size": [0, 0]},
								"east": {"uv": [0, 0], "uv_size": [0, 0]},
								"south": {"uv": [0, 0], "uv_size": [0, 0]},
								"west": {"uv": [47, 19], "uv_size": [3, 5]},
								"up": {"uv": [0, 0], "uv_size": [0, 0]},
								"down": {"uv": [0, 0], "uv_size": [0, 0]}
							}
						}
					]
				},
				{
					"name": "tail",
					"pivot": [0, 15, 2]
				},
				{
					"name": "tail3",
					"parent": "tail",
					"pivot": [0, 18, 1],
					"rotation": [25, 0, 0],
					"cubes": [
						{
							"origin": [-1.5, 8, -1],
							"size": [3, 7, 4],
							"inflate": -0.5,
							"uv": {
								"north": {"uv": [91, 22], "uv_size": [3, 7]},
								"east": {"uv": [87, 22], "uv_size": [4, 7]},
								"south": {"uv": [98, 22], "uv_size": [3, 7]},
								"west": {"uv": [94, 22], "uv_size": [4, 7]},
								"up": {"uv": [91, 18], "uv_size": [3, 4]},
								"down": {"uv": [0, 0], "uv_size": [0, 0]}
							}
						}
					]
				},
				{
					"name": "tail_down",
					"parent": "tail",
					"pivot": [0, 10, 7],
					"rotation": [9.66, 0, 0],
					"cubes": [
						{
							"origin": [-1.5, 3.62865, 2.88723],
							"size": [3, 7, 4],
							"inflate": -0.5,
							"uv": {
								"north": {"uv": [107, 22], "uv_size": [3, 7]},
								"east": {"uv": [103, 22], "uv_size": [4, 7]},
								"south": {"uv": [114, 22], "uv_size": [3, 7]},
								"west": {"uv": [110, 22], "uv_size": [4, 7]},
								"up": {"uv": [0, 0], "uv_size": [0, 0]},
								"down": {"uv": [0, 0], "uv_size": [0, 0]}
							}
						},
						{
							"origin": [-1, 3.3641, 3.92286],
							"size": [2, 7, 2],
							"inflate": -0.5,
							"uv": {
								"north": {"uv": [121, 22], "uv_size": [2, 7]},
								"east": {"uv": [119, 22], "uv_size": [2, 7]},
								"south": {"uv": [125, 22], "uv_size": [2, 7]},
								"west": {"uv": [123, 22], "uv_size": [2, 7]},
								"up": {"uv": [0, 0], "uv_size": [0, 0]},
								"down": {"uv": [0, 0], "uv_size": [0, 0]}
							}
						}
					]
				},
				{
					"name": "body",
					"pivot": [0, 24, 0],
					"cubes": [
						{"origin": [-2.5, 22, -2.5], "size": [5, 4, 5], "inflate": -1.25, "uv": [97, 0]},
						{"origin": [-3.5, 11.75, -1.5], "size": [7, 12, 3], "inflate": -0.251, "uv": [77, 0]}
					]
				},
				{
					"name": "hide_parts",
					"parent": "body",
					"pivot": [-0.75, 0, 0.5],
					"cubes": [
						{
							"origin": [-4, 14, -2],
							"size": [8, 10, 4],
							"inflate": -0.5,
							"uv": {
								"north": {"uv": [4, 70], "uv_size": [8, 10]},
								"east": {"uv": [0, 70], "uv_size": [4, 10]},
								"south": {"uv": [16, 70], "uv_size": [8, 10]},
								"west": {"uv": [12, 70], "uv_size": [4, 10]},
								"up": {"uv": [4, 66], "uv_size": [8, 4]},
								"down": {"uv": [0, 0], "uv_size": [0, 0]}
							}
						}
					]
				},
				{
					"name": "bone37",
					"parent": "hide_parts",
					"pivot": [-0.75, 1, 0.5],
					"cubes": [
						{
							"origin": [-4.5, 14.2, 0.5],
							"size": [9, 3, 2],
							"inflate": -0.9,
							"uv": {
								"north": {"uv": [0, 0], "uv_size": [0, 0]},
								"east": {"uv": [0, 0], "uv_size": [0, 0]},
								"south": {"uv": [13, 63], "uv_size": [9, 3]},
								"west": {"uv": [0, 0], "uv_size": [0, 0]},
								"up": {"uv": [0, 0], "uv_size": [0, 0]},
								"down": {"uv": [0, 0], "uv_size": [0, 0]}
							}
						}
					]
				},
				{
					"name": "bone9",
					"parent": "bone37",
					"pivot": [-0.75, 1, 0.5]
				},
				{
					"name": "bone6",
					"parent": "bone9",
					"pivot": [-1.94738, 15.51543, 0],
					"rotation": [0, 0, 10],
					"cubes": [
						{
							"origin": [-4.44738, 14.01543, -2.45],
							"size": [5, 3, 4.7],
							"inflate": -0.7,
							"uv": {
								"north": {"uv": [4, 97], "uv_size": [5, 3]},
								"east": {"uv": [0, 97], "uv_size": [4, 3]},
								"south": {"uv": [13, 97], "uv_size": [5, 3]},
								"west": {"uv": [0, 0], "uv_size": [0, 0]},
								"up": {"uv": [0, 0], "uv_size": [0, 0]},
								"down": {"uv": [0, 0], "uv_size": [0, 0]}
							}
						}
					]
				},
				{
					"name": "bone7",
					"parent": "bone9",
					"pivot": [3.5, 16.5, 0],
					"rotation": [0, 0, -10],
					"cubes": [
						{
							"origin": [-0.7, 14.3, -2.45],
							"size": [5, 3, 4.7],
							"inflate": -0.7,
							"uv": {
								"north": {"uv": [9, 97], "uv_size": [-5, 3]},
								"east": {"uv": [0, 0], "uv_size": [0, 0]},
								"south": {"uv": [18, 97], "uv_size": [-5, 3]},
								"west": {"uv": [4, 97], "uv_size": [-4, 3]},
								"up": {"uv": [0, 0], "uv_size": [0, 0]},
								"down": {"uv": [0, 0], "uv_size": [0, 0]}
							}
						}
					]
				},
				{
					"name": "bone10",
					"parent": "bone37",
					"pivot": [-0.75, 1, 0.5]
				},
				{
					"name": "bone12",
					"parent": "bone10",
					"pivot": [0, 15.7, 5.5],
					"rotation": [0, 0, 45],
					"cubes": [
						{
							"origin": [-2.4, 14.12, 0.55],
							"size": [4, 4, 2],
							"inflate": -0.9,
							"uv": {
								"north": {"uv": [0, 0], "uv_size": [0, 0]},
								"east": {"uv": [0, 0], "uv_size": [0, 0]},
								"south": {"uv": [8, 53], "uv_size": [4, 4]},
								"west": {"uv": [0, 0], "uv_size": [0, 0]},
								"up": {"uv": [0, 0], "uv_size": [0, 0]},
								"down": {"uv": [0, 0], "uv_size": [0, 0]}
							}
						}
					]
				},
				{
					"name": "bone11",
					"parent": "bone10",
					"pivot": [0, 15.7, 5.5],
					"rotation": [0, 0, -45],
					"cubes": [
						{
							"origin": [-1.6, 14.12, 0.55],
							"size": [4, 4, 2],
							"inflate": -0.9,
							"uv": {
								"north": {"uv": [0, 0], "uv_size": [0, 0]},
								"east": {"uv": [0, 0], "uv_size": [0, 0]},
								"south": {"uv": [12, 53], "uv_size": [-4, 4]},
								"west": {"uv": [0, 0], "uv_size": [0, 0]},
								"up": {"uv": [0, 0], "uv_size": [0, 0]},
								"down": {"uv": [0, 0], "uv_size": [0, 0]}
							}
						}
					]
				},
				{
					"name": "bone8",
					"parent": "hide_parts",
					"pivot": [-0.75, 0, 0.5],
					"cubes": [
						{
							"origin": [-1.5, 14, -2],
							"size": [3, 10, 4],
							"inflate": -0.48,
							"uv": {
								"north": {"uv": [4, 104], "uv_size": [3, 10]},
								"east": {"uv": [0, 0], "uv_size": [0, 0]},
								"south": {"uv": [0, 0], "uv_size": [0, 0]},
								"west": {"uv": [0, 0], "uv_size": [0, 0]},
								"up": {"uv": [0, 0], "uv_size": [0, 0]},
								"down": {"uv": [0, 0], "uv_size": [0, 0]}
							}
						},
						{
							"origin": [0.6, 14, -2],
							"size": [3, 10, 4],
							"inflate": -0.48,
							"uv": {
								"north": {"uv": [16, 118], "uv_size": [3, 10]},
								"east": {"uv": [0, 0], "uv_size": [0, 0]},
								"south": {"uv": [0, 0], "uv_size": [0, 0]},
								"west": {"uv": [0, 0], "uv_size": [0, 0]},
								"up": {"uv": [0, 0], "uv_size": [0, 0]},
								"down": {"uv": [0, 0], "uv_size": [0, 0]}
							}
						},
						{
							"origin": [-3.6, 14, -2],
							"size": [3, 10, 4],
							"inflate": -0.48,
							"uv": {
								"north": {"uv": [16, 118], "uv_size": [3, 10]},
								"east": {"uv": [0, 0], "uv_size": [0, 0]},
								"south": {"uv": [0, 0], "uv_size": [0, 0]},
								"west": {"uv": [0, 0], "uv_size": [0, 0]},
								"up": {"uv": [0, 0], "uv_size": [0, 0]},
								"down": {"uv": [0, 0], "uv_size": [0, 0]}
							}
						},
						{
							"origin": [-1, 16, -1.9],
							"size": [2, 1, 1],
							"inflate": -0.3,
							"uv": {
								"north": {"uv": [6, 50], "uv_size": [2, 1]},
								"east": {"uv": [0, 0], "uv_size": [0, 0]},
								"south": {"uv": [0, 0], "uv_size": [0, 0]},
								"west": {"uv": [0, 0], "uv_size": [0, 0]},
								"up": {"uv": [0, 0], "uv_size": [0, 0]},
								"down": {"uv": [0, 0], "uv_size": [0, 0]}
							}
						},
						{
							"origin": [-1, 20, -1.9],
							"size": [2, 1, 1],
							"inflate": -0.3,
							"uv": {
								"north": {"uv": [6, 50], "uv_size": [2, 1]},
								"east": {"uv": [0, 0], "uv_size": [0, 0]},
								"south": {"uv": [0, 0], "uv_size": [0, 0]},
								"west": {"uv": [0, 0], "uv_size": [0, 0]},
								"up": {"uv": [0, 0], "uv_size": [0, 0]},
								"down": {"uv": [0, 0], "uv_size": [0, 0]}
							}
						},
						{
							"origin": [-1, 18.5, -1.9],
							"size": [2, 1, 1],
							"inflate": -0.3,
							"uv": {
								"north": {"uv": [6, 50], "uv_size": [2, 1]},
								"east": {"uv": [0, 0], "uv_size": [0, 0]},
								"south": {"uv": [0, 0], "uv_size": [0, 0]},
								"west": {"uv": [0, 0], "uv_size": [0, 0]},
								"up": {"uv": [0, 0], "uv_size": [0, 0]},
								"down": {"uv": [0, 0], "uv_size": [0, 0]}
							}
						},
						{
							"origin": [-1, 17.25, -1.9],
							"size": [2, 1, 1],
							"inflate": -0.3,
							"uv": {
								"north": {"uv": [6, 50], "uv_size": [2, 1]},
								"east": {"uv": [0, 0], "uv_size": [0, 0]},
								"south": {"uv": [0, 0], "uv_size": [0, 0]},
								"west": {"uv": [0, 0], "uv_size": [0, 0]},
								"up": {"uv": [0, 0], "uv_size": [0, 0]},
								"down": {"uv": [0, 0], "uv_size": [0, 0]}
							}
						}
					]
				},
				{
					"name": "bone14",
					"parent": "hide_parts",
					"pivot": [-0.75, 1, -0.5],
					"cubes": [
						{
							"origin": [-0.8, 18.8136, 0.6],
							"size": [1.6, 1.38, 1],
							"inflate": -0.05,
							"uv": {
								"north": {"uv": [0, 0], "uv_size": [0, 0]},
								"east": {"uv": [0, 0], "uv_size": [0, 0]},
								"south": {"uv": [5, 48], "uv_size": [1, 1]},
								"west": {"uv": [0, 0], "uv_size": [0, 0]},
								"up": {"uv": [0, 0], "uv_size": [0, 0]},
								"down": {"uv": [0, 0], "uv_size": [0, 0]}
							}
						},
						{
							"origin": [-1, 19, 0.8],
							"size": [1, 1, 1],
							"inflate": -0.2,
							"uv": {
								"north": {"uv": [0, 0], "uv_size": [0, 0]},
								"east": {"uv": [0, 0], "uv_size": [0, 0]},
								"south": {"uv": [3, 46], "uv_size": [1, 1]},
								"west": {"uv": [0, 0], "uv_size": [0, 0]},
								"up": {"uv": [0, 0], "uv_size": [0, 0]},
								"down": {"uv": [0, 0], "uv_size": [0, 0]}
							}
						},
						{
							"origin": [0, 19, 0.8],
							"size": [1, 1, 1],
							"inflate": -0.2,
							"uv": {
								"north": {"uv": [0, 0], "uv_size": [0, 0]},
								"east": {"uv": [0, 0], "uv_size": [0, 0]},
								"south": {"uv": [3, 46], "uv_size": [1, 1]},
								"west": {"uv": [0, 0], "uv_size": [0, 0]},
								"up": {"uv": [0, 0], "uv_size": [0, 0]},
								"down": {"uv": [0, 0], "uv_size": [0, 0]}
							}
						}
					]
				},
				{
					"name": "bone13",
					"parent": "bone14",
					"pivot": [0.75, 19.5, 1],
					"rotation": [0, 0, -45],
					"cubes": [
						{
							"origin": [0.25, 19, 0.6],
							"size": [1, 1, 1],
							"inflate": -0.05,
							"uv": {
								"north": {"uv": [0, 0], "uv_size": [0, 0]},
								"east": {"uv": [0, 0], "uv_size": [0, 0]},
								"south": {"uv": [3, 50], "uv_size": [1, 1]},
								"west": {"uv": [0, 0], "uv_size": [0, 0]},
								"up": {"uv": [0, 0], "uv_size": [0, 0]},
								"down": {"uv": [0, 0], "uv_size": [0, 0]}
							}
						}
					]
				},
				{
					"name": "bone15",
					"parent": "bone14",
					"pivot": [-0.75, 19.5, 1],
					"rotation": [0, 0, 45],
					"cubes": [
						{
							"origin": [-1.25, 19, 0.6],
							"size": [1, 1, 1],
							"inflate": -0.05,
							"uv": {
								"north": {"uv": [0, 0], "uv_size": [0, 0]},
								"east": {"uv": [0, 0], "uv_size": [0, 0]},
								"south": {"uv": [4, 50], "uv_size": [-1, 1]},
								"west": {"uv": [0, 0], "uv_size": [0, 0]},
								"up": {"uv": [0, 0], "uv_size": [0, 0]},
								"down": {"uv": [0, 0], "uv_size": [0, 0]}
							}
						}
					]
				},
				{
					"name": "skirt",
					"parent": "hide_parts",
					"pivot": [-1.75, 12, -1.75]
				},
				{
					"name": "bone16",
					"parent": "skirt",
					"pivot": [-1.75, 12, -1.75]
				},
				{
					"name": "bone88",
					"parent": "bone16",
					"pivot": [-1.75, 12, -1.75]
				},
				{
					"name": "bone17",
					"parent": "bone88",
					"pivot": [-1.75, 21.75, -1.75]
				},
				{
					"name": "bone18",
					"parent": "bone17",
					"pivot": [0, 8.75, 0]
				},
				{
					"name": "bone19",
					"parent": "bone18",
					"pivot": [0, 8.75, 4.47051],
					"rotation": [10, 0, 0],
					"cubes": [
						{
							"origin": [-2.5, 9.71171, 2.7471],
							"size": [5, 6, 0],
							"uv": {
								"north": {"uv": [0, 0], "uv_size": [0, 0]},
								"east": {"uv": [0, 0], "uv_size": [0, 0]},
								"south": {"uv": [122, 104], "uv_size": [5, 6]},
								"west": {"uv": [0, 0], "uv_size": [0, 0]},
								"up": {"uv": [0, 0], "uv_size": [0, 0]},
								"down": {"uv": [0, 0], "uv_size": [0, 0]}
							}
						},
						{
							"origin": [-2.5, 11.3117, 2.8],
							"size": [5, 0.7, 0],
							"uv": {
								"north": {"uv": [117, 102], "uv_size": [5, 1]},
								"east": {"uv": [0, 0], "uv_size": [0, 0]},
								"south": {"uv": [0, 0], "uv_size": [0, 0]},
								"west": {"uv": [0, 0], "uv_size": [0, 0]},
								"up": {"uv": [0, 0], "uv_size": [0, 0]},
								"down": {"uv": [0, 0], "uv_size": [0, 0]}
							}
						}
					]
				},
				{
					"name": "bone20",
					"parent": "bone19",
					"pivot": [-2.5, 8.40782, 4.47051],
					"rotation": [0, 0, 9.85108],
					"cubes": [
						{
							"origin": [-4.6, 11.3, 2.85],
							"size": [2, 0.7, 0],
							"uv": {
								"north": {"uv": [0, 0], "uv_size": [0, 0]},
								"east": {"uv": [0, 0], "uv_size": [0, 0]},
								"south": {"uv": [125, 99], "uv_size": [2, 1]},
								"west": {"uv": [0, 0], "uv_size": [0, 0]},
								"up": {"uv": [0, 0], "uv_size": [0, 0]},
								"down": {"uv": [0, 0], "uv_size": [0, 0]}
							}
						},
						{
							"origin": [-4.55199, 9.70723, 2.7461],
							"size": [2, 6, 0],
							"uv": {
								"north": {"uv": [0, 0], "uv_size": [0, 0]},
								"east": {"uv": [0, 0], "uv_size": [0, 0]},
								"south": {"uv": [106, 104], "uv_size": [2, 6]},
								"west": {"uv": [0, 0], "uv_size": [0, 0]},
								"up": {"uv": [0, 0], "uv_size": [0, 0]},
								"down": {"uv": [0, 0], "uv_size": [0, 0]}
							}
						}
					]
				},
				{
					"name": "bone21",
					"parent": "bone20",
					"pivot": [-4.6, 11.65, 1.85],
					"rotation": [0, -87.5, 0],
					"cubes": [
						{
							"origin": [-5.8, 11.3, 1.85],
							"size": [2.2, 0.7, 0],
							"uv": {
								"north": {"uv": [115, 99], "uv_size": [2, 1]},
								"east": {"uv": [0, 0], "uv_size": [0, 0]},
								"south": {"uv": [0, 0], "uv_size": [0, 0]},
								"west": {"uv": [0, 0], "uv_size": [0, 0]},
								"up": {"uv": [0, 0], "uv_size": [0, 0]},
								"down": {"uv": [0, 0], "uv_size": [0, 0]}
							}
						}
					]
				},
				{
					"name": "bone22",
					"parent": "bone17",
					"pivot": [0, 8.75, 0],
					"rotation": [0, -90, 0]
				},
				{
					"name": "bone23",
					"parent": "bone22",
					"pivot": [0, 8.75, 4.47051],
					"rotation": [10, 0, 0]
				},
				{
					"name": "bone24",
					"parent": "bone23",
					"pivot": [2.5, 8.40782, 4.47051],
					"rotation": [0, 0, -9.85108],
					"cubes": [
						{
							"origin": [0.7758, 9.70723, 4.47151],
							"size": [2, 6, 0],
							"uv": {
								"north": {"uv": [0, 0], "uv_size": [0, 0]},
								"east": {"uv": [0, 0], "uv_size": [0, 0]},
								"south": {"uv": [115, 104], "uv_size": [-2, 6]},
								"west": {"uv": [0, 0], "uv_size": [0, 0]},
								"up": {"uv": [0, 0], "uv_size": [0, 0]},
								"down": {"uv": [0, 0], "uv_size": [0, 0]}
							}
						}
					]
				},
				{
					"name": "bone25",
					"parent": "bone17",
					"pivot": [0, 8.75, 0],
					"rotation": [0, -270, 0]
				},
				{
					"name": "bone56",
					"parent": "bone25",
					"pivot": [0, 8.75, 4.47051],
					"rotation": [10, 0, 0]
				},
				{
					"name": "bone26",
					"parent": "bone88",
					"pivot": [1.75, 21.75, -1.75]
				},
				{
					"name": "bone27",
					"parent": "bone26",
					"pivot": [0, 8.75, 0]
				},
				{
					"name": "bone28",
					"parent": "bone27",
					"pivot": [0, 8.75, 4.47051],
					"rotation": [10, 0, 0],
					"cubes": [
						{
							"origin": [-2.5, 11.3117, 2.8],
							"size": [5, 0.7, 0],
							"uv": {
								"north": {"uv": [122, 102], "uv_size": [-5, 1]},
								"east": {"uv": [0, 0], "uv_size": [0, 0]},
								"south": {"uv": [0, 0], "uv_size": [0, 0]},
								"west": {"uv": [0, 0], "uv_size": [0, 0]},
								"up": {"uv": [0, 0], "uv_size": [0, 0]},
								"down": {"uv": [0, 0], "uv_size": [0, 0]}
							}
						}
					]
				},
				{
					"name": "bone29",
					"parent": "bone28",
					"pivot": [2.5, 8.40782, 4.47051],
					"rotation": [0, 0, -9.85108],
					"cubes": [
						{
							"origin": [2.6, 11.3, 2.85],
							"size": [2, 0.7, 0],
							"uv": {
								"north": {"uv": [0, 0], "uv_size": [0, 0]},
								"east": {"uv": [0, 0], "uv_size": [0, 0]},
								"south": {"uv": [127, 99], "uv_size": [-2, 1]},
								"west": {"uv": [0, 0], "uv_size": [0, 0]},
								"up": {"uv": [0, 0], "uv_size": [0, 0]},
								"down": {"uv": [0, 0], "uv_size": [0, 0]}
							}
						},
						{
							"origin": [2.55199, 9.70723, 2.7461],
							"size": [2, 6, 0],
							"uv": {
								"north": {"uv": [0, 0], "uv_size": [0, 0]},
								"east": {"uv": [0, 0], "uv_size": [0, 0]},
								"south": {"uv": [108, 104], "uv_size": [-2, 6]},
								"west": {"uv": [0, 0], "uv_size": [0, 0]},
								"up": {"uv": [0, 0], "uv_size": [0, 0]},
								"down": {"uv": [0, 0], "uv_size": [0, 0]}
							}
						}
					]
				},
				{
					"name": "bone30",
					"parent": "bone29",
					"pivot": [4.6, 11.65, 1.85],
					"rotation": [0, 87.5, 0],
					"cubes": [
						{
							"origin": [3.6, 11.3, 1.85],
							"size": [2.2, 0.7, 0],
							"uv": {
								"north": {"uv": [0, 0], "uv_size": [0, 0]},
								"east": {"uv": [0, 0], "uv_size": [0, 0]},
								"south": {"uv": [119, 99], "uv_size": [-2, 1]},
								"west": {"uv": [0, 0], "uv_size": [0, 0]},
								"up": {"uv": [0, 0], "uv_size": [0, 0]},
								"down": {"uv": [0, 0], "uv_size": [0, 0]}
							}
						}
					]
				},
				{
					"name": "bone57",
					"parent": "bone26",
					"pivot": [0, 8.75, 0],
					"rotation": [0, 90, 0]
				},
				{
					"name": "bone58",
					"parent": "bone57",
					"pivot": [0, 8.75, 4.47051],
					"rotation": [10, 0, 0]
				},
				{
					"name": "bone60",
					"parent": "bone58",
					"pivot": [-2.5, 8.40782, 4.47051],
					"rotation": [0, 0, 9.85108],
					"cubes": [
						{
							"origin": [-2.7758, 9.70723, 4.47151],
							"size": [2, 6, 0],
							"uv": {
								"north": {"uv": [0, 0], "uv_size": [0, 0]},
								"east": {"uv": [0, 0], "uv_size": [0, 0]},
								"south": {"uv": [113, 104], "uv_size": [2, 6]},
								"west": {"uv": [0, 0], "uv_size": [0, 0]},
								"up": {"uv": [0, 0], "uv_size": [0, 0]},
								"down": {"uv": [0, 0], "uv_size": [0, 0]}
							}
						}
					]
				},
				{
					"name": "bone65",
					"parent": "bone26",
					"pivot": [0, 8.75, 0],
					"rotation": [0, 270, 0]
				},
				{
					"name": "bone66",
					"parent": "bone65",
					"pivot": [0, 8.75, 4.47051],
					"rotation": [10, 0, 0]
				},
				{
					"name": "bone31",
					"parent": "bone16",
					"pivot": [-1.75, 21, -1.75]
				},
				{
					"name": "bone32",
					"parent": "bone31",
					"pivot": [0, 8, 0]
				},
				{
					"name": "bone73",
					"parent": "bone32",
					"pivot": [0, 8, 4.47051],
					"rotation": [10, 0, 0],
					"cubes": [
						{
							"origin": [-2.5, 9.00512, 2.5009],
							"size": [5, 1, 0],
							"uv": {
								"north": {"uv": [94, 119], "uv_size": [5, 1]},
								"east": {"uv": [0, 0], "uv_size": [0, 0]},
								"south": {"uv": [99, 119], "uv_size": [5, 1]},
								"west": {"uv": [0, 0], "uv_size": [0, 0]},
								"up": {"uv": [0, 0], "uv_size": [0, 0]},
								"down": {"uv": [0, 0], "uv_size": [0, 0]}
							}
						}
					]
				},
				{
					"name": "bone74",
					"parent": "bone73",
					"pivot": [-2.5, 7.65782, 4.47051],
					"rotation": [0, 0, 9.85108],
					"cubes": [
						{
							"origin": [-4.55942, 9, 2.4999],
							"size": [2, 1, 0],
							"uv": {
								"north": {"uv": [88, 119], "uv_size": [2, 1]},
								"east": {"uv": [0, 0], "uv_size": [0, 0]},
								"south": {"uv": [90, 119], "uv_size": [2, 1]},
								"west": {"uv": [0, 0], "uv_size": [0, 0]},
								"up": {"uv": [0, 0], "uv_size": [0, 0]},
								"down": {"uv": [0, 0], "uv_size": [0, 0]}
							}
						}
					]
				},
				{
					"name": "bone75",
					"parent": "bone73",
					"pivot": [2.5, 7.65782, 4.47051],
					"rotation": [0, 0, -9.85108],
					"cubes": [
						{
							"origin": [2.65794, 8.98289, 2.4999],
							"size": [2, 1, 0],
							"uv": {
								"north": {"uv": [90, 119], "uv_size": [-2, 1]},
								"east": {"uv": [0, 0], "uv_size": [0, 0]},
								"south": {"uv": [92, 119], "uv_size": [-2, 1]},
								"west": {"uv": [0, 0], "uv_size": [0, 0]},
								"up": {"uv": [0, 0], "uv_size": [0, 0]},
								"down": {"uv": [0, 0], "uv_size": [0, 0]}
							}
						}
					]
				},
				{
					"name": "bone76",
					"parent": "bone31",
					"pivot": [0, 8, 0],
					"rotation": [0, -90, 0]
				},
				{
					"name": "bone77",
					"parent": "bone76",
					"pivot": [0, 8, 4.47051],
					"rotation": [10, 0, 0]
				},
				{
					"name": "bone79",
					"parent": "bone77",
					"pivot": [2.5, 7.65782, 4.47051],
					"rotation": [0, 0, -9.85108],
					"cubes": [
						{
							"origin": [0.78323, 9, 4.22531],
							"size": [2, 1, 0],
							"uv": {
								"north": {"uv": [90, 119], "uv_size": [-2, 1]},
								"east": {"uv": [0, 0], "uv_size": [0, 0]},
								"south": {"uv": [92, 119], "uv_size": [-2, 1]},
								"west": {"uv": [0, 0], "uv_size": [0, 0]},
								"up": {"uv": [0, 0], "uv_size": [0, 0]},
								"down": {"uv": [0, 0], "uv_size": [0, 0]}
							}
						}
					]
				},
				{
					"name": "bone80",
					"parent": "bone31",
					"pivot": [0, 8, 0],
					"rotation": [0, -180, 0]
				},
				{
					"name": "bone84",
					"parent": "bone31",
					"pivot": [0, 8, 0],
					"rotation": [0, -270, 0]
				},
				{
					"name": "bone85",
					"parent": "bone84",
					"pivot": [0, 8, 4.47051],
					"rotation": [10, 0, 0]
				},
				{
					"name": "bone86",
					"parent": "bone85",
					"pivot": [-2.5, 7.65782, 4.47051],
					"rotation": [0, 0, 9.85108],
					"cubes": [
						{
							"origin": [-2.78026, 8.98289, 4.32179],
							"size": [2, 1, 0],
							"uv": {
								"north": {"uv": [88, 119], "uv_size": [2, 1]},
								"east": {"uv": [0, 0], "uv_size": [0, 0]},
								"south": {"uv": [90, 119], "uv_size": [2, 1]},
								"west": {"uv": [0, 0], "uv_size": [0, 0]},
								"up": {"uv": [0, 0], "uv_size": [0, 0]},
								"down": {"uv": [0, 0], "uv_size": [0, 0]}
							}
						}
					]
				},
				{
					"name": "bone59",
					"parent": "bone16",
					"pivot": [-1.75, 21, 1.75]
				},
				{
					"name": "bone61",
					"parent": "bone59",
					"pivot": [0, 8, 0]
				},
				{
					"name": "bone62",
					"parent": "bone61",
					"pivot": [0, 8, -4.47051],
					"rotation": [-10, 0, 0],
					"cubes": [
						{
							"origin": [-2.5, 9.00512, -2.5009],
							"size": [5, 1, 0],
							"uv": {
								"north": {"uv": [94, 119], "uv_size": [5, 1]},
								"east": {"uv": [0, 0], "uv_size": [0, 0]},
								"south": {"uv": [99, 119], "uv_size": [5, 1]},
								"west": {"uv": [0, 0], "uv_size": [0, 0]},
								"up": {"uv": [0, 0], "uv_size": [0, 0]},
								"down": {"uv": [0, 0], "uv_size": [0, 0]}
							}
						}
					]
				},
				{
					"name": "bone63",
					"parent": "bone62",
					"pivot": [-2.5, 7.65782, -4.47051],
					"rotation": [0, 0, 9.85108],
					"cubes": [
						{
							"origin": [-4.55942, 9, -2.4999],
							"size": [2, 1, 0],
							"uv": {
								"north": {"uv": [88, 119], "uv_size": [2, 1]},
								"east": {"uv": [0, 0], "uv_size": [0, 0]},
								"south": {"uv": [90, 119], "uv_size": [2, 1]},
								"west": {"uv": [0, 0], "uv_size": [0, 0]},
								"up": {"uv": [0, 0], "uv_size": [0, 0]},
								"down": {"uv": [0, 0], "uv_size": [0, 0]}
							}
						}
					]
				},
				{
					"name": "bone64",
					"parent": "bone62",
					"pivot": [2.5, 7.65782, -4.47051],
					"rotation": [0, 0, -9.85108],
					"cubes": [
						{
							"origin": [2.65794, 8.98289, -2.4999],
							"size": [2, 1, 0],
							"uv": {
								"north": {"uv": [90, 119], "uv_size": [-2, 1]},
								"east": {"uv": [0, 0], "uv_size": [0, 0]},
								"south": {"uv": [92, 119], "uv_size": [-2, 1]},
								"west": {"uv": [0, 0], "uv_size": [0, 0]},
								"up": {"uv": [0, 0], "uv_size": [0, 0]},
								"down": {"uv": [0, 0], "uv_size": [0, 0]}
							}
						}
					]
				},
				{
					"name": "bone67",
					"parent": "bone59",
					"pivot": [0, 8, 0],
					"rotation": [0, 90, 0]
				},
				{
					"name": "bone68",
					"parent": "bone67",
					"pivot": [0, 8, -4.47051],
					"rotation": [-10, 0, 0]
				},
				{
					"name": "bone78",
					"parent": "bone68",
					"pivot": [2.5, 7.65782, -4.47051],
					"rotation": [0, 0, -9.85108],
					"cubes": [
						{
							"origin": [0.78323, 9, -4.22531],
							"size": [2, 1, 0],
							"uv": {
								"north": {"uv": [90, 119], "uv_size": [-2, 1]},
								"east": {"uv": [0, 0], "uv_size": [0, 0]},
								"south": {"uv": [92, 119], "uv_size": [-2, 1]},
								"west": {"uv": [0, 0], "uv_size": [0, 0]},
								"up": {"uv": [0, 0], "uv_size": [0, 0]},
								"down": {"uv": [0, 0], "uv_size": [0, 0]}
							}
						}
					]
				},
				{
					"name": "bone81",
					"parent": "bone59",
					"pivot": [0, 8, 0],
					"rotation": [0, 180, 0]
				},
				{
					"name": "bone82",
					"parent": "bone59",
					"pivot": [0, 8, 0],
					"rotation": [0, 270, 0]
				},
				{
					"name": "bone83",
					"parent": "bone82",
					"pivot": [0, 8, -4.47051],
					"rotation": [-10, 0, 0]
				},
				{
					"name": "bone87",
					"parent": "bone83",
					"pivot": [-2.5, 7.65782, -4.47051],
					"rotation": [0, 0, 9.85108],
					"cubes": [
						{
							"origin": [-2.78026, 8.98289, -4.32179],
							"size": [2, 1, 0],
							"uv": {
								"north": {"uv": [88, 119], "uv_size": [2, 1]},
								"east": {"uv": [0, 0], "uv_size": [0, 0]},
								"south": {"uv": [90, 119], "uv_size": [2, 1]},
								"west": {"uv": [0, 0], "uv_size": [0, 0]},
								"up": {"uv": [0, 0], "uv_size": [0, 0]},
								"down": {"uv": [0, 0], "uv_size": [0, 0]}
							}
						}
					]
				},
				{
					"name": "bone33",
					"parent": "bone16",
					"pivot": [-1.75, 21.75, -1.75]
				},
				{
					"name": "bone34",
					"parent": "bone33",
					"pivot": [0, 8.75, 0],
					"rotation": [0, -90, 0]
				},
				{
					"name": "bone35",
					"parent": "bone34",
					"pivot": [0, 8.75, 4.47051],
					"rotation": [10, 0, 0],
					"cubes": [
						{
							"origin": [-1.5, 10.95, 4.4],
							"size": [2, 0.7, 0],
							"uv": {
								"north": {"uv": [0, 0], "uv_size": [0, 0]},
								"east": {"uv": [0, 0], "uv_size": [0, 0]},
								"south": {"uv": [114, 95], "uv_size": [2, 1]},
								"west": {"uv": [0, 0], "uv_size": [0, 0]},
								"up": {"uv": [0, 0], "uv_size": [0, 0]},
								"down": {"uv": [0, 0], "uv_size": [0, 0]}
							}
						},
						{
							"origin": [-1.5, 9.42519, 4.37203],
							"size": [3, 6, 0],
							"uv": {
								"north": {"uv": [0, 0], "uv_size": [0, 0]},
								"east": {"uv": [0, 0], "uv_size": [0, 0]},
								"south": {"uv": [112, 111], "uv_size": [3, 6]},
								"west": {"uv": [0, 0], "uv_size": [0, 0]},
								"up": {"uv": [0, 0], "uv_size": [0, 0]},
								"down": {"uv": [0, 0], "uv_size": [0, 0]}
							}
						}
					]
				},
				{
					"name": "bone110",
					"parent": "bone34",
					"pivot": [0, 8.75, -4.47051],
					"rotation": [-10, 0, 0],
					"cubes": [
						{
							"origin": [-0.5, 10.95, -4.4],
							"size": [2, 0.7, 0],
							"uv": {
								"north": {"uv": [116, 95], "uv_size": [-2, 0]},
								"east": {"uv": [0, 0], "uv_size": [0, 0]},
								"south": {"uv": [0, 0], "uv_size": [0, 0]},
								"west": {"uv": [0, 0], "uv_size": [0, 0]},
								"up": {"uv": [0, 0], "uv_size": [0, 0]},
								"down": {"uv": [0, 0], "uv_size": [0, 0]}
							}
						},
						{
							"origin": [-1.5, 9.42519, -4.37203],
							"size": [3, 6, 0],
							"uv": {
								"north": {"uv": [0, 0], "uv_size": [0, 0]},
								"east": {"uv": [0, 0], "uv_size": [0, 0]},
								"south": {"uv": [115, 111], "uv_size": [-3, 6]},
								"west": {"uv": [0, 0], "uv_size": [0, 0]},
								"up": {"uv": [0, 0], "uv_size": [0, 0]},
								"down": {"uv": [0, 0], "uv_size": [0, 0]}
							}
						}
					]
				},
				{
					"name": "bone36",
					"parent": "bone33",
					"pivot": [0, 8.75, 0],
					"rotation": [0, -270, 0]
				},
				{
					"name": "bone89",
					"parent": "bone16",
					"pivot": [-1.75, 12, 1.75]
				},
				{
					"name": "bone90",
					"parent": "bone89",
					"pivot": [-1.75, 21.75, 1.75]
				},
				{
					"name": "bone91",
					"parent": "bone90",
					"pivot": [0, 8.75, 0]
				},
				{
					"name": "bone92",
					"parent": "bone91",
					"pivot": [0, 8.75, -4.47051],
					"rotation": [-10, 0, 0],
					"cubes": [
						{
							"origin": [-2.5, 9.71171, -2.7471],
							"size": [5, 6, 0],
							"uv": {
								"north": {"uv": [0, 0], "uv_size": [0, 0]},
								"east": {"uv": [0, 0], "uv_size": [0, 0]},
								"south": {"uv": [122, 104], "uv_size": [5, 6]},
								"west": {"uv": [0, 0], "uv_size": [0, 0]},
								"up": {"uv": [0, 0], "uv_size": [0, 0]},
								"down": {"uv": [0, 0], "uv_size": [0, 0]}
							}
						},
						{
							"origin": [-2.5, 11.3117, -2.8],
							"size": [5, 0.7, 0],
							"uv": {
								"north": {"uv": [117, 102], "uv_size": [5, 1]},
								"east": {"uv": [0, 0], "uv_size": [0, 0]},
								"south": {"uv": [0, 0], "uv_size": [0, 0]},
								"west": {"uv": [0, 0], "uv_size": [0, 0]},
								"up": {"uv": [0, 0], "uv_size": [0, 0]},
								"down": {"uv": [0, 0], "uv_size": [0, 0]}
							}
						}
					]
				},
				{
					"name": "bone93",
					"parent": "bone92",
					"pivot": [-2.5, 8.40782, -4.47051],
					"rotation": [0, 0, 9.85108],
					"cubes": [
						{
							"origin": [-4.6, 11.3, -2.85],
							"size": [2, 0.7, 0],
							"uv": {
								"north": {"uv": [125, 99], "uv_size": [2, 1]},
								"east": {"uv": [0, 0], "uv_size": [0, 0]},
								"south": {"uv": [0, 0], "uv_size": [0, 0]},
								"west": {"uv": [0, 0], "uv_size": [0, 0]},
								"up": {"uv": [0, 0], "uv_size": [0, 0]},
								"down": {"uv": [0, 0], "uv_size": [0, 0]}
							}
						},
						{
							"origin": [-4.55199, 9.70723, -2.7461],
							"size": [2, 6, 0],
							"uv": {
								"north": {"uv": [0, 0], "uv_size": [0, 0]},
								"east": {"uv": [0, 0], "uv_size": [0, 0]},
								"south": {"uv": [106, 104], "uv_size": [2, 6]},
								"west": {"uv": [0, 0], "uv_size": [0, 0]},
								"up": {"uv": [0, 0], "uv_size": [0, 0]},
								"down": {"uv": [0, 0], "uv_size": [0, 0]}
							}
						}
					]
				},
				{
					"name": "bone94",
					"parent": "bone93",
					"pivot": [-4.6, 11.65, -1.85],
					"rotation": [0, 87.5, 0],
					"cubes": [
						{
							"origin": [-5.8, 11.3, -1.85],
							"size": [2.2, 0.7, 0],
							"uv": {
								"north": {"uv": [115, 99], "uv_size": [2, 1]},
								"east": {"uv": [0, 0], "uv_size": [0, 0]},
								"south": {"uv": [0, 0], "uv_size": [0, 0]},
								"west": {"uv": [0, 0], "uv_size": [0, 0]},
								"up": {"uv": [0, 0], "uv_size": [0, 0]},
								"down": {"uv": [0, 0], "uv_size": [0, 0]}
							}
						}
					]
				},
				{
					"name": "bone95",
					"parent": "bone90",
					"pivot": [0, 8.75, 0],
					"rotation": [0, 90, 0]
				},
				{
					"name": "bone96",
					"parent": "bone95",
					"pivot": [0, 8.75, -4.47051],
					"rotation": [-10, 0, 0]
				},
				{
					"name": "bone97",
					"parent": "bone96",
					"pivot": [2.5, 8.40782, -4.47051],
					"rotation": [0, 0, -9.85108],
					"cubes": [
						{
							"origin": [0.7758, 9.70723, -4.47151],
							"size": [2, 6, 0],
							"uv": {
								"north": {"uv": [0, 0], "uv_size": [0, 0]},
								"east": {"uv": [0, 0], "uv_size": [0, 0]},
								"south": {"uv": [115, 104], "uv_size": [-2, 6]},
								"west": {"uv": [0, 0], "uv_size": [0, 0]},
								"up": {"uv": [0, 0], "uv_size": [0, 0]},
								"down": {"uv": [0, 0], "uv_size": [0, 0]}
							}
						}
					]
				},
				{
					"name": "bone98",
					"parent": "bone90",
					"pivot": [0, 8.75, 0],
					"rotation": [0, 270, 0]
				},
				{
					"name": "bone99",
					"parent": "bone98",
					"pivot": [0, 8.75, -4.47051],
					"rotation": [-10, 0, 0]
				},
				{
					"name": "bone100",
					"parent": "bone89",
					"pivot": [1.75, 21.75, 1.75]
				},
				{
					"name": "bone101",
					"parent": "bone100",
					"pivot": [0, 8.75, 0]
				},
				{
					"name": "bone102",
					"parent": "bone101",
					"pivot": [0, 8.75, -4.47051],
					"rotation": [-10, 0, 0],
					"cubes": [
						{
							"origin": [-2.5, 11.3117, -2.8],
							"size": [5, 0.7, 0],
							"uv": {
								"north": {"uv": [122, 102], "uv_size": [-5, 1]},
								"east": {"uv": [0, 0], "uv_size": [0, 0]},
								"south": {"uv": [0, 0], "uv_size": [0, 0]},
								"west": {"uv": [0, 0], "uv_size": [0, 0]},
								"up": {"uv": [0, 0], "uv_size": [0, 0]},
								"down": {"uv": [0, 0], "uv_size": [0, 0]}
							}
						}
					]
				},
				{
					"name": "bone103",
					"parent": "bone102",
					"pivot": [2.5, 8.40782, -4.47051],
					"rotation": [0, 0, -9.85108],
					"cubes": [
						{
							"origin": [2.6, 11.3, -2.85],
							"size": [2, 0.7, 0],
							"uv": {
								"north": {"uv": [127, 99], "uv_size": [-2, 1]},
								"east": {"uv": [0, 0], "uv_size": [0, 0]},
								"south": {"uv": [0, 0], "uv_size": [0, 0]},
								"west": {"uv": [0, 0], "uv_size": [0, 0]},
								"up": {"uv": [0, 0], "uv_size": [0, 0]},
								"down": {"uv": [0, 0], "uv_size": [0, 0]}
							}
						},
						{
							"origin": [2.55199, 9.70723, -2.7461],
							"size": [2, 6, 0],
							"uv": {
								"north": {"uv": [0, 0], "uv_size": [0, 0]},
								"east": {"uv": [0, 0], "uv_size": [0, 0]},
								"south": {"uv": [108, 104], "uv_size": [-2, 6]},
								"west": {"uv": [0, 0], "uv_size": [0, 0]},
								"up": {"uv": [0, 0], "uv_size": [0, 0]},
								"down": {"uv": [0, 0], "uv_size": [0, 0]}
							}
						}
					]
				},
				{
					"name": "bone104",
					"parent": "bone103",
					"pivot": [4.6, 11.65, -1.85],
					"rotation": [0, -87.5, 0],
					"cubes": [
						{
							"origin": [3.6, 11.3, -1.85],
							"size": [2.2, 0.7, 0],
							"uv": {
								"north": {"uv": [0, 0], "uv_size": [0, 0]},
								"east": {"uv": [0, 0], "uv_size": [0, 0]},
								"south": {"uv": [119, 99], "uv_size": [-2, 1]},
								"west": {"uv": [0, 0], "uv_size": [0, 0]},
								"up": {"uv": [0, 0], "uv_size": [0, 0]},
								"down": {"uv": [0, 0], "uv_size": [0, 0]}
							}
						}
					]
				},
				{
					"name": "bone105",
					"parent": "bone100",
					"pivot": [0, 8.75, 0],
					"rotation": [0, -90, 0]
				},
				{
					"name": "bone106",
					"parent": "bone105",
					"pivot": [0, 8.75, -4.47051],
					"rotation": [-10, 0, 0]
				},
				{
					"name": "bone107",
					"parent": "bone106",
					"pivot": [-2.5, 8.40782, -4.47051],
					"rotation": [0, 0, 9.85108],
					"cubes": [
						{
							"origin": [-2.7758, 9.70723, -4.47151],
							"size": [2, 6, 0],
							"uv": {
								"north": {"uv": [0, 0], "uv_size": [0, 0]},
								"east": {"uv": [0, 0], "uv_size": [0, 0]},
								"south": {"uv": [113, 104], "uv_size": [2, 6]},
								"west": {"uv": [0, 0], "uv_size": [0, 0]},
								"up": {"uv": [0, 0], "uv_size": [0, 0]},
								"down": {"uv": [0, 0], "uv_size": [0, 0]}
							}
						}
					]
				},
				{
					"name": "bone108",
					"parent": "bone100",
					"pivot": [0, 8.75, 0],
					"rotation": [0, -270, 0]
				},
				{
					"name": "bone109",
					"parent": "bone108",
					"pivot": [0, 8.75, -4.47051],
					"rotation": [-10, 0, 0]
				},
				{
					"name": "star",
					"parent": "hide_parts",
					"pivot": [0, 19.5, -2.25]
				},
				{
					"name": "star1",
					"parent": "star",
					"pivot": [0, 19.5, -2.25],
					"rotation": [-45, -24, 0],
					"cubes": [
						{
							"origin": [-0.04484, 21.17551, -3.89149],
							"size": [2, 2, 2],
							"inflate": -0.15,
							"uv": {
								"north": {"uv": [2, 42], "uv_size": [2, 2]},
								"east": {"uv": [0, 42], "uv_size": [2, 2]},
								"south": {"uv": [0, 0], "uv_size": [0, 0]},
								"west": {"uv": [0, 0], "uv_size": [0, 0]},
								"up": {"uv": [0, 0], "uv_size": [0, 0]},
								"down": {"uv": [4, 42], "uv_size": [2, -2]}
							}
						}
					]
				},
				{
					"name": "star2",
					"parent": "star",
					"pivot": [0, 19.5, -2.25],
					"rotation": [-45, -24, 90],
					"cubes": [
						{
							"origin": [-2.18754, 20.19159, -1.55841],
							"size": [2, 2, 2],
							"inflate": -0.15,
							"uv": {
								"north": {"uv": [2, 42], "uv_size": [2, 2]},
								"east": {"uv": [0, 42], "uv_size": [2, 2]},
								"south": {"uv": [0, 0], "uv_size": [0, 0]},
								"west": {"uv": [0, 0], "uv_size": [0, 0]},
								"up": {"uv": [0, 0], "uv_size": [0, 0]},
								"down": {"uv": [4, 42], "uv_size": [2, -2]}
							}
						}
					]
				},
				{
					"name": "star3",
					"parent": "star",
					"pivot": [0, 19.5, -2.25],
					"rotation": [-45, -24, -180],
					"cubes": [
						{
							"origin": [-0.04484, 17.85851, -0.57449],
							"size": [2, 2, 2],
							"inflate": -0.15,
							"uv": {
								"north": {"uv": [2, 42], "uv_size": [2, 2]},
								"east": {"uv": [0, 42], "uv_size": [2, 2]},
								"south": {"uv": [0, 0], "uv_size": [0, 0]},
								"west": {"uv": [0, 0], "uv_size": [0, 0]},
								"up": {"uv": [0, 0], "uv_size": [0, 0]},
								"down": {"uv": [4, 42], "uv_size": [2, -2]}
							}
						}
					]
				},
				{
					"name": "star4",
					"parent": "star",
					"pivot": [0, 19.5, -2.25],
					"rotation": [-45, -24, -90],
					"cubes": [
						{
							"origin": [2.09786, 18.84244, -2.90756],
							"size": [2, 2, 2],
							"inflate": -0.15,
							"uv": {
								"north": {"uv": [2, 42], "uv_size": [2, 2]},
								"east": {"uv": [0, 42], "uv_size": [2, 2]},
								"south": {"uv": [0, 0], "uv_size": [0, 0]},
								"west": {"uv": [0, 0], "uv_size": [0, 0]},
								"up": {"uv": [0, 0], "uv_size": [0, 0]},
								"down": {"uv": [4, 42], "uv_size": [2, -2]}
							}
						}
					]
				},
				{
					"name": "bone39",
					"parent": "body",
					"pivot": [0, 24, 0]
				},
				{
					"name": "bone38",
					"parent": "bone39",
					"pivot": [-0.25, 21.1, -1.3],
					"rotation": [-2.5, 0, 25],
					"cubes": [
						{
							"origin": [-0.8, 19, -1.8],
							"size": [1, 2.2, 1],
							"inflate": -0.2,
							"uv": {
								"north": {"uv": [26, 126], "uv_size": [1, 2]},
								"east": {"uv": [0, 0], "uv_size": [0, 0]},
								"south": {"uv": [0, 0], "uv_size": [0, 0]},
								"west": {"uv": [0, 0], "uv_size": [0, 0]},
								"up": {"uv": [0, 0], "uv_size": [0, 0]},
								"down": {"uv": [0, 0], "uv_size": [0, 0]}
							}
						}
					]
				},
				{
					"name": "bone40",
					"parent": "bone39",
					"pivot": [0.25, 21.1, -1.3],
					"rotation": [-2.5, 0, -25],
					"cubes": [
						{
							"origin": [-0.2, 19, -1.8],
							"size": [1, 2.2, 1],
							"inflate": -0.2,
							"uv": {
								"north": {"uv": [27, 126], "uv_size": [-1, 2]},
								"east": {"uv": [0, 0], "uv_size": [0, 0]},
								"south": {"uv": [0, 0], "uv_size": [0, 0]},
								"west": {"uv": [0, 0], "uv_size": [0, 0]},
								"up": {"uv": [0, 0], "uv_size": [0, 0]},
								"down": {"uv": [0, 0], "uv_size": [0, 0]}
							}
						}
					]
				},
				{
					"name": "bone42",
					"parent": "bone39",
					"pivot": [-0.25, 21.1, -1.3],
					"rotation": [-10, 0, 47.5],
					"cubes": [
						{
							"origin": [-0.8, 19.2, -1.8],
							"size": [1, 2, 1],
							"inflate": -0.2,
							"uv": {
								"north": {"uv": [30, 126], "uv_size": [1, 2]},
								"east": {"uv": [0, 0], "uv_size": [0, 0]},
								"south": {"uv": [0, 0], "uv_size": [0, 0]},
								"west": {"uv": [0, 0], "uv_size": [0, 0]},
								"up": {"uv": [0, 0], "uv_size": [0, 0]},
								"down": {"uv": [0, 0], "uv_size": [0, 0]}
							}
						}
					]
				},
				{
					"name": "bone41",
					"parent": "bone39",
					"pivot": [0.25, 21.1, -1.3],
					"rotation": [-10, 0, -47.5],
					"cubes": [
						{
							"origin": [-0.2, 19.2, -1.8],
							"size": [1, 2, 1],
							"inflate": -0.2,
							"uv": {
								"north": {"uv": [31, 126], "uv_size": [-1, 2]},
								"east": {"uv": [0, 0], "uv_size": [0, 0]},
								"south": {"uv": [0, 0], "uv_size": [0, 0]},
								"west": {"uv": [0, 0], "uv_size": [0, 0]},
								"up": {"uv": [0, 0], "uv_size": [0, 0]},
								"down": {"uv": [0, 0], "uv_size": [0, 0]}
							}
						}
					]
				},
				{
					"name": "left_leg",
					"pivot": [1.75, 12, 0],
					"cubes": [
						{"origin": [0.25, 7, -1.5], "size": [3, 5, 3], "uv": [13, 84]}
					]
				},
				{
					"name": "left_leg_down",
					"parent": "left_leg",
					"pivot": [1.75, 7, -1.5],
					"cubes": [
						{
							"origin": [0.25, 1.01, -1.5],
							"size": [3, 6, 3],
							"uv": {
								"north": {"uv": [3, 86], "uv_size": [3, 6]},
								"east": {"uv": [0, 86], "uv_size": [3, 6]},
								"south": {"uv": [9, 86], "uv_size": [3, 6]},
								"west": {"uv": [6, 86], "uv_size": [3, 6]},
								"up": {"uv": [3, 83], "uv_size": [3, 3]},
								"down": {"uv": [0, 0], "uv_size": [0, 0]}
							}
						}
					]
				},
				{
					"name": "left_foot",
					"parent": "left_leg",
					"pivot": [1.75, 7, -1.5],
					"cubes": [
						{
							"origin": [0.75, 0, -4.36603],
							"size": [2, 2, 1],
							"inflate": 0.001,
							"uv": {
								"north": {"uv": [112, 62], "uv_size": [2, 2]},
								"east": {"uv": [0, 0], "uv_size": [0, 0]},
								"south": {"uv": [0, 0], "uv_size": [0, 0]},
								"west": {"uv": [0, 0], "uv_size": [0, 0]},
								"up": {"uv": [112, 61], "uv_size": [2, 1]},
								"down": {"uv": [114, 62], "uv_size": [2, -1]}
							}
						},
						{
							"origin": [0.25, 0, 0.5],
							"size": [3, 1, 1],
							"uv": {
								"north": {"uv": [100, 56], "uv_size": [3, 1]},
								"east": {"uv": [99, 56], "uv_size": [1, 1]},
								"south": {"uv": [104, 56], "uv_size": [3, 1]},
								"west": {"uv": [103, 56], "uv_size": [1, 1]},
								"up": {"uv": [0, 0], "uv_size": [0, 0]},
								"down": {"uv": [103, 56], "uv_size": [3, -1]}
							}
						},
						{
							"origin": [0.25, 0, -3.5],
							"size": [3, 1, 3],
							"inflate": 0.01,
							"uv": {
								"north": {"uv": [114, 69], "uv_size": [3, 1]},
								"east": {"uv": [111, 69], "uv_size": [3, 1]},
								"south": {"uv": [120, 69], "uv_size": [3, 1]},
								"west": {"uv": [117, 69], "uv_size": [3, 1]},
								"up": {"uv": [0, 0], "uv_size": [0, 0]},
								"down": {"uv": [117, 69], "uv_size": [3, -3]}
							}
						},
						{
							"origin": [0.25, 1, -3.5],
							"size": [3, 1, 5],
							"inflate": 0.01,
							"uv": {
								"north": {"uv": [116, 52], "uv_size": [3, 1]},
								"east": {"uv": [111, 52], "uv_size": [5, 1]},
								"south": {"uv": [124, 52], "uv_size": [3, 1]},
								"west": {"uv": [119, 52], "uv_size": [5, 1]},
								"up": {"uv": [0, 0], "uv_size": [0, 0]},
								"down": {"uv": [119, 52], "uv_size": [3, -5]}
							}
						},
						{
							"origin": [0.25, 2, -1.5],
							"size": [3, 1, 3],
							"inflate": 0.02,
							"uv": {
								"north": {"uv": [0, 0], "uv_size": [0, 0]},
								"east": {"uv": [94, 65], "uv_size": [3, 1]},
								"south": {"uv": [103, 65], "uv_size": [3, 1]},
								"west": {"uv": [100, 65], "uv_size": [3, 1]},
								"up": {"uv": [0, 0], "uv_size": [0, 0]},
								"down": {"uv": [0, 0], "uv_size": [0, 0]}
							}
						}
					]
				},
				{
					"name": "shoes2",
					"parent": "left_foot",
					"pivot": [3.25, 0, -3.5],
					"rotation": [0, 30, 0],
					"cubes": [
						{
							"origin": [2.25, 0, -4.5],
							"size": [1, 2, 1],
							"uv": {
								"north": {"uv": [0, 0], "uv_size": [0, 0]},
								"east": {"uv": [0, 0], "uv_size": [0, 0]},
								"south": {"uv": [0, 0], "uv_size": [0, 0]},
								"west": {"uv": [121, 67], "uv_size": [-1, 2]},
								"up": {"uv": [122, 66], "uv_size": [-1, 1]},
								"down": {"uv": [123, 67], "uv_size": [-1, -1]}
							}
						}
					]
				},
				{
					"name": "shoes3",
					"parent": "left_foot",
					"pivot": [0.25, 0, -3.5],
					"rotation": [0, -30, 0],
					"cubes": [
						{
							"origin": [0.25, 0, -4.5],
							"size": [1, 2, 1],
							"uv": {
								"north": {"uv": [0, 0], "uv_size": [0, 0]},
								"east": {"uv": [120, 67], "uv_size": [1, 2]},
								"south": {"uv": [0, 0], "uv_size": [0, 0]},
								"west": {"uv": [0, 0], "uv_size": [0, 0]},
								"up": {"uv": [121, 66], "uv_size": [1, 1]},
								"down": {"uv": [122, 67], "uv_size": [1, -1]}
							}
						}
					]
				},
				{
					"name": "shoes",
					"parent": "left_foot",
					"pivot": [1.75, 2, -3.5],
					"rotation": [27.5, 0, 0],
					"cubes": [
						{
							"origin": [0.25, 1, -3.5],
							"size": [3, 1, 4],
							"inflate": 0.03,
							"uv": {
								"north": {"uv": [118, 65], "uv_size": [3, 1]},
								"east": {"uv": [114, 65], "uv_size": [4, 1]},
								"south": {"uv": [0, 0], "uv_size": [0, 0]},
								"west": {"uv": [121, 65], "uv_size": [4, 1]},
								"up": {"uv": [118, 61], "uv_size": [3, 4]},
								"down": {"uv": [0, 0], "uv_size": [0, 0]}
							}
						},
						{
							"origin": [0.25, 1.5, -4],
							"size": [3, 1, 2],
							"inflate": -0.7,
							"uv": {
								"north": {"uv": [0, 0], "uv_size": [0, 0]},
								"east": {"uv": [0, 0], "uv_size": [0, 0]},
								"south": {"uv": [0, 0], "uv_size": [0, 0]},
								"west": {"uv": [0, 0], "uv_size": [0, 0]},
								"up": {"uv": [0, 0], "uv_size": [0, 0]},
								"down": {"uv": [116, 74], "uv_size": [3, -2]}
							}
						}
					]
				},
				{
					"name": "shoes6",
					"parent": "left_foot",
					"pivot": [1.75, 2.85, -3.1],
					"rotation": [27.5, 0, 0],
					"cubes": [
						{
							"origin": [0.45, 1.5, -2.7],
							"size": [3, 1, 1],
							"inflate": -0.1,
							"uv": {
								"north": {"uv": [121, 57], "uv_size": [3, 1]},
								"east": {"uv": [120, 57], "uv_size": [1, 1]},
								"south": {"uv": [125, 57], "uv_size": [3, 1]},
								"west": {"uv": [124, 57], "uv_size": [1, 1]},
								"up": {"uv": [121, 56], "uv_size": [3, 1]},
								"down": {"uv": [0, 0], "uv_size": [0, 0]}
							}
						},
						{
							"origin": [0.05, 1.5, -2.7],
							"size": [3, 1, 1],
							"inflate": -0.101,
							"uv": {
								"north": {"uv": [121, 57], "uv_size": [3, 1]},
								"east": {"uv": [120, 57], "uv_size": [1, 1]},
								"south": {"uv": [125, 57], "uv_size": [3, 1]},
								"west": {"uv": [124, 57], "uv_size": [1, 1]},
								"up": {"uv": [121, 56], "uv_size": [3, 1]},
								"down": {"uv": [0, 0], "uv_size": [0, 0]}
							}
						},
						{
							"origin": [0.45, 1.25, -2.7],
							"size": [3, 1, 1],
							"inflate": -0.11,
							"uv": {
								"north": {"uv": [114, 56], "uv_size": [3, 1]},
								"east": {"uv": [113, 56], "uv_size": [1, 1]},
								"south": {"uv": [118, 56], "uv_size": [3, 1]},
								"west": {"uv": [117, 56], "uv_size": [1, 1]},
								"up": {"uv": [0, 0], "uv_size": [0, 0]},
								"down": {"uv": [117, 56], "uv_size": [3, -1]}
							}
						},
						{
							"origin": [0.05, 1.25, -2.7],
							"size": [3, 1, 1],
							"inflate": -0.11,
							"uv": {
								"north": {"uv": [114, 56], "uv_size": [3, 1]},
								"east": {"uv": [113, 56], "uv_size": [1, 1]},
								"south": {"uv": [118, 56], "uv_size": [3, 1]},
								"west": {"uv": [117, 56], "uv_size": [1, 1]},
								"up": {"uv": [0, 0], "uv_size": [0, 0]},
								"down": {"uv": [117, 56], "uv_size": [3, -1]}
							}
						}
					]
				},
				{
					"name": "right_leg",
					"pivot": [-1.75, 12, 0],
					"cubes": [
						{"origin": [-3.25, 7, -1.5], "size": [3, 5, 3], "uv": [13, 84], "mirror": true}
					]
				},
				{
					"name": "right_leg_down",
					"parent": "right_leg",
					"pivot": [-1.75, 7, -1.5],
					"cubes": [
						{
							"origin": [-3.25, 1.01, -1.5],
							"size": [3, 6, 3],
							"uv": {
								"north": {"uv": [6, 86], "uv_size": [-3, 6]},
								"east": {"uv": [9, 86], "uv_size": [-3, 6]},
								"south": {"uv": [12, 86], "uv_size": [-3, 6]},
								"west": {"uv": [3, 86], "uv_size": [-3, 6]},
								"up": {"uv": [6, 83], "uv_size": [-3, 3]},
								"down": {"uv": [0, 0], "uv_size": [0, 0]}
							}
						}
					]
				},
				{
					"name": "right_foot",
					"parent": "right_leg",
					"pivot": [-1.75, 7, -1.5],
					"cubes": [
						{
							"origin": [-2.75, 0, -4.36603],
							"size": [2, 2, 1],
							"inflate": 0.001,
							"uv": {
								"north": {"uv": [98, 84], "uv_size": [-2, 2]},
								"east": {"uv": [0, 0], "uv_size": [0, 0]},
								"south": {"uv": [0, 0], "uv_size": [0, 0]},
								"west": {"uv": [0, 0], "uv_size": [0, 0]},
								"up": {"uv": [98, 83], "uv_size": [-2, 1]},
								"down": {"uv": [100, 84], "uv_size": [-2, -1]}
							}
						},
						{
							"origin": [-3.25, 0, 0.5],
							"size": [3, 1, 1],
							"uv": {
								"north": {"uv": [124, 80], "uv_size": [-3, 1]},
								"east": {"uv": [125, 80], "uv_size": [-1, 1]},
								"south": {"uv": [128, 80], "uv_size": [-3, 1]},
								"west": {"uv": [121, 80], "uv_size": [-1, 1]},
								"up": {"uv": [0, 0], "uv_size": [0, 0]},
								"down": {"uv": [127, 80], "uv_size": [-3, -1]}
							}
						},
						{
							"origin": [-3.25, 0, -3.5],
							"size": [3, 1, 3],
							"inflate": 0.01,
							"uv": {
								"north": {"uv": [101, 91], "uv_size": [-3, 1]},
								"east": {"uv": [104, 91], "uv_size": [-3, 1]},
								"south": {"uv": [107, 91], "uv_size": [-3, 1]},
								"west": {"uv": [98, 91], "uv_size": [-3, 1]},
								"up": {"uv": [0, 0], "uv_size": [0, 0]},
								"down": {"uv": [104, 91], "uv_size": [-3, -3]}
							}
						},
						{
							"origin": [-3.25, 1, -3.5],
							"size": [3, 1, 5],
							"inflate": 0.01,
							"uv": {
								"north": {"uv": [0, 0], "uv_size": [0, 0]},
								"east": {"uv": [108, 74], "uv_size": [-5, 1]},
								"south": {"uv": [111, 74], "uv_size": [-3, 1]},
								"west": {"uv": [100, 74], "uv_size": [-5, 1]},
								"up": {"uv": [0, 0], "uv_size": [0, 0]},
								"down": {"uv": [106, 74], "uv_size": [-3, -5]}
							}
						},
						{
							"origin": [-3.25, 2, -1.5],
							"size": [3, 1, 3],
							"inflate": 0.02,
							"uv": {
								"north": {"uv": [0, 0], "uv_size": [0, 0]},
								"east": {"uv": [124, 89], "uv_size": [-3, 1]},
								"south": {"uv": [127, 89], "uv_size": [-3, 1]},
								"west": {"uv": [118, 89], "uv_size": [-3, 1]},
								"up": {"uv": [0, 0], "uv_size": [0, 0]},
								"down": {"uv": [0, 0], "uv_size": [0, 0]}
							}
						}
					]
				},
				{
					"name": "shoes4",
					"parent": "right_foot",
					"pivot": [-3.25, 0, -3.5],
					"rotation": [0, -30, 0],
					"cubes": [
						{
							"origin": [-3.25, 0, -4.5],
							"size": [1, 2, 1],
							"uv": {
								"north": {"uv": [0, 0], "uv_size": [0, 0]},
								"east": {"uv": [104, 89], "uv_size": [1, 2]},
								"south": {"uv": [0, 0], "uv_size": [0, 0]},
								"west": {"uv": [0, 0], "uv_size": [0, 0]},
								"up": {"uv": [105, 88], "uv_size": [1, 1]},
								"down": {"uv": [106, 89], "uv_size": [1, -1]}
							}
						}
					]
				},
				{
					"name": "shoes5",
					"parent": "right_foot",
					"pivot": [-0.25, 0, -3.5],
					"rotation": [0, 30, 0],
					"cubes": [
						{
							"origin": [-1.25, 0, -4.5],
							"size": [1, 2, 1],
							"uv": {
								"north": {"uv": [0, 0], "uv_size": [0, 0]},
								"east": {"uv": [0, 0], "uv_size": [0, 0]},
								"south": {"uv": [0, 0], "uv_size": [0, 0]},
								"west": {"uv": [105, 89], "uv_size": [-1, 2]},
								"up": {"uv": [106, 88], "uv_size": [-1, 1]},
								"down": {"uv": [107, 89], "uv_size": [-1, -1]}
							}
						}
					]
				},
				{
					"name": "shoes7",
					"parent": "right_foot",
					"pivot": [-1.75, 2, -3.5],
					"rotation": [27.5, 0, 0],
					"cubes": [
						{
							"origin": [-3.25, 1, -3.5],
							"size": [3, 1, 4],
							"inflate": 0.03,
							"uv": {
								"north": {"uv": [0, 0], "uv_size": [0, 0]},
								"east": {"uv": [109, 87], "uv_size": [-4, 1]},
								"south": {"uv": [0, 0], "uv_size": [0, 0]},
								"west": {"uv": [102, 87], "uv_size": [-4, 1]},
								"up": {"uv": [105, 83], "uv_size": [-3, 4]},
								"down": {"uv": [0, 0], "uv_size": [0, 0]}
							}
						},
						{
							"origin": [-3.25, 1.5, -4],
							"size": [3, 1, 2],
							"inflate": -0.7,
							"uv": {
								"north": {"uv": [0, 0], "uv_size": [0, 0]},
								"east": {"uv": [0, 0], "uv_size": [0, 0]},
								"south": {"uv": [0, 0], "uv_size": [0, 0]},
								"west": {"uv": [0, 0], "uv_size": [0, 0]},
								"up": {"uv": [0, 0], "uv_size": [0, 0]},
								"down": {"uv": [103, 96], "uv_size": [-3, -2]}
							}
						}
					]
				},
				{
					"name": "shoes8",
					"parent": "right_foot",
					"pivot": [-1.75, 2.85, -3.1],
					"rotation": [27.5, 0, 0],
					"cubes": [
						{
							"origin": [-3.45, 1.5, -2.7],
							"size": [3, 1, 1],
							"inflate": -0.1,
							"uv": {
								"north": {"uv": [108, 79], "uv_size": [-3, 1]},
								"east": {"uv": [109, 79], "uv_size": [-1, 1]},
								"south": {"uv": [112, 79], "uv_size": [-3, 1]},
								"west": {"uv": [105, 79], "uv_size": [-1, 1]},
								"up": {"uv": [108, 78], "uv_size": [-3, 1]},
								"down": {"uv": [0, 0], "uv_size": [0, 0]}
							}
						},
						{
							"origin": [-3.05, 1.5, -2.7],
							"size": [3, 1, 1],
							"inflate": -0.101,
							"uv": {
								"north": {"uv": [108, 79], "uv_size": [-3, 1]},
								"east": {"uv": [109, 79], "uv_size": [-1, 1]},
								"south": {"uv": [112, 79], "uv_size": [-3, 1]},
								"west": {"uv": [105, 79], "uv_size": [-1, 1]},
								"up": {"uv": [108, 78], "uv_size": [-3, 1]},
								"down": {"uv": [0, 0], "uv_size": [0, 0]}
							}
						},
						{
							"origin": [-3.45, 1.25, -2.7],
							"size": [3, 1, 1],
							"inflate": -0.11,
							"uv": {
								"north": {"uv": [101, 78], "uv_size": [-3, 1]},
								"east": {"uv": [102, 78], "uv_size": [-1, 1]},
								"south": {"uv": [105, 78], "uv_size": [-3, 1]},
								"west": {"uv": [98, 78], "uv_size": [-1, 1]},
								"up": {"uv": [0, 0], "uv_size": [0, 0]},
								"down": {"uv": [104, 78], "uv_size": [-3, -1]}
							}
						},
						{
							"origin": [-3.05, 1.25, -2.7],
							"size": [3, 1, 1],
							"inflate": -0.11,
							"uv": {
								"north": {"uv": [101, 78], "uv_size": [-3, 1]},
								"east": {"uv": [102, 78], "uv_size": [-1, 1]},
								"south": {"uv": [105, 78], "uv_size": [-3, 1]},
								"west": {"uv": [98, 78], "uv_size": [-1, 1]},
								"up": {"uv": [0, 0], "uv_size": [0, 0]},
								"down": {"uv": [104, 78], "uv_size": [-3, -1]}
							}
						}
					]
				},
				{
					"name": "left_arm",
					"pivot": [4, 22, 0],
					"cubes": [
						{"origin": [3.25, 17.25, -1.5], "size": [3.25, 6.5, 3], "inflate": -0.251, "uv": [25, 71]}
					]
				},
				{
					"name": "left_chestplate",
					"parent": "left_arm",
					"pivot": [4.75, 22, 0],
					"cubes": [
						{
							"origin": [3.4, 19, -1.5],
							"size": [3, 2, 3],
							"inflate": -0.05,
							"uv": {
								"north": {"uv": [34, 87], "uv_size": [-3, 2]},
								"east": {"uv": [37, 87], "uv_size": [-3, 2]},
								"south": {"uv": [40, 87], "uv_size": [-3, 2]},
								"west": {"uv": [31, 87], "uv_size": [-3, 2]},
								"up": {"uv": [0, 0], "uv_size": [0, 0]},
								"down": {"uv": [0, 0], "uv_size": [0, 0]}
							}
						}
					]
				},
				{
					"name": "left_arm_down",
					"parent": "left_arm",
					"pivot": [4.75, 17.5, 1.25],
					"cubes": [
						{
							"origin": [2.4, 13, -2.5],
							"size": [5, 3, 5],
							"inflate": -0.9,
							"uv": {
								"north": {"uv": [43, 77], "uv_size": [5, 3]},
								"east": {"uv": [38, 77], "uv_size": [5, 3]},
								"south": {"uv": [53, 77], "uv_size": [5, 3]},
								"west": {"uv": [48, 77], "uv_size": [5, 3]},
								"up": {"uv": [0, 0], "uv_size": [0, 0]},
								"down": {"uv": [0, 0], "uv_size": [0, 0]}
							}
						},
						{"origin": [3.25, 12.25, -1.5], "size": [3.25, 5.5, 3], "inflate": -0.251, "uv": [25, 93]},
						{
							"origin": [4.4, 15.8, -2.5],
							"size": [1, 5, 5],
							"inflate": -1.85,
							"uv": {
								"north": {"uv": [0, 0], "uv_size": [0, 0]},
								"east": {"uv": [44, 85], "uv_size": [3, 3]},
								"south": {"uv": [0, 0], "uv_size": [0, 0]},
								"west": {"uv": [1, 0], "uv_size": [-1, 0]},
								"up": {"uv": [0, 0], "uv_size": [0, 0]},
								"down": {"uv": [0, 0], "uv_size": [0, 0]}
							}
						}
					]
				},
				{
					"name": "right_arm",
					"pivot": [-4, 22, 0],
					"cubes": [
						{"origin": [-6.5, 17.25, -1.5], "size": [3.25, 6.5, 3], "inflate": -0.251, "uv": [25, 71], "mirror": true}
					]
				},
				{
					"name": "right_chestplate",
					"parent": "right_arm",
					"pivot": [-4.75, 22, 0],
					"cubes": [
						{
							"origin": [-6.4, 19, -1.5],
							"size": [3, 2, 3],
							"inflate": -0.05,
							"uv": {
								"north": {"uv": [31, 87], "uv_size": [3, 2]},
								"east": {"uv": [28, 87], "uv_size": [3, 2]},
								"south": {"uv": [37, 87], "uv_size": [3, 2]},
								"west": {"uv": [34, 87], "uv_size": [3, 2]},
								"up": {"uv": [0, 0], "uv_size": [0, 0]},
								"down": {"uv": [0, 0], "uv_size": [0, 0]}
							}
						}
					]
				},
				{
					"name": "right_arm_down",
					"parent": "right_arm",
					"pivot": [-4.75, 17.5, 1.25],
					"cubes": [
						{"origin": [-6.5, 12.25, -1.5], "size": [3.25, 5.5, 3], "inflate": -0.251, "uv": [25, 93], "mirror": true},
						{
							"origin": [-7.4, 13, -2.5],
							"size": [5, 3, 5],
							"inflate": -0.9,
							"uv": {
								"north": {"uv": [48, 77], "uv_size": [-5, 3]},
								"east": {"uv": [53, 77], "uv_size": [-5, 3]},
								"south": {"uv": [58, 77], "uv_size": [-5, 3]},
								"west": {"uv": [43, 77], "uv_size": [-5, 3]},
								"up": {"uv": [0, 0], "uv_size": [0, 0]},
								"down": {"uv": [0, 0], "uv_size": [0, 0]}
							}
						},
						{
							"origin": [-5.4, 15.8, -2.5],
							"size": [1, 5, 5],
							"inflate": -1.85,
							"uv": {
								"north": {"uv": [0, 0], "uv_size": [0, 0]},
								"east": {"uv": [1, 0], "uv_size": [-1, 0]},
								"south": {"uv": [0, 0], "uv_size": [0, 0]},
								"west": {"uv": [47, 85], "uv_size": [-3, 3]},
								"up": {"uv": [0, 0], "uv_size": [0, 0]},
								"down": {"uv": [0, 0], "uv_size": [0, 0]}
							}
						}
					]
				}
			]
		}
	]
}