{
	"format_version": "1.12.0",
	"minecraft:geometry": [
		{
			"description": {
				"identifier": "geometry.model",
				"texture_width": 128,
				"texture_height": 128,
				"visible_bounds_width": 3,
				"visible_bounds_height": 3.5,
				"visible_bounds_offset": [0, 1.25, 0]
			},
			"bones": [
				{
					"name": "hat",
					"pivot": [0, 24, 0]
				},
				{
					"name": "deco_head_back",
					"parent": "hat",
					"pivot": [0, 28, 4.25]
				},
				{
					"name": "deco_head17",
					"parent": "deco_head_back",
					"pivot": [0, 28, 4.25],
					"cubes": [
						{"origin": [-0.5, 28.0625, 4.0625], "size": [1, 2, 1], "inflate": 0.0625, "uv": [50, 71]}
					]
				},
				{
					"name": "deco_head2",
					"parent": "deco_head17",
					"pivot": [0.5625, 30.125, 5.125],
					"rotation": [0, 0, -45],
					"cubes": [
						{
							"origin": [-0.3375, 26.225, 4.225],
							"size": [1, 4, 1],
							"inflate": -0.1,
							"uv": {
								"north": {"uv": [0, 0], "uv_size": [0, 0]},
								"east": {"uv": [0, 0], "uv_size": [0, 0]},
								"south": {"uv": [0, 0], "uv_size": [0, 0]},
								"west": {"uv": [2, 45], "uv_size": [1, 4]},
								"up": {"uv": [0, 0], "uv_size": [0, 0]},
								"down": {"uv": [0, 0], "uv_size": [0, 0]}
							}
						}
					]
				},
				{
					"name": "deco_head3",
					"parent": "deco_head17",
					"pivot": [0.5625, 30.125, 5.125],
					"cubes": [
						{
							"origin": [2.34951, 26.53799, 4.225],
							"size": [1, 1, 1],
							"inflate": -0.1,
							"uv": {
								"north": {"uv": [0, 0], "uv_size": [0, 0]},
								"east": {"uv": [0, 0], "uv_size": [0, 0]},
								"south": {"uv": [0, 0], "uv_size": [0, 0]},
								"west": {"uv": [23, 62], "uv_size": [1, 1]},
								"up": {"uv": [0, 0], "uv_size": [0, 0]},
								"down": {"uv": [0, 0], "uv_size": [0, 0]}
							}
						}
					]
				},
				{
					"name": "deco_head4",
					"parent": "deco_head17",
					"pivot": [0.5625, 30.125, 5.125],
					"rotation": [0, 0, 45],
					"cubes": [
						{
							"origin": [4.02819, 28.65931, 4.225],
							"size": [1, 1, 1],
							"inflate": -0.1,
							"uv": {
								"north": {"uv": [0, 0], "uv_size": [0, 0]},
								"east": {"uv": [0, 0], "uv_size": [0, 0]},
								"south": {"uv": [0, 0], "uv_size": [0, 0]},
								"west": {"uv": [23, 62], "uv_size": [1, 1]},
								"up": {"uv": [0, 0], "uv_size": [0, 0]},
								"down": {"uv": [0, 0], "uv_size": [0, 0]}
							}
						}
					]
				},
				{
					"name": "deco_head5",
					"parent": "deco_head17",
					"pivot": [0.5625, 30.125, 5.125],
					"rotation": [0, 0, 75],
					"cubes": [
						{
							"origin": [4.12614, 30.22512, 4.225],
							"size": [1, 1, 1],
							"inflate": -0.1,
							"uv": {
								"north": {"uv": [0, 0], "uv_size": [0, 0]},
								"east": {"uv": [0, 0], "uv_size": [0, 0]},
								"south": {"uv": [0, 0], "uv_size": [0, 0]},
								"west": {"uv": [23, 62], "uv_size": [1, 1]},
								"up": {"uv": [0, 0], "uv_size": [0, 0]},
								"down": {"uv": [0, 0], "uv_size": [0, 0]}
							}
						}
					]
				},
				{
					"name": "deco_head6",
					"parent": "deco_head17",
					"pivot": [0.5625, 30.125, 5.125],
					"rotation": [0, 0, 105],
					"cubes": [
						{
							"origin": [3.42806, 31.63013, 4.225],
							"size": [1, 1, 1],
							"inflate": -0.1,
							"uv": {
								"north": {"uv": [0, 0], "uv_size": [0, 0]},
								"east": {"uv": [0, 0], "uv_size": [0, 0]},
								"south": {"uv": [0, 0], "uv_size": [0, 0]},
								"west": {"uv": [23, 62], "uv_size": [1, 1]},
								"up": {"uv": [0, 0], "uv_size": [0, 0]},
								"down": {"uv": [0, 0], "uv_size": [0, 0]}
							}
						}
					]
				},
				{
					"name": "deco_head7",
					"parent": "deco_head17",
					"pivot": [0.5625, 30.125, 5.125],
					"rotation": [0, 0, 165],
					"cubes": [
						{
							"origin": [0.1552, 31.28864, 4.225],
							"size": [1, 3, 1],
							"inflate": -0.1,
							"uv": {
								"north": {"uv": [0, 0], "uv_size": [0, 0]},
								"east": {"uv": [0, 0], "uv_size": [0, 0]},
								"south": {"uv": [0, 0], "uv_size": [0, 0]},
								"west": {"uv": [13, 60], "uv_size": [1, 3]},
								"up": {"uv": [0, 0], "uv_size": [0, 0]},
								"down": {"uv": [0, 0], "uv_size": [0, 0]}
							}
						}
					]
				},
				{
					"name": "deco_head8",
					"parent": "deco_head_back",
					"pivot": [0, 28, 4.25],
					"cubes": [
						{"origin": [-0.5, 28.0625, 4.0625], "size": [1, 2, 1], "inflate": 0.0625, "uv": [50, 71], "mirror": true}
					]
				},
				{
					"name": "deco_head9",
					"parent": "deco_head8",
					"pivot": [-0.5625, 30.125, 5.125],
					"rotation": [0, 0, 45],
					"cubes": [
						{
							"origin": [-0.6625, 26.225, 4.225],
							"size": [1, 4, 1],
							"inflate": -0.1,
							"uv": {
								"north": {"uv": [0, 0], "uv_size": [0, 0]},
								"east": {"uv": [3, 45], "uv_size": [-1, 4]},
								"south": {"uv": [0, 0], "uv_size": [0, 0]},
								"west": {"uv": [0, 0], "uv_size": [0, 0]},
								"up": {"uv": [0, 0], "uv_size": [0, 0]},
								"down": {"uv": [0, 0], "uv_size": [0, 0]}
							}
						}
					]
				},
				{
					"name": "deco_head10",
					"parent": "deco_head8",
					"pivot": [-0.5625, 30.125, 5.125],
					"cubes": [
						{
							"origin": [-3.34951, 26.53799, 4.225],
							"size": [1, 1, 1],
							"inflate": -0.1,
							"uv": {
								"north": {"uv": [0, 0], "uv_size": [0, 0]},
								"east": {"uv": [24, 62], "uv_size": [-1, 1]},
								"south": {"uv": [0, 0], "uv_size": [0, 0]},
								"west": {"uv": [0, 0], "uv_size": [0, 0]},
								"up": {"uv": [0, 0], "uv_size": [0, 0]},
								"down": {"uv": [0, 0], "uv_size": [0, 0]}
							}
						}
					]
				},
				{
					"name": "deco_head11",
					"parent": "deco_head8",
					"pivot": [-0.5625, 30.125, 5.125],
					"rotation": [0, 0, -45],
					"cubes": [
						{
							"origin": [-5.02819, 28.65931, 4.225],
							"size": [1, 1, 1],
							"inflate": -0.1,
							"uv": {
								"north": {"uv": [0, 0], "uv_size": [0, 0]},
								"east": {"uv": [24, 62], "uv_size": [-1, 1]},
								"south": {"uv": [0, 0], "uv_size": [0, 0]},
								"west": {"uv": [0, 0], "uv_size": [0, 0]},
								"up": {"uv": [0, 0], "uv_size": [0, 0]},
								"down": {"uv": [0, 0], "uv_size": [0, 0]}
							}
						}
					]
				},
				{
					"name": "deco_head12",
					"parent": "deco_head8",
					"pivot": [-0.5625, 30.125, 5.125],
					"rotation": [0, 0, -75],
					"cubes": [
						{
							"origin": [-5.12614, 30.22512, 4.225],
							"size": [1, 1, 1],
							"inflate": -0.1,
							"uv": {
								"north": {"uv": [0, 0], "uv_size": [0, 0]},
								"east": {"uv": [24, 62], "uv_size": [-1, 1]},
								"south": {"uv": [0, 0], "uv_size": [0, 0]},
								"west": {"uv": [0, 0], "uv_size": [0, 0]},
								"up": {"uv": [0, 0], "uv_size": [0, 0]},
								"down": {"uv": [0, 0], "uv_size": [0, 0]}
							}
						}
					]
				},
				{
					"name": "deco_head13",
					"parent": "deco_head8",
					"pivot": [-0.5625, 30.125, 5.125],
					"rotation": [0, 0, -105],
					"cubes": [
						{
							"origin": [-4.42806, 31.63013, 4.225],
							"size": [1, 1, 1],
							"inflate": -0.1,
							"uv": {
								"north": {"uv": [0, 0], "uv_size": [0, 0]},
								"east": {"uv": [24, 62], "uv_size": [-1, 1]},
								"south": {"uv": [0, 0], "uv_size": [0, 0]},
								"west": {"uv": [0, 0], "uv_size": [0, 0]},
								"up": {"uv": [0, 0], "uv_size": [0, 0]},
								"down": {"uv": [0, 0], "uv_size": [0, 0]}
							}
						}
					]
				},
				{
					"name": "deco_head14",
					"parent": "deco_head8",
					"pivot": [-0.5625, 30.125, 5.125],
					"rotation": [0, 0, -165],
					"cubes": [
						{
							"origin": [-1.1552, 31.28864, 4.225],
							"size": [1, 3, 1],
							"inflate": -0.1,
							"uv": {
								"north": {"uv": [0, 0], "uv_size": [0, 0]},
								"east": {"uv": [14, 60], "uv_size": [-1, 3]},
								"south": {"uv": [0, 0], "uv_size": [0, 0]},
								"west": {"uv": [0, 0], "uv_size": [0, 0]},
								"up": {"uv": [0, 0], "uv_size": [0, 0]},
								"down": {"uv": [0, 0], "uv_size": [0, 0]}
							}
						}
					]
				},
				{
					"name": "deco_head15",
					"parent": "deco_head_back",
					"pivot": [0.5625, 30.125, 4.275],
					"rotation": [0, 0, -30],
					"cubes": [
						{
							"origin": [-0.3375, 22.225, 3.425],
							"size": [1, 8, 1],
							"inflate": -0.1,
							"uv": {
								"north": {"uv": [0, 0], "uv_size": [0, 0]},
								"east": {"uv": [0, 0], "uv_size": [0, 0]},
								"south": {"uv": [21, 78], "uv_size": [1, 8]},
								"west": {"uv": [0, 0], "uv_size": [0, 0]},
								"up": {"uv": [0, 0], "uv_size": [0, 0]},
								"down": {"uv": [0, 0], "uv_size": [0, 0]}
							}
						}
					]
				},
				{
					"name": "deco_head16",
					"parent": "deco_head_back",
					"pivot": [-0.5625, 30.125, 4.275],
					"rotation": [0, 0, 30],
					"cubes": [
						{
							"origin": [-0.6625, 22.225, 3.425],
							"size": [1, 8, 1],
							"inflate": -0.1,
							"uv": {
								"north": {"uv": [0, 0], "uv_size": [0, 0]},
								"east": {"uv": [0, 0], "uv_size": [0, 0]},
								"south": {"uv": [22, 78], "uv_size": [-1, 8]},
								"west": {"uv": [0, 0], "uv_size": [0, 0]},
								"up": {"uv": [0, 0], "uv_size": [0, 0]},
								"down": {"uv": [0, 0], "uv_size": [0, 0]}
							}
						}
					]
				},
				{
					"name": "head",
					"pivot": [0, 24, 0],
					"mirror": true,
					"cubes": [
						{"origin": [-4, 24, -4], "size": [8, 8, 8], "uv": [32, 12], "mirror": false},
						{
							"origin": [-4, 24, -4],
							"size": [8, 8, 8],
							"inflate": 0.3,
							"uv": {
								"north": {"uv": [32, 36], "uv_size": [8, 8]},
								"east": {"uv": [24, 36], "uv_size": [8, 8]},
								"south": {"uv": [48, 36], "uv_size": [8, 8]},
								"west": {"uv": [40, 36], "uv_size": [8, 8]},
								"up": {"uv": [32, 28], "uv_size": [8, 8]},
								"down": {"uv": [0, 0], "uv_size": [0, 0]}
							}
						},
						{
							"origin": [-4, 24.5, -2.25],
							"size": [8, 8, 1],
							"inflate": 1,
							"uv": {
								"north": {"uv": [1, 87], "uv_size": [8, 8]},
								"east": {"uv": [0, 0], "uv_size": [0, 0]},
								"south": {"uv": [0, 0], "uv_size": [0, 0]},
								"west": {"uv": [0, 0], "uv_size": [0, 0]},
								"up": {"uv": [0, 0], "uv_size": [0, 0]},
								"down": {"uv": [0, 0], "uv_size": [0, 0]}
							}
						}
					]
				},
				{
					"name": "left_ear",
					"parent": "head",
					"pivot": [2, 30, -1]
				},
				{
					"name": "ear4",
					"parent": "left_ear",
					"pivot": [3, 32, -1],
					"rotation": [10, 0, 20],
					"cubes": [
						{
							"origin": [1.49815, 30.80208, -1.95527],
							"size": [1, 3, 1],
							"uv": {
								"north": {"uv": [52, 59], "uv_size": [-1, 3]},
								"east": {"uv": [53, 59], "uv_size": [-1, 3]},
								"south": {"uv": [54, 59], "uv_size": [-1, 3]},
								"west": {"uv": [51, 59], "uv_size": [-1, 3]},
								"up": {"uv": [0, 0], "uv_size": [0, 0]},
								"down": {"uv": [0, 0], "uv_size": [0, 0]}
							}
						}
					]
				},
				{
					"name": "ear5",
					"parent": "ear4",
					"pivot": [2.68584, 30.86585, -2.43628],
					"rotation": [13.5773, -1.77024, 7.28925],
					"cubes": [
						{
							"origin": [1.76002, 31.16281, -1.08299],
							"size": [2, 3, 1],
							"uv": {
								"north": {"uv": [29, 21], "uv_size": [-2, 3]},
								"east": {"uv": [30, 21], "uv_size": [-1, 3]},
								"south": {"uv": [32, 21], "uv_size": [-2, 3]},
								"west": {"uv": [27, 21], "uv_size": [-1, 3]},
								"up": {"uv": [29, 20], "uv_size": [-2, 1]},
								"down": {"uv": [0, 0], "uv_size": [0, 0]}
							}
						}
					]
				},
				{
					"name": "ear6",
					"parent": "ear4",
					"pivot": [1.53584, 34.01585, -3.18628],
					"rotation": [0, 0, 35],
					"cubes": [
						{"origin": [1.62758, 33.81912, -1.95527], "size": [1, 3, 1], "inflate": 0.001, "uv": [0, 59], "mirror": true}
					]
				},
				{
					"name": "ear10",
					"parent": "ear6",
					"pivot": [2.53584, 37.01585, -3.18628],
					"rotation": [0, 0, -45],
					"cubes": [
						{"origin": [1.46161, 33.81188, -1.95527], "size": [1, 3, 1], "uv": [0, 59], "mirror": true}
					]
				},
				{
					"name": "ear11",
					"parent": "ear10",
					"pivot": [2.53584, 34.01585, -3.18628],
					"rotation": [0, 0, 30],
					"cubes": [
						{
							"origin": [1.57354, 30.80208, -1.95527],
							"size": [1, 3, 1],
							"inflate": -0.001,
							"uv": {
								"north": {"uv": [52, 59], "uv_size": [-1, 3]},
								"east": {"uv": [53, 59], "uv_size": [-1, 3]},
								"south": {"uv": [54, 59], "uv_size": [-1, 3]},
								"west": {"uv": [51, 59], "uv_size": [-1, 3]},
								"up": {"uv": [0, 0], "uv_size": [0, 0]},
								"down": {"uv": [0, 0], "uv_size": [0, 0]}
							}
						}
					]
				},
				{
					"name": "ear12",
					"parent": "ear4",
					"pivot": [2.78584, 31.01585, -1.18628],
					"cubes": [
						{
							"origin": [1.8077, 29.82527, -1.24912],
							"size": [2, 2, 1],
							"inflate": 0.001,
							"uv": {
								"north": {"uv": [57, 1], "uv_size": [-2, 2]},
								"east": {"uv": [58, 1], "uv_size": [-1, 2]},
								"south": {"uv": [60, 1], "uv_size": [-2, 2]},
								"west": {"uv": [55, 1], "uv_size": [-1, 2]},
								"up": {"uv": [57, 0], "uv_size": [-2, 1]},
								"down": {"uv": [0, 0], "uv_size": [0, 0]}
							}
						}
					]
				},
				{
					"name": "right_ear",
					"parent": "head",
					"pivot": [-2, 30, -1]
				},
				{
					"name": "ear2",
					"parent": "right_ear",
					"pivot": [-3, 32, -1],
					"rotation": [10, 0, -20],
					"cubes": [
						{
							"origin": [-2.49815, 30.80208, -1.95527],
							"size": [1, 3, 1],
							"uv": {
								"north": {"uv": [51, 59], "uv_size": [1, 3]},
								"east": {"uv": [50, 59], "uv_size": [1, 3]},
								"south": {"uv": [53, 59], "uv_size": [1, 3]},
								"west": {"uv": [52, 59], "uv_size": [1, 3]},
								"up": {"uv": [0, 0], "uv_size": [0, 0]},
								"down": {"uv": [0, 0], "uv_size": [0, 0]}
							}
						}
					]
				},
				{
					"name": "ear3",
					"parent": "ear2",
					"pivot": [-2.68584, 30.86585, -2.43628],
					"rotation": [13.5773, 1.77024, -7.28925],
					"cubes": [
						{
							"origin": [-3.76002, 31.16281, -1.08299],
							"size": [2, 3, 1],
							"uv": {
								"north": {"uv": [27, 21], "uv_size": [2, 3]},
								"east": {"uv": [26, 21], "uv_size": [1, 3]},
								"south": {"uv": [30, 21], "uv_size": [2, 3]},
								"west": {"uv": [29, 21], "uv_size": [1, 3]},
								"up": {"uv": [27, 20], "uv_size": [2, 1]},
								"down": {"uv": [0, 0], "uv_size": [0, 0]}
							}
						}
					]
				},
				{
					"name": "ear7",
					"parent": "ear2",
					"pivot": [-1.53584, 34.01585, -3.18628],
					"rotation": [0, 0, -35],
					"cubes": [
						{"origin": [-2.62758, 33.81912, -1.95527], "size": [1, 3, 1], "inflate": 0.001, "uv": [0, 59]}
					]
				},
				{
					"name": "ear8",
					"parent": "ear7",
					"pivot": [-2.53584, 37.01585, -3.18628],
					"rotation": [0, 0, 45],
					"cubes": [
						{"origin": [-2.46161, 33.81188, -1.95527], "size": [1, 3, 1], "uv": [0, 59]}
					]
				},
				{
					"name": "ear9",
					"parent": "ear8",
					"pivot": [-2.53584, 34.01585, -3.18628],
					"rotation": [0, 0, -30],
					"cubes": [
						{
							"origin": [-2.57354, 30.80208, -1.95527],
							"size": [1, 3, 1],
							"inflate": -0.001,
							"uv": {
								"north": {"uv": [51, 59], "uv_size": [1, 3]},
								"east": {"uv": [50, 59], "uv_size": [1, 3]},
								"south": {"uv": [53, 59], "uv_size": [1, 3]},
								"west": {"uv": [52, 59], "uv_size": [1, 3]},
								"up": {"uv": [0, 0], "uv_size": [0, 0]},
								"down": {"uv": [0, 0], "uv_size": [0, 0]}
							}
						}
					]
				},
				{
					"name": "ear13",
					"parent": "ear2",
					"pivot": [-2.78584, 31.01585, -1.18628],
					"cubes": [
						{
							"origin": [-3.8077, 29.82527, -1.24912],
							"size": [2, 2, 1],
							"inflate": 0.001,
							"uv": {
								"north": {"uv": [55, 1], "uv_size": [2, 2]},
								"east": {"uv": [54, 1], "uv_size": [1, 2]},
								"south": {"uv": [58, 1], "uv_size": [2, 2]},
								"west": {"uv": [57, 1], "uv_size": [1, 2]},
								"up": {"uv": [55, 0], "uv_size": [2, 1]},
								"down": {"uv": [0, 0], "uv_size": [0, 0]}
							}
						}
					]
				},
				{
					"name": "deco_head_front",
					"parent": "right_ear",
					"pivot": [-3, 32, -1],
					"rotation": [10, 0, -20],
					"cubes": [
						{
							"origin": [-5, 32.25, -3.05],
							"size": [4, 1, 3],
							"inflate": -0.3,
							"uv": {
								"north": {"uv": [74, 31], "uv_size": [4, 1]},
								"east": {"uv": [71, 31], "uv_size": [3, 1]},
								"south": {"uv": [81, 31], "uv_size": [4, 1]},
								"west": {"uv": [78, 31], "uv_size": [3, 1]},
								"up": {"uv": [0, 0], "uv_size": [0, 0]},
								"down": {"uv": [0, 0], "uv_size": [0, 0]}
							}
						}
					]
				},
				{
					"name": "deco_head18",
					"parent": "deco_head_front",
					"pivot": [-3, 32.5, -3.2],
					"rotation": [-15, 0, 0],
					"cubes": [
						{"origin": [-3.5, 32.25, -3.5], "size": [1, 1, 1], "uv": [19, 42]}
					]
				},
				{
					"name": "deco_head19",
					"parent": "deco_head18",
					"pivot": [-3, 33, -3.2],
					"cubes": [
						{"origin": [-2.75, 32, -3.2], "size": [2, 1, 1], "inflate": 0.001, "uv": [30, 49], "mirror": true}
					]
				},
				{
					"name": "deco_head20",
					"parent": "deco_head19",
					"pivot": [-0.75, 33, -3.2],
					"rotation": [0, 0, -22.5],
					"cubes": [
						{"origin": [-2.75, 33, -3.2], "size": [2, 1, 1], "uv": [30, 49], "mirror": true}
					]
				},
				{
					"name": "deco_head21",
					"parent": "deco_head18",
					"pivot": [-3, 33, -3.2],
					"cubes": [
						{"origin": [-5.25, 32, -3.2], "size": [2, 1, 1], "inflate": 0.001, "uv": [30, 49]}
					]
				},
				{
					"name": "deco_head22",
					"parent": "deco_head21",
					"pivot": [-5.25, 33, -3.2],
					"rotation": [0, 0, 22.5],
					"cubes": [
						{"origin": [-5.25, 33, -3.2], "size": [2, 1, 1], "uv": [30, 49]}
					]
				},
				{
					"name": "ahoge",
					"parent": "head",
					"pivot": [0, 32.25, 0]
				},
				{
					"name": "tail",
					"pivot": [0, 15, 2]
				},
				{
					"name": "tail3",
					"parent": "tail",
					"pivot": [0, 18, 1],
					"rotation": [25, 0, 0],
					"mirror": true,
					"cubes": [
						{
							"origin": [-1.5, 8, -1],
							"size": [3, 7, 4],
							"inflate": -0.5,
							"uv": {
								"north": {"uv": [44, 62], "uv_size": [3, 7]},
								"east": {"uv": [40, 62], "uv_size": [4, 7]},
								"south": {"uv": [51, 62], "uv_size": [3, 7]},
								"west": {"uv": [47, 62], "uv_size": [4, 7]},
								"up": {"uv": [44, 58], "uv_size": [3, 4]},
								"down": {"uv": [0, 0], "uv_size": [0, 0]}
							}
						}
					]
				},
				{
					"name": "tail_down",
					"parent": "tail",
					"pivot": [0, 10, 7],
					"rotation": [9.66, 0, 0],
					"mirror": true,
					"cubes": [
						{
							"origin": [-1.5, 3.62865, 2.88723],
							"size": [3, 7, 4],
							"inflate": -0.5,
							"uv": {
								"north": {"uv": [30, 62], "uv_size": [3, 7]},
								"east": {"uv": [26, 62], "uv_size": [4, 7]},
								"south": {"uv": [37, 62], "uv_size": [3, 7]},
								"west": {"uv": [33, 62], "uv_size": [4, 7]},
								"up": {"uv": [30, 58], "uv_size": [3, 4]},
								"down": {"uv": [0, 0], "uv_size": [0, 0]}
							}
						},
						{
							"origin": [-1, 3.3641, 3.92286],
							"size": [2, 7, 2],
							"inflate": -0.5,
							"uv": {
								"north": {"uv": [2, 2], "uv_size": [2, 7]},
								"east": {"uv": [0, 2], "uv_size": [2, 7]},
								"south": {"uv": [6, 2], "uv_size": [2, 7]},
								"west": {"uv": [4, 2], "uv_size": [2, 7]},
								"up": {"uv": [2, 0], "uv_size": [2, 2]},
								"down": {"uv": [0, 0], "uv_size": [0, 0]}
							}
						}
					]
				},
				{
					"name": "body",
					"pivot": [0, 24, 0],
					"mirror": true,
					"cubes": [
						{
							"origin": [-2.5, 22, -2.5],
							"size": [5, 4, 5],
							"inflate": -1.25,
							"uv": {
								"north": {"uv": [61, 33], "uv_size": [5, 4]},
								"east": {"uv": [56, 33], "uv_size": [5, 4]},
								"south": {"uv": [71, 33], "uv_size": [5, 4]},
								"west": {"uv": [66, 33], "uv_size": [5, 4]},
								"up": {"uv": [61, 28], "uv_size": [5, 5]},
								"down": {"uv": [0, 0], "uv_size": [0, 0]}
							}
						},
						{"origin": [-3.5, 11.75, -1.5], "size": [7, 12, 3], "inflate": -0.251, "uv": [58, 0], "mirror": false}
					]
				},
				{
					"name": "hide_parts",
					"parent": "body",
					"pivot": [0, 24, 0]
				},
				{
					"name": "shirt",
					"parent": "hide_parts",
					"pivot": [-0.75, 0, 0.5],
					"cubes": [
						{
							"origin": [-4, 17, -2],
							"size": [8, 7, 4],
							"inflate": -0.5,
							"uv": {
								"north": {"uv": [58, 58], "uv_size": [8, 7]},
								"east": {"uv": [54, 58], "uv_size": [4, 7]},
								"south": {"uv": [70, 58], "uv_size": [8, 7]},
								"west": {"uv": [66, 58], "uv_size": [4, 7]},
								"up": {"uv": [58, 54], "uv_size": [8, 4]},
								"down": {"uv": [0, 0], "uv_size": [0, 0]}
							}
						}
					]
				},
				{
					"name": "shirt3",
					"parent": "shirt",
					"pivot": [-0.02121, 22.9, -1.5],
					"rotation": [0, 0, 45],
					"cubes": [
						{
							"origin": [-2.02121, 20.93, -1.852],
							"size": [4, 4, 1],
							"inflate": -0.35008,
							"uv": {
								"north": {"uv": [76, 16], "uv_size": [4, 4]},
								"east": {"uv": [0, 0], "uv_size": [0, 0]},
								"south": {"uv": [0, 0], "uv_size": [0, 0]},
								"west": {"uv": [0, 0], "uv_size": [0, 0]},
								"up": {"uv": [0, 0], "uv_size": [0, 0]},
								"down": {"uv": [0, 0], "uv_size": [0, 0]}
							}
						}
					]
				},
				{
					"name": "shirt2",
					"parent": "shirt",
					"pivot": [0, 22.5, -1.5],
					"rotation": [-31, 0, 0],
					"cubes": [
						{
							"origin": [-3.75, 19.83572, -1.8015],
							"size": [4, 3, 2],
							"inflate": -0.251,
							"uv": {
								"north": {"uv": [58, 17], "uv_size": [4, 3]},
								"east": {"uv": [56, 17], "uv_size": [2, 3]},
								"south": {"uv": [0, 0], "uv_size": [0, 0]},
								"west": {"uv": [0, 0], "uv_size": [0, 0]},
								"up": {"uv": [0, 0], "uv_size": [0, 0]},
								"down": {"uv": [62, 17], "uv_size": [4, -2]}
							}
						},
						{
							"origin": [-0.25, 19.83572, -1.8015],
							"size": [4, 3, 2],
							"inflate": -0.251,
							"uv": {
								"north": {"uv": [62, 17], "uv_size": [-4, 3]},
								"east": {"uv": [0, 0], "uv_size": [0, 0]},
								"south": {"uv": [0, 0], "uv_size": [0, 0]},
								"west": {"uv": [58, 17], "uv_size": [-2, 3]},
								"up": {"uv": [0, 0], "uv_size": [0, 0]},
								"down": {"uv": [66, 17], "uv_size": [-4, -2]}
							}
						}
					]
				},
				{
					"name": "shirt4",
					"parent": "shirt2",
					"pivot": [0, 22.18472, -1.12243],
					"rotation": [0, 0, 45],
					"cubes": [
						{
							"origin": [-1.5, 20.68472, -2.123],
							"size": [3, 3, 2],
							"inflate": -0.57192,
							"uv": {
								"north": {"uv": [2, 77], "uv_size": [3, 3]},
								"east": {"uv": [0, 0], "uv_size": [0, 0]},
								"south": {"uv": [0, 0], "uv_size": [0, 0]},
								"west": {"uv": [0, 0], "uv_size": [0, 0]},
								"up": {"uv": [0, 0], "uv_size": [0, 0]},
								"down": {"uv": [0, 0], "uv_size": [0, 0]}
							}
						}
					]
				},
				{
					"name": "shirt7",
					"parent": "shirt",
					"pivot": [3.5, 18.5, 0],
					"rotation": [0, 0, -15]
				},
				{
					"name": "shirt5",
					"parent": "shirt7",
					"pivot": [3.5, 18.5, -1.5],
					"rotation": [-13, 0, 0],
					"cubes": [
						{
							"origin": [-0.25, 16.5, -1.5],
							"size": [3.75, 2, 2],
							"uv": {
								"north": {"uv": [78, 34], "uv_size": [3, 2]},
								"east": {"uv": [0, 0], "uv_size": [0, 0]},
								"south": {"uv": [0, 0], "uv_size": [0, 0]},
								"west": {"uv": [81, 34], "uv_size": [2, 2]},
								"up": {"uv": [0, 0], "uv_size": [0, 0]},
								"down": {"uv": [0, 0], "uv_size": [0, 0]}
							}
						}
					]
				},
				{
					"name": "shirt6",
					"parent": "shirt7",
					"pivot": [3.5, 18.5, 1.5],
					"rotation": [13, 0, 0],
					"cubes": [
						{
							"origin": [-0.25, 16.5, -0.5],
							"size": [3.75, 2, 2],
							"uv": {
								"north": {"uv": [0, 0], "uv_size": [0, 0]},
								"east": {"uv": [0, 0], "uv_size": [0, 0]},
								"south": {"uv": [83, 23], "uv_size": [3, 2]},
								"west": {"uv": [81, 23], "uv_size": [2, 2]},
								"up": {"uv": [0, 0], "uv_size": [0, 0]},
								"down": {"uv": [0, 0], "uv_size": [0, 0]}
							}
						}
					]
				},
				{
					"name": "shirt8",
					"parent": "shirt",
					"pivot": [-3.5, 18.5, 0],
					"rotation": [0, 0, 15]
				},
				{
					"name": "shirt9",
					"parent": "shirt8",
					"pivot": [-3.5, 18.5, -1.5],
					"rotation": [-13, 0, 0],
					"cubes": [
						{
							"origin": [-3.5, 16.5, -1.5],
							"size": [3.75, 2, 2],
							"uv": {
								"north": {"uv": [81, 34], "uv_size": [-3, 2]},
								"east": {"uv": [83, 34], "uv_size": [-2, 2]},
								"south": {"uv": [0, 0], "uv_size": [0, 0]},
								"west": {"uv": [0, 0], "uv_size": [0, 0]},
								"up": {"uv": [0, 0], "uv_size": [0, 0]},
								"down": {"uv": [0, 0], "uv_size": [0, 0]}
							}
						}
					]
				},
				{
					"name": "shirt10",
					"parent": "shirt8",
					"pivot": [-3.5, 18.5, 1.5],
					"rotation": [13, 0, 0],
					"cubes": [
						{
							"origin": [-3.5, 16.5, -0.5],
							"size": [3.75, 2, 2],
							"uv": {
								"north": {"uv": [0, 0], "uv_size": [0, 0]},
								"east": {"uv": [83, 23], "uv_size": [-2, 2]},
								"south": {"uv": [86, 23], "uv_size": [-3, 2]},
								"west": {"uv": [0, 0], "uv_size": [0, 0]},
								"up": {"uv": [0, 0], "uv_size": [0, 0]},
								"down": {"uv": [0, 0], "uv_size": [0, 0]}
							}
						}
					]
				},
				{
					"name": "coat",
					"parent": "hide_parts",
					"pivot": [0, 24, 0],
					"cubes": [
						{
							"origin": [-5, 15.08125, -3],
							"size": [10, 10, 6],
							"inflate": -1.249,
							"uv": {
								"north": {"uv": [6, 26], "uv_size": [10, 10]},
								"east": {"uv": [0, 26], "uv_size": [6, 10]},
								"south": {"uv": [22, 26], "uv_size": [10, 10]},
								"west": {"uv": [16, 26], "uv_size": [6, 10]},
								"up": {"uv": [6, 20], "uv_size": [10, 6]},
								"down": {"uv": [0, 0], "uv_size": [0, 0]}
							}
						},
						{
							"origin": [-6, 17, -1.24835],
							"size": [7, 7, 7],
							"inflate": -3,
							"uv": {
								"north": {"uv": [37, 51], "uv_size": [7, 7]},
								"east": {"uv": [0, 0], "uv_size": [0, 0]},
								"south": {"uv": [0, 0], "uv_size": [0, 0]},
								"west": {"uv": [0, 0], "uv_size": [0, 0]},
								"up": {"uv": [0, 0], "uv_size": [0, 0]},
								"down": {"uv": [0, 0], "uv_size": [0, 0]}
							}
						},
						{
							"origin": [-1, 17, -1.24835],
							"size": [7, 7, 7],
							"inflate": -3,
							"uv": {
								"north": {"uv": [37, 51], "uv_size": [7, 7]},
								"east": {"uv": [0, 0], "uv_size": [0, 0]},
								"south": {"uv": [0, 0], "uv_size": [0, 0]},
								"west": {"uv": [0, 0], "uv_size": [0, 0]},
								"up": {"uv": [0, 0], "uv_size": [0, 0]},
								"down": {"uv": [0, 0], "uv_size": [0, 0]}
							}
						}
					]
				},
				{
					"name": "coat2",
					"parent": "coat",
					"pivot": [-0.25, 18.3, -1.75],
					"rotation": [-30.96376, 0, 0],
					"cubes": [
						{
							"origin": [-5.001, 17.93774, -5.0155],
							"size": [10, 5, 4],
							"inflate": -1.251,
							"uv": {
								"north": {"uv": [34, 4], "uv_size": [10, 5]},
								"east": {"uv": [30, 4], "uv_size": [4, 5]},
								"south": {"uv": [0, 0], "uv_size": [0, 0]},
								"west": {"uv": [44, 4], "uv_size": [4, 5]},
								"up": {"uv": [0, 0], "uv_size": [0, 0]},
								"down": {"uv": [44, 4], "uv_size": [10, -4]}
							}
						},
						{
							"origin": [-6.151, 17.68774, -6.77],
							"size": [7, 7, 7],
							"inflate": -3,
							"uv": {
								"north": {"uv": [37, 51], "uv_size": [7, 7]},
								"east": {"uv": [0, 0], "uv_size": [0, 0]},
								"south": {"uv": [0, 0], "uv_size": [0, 0]},
								"west": {"uv": [0, 0], "uv_size": [0, 0]},
								"up": {"uv": [0, 0], "uv_size": [0, 0]},
								"down": {"uv": [0, 0], "uv_size": [0, 0]}
							}
						},
						{
							"origin": [-0.849, 17.68774, -6.77],
							"size": [7, 7, 7],
							"inflate": -3,
							"uv": {
								"north": {"uv": [37, 51], "uv_size": [7, 7]},
								"east": {"uv": [0, 0], "uv_size": [0, 0]},
								"south": {"uv": [0, 0], "uv_size": [0, 0]},
								"west": {"uv": [0, 0], "uv_size": [0, 0]},
								"up": {"uv": [0, 0], "uv_size": [0, 0]},
								"down": {"uv": [0, 0], "uv_size": [0, 0]}
							}
						}
					]
				},
				{
					"name": "coat3",
					"parent": "coat",
					"pivot": [0, 19.30157, 1.62968],
					"rotation": [0, 0, 45],
					"cubes": [
						{
							"origin": [-5.02095, 14.32256, -0.9],
							"size": [10, 10, 5],
							"inflate": -2.34835,
							"uv": {
								"north": {"uv": [0, 0], "uv_size": [0, 0]},
								"east": {"uv": [0, 0], "uv_size": [0, 0]},
								"south": {"uv": [20, 49], "uv_size": [10, 10]},
								"west": {"uv": [0, 0], "uv_size": [0, 0]},
								"up": {"uv": [0, 0], "uv_size": [0, 0]},
								"down": {"uv": [0, 0], "uv_size": [0, 0]}
							}
						}
					]
				},
				{
					"name": "skirt",
					"parent": "hide_parts",
					"pivot": [0, 11.75, 0],
					"cubes": [
						{
							"origin": [-3.5, 15, -1.5],
							"size": [7, 2, 3],
							"uv": {
								"north": {"uv": [3, 39], "uv_size": [7, 2]},
								"east": {"uv": [0, 39], "uv_size": [3, 2]},
								"south": {"uv": [13, 39], "uv_size": [7, 2]},
								"west": {"uv": [10, 39], "uv_size": [3, 2]},
								"up": {"uv": [0, 0], "uv_size": [0, 0]},
								"down": {"uv": [0, 0], "uv_size": [0, 0]}
							}
						}
					]
				},
				{
					"name": "skirt_front",
					"parent": "skirt",
					"pivot": [0, 11.75, 1]
				},
				{
					"name": "skirt3",
					"parent": "skirt_front",
					"pivot": [0, 11.75, -4.98865],
					"rotation": [-28.87123, 0, 0],
					"cubes": [
						{
							"origin": [-2, 12.03673, -4.11294],
							"size": [4, 5, 1],
							"uv": {
								"north": {"uv": [70, 75], "uv_size": [4, 5]},
								"east": {"uv": [69, 75], "uv_size": [1, 5]},
								"south": {"uv": [75, 75], "uv_size": [4, 5]},
								"west": {"uv": [74, 75], "uv_size": [1, 5]},
								"up": {"uv": [70, 74], "uv_size": [4, 1]},
								"down": {"uv": [0, 0], "uv_size": [0, 0]}
							}
						},
						{
							"origin": [-2.5, 11.16102, -2.6301],
							"size": [5, 2, 0],
							"uv": {
								"north": {"uv": [10, 41], "uv_size": [5, 2]},
								"east": {"uv": [0, 0], "uv_size": [0, 0]},
								"south": {"uv": [0, 0], "uv_size": [0, 0]},
								"west": {"uv": [0, 0], "uv_size": [0, 0]},
								"up": {"uv": [0, 0], "uv_size": [0, 0]},
								"down": {"uv": [0, 0], "uv_size": [0, 0]}
							}
						},
						{
							"origin": [-1.5, 11.16102, -3.6301],
							"size": [1, 2, 1],
							"uv": {
								"north": {"uv": [74, 52], "uv_size": [1, 2]},
								"east": {"uv": [73, 52], "uv_size": [1, 2]},
								"south": {"uv": [0, 0], "uv_size": [0, 0]},
								"west": {"uv": [75, 52], "uv_size": [1, 2]},
								"up": {"uv": [0, 0], "uv_size": [0, 0]},
								"down": {"uv": [0, 0], "uv_size": [0, 0]}
							}
						},
						{
							"origin": [0.5, 11.16102, -3.6301],
							"size": [1, 2, 1],
							"uv": {
								"north": {"uv": [74, 52], "uv_size": [1, 2]},
								"east": {"uv": [73, 52], "uv_size": [1, 2]},
								"south": {"uv": [0, 0], "uv_size": [0, 0]},
								"west": {"uv": [75, 52], "uv_size": [1, 2]},
								"up": {"uv": [0, 0], "uv_size": [0, 0]},
								"down": {"uv": [0, 0], "uv_size": [0, 0]}
							}
						}
					]
				},
				{
					"name": "skirt6",
					"parent": "skirt3",
					"pivot": [0, 12.55388, -4.98865],
					"rotation": [1, -1, 45],
					"cubes": [
						{
							"origin": [-1.32609, 11.87987, -4.10129],
							"size": [2, 2, 0],
							"inflate": 0.001,
							"uv": {
								"north": {"uv": [73, 21], "uv_size": [2, 2]},
								"east": {"uv": [0, 0], "uv_size": [0, 0]},
								"south": {"uv": [0, 0], "uv_size": [0, 0]},
								"west": {"uv": [0, 0], "uv_size": [0, 0]},
								"up": {"uv": [0, 0], "uv_size": [0, 0]},
								"down": {"uv": [0, 0], "uv_size": [0, 0]}
							}
						}
					]
				},
				{
					"name": "skirt4",
					"parent": "skirt3",
					"pivot": [-2.48058, 11.75, -4.98865],
					"rotation": [0, 0, 11.30993],
					"cubes": [
						{
							"origin": [-2.72208, 12.15801, -3.14726],
							"size": [1, 5, 0],
							"uv": {
								"north": {"uv": [8, 0], "uv_size": [1, 5]},
								"east": {"uv": [0, 0], "uv_size": [0, 0]},
								"south": {"uv": [0, 0], "uv_size": [0, 0]},
								"west": {"uv": [0, 0], "uv_size": [0, 0]},
								"up": {"uv": [0, 0], "uv_size": [0, 0]},
								"down": {"uv": [0, 0], "uv_size": [0, 0]}
							}
						}
					]
				},
				{
					"name": "skirt5",
					"parent": "skirt3",
					"pivot": [2.48058, 11.75, -4.98865],
					"rotation": [0, 0, -11.30993],
					"cubes": [
						{
							"origin": [1.72208, 12.15801, -3.14726],
							"size": [1, 5, 0],
							"uv": {
								"north": {"uv": [8, 0], "uv_size": [1, 5]},
								"east": {"uv": [0, 0], "uv_size": [0, 0]},
								"south": {"uv": [0, 0], "uv_size": [0, 0]},
								"west": {"uv": [0, 0], "uv_size": [0, 0]},
								"up": {"uv": [0, 0], "uv_size": [0, 0]},
								"down": {"uv": [0, 0], "uv_size": [0, 0]}
							}
						}
					]
				},
				{
					"name": "skirt_back",
					"parent": "skirt",
					"pivot": [0, 11.75, -1],
					"rotation": [0, 180, 0]
				},
				{
					"name": "skirt2",
					"parent": "skirt_back",
					"pivot": [0, 11.75, -6.98865],
					"rotation": [-28.87123, 0, 0],
					"cubes": [
						{
							"origin": [-2, 12.03673, -6.11294],
							"size": [4, 5, 1],
							"uv": {
								"north": {"uv": [70, 75], "uv_size": [4, 5]},
								"east": {"uv": [69, 75], "uv_size": [1, 5]},
								"south": {"uv": [75, 75], "uv_size": [4, 5]},
								"west": {"uv": [74, 75], "uv_size": [1, 5]},
								"up": {"uv": [70, 74], "uv_size": [4, 1]},
								"down": {"uv": [0, 0], "uv_size": [0, 0]}
							}
						},
						{
							"origin": [-2.5, 11.16102, -4.6301],
							"size": [5, 2, 0],
							"uv": {
								"north": {"uv": [10, 41], "uv_size": [5, 2]},
								"east": {"uv": [0, 0], "uv_size": [0, 0]},
								"south": {"uv": [0, 0], "uv_size": [0, 0]},
								"west": {"uv": [0, 0], "uv_size": [0, 0]},
								"up": {"uv": [0, 0], "uv_size": [0, 0]},
								"down": {"uv": [0, 0], "uv_size": [0, 0]}
							}
						},
						{
							"origin": [-1.5, 11.16102, -5.6301],
							"size": [1, 2, 1],
							"uv": {
								"north": {"uv": [74, 52], "uv_size": [1, 2]},
								"east": {"uv": [73, 52], "uv_size": [1, 2]},
								"south": {"uv": [0, 0], "uv_size": [0, 0]},
								"west": {"uv": [75, 52], "uv_size": [1, 2]},
								"up": {"uv": [0, 0], "uv_size": [0, 0]},
								"down": {"uv": [0, 0], "uv_size": [0, 0]}
							}
						},
						{
							"origin": [0.5, 11.16102, -5.6301],
							"size": [1, 2, 1],
							"uv": {
								"north": {"uv": [74, 52], "uv_size": [1, 2]},
								"east": {"uv": [73, 52], "uv_size": [1, 2]},
								"south": {"uv": [0, 0], "uv_size": [0, 0]},
								"west": {"uv": [75, 52], "uv_size": [1, 2]},
								"up": {"uv": [0, 0], "uv_size": [0, 0]},
								"down": {"uv": [0, 0], "uv_size": [0, 0]}
							}
						}
					]
				},
				{
					"name": "skirt9",
					"parent": "skirt2",
					"pivot": [0, 12.55388, -6.98865],
					"rotation": [1, -1, 45],
					"cubes": [
						{
							"origin": [-1.32609, 11.87987, -6.10129],
							"size": [2, 2, 0],
							"inflate": 0.001,
							"uv": {
								"north": {"uv": [73, 21], "uv_size": [2, 2]},
								"east": {"uv": [0, 0], "uv_size": [0, 0]},
								"south": {"uv": [0, 0], "uv_size": [0, 0]},
								"west": {"uv": [0, 0], "uv_size": [0, 0]},
								"up": {"uv": [0, 0], "uv_size": [0, 0]},
								"down": {"uv": [0, 0], "uv_size": [0, 0]}
							}
						}
					]
				},
				{
					"name": "skirt14",
					"parent": "skirt2",
					"pivot": [-2.48058, 11.75, -6.98865],
					"rotation": [0, 0, 11.30993],
					"cubes": [
						{
							"origin": [-2.72208, 12.15801, -5.14726],
							"size": [1, 5, 0],
							"uv": {
								"north": {"uv": [8, 0], "uv_size": [1, 5]},
								"east": {"uv": [0, 0], "uv_size": [0, 0]},
								"south": {"uv": [0, 0], "uv_size": [0, 0]},
								"west": {"uv": [0, 0], "uv_size": [0, 0]},
								"up": {"uv": [0, 0], "uv_size": [0, 0]},
								"down": {"uv": [0, 0], "uv_size": [0, 0]}
							}
						}
					]
				},
				{
					"name": "skirt15",
					"parent": "skirt2",
					"pivot": [2.48058, 11.75, -6.98865],
					"rotation": [0, 0, -11.30993],
					"cubes": [
						{
							"origin": [1.72208, 12.15801, -5.14726],
							"size": [1, 5, 0],
							"uv": {
								"north": {"uv": [8, 0], "uv_size": [1, 5]},
								"east": {"uv": [0, 0], "uv_size": [0, 0]},
								"south": {"uv": [0, 0], "uv_size": [0, 0]},
								"west": {"uv": [0, 0], "uv_size": [0, 0]},
								"up": {"uv": [0, 0], "uv_size": [0, 0]},
								"down": {"uv": [0, 0], "uv_size": [0, 0]}
							}
						}
					]
				},
				{
					"name": "skirt_left",
					"parent": "skirt",
					"pivot": [-0.5, 11.75, 0],
					"rotation": [0, 90, 0]
				},
				{
					"name": "skirt11",
					"parent": "skirt_left",
					"pivot": [-0.5, 11.75, -5.98865],
					"rotation": [-28.87123, 0, 0],
					"cubes": [
						{
							"origin": [-1.05909, 11.80207, -5.35717],
							"size": [1, 5, 1],
							"uv": {
								"north": {"uv": [23, 78], "uv_size": [1, 5]},
								"east": {"uv": [22, 78], "uv_size": [1, 5]},
								"south": {"uv": [25, 78], "uv_size": [1, 5]},
								"west": {"uv": [24, 78], "uv_size": [1, 5]},
								"up": {"uv": [23, 77], "uv_size": [1, 1]},
								"down": {"uv": [0, 0], "uv_size": [0, 0]}
							}
						},
						{
							"origin": [-1.5, 11.07818, -3.90581],
							"size": [2, 2, 0],
							"uv": {
								"north": {"uv": [21, 70], "uv_size": [2, 2]},
								"east": {"uv": [0, 0], "uv_size": [0, 0]},
								"south": {"uv": [0, 0], "uv_size": [0, 0]},
								"west": {"uv": [0, 0], "uv_size": [0, 0]},
								"up": {"uv": [0, 0], "uv_size": [0, 0]},
								"down": {"uv": [0, 0], "uv_size": [0, 0]}
							}
						},
						{
							"origin": [-1.05, 10.97818, -4.8158],
							"size": [1, 2, 1],
							"inflate": -0.1,
							"uv": {
								"north": {"uv": [64, 66], "uv_size": [1, 2]},
								"east": {"uv": [63, 66], "uv_size": [1, 2]},
								"south": {"uv": [66, 66], "uv_size": [1, 2]},
								"west": {"uv": [65, 66], "uv_size": [1, 2]},
								"up": {"uv": [0, 0], "uv_size": [0, 0]},
								"down": {"uv": [0, 0], "uv_size": [0, 0]}
							}
						}
					]
				},
				{
					"name": "skirt8",
					"parent": "skirt11",
					"pivot": [-0.5, 12.55388, -5.98865],
					"rotation": [1, -1, 45],
					"cubes": [
						{
							"origin": [-1.1793, 12.17461, -5.63865],
							"size": [1, 1, 1],
							"inflate": -0.249,
							"uv": {
								"north": {"uv": [47, 72], "uv_size": [1, 1]},
								"east": {"uv": [0, 0], "uv_size": [0, 0]},
								"south": {"uv": [0, 0], "uv_size": [0, 0]},
								"west": {"uv": [0, 0], "uv_size": [0, 0]},
								"up": {"uv": [0, 0], "uv_size": [0, 0]},
								"down": {"uv": [0, 0], "uv_size": [0, 0]}
							}
						}
					]
				},
				{
					"name": "skirt12",
					"parent": "skirt11",
					"pivot": [-1.39223, 14.21508, -5.02297],
					"rotation": [0, 20, 11.30993],
					"cubes": [
						{
							"origin": [-1.77102, 12.07472, -4.03237],
							"size": [1, 5, 0],
							"uv": {
								"north": {"uv": [8, 0], "uv_size": [1, 5]},
								"east": {"uv": [0, 0], "uv_size": [0, 0]},
								"south": {"uv": [0, 0], "uv_size": [0, 0]},
								"west": {"uv": [0, 0], "uv_size": [0, 0]},
								"up": {"uv": [0, 0], "uv_size": [0, 0]},
								"down": {"uv": [0, 0], "uv_size": [0, 0]}
							}
						}
					]
				},
				{
					"name": "skirt18",
					"parent": "skirt11",
					"pivot": [0.39223, 14.21508, -5.02297],
					"rotation": [0, -20, -11.30993],
					"cubes": [
						{
							"origin": [-0.22898, 12.07472, -4.03237],
							"size": [1, 5, 0],
							"uv": {
								"north": {"uv": [9, 0], "uv_size": [-1, 5]},
								"east": {"uv": [0, 0], "uv_size": [0, 0]},
								"south": {"uv": [0, 0], "uv_size": [0, 0]},
								"west": {"uv": [0, 0], "uv_size": [0, 0]},
								"up": {"uv": [0, 0], "uv_size": [0, 0]},
								"down": {"uv": [0, 0], "uv_size": [0, 0]}
							}
						}
					]
				},
				{
					"name": "skirt_corner",
					"parent": "skirt",
					"pivot": [-0.5, 11.75, 1],
					"rotation": [0, 45, 0]
				},
				{
					"name": "skirt19",
					"parent": "skirt_corner",
					"pivot": [-0.5, 11.75, -4.98865],
					"rotation": [-28.87123, 0, 0],
					"cubes": [
						{
							"origin": [-1.70711, 11.89531, -4.36943],
							"size": [2, 5, 1],
							"uv": {
								"north": {"uv": [11, 78], "uv_size": [2, 5]},
								"east": {"uv": [10, 78], "uv_size": [1, 5]},
								"south": {"uv": [14, 78], "uv_size": [2, 5]},
								"west": {"uv": [13, 78], "uv_size": [1, 5]},
								"up": {"uv": [11, 77], "uv_size": [2, 1]},
								"down": {"uv": [0, 0], "uv_size": [0, 0]}
							}
						},
						{
							"origin": [-2.20711, 11.0196, -2.88659],
							"size": [3, 2, 0],
							"uv": {
								"north": {"uv": [46, 69], "uv_size": [3, 2]},
								"east": {"uv": [0, 0], "uv_size": [0, 0]},
								"south": {"uv": [49, 69], "uv_size": [3, 2]},
								"west": {"uv": [0, 0], "uv_size": [0, 0]},
								"up": {"uv": [0, 0], "uv_size": [0, 0]},
								"down": {"uv": [0, 0], "uv_size": [0, 0]}
							}
						},
						{
							"origin": [-1.20711, 11.0196, -3.88659],
							"size": [1, 2, 1],
							"uv": {
								"north": {"uv": [64, 66], "uv_size": [1, 2]},
								"east": {"uv": [63, 66], "uv_size": [1, 2]},
								"south": {"uv": [66, 66], "uv_size": [1, 2]},
								"west": {"uv": [65, 66], "uv_size": [1, 2]},
								"up": {"uv": [0, 0], "uv_size": [0, 0]},
								"down": {"uv": [0, 0], "uv_size": [0, 0]}
							}
						}
					]
				},
				{
					"name": "skirt7",
					"parent": "skirt19",
					"pivot": [-0.5, 12.55388, -4.98865],
					"rotation": [1, -1, 45],
					"cubes": [
						{
							"origin": [-1.4805, 11.78431, -4.6112],
							"size": [1.5, 1.5, 2],
							"inflate": -0.249,
							"uv": {
								"north": {"uv": [38, 60], "uv_size": [1, 1]},
								"east": {"uv": [0, 0], "uv_size": [0, 0]},
								"south": {"uv": [0, 0], "uv_size": [0, 0]},
								"west": {"uv": [0, 0], "uv_size": [0, 0]},
								"up": {"uv": [0, 0], "uv_size": [0, 0]},
								"down": {"uv": [0, 0], "uv_size": [0, 0]}
							}
						}
					]
				},
				{
					"name": "skirt21",
					"parent": "skirt19",
					"pivot": [1.98058, 11.75, -4.98865],
					"rotation": [0, 0, -11.30993],
					"cubes": [
						{
							"origin": [0.01068, 12.25606, -3.40375],
							"size": [1, 5, 0],
							"uv": {
								"north": {"uv": [8, 0], "uv_size": [1, 5]},
								"east": {"uv": [0, 0], "uv_size": [0, 0]},
								"south": {"uv": [0, 0], "uv_size": [0, 0]},
								"west": {"uv": [0, 0], "uv_size": [0, 0]},
								"up": {"uv": [0, 0], "uv_size": [0, 0]},
								"down": {"uv": [0, 0], "uv_size": [0, 0]}
							}
						}
					]
				},
				{
					"name": "skirt_corner2",
					"parent": "skirt",
					"pivot": [-0.5, 11.75, -1],
					"rotation": [0, 135, 0]
				},
				{
					"name": "skirt24",
					"parent": "skirt_corner2",
					"pivot": [-0.5, 11.75, -6.98865],
					"rotation": [-28.87123, 0, 0],
					"cubes": [
						{
							"origin": [-1.29289, 11.89531, -6.36943],
							"size": [2, 5, 1],
							"uv": {
								"north": {"uv": [11, 78], "uv_size": [2, 5]},
								"east": {"uv": [10, 78], "uv_size": [1, 5]},
								"south": {"uv": [14, 78], "uv_size": [2, 5]},
								"west": {"uv": [13, 78], "uv_size": [1, 5]},
								"up": {"uv": [11, 77], "uv_size": [2, 1]},
								"down": {"uv": [0, 0], "uv_size": [0, 0]}
							}
						},
						{
							"origin": [-1.79289, 11.0196, -4.88659],
							"size": [3, 2, 0],
							"uv": {
								"north": {"uv": [46, 69], "uv_size": [3, 2]},
								"east": {"uv": [0, 0], "uv_size": [0, 0]},
								"south": {"uv": [49, 69], "uv_size": [3, 2]},
								"west": {"uv": [0, 0], "uv_size": [0, 0]},
								"up": {"uv": [0, 0], "uv_size": [0, 0]},
								"down": {"uv": [0, 0], "uv_size": [0, 0]}
							}
						},
						{
							"origin": [-0.79289, 11.0196, -5.88659],
							"size": [1, 2, 1],
							"uv": {
								"north": {"uv": [64, 66], "uv_size": [1, 2]},
								"east": {"uv": [63, 66], "uv_size": [1, 2]},
								"south": {"uv": [66, 66], "uv_size": [1, 2]},
								"west": {"uv": [65, 66], "uv_size": [1, 2]},
								"up": {"uv": [0, 0], "uv_size": [0, 0]},
								"down": {"uv": [0, 0], "uv_size": [0, 0]}
							}
						}
					]
				},
				{
					"name": "skirt25",
					"parent": "skirt24",
					"pivot": [-0.5, 12.55388, -6.98865],
					"rotation": [1, -1, 45],
					"cubes": [
						{
							"origin": [-1.23065, 12.03447, -6.61119],
							"size": [1.5, 1.5, 2],
							"inflate": -0.249,
							"uv": {
								"north": {"uv": [38, 60], "uv_size": [1, 1]},
								"east": {"uv": [0, 0], "uv_size": [0, 0]},
								"south": {"uv": [0, 0], "uv_size": [0, 0]},
								"west": {"uv": [0, 0], "uv_size": [0, 0]},
								"up": {"uv": [0, 0], "uv_size": [0, 0]},
								"down": {"uv": [0, 0], "uv_size": [0, 0]}
							}
						}
					]
				},
				{
					"name": "skirt26",
					"parent": "skirt24",
					"pivot": [-2.98058, 11.75, -6.98865],
					"rotation": [0, 0, 11.30993],
					"cubes": [
						{
							"origin": [-2.01068, 12.25606, -5.40375],
							"size": [1, 5, 0],
							"uv": {
								"north": {"uv": [8, 0], "uv_size": [1, 5]},
								"east": {"uv": [0, 0], "uv_size": [0, 0]},
								"south": {"uv": [0, 0], "uv_size": [0, 0]},
								"west": {"uv": [0, 0], "uv_size": [0, 0]},
								"up": {"uv": [0, 0], "uv_size": [0, 0]},
								"down": {"uv": [0, 0], "uv_size": [0, 0]}
							}
						}
					]
				},
				{
					"name": "skirt_corner3",
					"parent": "skirt",
					"pivot": [0.5, 11.75, 1],
					"rotation": [0, -45, 0]
				},
				{
					"name": "skirt20",
					"parent": "skirt_corner3",
					"pivot": [0.5, 11.75, -4.98865],
					"rotation": [-28.87123, 0, 0],
					"cubes": [
						{
							"origin": [-0.29289, 11.89531, -4.36943],
							"size": [2, 5, 1],
							"uv": {
								"north": {"uv": [13, 78], "uv_size": [-2, 5]},
								"east": {"uv": [14, 78], "uv_size": [-1, 5]},
								"south": {"uv": [16, 78], "uv_size": [-2, 5]},
								"west": {"uv": [11, 78], "uv_size": [-1, 5]},
								"up": {"uv": [13, 77], "uv_size": [-2, 1]},
								"down": {"uv": [0, 0], "uv_size": [0, 0]}
							}
						},
						{
							"origin": [-0.79289, 11.0196, -2.88659],
							"size": [3, 2, 0],
							"uv": {
								"north": {"uv": [49, 69], "uv_size": [-3, 2]},
								"east": {"uv": [0, 0], "uv_size": [0, 0]},
								"south": {"uv": [52, 69], "uv_size": [-3, 2]},
								"west": {"uv": [0, 0], "uv_size": [0, 0]},
								"up": {"uv": [0, 0], "uv_size": [0, 0]},
								"down": {"uv": [0, 0], "uv_size": [0, 0]}
							}
						},
						{
							"origin": [0.20711, 11.0196, -3.88659],
							"size": [1, 2, 1],
							"uv": {
								"north": {"uv": [65, 66], "uv_size": [-1, 2]},
								"east": {"uv": [66, 66], "uv_size": [-1, 2]},
								"south": {"uv": [67, 66], "uv_size": [-1, 2]},
								"west": {"uv": [64, 66], "uv_size": [-1, 2]},
								"up": {"uv": [0, 0], "uv_size": [0, 0]},
								"down": {"uv": [0, 0], "uv_size": [0, 0]}
							}
						}
					]
				},
				{
					"name": "skirt22",
					"parent": "skirt20",
					"pivot": [0.5, 12.55388, -4.98865],
					"rotation": [1, 1, -45],
					"cubes": [
						{
							"origin": [-0.0195, 11.78431, -4.6112],
							"size": [1.5, 1.5, 2],
							"inflate": -0.249,
							"uv": {
								"north": {"uv": [39, 60], "uv_size": [-1, 1]},
								"east": {"uv": [0, 0], "uv_size": [0, 0]},
								"south": {"uv": [0, 0], "uv_size": [0, 0]},
								"west": {"uv": [0, 0], "uv_size": [0, 0]},
								"up": {"uv": [0, 0], "uv_size": [0, 0]},
								"down": {"uv": [0, 0], "uv_size": [0, 0]}
							}
						}
					]
				},
				{
					"name": "skirt23",
					"parent": "skirt20",
					"pivot": [-1.98058, 11.75, -4.98865],
					"rotation": [0, 0, 11.30993],
					"cubes": [
						{
							"origin": [-1.01068, 12.25606, -3.40375],
							"size": [1, 5, 0],
							"uv": {
								"north": {"uv": [9, 0], "uv_size": [-1, 5]},
								"east": {"uv": [0, 0], "uv_size": [0, 0]},
								"south": {"uv": [0, 0], "uv_size": [0, 0]},
								"west": {"uv": [0, 0], "uv_size": [0, 0]},
								"up": {"uv": [0, 0], "uv_size": [0, 0]},
								"down": {"uv": [0, 0], "uv_size": [0, 0]}
							}
						}
					]
				},
				{
					"name": "skirt_corner4",
					"parent": "skirt",
					"pivot": [0.5, 11.75, -1],
					"rotation": [0, -135, 0]
				},
				{
					"name": "skirt27",
					"parent": "skirt_corner4",
					"pivot": [0.5, 11.75, -6.98865],
					"rotation": [-28.87123, 0, 0],
					"cubes": [
						{
							"origin": [-0.70711, 11.89531, -6.36943],
							"size": [2, 5, 1],
							"uv": {
								"north": {"uv": [13, 78], "uv_size": [-2, 5]},
								"east": {"uv": [14, 78], "uv_size": [-1, 5]},
								"south": {"uv": [16, 78], "uv_size": [-2, 5]},
								"west": {"uv": [11, 78], "uv_size": [-1, 5]},
								"up": {"uv": [13, 77], "uv_size": [-2, 1]},
								"down": {"uv": [0, 0], "uv_size": [0, 0]}
							}
						},
						{
							"origin": [-1.20711, 11.0196, -4.88659],
							"size": [3, 2, 0],
							"uv": {
								"north": {"uv": [49, 69], "uv_size": [-3, 2]},
								"east": {"uv": [0, 0], "uv_size": [0, 0]},
								"south": {"uv": [52, 69], "uv_size": [-3, 2]},
								"west": {"uv": [0, 0], "uv_size": [0, 0]},
								"up": {"uv": [0, 0], "uv_size": [0, 0]},
								"down": {"uv": [0, 0], "uv_size": [0, 0]}
							}
						},
						{
							"origin": [-0.20711, 11.0196, -5.88659],
							"size": [1, 2, 1],
							"uv": {
								"north": {"uv": [65, 66], "uv_size": [-1, 2]},
								"east": {"uv": [66, 66], "uv_size": [-1, 2]},
								"south": {"uv": [67, 66], "uv_size": [-1, 2]},
								"west": {"uv": [64, 66], "uv_size": [-1, 2]},
								"up": {"uv": [0, 0], "uv_size": [0, 0]},
								"down": {"uv": [0, 0], "uv_size": [0, 0]}
							}
						}
					]
				},
				{
					"name": "skirt28",
					"parent": "skirt27",
					"pivot": [0.5, 12.55388, -6.98865],
					"rotation": [1, 1, -45],
					"cubes": [
						{
							"origin": [-0.26935, 12.03447, -6.61119],
							"size": [1.5, 1.5, 2],
							"inflate": -0.249,
							"uv": {
								"north": {"uv": [39, 60], "uv_size": [-1, 1]},
								"east": {"uv": [0, 0], "uv_size": [0, 0]},
								"south": {"uv": [0, 0], "uv_size": [0, 0]},
								"west": {"uv": [0, 0], "uv_size": [0, 0]},
								"up": {"uv": [0, 0], "uv_size": [0, 0]},
								"down": {"uv": [0, 0], "uv_size": [0, 0]}
							}
						}
					]
				},
				{
					"name": "skirt29",
					"parent": "skirt27",
					"pivot": [2.98058, 11.75, -6.98865],
					"rotation": [0, 0, -11.30993],
					"cubes": [
						{
							"origin": [1.01068, 12.25606, -5.40375],
							"size": [1, 5, 0],
							"uv": {
								"north": {"uv": [9, 0], "uv_size": [-1, 5]},
								"east": {"uv": [0, 0], "uv_size": [0, 0]},
								"south": {"uv": [0, 0], "uv_size": [0, 0]},
								"west": {"uv": [0, 0], "uv_size": [0, 0]},
								"up": {"uv": [0, 0], "uv_size": [0, 0]},
								"down": {"uv": [0, 0], "uv_size": [0, 0]}
							}
						}
					]
				},
				{
					"name": "skirt_right",
					"parent": "skirt",
					"pivot": [0.5, 11.75, 0],
					"rotation": [0, -90, 0]
				},
				{
					"name": "skirt10",
					"parent": "skirt_right",
					"pivot": [0.5, 11.75, -5.98865],
					"rotation": [-28.87123, 0, 0],
					"cubes": [
						{
							"origin": [0.05909, 11.80207, -5.35717],
							"size": [1, 5, 1],
							"uv": {
								"north": {"uv": [24, 78], "uv_size": [-1, 5]},
								"east": {"uv": [25, 78], "uv_size": [-1, 5]},
								"south": {"uv": [26, 78], "uv_size": [-1, 5]},
								"west": {"uv": [23, 78], "uv_size": [-1, 5]},
								"up": {"uv": [24, 77], "uv_size": [-1, 1]},
								"down": {"uv": [0, 0], "uv_size": [0, 0]}
							}
						},
						{
							"origin": [-0.5, 11.07818, -3.90581],
							"size": [2, 2, 0],
							"uv": {
								"north": {"uv": [23, 70], "uv_size": [-2, 2]},
								"east": {"uv": [0, 0], "uv_size": [0, 0]},
								"south": {"uv": [0, 0], "uv_size": [0, 0]},
								"west": {"uv": [0, 0], "uv_size": [0, 0]},
								"up": {"uv": [0, 0], "uv_size": [0, 0]},
								"down": {"uv": [0, 0], "uv_size": [0, 0]}
							}
						},
						{
							"origin": [0.05, 10.97818, -4.8158],
							"size": [1, 2, 1],
							"inflate": -0.1,
							"uv": {
								"north": {"uv": [65, 66], "uv_size": [-1, 2]},
								"east": {"uv": [66, 66], "uv_size": [-1, 2]},
								"south": {"uv": [67, 66], "uv_size": [-1, 2]},
								"west": {"uv": [64, 66], "uv_size": [-1, 2]},
								"up": {"uv": [0, 0], "uv_size": [0, 0]},
								"down": {"uv": [0, 0], "uv_size": [0, 0]}
							}
						}
					]
				},
				{
					"name": "skirt13",
					"parent": "skirt10",
					"pivot": [0.5, 12.55388, -5.98865],
					"rotation": [1, 1, -45],
					"cubes": [
						{
							"origin": [0.1793, 12.17461, -5.63865],
							"size": [1, 1, 1],
							"inflate": -0.249,
							"uv": {
								"north": {"uv": [48, 72], "uv_size": [-1, 1]},
								"east": {"uv": [0, 0], "uv_size": [0, 0]},
								"south": {"uv": [0, 0], "uv_size": [0, 0]},
								"west": {"uv": [0, 0], "uv_size": [0, 0]},
								"up": {"uv": [0, 0], "uv_size": [0, 0]},
								"down": {"uv": [0, 0], "uv_size": [0, 0]}
							}
						}
					]
				},
				{
					"name": "skirt16",
					"parent": "skirt10",
					"pivot": [1.39223, 14.21508, -5.02297],
					"rotation": [0, -20, -11.30993],
					"cubes": [
						{
							"origin": [0.77102, 12.07472, -4.03237],
							"size": [1, 5, 0],
							"uv": {
								"north": {"uv": [9, 0], "uv_size": [-1, 5]},
								"east": {"uv": [0, 0], "uv_size": [0, 0]},
								"south": {"uv": [0, 0], "uv_size": [0, 0]},
								"west": {"uv": [0, 0], "uv_size": [0, 0]},
								"up": {"uv": [0, 0], "uv_size": [0, 0]},
								"down": {"uv": [0, 0], "uv_size": [0, 0]}
							}
						}
					]
				},
				{
					"name": "skirt17",
					"parent": "skirt10",
					"pivot": [-0.39223, 14.21508, -5.02297],
					"rotation": [0, 20, 11.30993],
					"cubes": [
						{
							"origin": [-0.77102, 12.07472, -4.03237],
							"size": [1, 5, 0],
							"uv": {
								"north": {"uv": [8, 0], "uv_size": [1, 5]},
								"east": {"uv": [0, 0], "uv_size": [0, 0]},
								"south": {"uv": [0, 0], "uv_size": [0, 0]},
								"west": {"uv": [0, 0], "uv_size": [0, 0]},
								"up": {"uv": [0, 0], "uv_size": [0, 0]},
								"down": {"uv": [0, 0], "uv_size": [0, 0]}
							}
						}
					]
				},
				{
					"name": "buttons",
					"parent": "hide_parts",
					"pivot": [0, -0.25, 0],
					"cubes": [
						{"origin": [-1, 18.45, -1.8], "size": [2, 1, 1], "inflate": -0.249, "uv": [9, 67]},
						{"origin": [-1.2, 18.45, -1.8], "size": [1, 1, 1], "inflate": -0.25, "uv": [22, 67]},
						{"origin": [0.2, 18.45, -1.8], "size": [1, 1, 1], "inflate": -0.25, "uv": [22, 67]},
						{"origin": [-1, 17.2, -1.8], "size": [2, 1, 1], "inflate": -0.249, "uv": [9, 67]},
						{"origin": [0.2, 17.2, -1.8], "size": [1, 1, 1], "inflate": -0.25, "uv": [22, 67]},
						{"origin": [-1.2, 17.2, -1.8], "size": [1, 1, 1], "inflate": -0.25, "uv": [22, 67]}
					]
				},
				{
					"name": "button1",
					"parent": "buttons",
					"pivot": [0, 18.95, -1.6],
					"cubes": [
						{
							"origin": [-5, 13.95, -6.1],
							"size": [10, 10, 10],
							"inflate": -4.5,
							"uv": {
								"north": {"uv": [10, 10], "uv_size": [10, 10]},
								"east": {"uv": [0, 0], "uv_size": [0, 0]},
								"south": {"uv": [0, 0], "uv_size": [0, 0]},
								"west": {"uv": [0, 0], "uv_size": [0, 0]},
								"up": {"uv": [0, 0], "uv_size": [0, 0]},
								"down": {"uv": [0, 0], "uv_size": [0, 0]}
							}
						}
					]
				},
				{
					"name": "button2",
					"parent": "button1",
					"pivot": [0, 18.95, -3.9],
					"rotation": [0, 0, 45],
					"cubes": [
						{
							"origin": [-3.5, 15.45, -4.6],
							"size": [7, 7, 7],
							"inflate": -3.00503,
							"uv": {
								"north": {"uv": [58, 44], "uv_size": [7, 7]},
								"east": {"uv": [0, 0], "uv_size": [0, 0]},
								"south": {"uv": [0, 0], "uv_size": [0, 0]},
								"west": {"uv": [0, 0], "uv_size": [0, 0]},
								"up": {"uv": [0, 0], "uv_size": [0, 0]},
								"down": {"uv": [0, 0], "uv_size": [0, 0]}
							}
						}
					]
				},
				{
					"name": "button3",
					"parent": "buttons",
					"pivot": [0, 17.7, -1.6],
					"cubes": [
						{
							"origin": [-5, 12.7, -6.1],
							"size": [10, 10, 10],
							"inflate": -4.5,
							"uv": {
								"north": {"uv": [10, 10], "uv_size": [10, 10]},
								"east": {"uv": [0, 0], "uv_size": [0, 0]},
								"south": {"uv": [0, 0], "uv_size": [0, 0]},
								"west": {"uv": [0, 0], "uv_size": [0, 0]},
								"up": {"uv": [0, 0], "uv_size": [0, 0]},
								"down": {"uv": [0, 0], "uv_size": [0, 0]}
							}
						}
					]
				},
				{
					"name": "button4",
					"parent": "button3",
					"pivot": [0, 17.7, -3.9],
					"rotation": [0, 0, 45],
					"cubes": [
						{
							"origin": [-3.5, 14.2, -4.6],
							"size": [7, 7, 7],
							"inflate": -3.00503,
							"uv": {
								"north": {"uv": [58, 44], "uv_size": [7, 7]},
								"east": {"uv": [0, 0], "uv_size": [0, 0]},
								"south": {"uv": [0, 0], "uv_size": [0, 0]},
								"west": {"uv": [0, 0], "uv_size": [0, 0]},
								"up": {"uv": [0, 0], "uv_size": [0, 0]},
								"down": {"uv": [0, 0], "uv_size": [0, 0]}
							}
						}
					]
				},
				{
					"name": "deco_back",
					"parent": "hide_parts",
					"pivot": [0, 17, 1.5]
				},
				{
					"name": "gem2",
					"parent": "deco_back",
					"pivot": [0, 17, 1.5],
					"cubes": [
						{"origin": [-1, 15.75, 1.25], "size": [2, 3, 2], "uv": [76, 63]}
					]
				},
				{
					"name": "hudiejie11",
					"parent": "deco_back",
					"pivot": [0, 17, 2.5],
					"rotation": [0, -15, -30],
					"cubes": [
						{"origin": [0, 16, 1.5], "size": [4, 2, 1], "uv": [0, 41]}
					]
				},
				{
					"name": "hudiejie12",
					"parent": "deco_back",
					"pivot": [0, 17, 2.5],
					"rotation": [0, -27.5, -10],
					"cubes": [
						{"origin": [0, 16, 1.5], "size": [4, 2, 1], "uv": [0, 41]}
					]
				},
				{
					"name": "hudiejie13",
					"parent": "deco_back",
					"pivot": [0, 17, 2.5],
					"rotation": [0, -15, 10],
					"cubes": [
						{"origin": [0, 16, 1.5], "size": [4, 2, 1], "uv": [0, 41]}
					]
				},
				{
					"name": "hudiejie14",
					"parent": "deco_back",
					"pivot": [0, 17, 2.5],
					"rotation": [0, 15, 30],
					"cubes": [
						{"origin": [-4, 16, 1.5], "size": [4, 2, 1], "uv": [0, 41], "mirror": true}
					]
				},
				{
					"name": "hudiejie15",
					"parent": "deco_back",
					"pivot": [0, 17, 2.5],
					"rotation": [0, 27.5, 10],
					"cubes": [
						{"origin": [-4, 16, 1.5], "size": [4, 2, 1], "uv": [0, 41], "mirror": true}
					]
				},
				{
					"name": "hudiejie16",
					"parent": "deco_back",
					"pivot": [0, 17, 2.5],
					"rotation": [0, 15, -10],
					"cubes": [
						{"origin": [-4, 16, 1.5], "size": [4, 2, 1], "uv": [0, 41], "mirror": true}
					]
				},
				{
					"name": "hudiejie17",
					"parent": "deco_back",
					"pivot": [1, 16, 2],
					"rotation": [25, 0, -37.5],
					"cubes": [
						{"origin": [1, 11, 1.5], "size": [1, 5, 1], "uv": [20, 36]}
					]
				},
				{
					"name": "hudiejie18",
					"parent": "hudiejie17",
					"pivot": [2, 11, 2.5],
					"rotation": [0, 0, -10],
					"cubes": [
						{"origin": [2, 11, 1.5], "size": [1, 5, 1], "inflate": 0.001, "uv": [20, 36]}
					]
				},
				{
					"name": "hudiejie19",
					"parent": "hudiejie18",
					"pivot": [3, 11, 2.5],
					"rotation": [0, 0, -10],
					"cubes": [
						{"origin": [3, 11, 1.5], "size": [1, 5, 1], "uv": [20, 36]}
					]
				},
				{
					"name": "hudiejie2",
					"parent": "deco_back",
					"pivot": [-1, 16, 2],
					"rotation": [25, 0, 37.5],
					"cubes": [
						{"origin": [-2, 11, 1.5], "size": [1, 5, 1], "uv": [20, 36], "mirror": true}
					]
				},
				{
					"name": "hudiejie3",
					"parent": "hudiejie2",
					"pivot": [-2, 11, 2.5],
					"rotation": [0, 0, 10],
					"cubes": [
						{"origin": [-3, 11, 1.5], "size": [1, 5, 1], "inflate": 0.001, "uv": [20, 36], "mirror": true}
					]
				},
				{
					"name": "hudiejie4",
					"parent": "hudiejie3",
					"pivot": [-3, 11, 2.5],
					"rotation": [0, 0, 10],
					"cubes": [
						{"origin": [-4, 11, 1.5], "size": [1, 5, 1], "uv": [20, 36], "mirror": true}
					]
				},
				{
					"name": "deco_front",
					"parent": "hide_parts",
					"pivot": [-0.5, 23, -1.35],
					"cubes": [
						{"origin": [-2.5, 22.55, -1.901], "size": [5, 1, 1], "inflate": -0.4, "uv": [40, 9]}
					]
				},
				{
					"name": "deco_front3",
					"parent": "deco_front",
					"pivot": [0, 23.1, -1.45],
					"rotation": [-30, -30, -40],
					"cubes": [
						{
							"origin": [-1.3, 21.53282, -1.95],
							"size": [2, 1, 1],
							"inflate": -0.4,
							"uv": {
								"north": {"uv": [27, 25], "uv_size": [2, 1]},
								"east": {"uv": [0, 0], "uv_size": [0, 0]},
								"south": {"uv": [30, 25], "uv_size": [2, 1]},
								"west": {"uv": [29, 25], "uv_size": [1, 1]},
								"up": {"uv": [27, 24], "uv_size": [2, 1]},
								"down": {"uv": [29, 25], "uv_size": [2, -1]}
							}
						}
					]
				},
				{
					"name": "deco_front2",
					"parent": "deco_front3",
					"pivot": [0, 23.1, -1.45],
					"rotation": [0, 0, 19],
					"cubes": [
						{"origin": [-0.5, 21.5, -1.95], "size": [1, 2, 1], "inflate": -0.4, "uv": [57, 28]}
					]
				},
				{
					"name": "deco_front4",
					"parent": "deco_front3",
					"pivot": [0, 23.1, -1.45],
					"rotation": [0, 0, -19],
					"cubes": [
						{"origin": [-0.5, 21.5, -1.95], "size": [1, 2, 1], "inflate": -0.4, "uv": [57, 28]}
					]
				},
				{
					"name": "deco_front5",
					"parent": "deco_front",
					"pivot": [0, 23.1, -1.45],
					"rotation": [-30, 30, 40],
					"cubes": [
						{
							"origin": [-0.7, 21.53282, -1.95],
							"size": [2, 1, 1],
							"inflate": -0.4,
							"uv": {
								"north": {"uv": [29, 25], "uv_size": [-2, 1]},
								"east": {"uv": [30, 25], "uv_size": [-1, 1]},
								"south": {"uv": [32, 25], "uv_size": [-2, 1]},
								"west": {"uv": [0, 0], "uv_size": [0, 0]},
								"up": {"uv": [29, 24], "uv_size": [-2, 1]},
								"down": {"uv": [31, 25], "uv_size": [-2, -1]}
							}
						}
					]
				},
				{
					"name": "deco_front6",
					"parent": "deco_front5",
					"pivot": [0, 23.1, -1.45],
					"rotation": [0, 0, -19],
					"cubes": [
						{"origin": [-0.5, 21.5, -1.95], "size": [1, 2, 1], "inflate": -0.4, "uv": [57, 28], "mirror": true}
					]
				},
				{
					"name": "deco_front7",
					"parent": "deco_front5",
					"pivot": [0, 23.1, -1.45],
					"rotation": [0, 0, 19],
					"cubes": [
						{"origin": [-0.5, 21.5, -1.95], "size": [1, 2, 1], "inflate": -0.4, "uv": [57, 28], "mirror": true}
					]
				},
				{
					"name": "deco_front8",
					"parent": "deco_front",
					"pivot": [0, 22.9, -1.45],
					"rotation": [-30, 0, -19],
					"cubes": [
						{"origin": [-0.5, 21.3, -1.95], "size": [1, 2, 1], "inflate": -0.4, "uv": [57, 28]}
					]
				},
				{
					"name": "deco_front9",
					"parent": "deco_front8",
					"pivot": [0.1, 21.7, -1.45],
					"rotation": [0, 0, 19],
					"cubes": [
						{"origin": [-0.5, 20.1, -1.95], "size": [1, 2, 1], "inflate": -0.4, "uv": [57, 28]}
					]
				},
				{
					"name": "deco_front10",
					"parent": "deco_front",
					"pivot": [0, 23.1, -1.45],
					"rotation": [-30, 0, 19],
					"cubes": [
						{"origin": [-0.5, 21.5, -1.95], "size": [1, 2, 1], "inflate": -0.4, "uv": [57, 28], "mirror": true}
					]
				},
				{
					"name": "deco_front11",
					"parent": "deco_front10",
					"pivot": [-0.1, 21.9, -1.45],
					"rotation": [0, 0, -19],
					"cubes": [
						{"origin": [-0.5, 20.3, -1.95], "size": [1, 2, 1], "inflate": -0.4, "uv": [57, 28], "mirror": true}
					]
				},
				{
					"name": "left_arm",
					"pivot": [4, 22, 0],
					"mirror": true,
					"cubes": [
						{"origin": [3.5, 17.5, -1.5], "size": [3, 6, 3], "uv": [66, 65], "mirror": false}
					]
				},
				{
					"name": "left_chestplate",
					"parent": "left_arm",
					"pivot": [5, 22, 0],
					"cubes": [
						{"origin": [3.5, 20.5, -1.5], "size": [3, 3, 3], "inflate": 0.2, "uv": [72, 37]},
						{
							"origin": [3.5, 20.6, -1.5],
							"size": [3, 3, 3],
							"inflate": 0.4,
							"uv": {
								"north": {"uv": [75, 46], "uv_size": [3, 3]},
								"east": {"uv": [72, 46], "uv_size": [3, 3]},
								"south": {"uv": [81, 46], "uv_size": [3, 3]},
								"west": {"uv": [78, 46], "uv_size": [3, 3]},
								"up": {"uv": [0, 0], "uv_size": [0, 0]},
								"down": {"uv": [0, 0], "uv_size": [0, 0]}
							}
						},
						{
							"origin": [3.5, 19.5, -1.5],
							"size": [3, 1, 3],
							"inflate": 0.1,
							"uv": {
								"north": {"uv": [77, 54], "uv_size": [3, 1]},
								"east": {"uv": [74, 54], "uv_size": [3, 1]},
								"south": {"uv": [83, 54], "uv_size": [3, 1]},
								"west": {"uv": [80, 54], "uv_size": [3, 1]},
								"up": {"uv": [0, 0], "uv_size": [0, 0]},
								"down": {"uv": [0, 0], "uv_size": [0, 0]}
							}
						}
					]
				},
				{
					"name": "left_arm_down",
					"parent": "left_arm",
					"pivot": [4.75, 17.5, 1.25],
					"cubes": [
						{
							"origin": [3.5, 15.6, -1.5],
							"size": [3, 1, 3],
							"inflate": 0.103,
							"uv": {
								"north": {"uv": [77, 54], "uv_size": [3, 1]},
								"east": {"uv": [74, 54], "uv_size": [3, 1]},
								"south": {"uv": [83, 54], "uv_size": [3, 1]},
								"west": {"uv": [80, 54], "uv_size": [3, 1]},
								"up": {"uv": [0, 0], "uv_size": [0, 0]},
								"down": {"uv": [0, 0], "uv_size": [0, 0]}
							}
						},
						{
							"origin": [5.7, 13.8, -1],
							"size": [1, 3, 2],
							"uv": {
								"north": {"uv": [0, 0], "uv_size": [0, 0]},
								"east": {"uv": [0, 0], "uv_size": [0, 0]},
								"south": {"uv": [0, 0], "uv_size": [0, 0]},
								"west": {"uv": [3, 22], "uv_size": [2, 3]},
								"up": {"uv": [0, 0], "uv_size": [0, 0]},
								"down": {"uv": [3, 22], "uv_size": [1, -2]}
							}
						},
						{
							"origin": [3.5, 15.5, -1.5],
							"size": [3, 1, 3],
							"inflate": 0.102,
							"uv": {
								"north": {"uv": [60, 77], "uv_size": [3, 1]},
								"east": {"uv": [57, 77], "uv_size": [3, 1]},
								"south": {"uv": [66, 77], "uv_size": [3, 1]},
								"west": {"uv": [63, 77], "uv_size": [3, 1]},
								"up": {"uv": [0, 0], "uv_size": [0, 0]},
								"down": {"uv": [0, 0], "uv_size": [0, 0]}
							}
						},
						{"origin": [3.5, 14, -1.5], "size": [3, 2, 3], "inflate": 0.1, "uv": [48, 28]},
						{"origin": [3.5, 12.5, -1.5], "size": [3, 5, 3], "inflate": -0.001, "uv": [24, 69]}
					]
				},
				{
					"name": "button",
					"parent": "left_arm_down",
					"pivot": [5, 15, 0],
					"rotation": [0, -90, 0],
					"cubes": [
						{
							"origin": [1.5, 11.8, -4.701],
							"size": [7, 7, 7],
							"inflate": -3,
							"uv": {
								"north": {"uv": [37, 51], "uv_size": [7, 7]},
								"east": {"uv": [0, 0], "uv_size": [0, 0]},
								"south": {"uv": [0, 0], "uv_size": [0, 0]},
								"west": {"uv": [0, 0], "uv_size": [0, 0]},
								"up": {"uv": [0, 0], "uv_size": [0, 0]},
								"down": {"uv": [0, 0], "uv_size": [0, 0]}
							}
						}
					]
				},
				{
					"name": "left_leg",
					"pivot": [1.75, 12, 0],
					"mirror": true,
					"cubes": [
						{"origin": [0.25, 7, -1.5], "size": [3, 5, 3], "inflate": -0.01, "uv": [0, 67], "mirror": false},
						{"origin": [0.25, 7, -1.5], "size": [3, 2, 3], "uv": [25, 44], "mirror": false},
						{
							"origin": [0.25, 8.5, -1.5],
							"size": [3, 1, 3],
							"inflate": 0.001,
							"uv": {
								"north": {"uv": [48, 77], "uv_size": [3, 1]},
								"east": {"uv": [45, 77], "uv_size": [3, 1]},
								"south": {"uv": [54, 77], "uv_size": [3, 1]},
								"west": {"uv": [51, 77], "uv_size": [3, 1]},
								"up": {"uv": [0, 0], "uv_size": [0, 0]},
								"down": {"uv": [0, 0], "uv_size": [0, 0]}
							}
						}
					]
				},
				{
					"name": "left_leg_down",
					"parent": "left_leg",
					"pivot": [1.75, 7, -1.5],
					"cubes": [
						{"origin": [0.25, 1.01, -1.5], "size": [3, 6, 3], "inflate": -0.01, "uv": [54, 65]}
					]
				},
				{
					"name": "left_foot",
					"parent": "left_leg_down",
					"pivot": [1.75, 7, -1.5],
					"cubes": [
						{
							"origin": [0.75, 0, -4.36603],
							"size": [2, 2, 1],
							"inflate": 0.001,
							"uv": {
								"north": {"uv": [34, 70], "uv_size": [2, 2]},
								"east": {"uv": [0, 0], "uv_size": [0, 0]},
								"south": {"uv": [0, 0], "uv_size": [0, 0]},
								"west": {"uv": [0, 0], "uv_size": [0, 0]},
								"up": {"uv": [34, 69], "uv_size": [2, 1]},
								"down": {"uv": [36, 70], "uv_size": [2, -1]}
							}
						},
						{
							"origin": [0.25, 0, 0.5],
							"size": [3, 1, 1],
							"uv": {
								"north": {"uv": [22, 60], "uv_size": [3, 1]},
								"east": {"uv": [21, 60], "uv_size": [1, 1]},
								"south": {"uv": [26, 60], "uv_size": [3, 1]},
								"west": {"uv": [25, 60], "uv_size": [1, 1]},
								"up": {"uv": [0, 0], "uv_size": [0, 0]},
								"down": {"uv": [25, 60], "uv_size": [3, -1]}
							}
						},
						{
							"origin": [0.25, 0, -3.5],
							"size": [3, 1, 3],
							"inflate": 0.01,
							"uv": {
								"north": {"uv": [36, 77], "uv_size": [3, 1]},
								"east": {"uv": [33, 77], "uv_size": [3, 1]},
								"south": {"uv": [42, 77], "uv_size": [3, 1]},
								"west": {"uv": [39, 77], "uv_size": [3, 1]},
								"up": {"uv": [0, 0], "uv_size": [0, 0]},
								"down": {"uv": [39, 77], "uv_size": [3, -3]}
							}
						},
						{
							"origin": [0.25, 1, -3.5],
							"size": [3, 1, 5],
							"inflate": 0.01,
							"uv": {
								"north": {"uv": [69, 20], "uv_size": [3, 1]},
								"east": {"uv": [64, 20], "uv_size": [5, 1]},
								"south": {"uv": [77, 20], "uv_size": [3, 1]},
								"west": {"uv": [72, 20], "uv_size": [5, 1]},
								"up": {"uv": [0, 0], "uv_size": [0, 0]},
								"down": {"uv": [72, 20], "uv_size": [3, -5]}
							}
						},
						{
							"origin": [0.25, 2, -1.5],
							"size": [3, 4, 3],
							"inflate": 0.02,
							"uv": {
								"north": {"uv": [15, 73], "uv_size": [3, 4]},
								"east": {"uv": [12, 73], "uv_size": [3, 4]},
								"south": {"uv": [21, 73], "uv_size": [3, 4]},
								"west": {"uv": [18, 73], "uv_size": [3, 4]},
								"up": {"uv": [0, 0], "uv_size": [0, 0]},
								"down": {"uv": [0, 0], "uv_size": [0, 0]}
							}
						}
					]
				},
				{
					"name": "shoes5",
					"parent": "left_foot",
					"pivot": [1.75, 6.05, -1.75],
					"rotation": [0, 0, 10],
					"cubes": [
						{
							"origin": [-0.5, 3.8, -2.5],
							"size": [3, 3, 5],
							"inflate": -0.75,
							"uv": {
								"north": {"uv": [8, 64], "uv_size": [-3, 3]},
								"east": {"uv": [13, 64], "uv_size": [-5, 3]},
								"south": {"uv": [16, 64], "uv_size": [-3, 3]},
								"west": {"uv": [0, 0], "uv_size": [0, 0]},
								"up": {"uv": [8, 59], "uv_size": [-3, 5]},
								"down": {"uv": [0, 0], "uv_size": [0, 0]}
							}
						}
					]
				},
				{
					"name": "shoes4",
					"parent": "left_foot",
					"pivot": [1.75, 6.05, -1.75],
					"rotation": [0, 0, -10],
					"cubes": [
						{
							"origin": [1, 3.8, -2.5],
							"size": [3, 3, 5],
							"inflate": -0.75,
							"uv": {
								"north": {"uv": [5, 64], "uv_size": [3, 3]},
								"east": {"uv": [0, 0], "uv_size": [0, 0]},
								"south": {"uv": [13, 64], "uv_size": [3, 3]},
								"west": {"uv": [8, 64], "uv_size": [5, 3]},
								"up": {"uv": [5, 59], "uv_size": [3, 5]},
								"down": {"uv": [0, 0], "uv_size": [0, 0]}
							}
						}
					]
				},
				{
					"name": "shoes2",
					"parent": "left_foot",
					"pivot": [3.25, 0, -3.5],
					"rotation": [0, 30, 0],
					"cubes": [
						{
							"origin": [2.25, 0, -4.5],
							"size": [1, 2, 1],
							"uv": {
								"north": {"uv": [0, 0], "uv_size": [0, 0]},
								"east": {"uv": [0, 0], "uv_size": [0, 0]},
								"south": {"uv": [0, 0], "uv_size": [0, 0]},
								"west": {"uv": [43, 75], "uv_size": [-1, 2]},
								"up": {"uv": [44, 74], "uv_size": [-1, 1]},
								"down": {"uv": [45, 75], "uv_size": [-1, -1]}
							}
						}
					]
				},
				{
					"name": "shoes3",
					"parent": "left_foot",
					"pivot": [0.25, 0, -3.5],
					"rotation": [0, -30, 0],
					"cubes": [
						{
							"origin": [0.25, 0, -4.5],
							"size": [1, 2, 1],
							"uv": {
								"north": {"uv": [0, 0], "uv_size": [0, 0]},
								"east": {"uv": [42, 75], "uv_size": [1, 2]},
								"south": {"uv": [0, 0], "uv_size": [0, 0]},
								"west": {"uv": [0, 0], "uv_size": [0, 0]},
								"up": {"uv": [43, 74], "uv_size": [1, 1]},
								"down": {"uv": [44, 75], "uv_size": [1, -1]}
							}
						}
					]
				},
				{
					"name": "shoes",
					"parent": "left_foot",
					"pivot": [1.75, 2, -3.5],
					"rotation": [27.5, 0, 0],
					"cubes": [
						{
							"origin": [0.25, 1, -3.5],
							"size": [3, 1, 4],
							"inflate": 0.03,
							"uv": {
								"north": {"uv": [0, 0], "uv_size": [0, 0]},
								"east": {"uv": [36, 73], "uv_size": [4, 1]},
								"south": {"uv": [0, 0], "uv_size": [0, 0]},
								"west": {"uv": [43, 73], "uv_size": [4, 1]},
								"up": {"uv": [40, 69], "uv_size": [3, 4]},
								"down": {"uv": [0, 0], "uv_size": [0, 0]}
							}
						}
					]
				},
				{
					"name": "shoes6",
					"parent": "left_foot",
					"pivot": [1.75, 2.85, -3.1],
					"rotation": [27.5, 0, 0],
					"cubes": [
						{"origin": [0.45, 1.5, -2.7], "size": [3, 1, 1], "inflate": -0.1, "uv": [65, 52]},
						{"origin": [0.05, 1.5, -2.7], "size": [3, 1, 1], "inflate": -0.101, "uv": [65, 52]},
						{
							"origin": [0.45, 1.25, -2.7],
							"size": [3, 1, 1],
							"inflate": -0.11,
							"uv": {
								"north": {"uv": [59, 52], "uv_size": [3, 1]},
								"east": {"uv": [58, 52], "uv_size": [1, 1]},
								"south": {"uv": [63, 52], "uv_size": [3, 1]},
								"west": {"uv": [62, 52], "uv_size": [1, 1]},
								"up": {"uv": [0, 0], "uv_size": [0, 0]},
								"down": {"uv": [62, 52], "uv_size": [3, -1]}
							}
						},
						{
							"origin": [0.05, 1.25, -2.7],
							"size": [3, 1, 1],
							"inflate": -0.11,
							"uv": {
								"north": {"uv": [59, 52], "uv_size": [3, 1]},
								"east": {"uv": [58, 52], "uv_size": [1, 1]},
								"south": {"uv": [63, 52], "uv_size": [3, 1]},
								"west": {"uv": [62, 52], "uv_size": [1, 1]},
								"up": {"uv": [0, 0], "uv_size": [0, 0]},
								"down": {"uv": [62, 52], "uv_size": [3, -1]}
							}
						},
						{"origin": [0.45, 1.5, -3.95], "size": [3, 1, 1], "inflate": -0.1, "uv": [65, 52]},
						{
							"origin": [0.05, 1.25, -3.95],
							"size": [3, 1, 1],
							"inflate": -0.11,
							"uv": {
								"north": {"uv": [59, 52], "uv_size": [3, 1]},
								"east": {"uv": [58, 52], "uv_size": [1, 1]},
								"south": {"uv": [63, 52], "uv_size": [3, 1]},
								"west": {"uv": [62, 52], "uv_size": [1, 1]},
								"up": {"uv": [0, 0], "uv_size": [0, 0]},
								"down": {"uv": [62, 52], "uv_size": [3, -1]}
							}
						},
						{
							"origin": [0.45, 1.25, -3.95],
							"size": [3, 1, 1],
							"inflate": -0.11,
							"uv": {
								"north": {"uv": [59, 52], "uv_size": [3, 1]},
								"east": {"uv": [58, 52], "uv_size": [1, 1]},
								"south": {"uv": [63, 52], "uv_size": [3, 1]},
								"west": {"uv": [62, 52], "uv_size": [1, 1]},
								"up": {"uv": [0, 0], "uv_size": [0, 0]},
								"down": {"uv": [62, 52], "uv_size": [3, -1]}
							}
						},
						{"origin": [0.05, 1.5, -3.95], "size": [3, 1, 1], "inflate": -0.101, "uv": [65, 52]}
					]
				},
				{
					"name": "deco_left3",
					"parent": "left_foot",
					"pivot": [3.2, 8, -0.6],
					"rotation": [0, -90, 0]
				},
				{
					"name": "deco_left",
					"parent": "deco_left3",
					"pivot": [3.7, 8.1, -0.7],
					"rotation": [-10, -10, -40],
					"cubes": [
						{
							"origin": [2.4, 6.53282, -1.2],
							"size": [2, 1, 1],
							"inflate": -0.4,
							"uv": {
								"north": {"uv": [27, 25], "uv_size": [2, 1]},
								"east": {"uv": [0, 0], "uv_size": [0, 0]},
								"south": {"uv": [30, 25], "uv_size": [2, 1]},
								"west": {"uv": [29, 25], "uv_size": [1, 1]},
								"up": {"uv": [27, 24], "uv_size": [2, 1]},
								"down": {"uv": [29, 25], "uv_size": [2, -1]}
							}
						}
					]
				},
				{
					"name": "deco_right3",
					"parent": "deco_left",
					"pivot": [3.7, 8.1, -0.7],
					"rotation": [0, 0, 19],
					"cubes": [
						{"origin": [3.2, 6.5, -1.2], "size": [1, 2, 1], "inflate": -0.4, "uv": [57, 28]}
					]
				},
				{
					"name": "deco_right4",
					"parent": "deco_left",
					"pivot": [3.7, 8.1, -0.7],
					"rotation": [0, 0, -19],
					"cubes": [
						{"origin": [3.2, 6.5, -1.2], "size": [1, 2, 1], "inflate": -0.4, "uv": [57, 28]}
					]
				},
				{
					"name": "deco_right5",
					"parent": "deco_left3",
					"pivot": [3.7, 8.1, -0.7],
					"rotation": [-10, 10, 40],
					"cubes": [
						{
							"origin": [3, 6.53282, -1.2],
							"size": [2, 1, 1],
							"inflate": -0.4,
							"uv": {
								"north": {"uv": [29, 25], "uv_size": [-2, 1]},
								"east": {"uv": [30, 25], "uv_size": [-1, 1]},
								"south": {"uv": [32, 25], "uv_size": [-2, 1]},
								"west": {"uv": [0, 0], "uv_size": [0, 0]},
								"up": {"uv": [29, 24], "uv_size": [-2, 1]},
								"down": {"uv": [31, 25], "uv_size": [-2, -1]}
							}
						}
					]
				},
				{
					"name": "deco_right6",
					"parent": "deco_right5",
					"pivot": [3.7, 8.1, -0.7],
					"rotation": [0, 0, -19],
					"cubes": [
						{"origin": [3.2, 6.5, -1.2], "size": [1, 2, 1], "inflate": -0.4, "uv": [57, 28], "mirror": true}
					]
				},
				{
					"name": "deco_right7",
					"parent": "deco_right5",
					"pivot": [3.7, 8.1, -0.7],
					"rotation": [0, 0, 19],
					"cubes": [
						{"origin": [3.2, 6.5, -1.2], "size": [1, 2, 1], "inflate": -0.4, "uv": [57, 28], "mirror": true}
					]
				},
				{
					"name": "deco_right8",
					"parent": "deco_left3",
					"pivot": [3.7, 7.9, -0.7],
					"rotation": [-2.5, 0, -11.5],
					"cubes": [
						{"origin": [3.2, 5.3, -1.2], "size": [1, 3, 1], "inflate": -0.4, "uv": [30, 0]}
					]
				},
				{
					"name": "deco_right9",
					"parent": "deco_left3",
					"pivot": [3.7, 8.1, -0.7],
					"rotation": [-2.5, 0, 11.5],
					"cubes": [
						{"origin": [3.2, 5.5, -1.2], "size": [1, 3, 1], "inflate": -0.4, "uv": [30, 0], "mirror": true}
					]
				},
				{
					"name": "right_arm",
					"pivot": [-4, 22, 0],
					"mirror": true,
					"cubes": [
						{"origin": [-6.5, 17.5, -1.5], "size": [3, 6, 3], "uv": [66, 65]}
					]
				},
				{
					"name": "right_chestplate",
					"parent": "right_arm",
					"pivot": [-5, 22, 0],
					"cubes": [
						{"origin": [-6.5, 20.5, -1.5], "size": [3, 3, 3], "inflate": 0.2, "uv": [72, 37], "mirror": true},
						{
							"origin": [-6.5, 20.5, -1.5],
							"size": [3, 3, 3],
							"inflate": 0.4,
							"uv": {
								"north": {"uv": [78, 46], "uv_size": [-3, 3]},
								"east": {"uv": [81, 46], "uv_size": [-3, 3]},
								"south": {"uv": [84, 46], "uv_size": [-3, 3]},
								"west": {"uv": [75, 46], "uv_size": [-3, 3]},
								"up": {"uv": [0, 0], "uv_size": [0, 0]},
								"down": {"uv": [0, 0], "uv_size": [0, 0]}
							}
						},
						{
							"origin": [-6.5, 19.5, -1.5],
							"size": [3, 1, 3],
							"inflate": 0.1,
							"uv": {
								"north": {"uv": [80, 54], "uv_size": [-3, 1]},
								"east": {"uv": [83, 54], "uv_size": [-3, 1]},
								"south": {"uv": [86, 54], "uv_size": [-3, 1]},
								"west": {"uv": [77, 54], "uv_size": [-3, 1]},
								"up": {"uv": [0, 0], "uv_size": [0, 0]},
								"down": {"uv": [0, 0], "uv_size": [0, 0]}
							}
						}
					]
				},
				{
					"name": "right_arm_down",
					"parent": "right_arm",
					"pivot": [-4.75, 17.5, 1.25],
					"cubes": [
						{
							"origin": [-6.5, 15.6, -1.5],
							"size": [3, 1, 3],
							"inflate": 0.103,
							"uv": {
								"north": {"uv": [80, 54], "uv_size": [-3, 1]},
								"east": {"uv": [83, 54], "uv_size": [-3, 1]},
								"south": {"uv": [86, 54], "uv_size": [-3, 1]},
								"west": {"uv": [77, 54], "uv_size": [-3, 1]},
								"up": {"uv": [0, 0], "uv_size": [0, 0]},
								"down": {"uv": [0, 0], "uv_size": [0, 0]}
							}
						},
						{
							"origin": [-6.7, 13.8, -1],
							"size": [1, 3, 2],
							"uv": {
								"north": {"uv": [0, 0], "uv_size": [0, 0]},
								"east": {"uv": [5, 22], "uv_size": [-2, 3]},
								"south": {"uv": [0, 0], "uv_size": [0, 0]},
								"west": {"uv": [0, 0], "uv_size": [0, 0]},
								"up": {"uv": [0, 0], "uv_size": [0, 0]},
								"down": {"uv": [4, 22], "uv_size": [-1, -2]}
							}
						},
						{
							"origin": [-6.5, 15.5, -1.5],
							"size": [3, 1, 3],
							"inflate": 0.102,
							"uv": {
								"north": {"uv": [63, 77], "uv_size": [-3, 1]},
								"east": {"uv": [66, 77], "uv_size": [-3, 1]},
								"south": {"uv": [69, 77], "uv_size": [-3, 1]},
								"west": {"uv": [60, 77], "uv_size": [-3, 1]},
								"up": {"uv": [0, 0], "uv_size": [0, 0]},
								"down": {"uv": [0, 0], "uv_size": [0, 0]}
							}
						},
						{"origin": [-6.5, 14, -1.5], "size": [3, 2, 3], "inflate": 0.1, "uv": [48, 28], "mirror": true},
						{"origin": [-6.5, 12.5, -1.5], "size": [3, 5, 3], "inflate": -0.001, "uv": [24, 69], "mirror": true}
					]
				},
				{
					"name": "button5",
					"parent": "right_arm_down",
					"pivot": [-5, 15, 0],
					"rotation": [0, 90, 0],
					"cubes": [
						{
							"origin": [-8.5, 11.8, -4.701],
							"size": [7, 7, 7],
							"inflate": -3,
							"uv": {
								"north": {"uv": [44, 51], "uv_size": [-7, 7]},
								"east": {"uv": [0, 0], "uv_size": [0, 0]},
								"south": {"uv": [0, 0], "uv_size": [0, 0]},
								"west": {"uv": [0, 0], "uv_size": [0, 0]},
								"up": {"uv": [0, 0], "uv_size": [0, 0]},
								"down": {"uv": [0, 0], "uv_size": [0, 0]}
							}
						}
					]
				},
				{
					"name": "right_leg",
					"pivot": [-1.75, 12, 0],
					"mirror": true,
					"cubes": [
						{"origin": [-3.25, 7, -1.5], "size": [3, 5, 3], "inflate": -0.01, "uv": [0, 67]},
						{"origin": [-3.25, 7, -1.5], "size": [3, 2, 3], "uv": [25, 44]},
						{
							"origin": [-3.25, 8.5, -1.5],
							"size": [3, 1, 3],
							"inflate": 0.001,
							"uv": {
								"north": {"uv": [51, 77], "uv_size": [-3, 1]},
								"east": {"uv": [54, 77], "uv_size": [-3, 1]},
								"south": {"uv": [57, 77], "uv_size": [-3, 1]},
								"west": {"uv": [48, 77], "uv_size": [-3, 1]},
								"up": {"uv": [0, 0], "uv_size": [0, 0]},
								"down": {"uv": [0, 0], "uv_size": [0, 0]}
							}
						}
					]
				},
				{
					"name": "right_leg_down",
					"parent": "right_leg",
					"pivot": [-1.75, 7, -1.5],
					"cubes": [
						{"origin": [-3.25, 1.01, -1.5], "size": [3, 6, 3], "inflate": -0.01, "uv": [54, 65], "mirror": true}
					]
				},
				{
					"name": "right_foot",
					"parent": "right_leg_down",
					"pivot": [-1.75, 7, -1.5],
					"cubes": [
						{
							"origin": [-2.75, 0, -4.36603],
							"size": [2, 2, 1],
							"inflate": 0.001,
							"uv": {
								"north": {"uv": [53, 10], "uv_size": [2, 2]},
								"east": {"uv": [0, 0], "uv_size": [0, 0]},
								"south": {"uv": [0, 0], "uv_size": [0, 0]},
								"west": {"uv": [0, 0], "uv_size": [0, 0]},
								"up": {"uv": [53, 9], "uv_size": [2, 1]},
								"down": {"uv": [55, 10], "uv_size": [2, -1]}
							}
						},
						{
							"origin": [-3.25, 1, -3.5],
							"size": [3, 1, 5],
							"inflate": 0.01,
							"uv": {
								"north": {"uv": [16, 69], "uv_size": [3, 1]},
								"east": {"uv": [11, 69], "uv_size": [5, 1]},
								"south": {"uv": [24, 69], "uv_size": [3, 1]},
								"west": {"uv": [19, 69], "uv_size": [5, 1]},
								"up": {"uv": [0, 0], "uv_size": [0, 0]},
								"down": {"uv": [19, 69], "uv_size": [3, -5]}
							}
						},
						{
							"origin": [-3.25, 2, -1.5],
							"size": [3, 4, 3],
							"inflate": 0.02,
							"uv": {
								"north": {"uv": [67, 24], "uv_size": [3, 4]},
								"east": {"uv": [64, 24], "uv_size": [3, 4]},
								"south": {"uv": [73, 24], "uv_size": [3, 4]},
								"west": {"uv": [70, 24], "uv_size": [3, 4]},
								"up": {"uv": [0, 0], "uv_size": [0, 0]},
								"down": {"uv": [0, 0], "uv_size": [0, 0]}
							}
						},
						{
							"origin": [-3.25, 0, -3.5],
							"size": [3, 1, 3],
							"inflate": 0.01,
							"uv": {
								"north": {"uv": [39, 77], "uv_size": [-3, 1]},
								"east": {"uv": [42, 77], "uv_size": [-3, 1]},
								"south": {"uv": [45, 77], "uv_size": [-3, 1]},
								"west": {"uv": [36, 77], "uv_size": [-3, 1]},
								"up": {"uv": [0, 0], "uv_size": [0, 0]},
								"down": {"uv": [42, 77], "uv_size": [-3, -3]}
							}
						},
						{
							"origin": [-3.25, 0, 0.5],
							"size": [3, 1, 1],
							"uv": {
								"north": {"uv": [25, 60], "uv_size": [-3, 1]},
								"east": {"uv": [26, 60], "uv_size": [-1, 1]},
								"south": {"uv": [29, 60], "uv_size": [-3, 1]},
								"west": {"uv": [22, 60], "uv_size": [-1, 1]},
								"up": {"uv": [0, 0], "uv_size": [0, 0]},
								"down": {"uv": [28, 60], "uv_size": [-3, -1]}
							}
						}
					]
				},
				{
					"name": "shoes9",
					"parent": "right_foot",
					"pivot": [-3.25, 0, -3.5],
					"rotation": [0, -30, 0],
					"cubes": [
						{
							"origin": [-3.25, 0, -4.5],
							"size": [1, 2, 1],
							"uv": {
								"north": {"uv": [0, 0], "uv_size": [0, 0]},
								"east": {"uv": [22, 65], "uv_size": [1, 2]},
								"south": {"uv": [0, 0], "uv_size": [0, 0]},
								"west": {"uv": [0, 0], "uv_size": [0, 0]},
								"up": {"uv": [23, 64], "uv_size": [1, 1]},
								"down": {"uv": [24, 65], "uv_size": [1, -1]}
							}
						}
					]
				},
				{
					"name": "shoes10",
					"parent": "right_foot",
					"pivot": [-0.25, 0, -3.5],
					"rotation": [0, 30, 0],
					"cubes": [
						{
							"origin": [-1.25, 0, -4.5],
							"size": [1, 2, 1],
							"uv": {
								"north": {"uv": [0, 0], "uv_size": [0, 0]},
								"east": {"uv": [0, 0], "uv_size": [0, 0]},
								"south": {"uv": [0, 0], "uv_size": [0, 0]},
								"west": {"uv": [23, 65], "uv_size": [-1, 2]},
								"up": {"uv": [24, 64], "uv_size": [-1, 1]},
								"down": {"uv": [25, 65], "uv_size": [-1, -1]}
							}
						}
					]
				},
				{
					"name": "shoes11",
					"parent": "right_foot",
					"pivot": [-1.75, 2, -3.5],
					"rotation": [27.5, 0, 0],
					"cubes": [
						{
							"origin": [-3.25, 1, -3.5],
							"size": [3, 1, 4],
							"inflate": 0.03,
							"uv": {
								"north": {"uv": [15, 63], "uv_size": [3, 1]},
								"east": {"uv": [11, 63], "uv_size": [4, 1]},
								"south": {"uv": [22, 0], "uv_size": [0, 0]},
								"west": {"uv": [18, 63], "uv_size": [4, 1]},
								"up": {"uv": [15, 59], "uv_size": [3, 4]},
								"down": {"uv": [21, 0], "uv_size": [0, 0]}
							}
						}
					]
				},
				{
					"name": "shoes12",
					"parent": "right_foot",
					"pivot": [-1.75, 2.85, -3.1],
					"rotation": [27.5, 0, 0],
					"cubes": [
						{"origin": [-3.45, 1.5, -2.7], "size": [3, 1, 1], "inflate": -0.1, "uv": [48, 33]},
						{"origin": [-3.05, 1.5, -2.7], "size": [3, 1, 1], "inflate": -0.101, "uv": [48, 33]},
						{
							"origin": [-3.45, 1.25, -2.7],
							"size": [3, 1, 1],
							"inflate": -0.11,
							"uv": {
								"north": {"uv": [62, 52], "uv_size": [-3, 1]},
								"east": {"uv": [63, 52], "uv_size": [-1, 1]},
								"south": {"uv": [66, 52], "uv_size": [-3, 1]},
								"west": {"uv": [59, 52], "uv_size": [-1, 1]},
								"up": {"uv": [0, 0], "uv_size": [0, 0]},
								"down": {"uv": [65, 52], "uv_size": [-3, -1]}
							}
						},
						{
							"origin": [-3.05, 1.25, -2.7],
							"size": [3, 1, 1],
							"inflate": -0.11,
							"uv": {
								"north": {"uv": [62, 52], "uv_size": [-3, 1]},
								"east": {"uv": [63, 52], "uv_size": [-1, 1]},
								"south": {"uv": [66, 52], "uv_size": [-3, 1]},
								"west": {"uv": [59, 52], "uv_size": [-1, 1]},
								"up": {"uv": [0, 0], "uv_size": [0, 0]},
								"down": {"uv": [65, 52], "uv_size": [-3, -1]}
							}
						},
						{"origin": [-3.45, 1.5, -3.95], "size": [3, 1, 1], "inflate": -0.1, "uv": [48, 33]},
						{
							"origin": [-3.05, 1.25, -3.95],
							"size": [3, 1, 1],
							"inflate": -0.11,
							"uv": {
								"north": {"uv": [62, 52], "uv_size": [-3, 1]},
								"east": {"uv": [63, 52], "uv_size": [-1, 1]},
								"south": {"uv": [66, 52], "uv_size": [-3, 1]},
								"west": {"uv": [59, 52], "uv_size": [-1, 1]},
								"up": {"uv": [0, 0], "uv_size": [0, 0]},
								"down": {"uv": [65, 52], "uv_size": [-3, -1]}
							}
						},
						{
							"origin": [-3.45, 1.25, -3.95],
							"size": [3, 1, 1],
							"inflate": -0.11,
							"uv": {
								"north": {"uv": [62, 52], "uv_size": [-3, 1]},
								"east": {"uv": [63, 52], "uv_size": [-1, 1]},
								"south": {"uv": [66, 52], "uv_size": [-3, 1]},
								"west": {"uv": [59, 52], "uv_size": [-1, 1]},
								"up": {"uv": [0, 0], "uv_size": [0, 0]},
								"down": {"uv": [65, 52], "uv_size": [-3, -1]}
							}
						},
						{"origin": [-3.05, 1.5, -3.95], "size": [3, 1, 1], "inflate": -0.101, "uv": [48, 33]}
					]
				},
				{
					"name": "shoes8",
					"parent": "right_foot",
					"pivot": [-1.75, 6.05, -1.75],
					"rotation": [0, 0, 10],
					"cubes": [
						{
							"origin": [-4, 3.8, -2.5],
							"size": [3, 3, 5],
							"inflate": -0.75,
							"uv": {
								"north": {"uv": [8, 64], "uv_size": [-3, 3]},
								"east": {"uv": [13, 64], "uv_size": [-5, 3]},
								"south": {"uv": [16, 64], "uv_size": [-3, 3]},
								"west": {"uv": [0, 0], "uv_size": [0, 0]},
								"up": {"uv": [8, 59], "uv_size": [-3, 5]},
								"down": {"uv": [0, 0], "uv_size": [0, 0]}
							}
						}
					]
				},
				{
					"name": "shoes7",
					"parent": "right_foot",
					"pivot": [-1.75, 6.05, -1.75],
					"rotation": [0, 0, -10],
					"cubes": [
						{
							"origin": [-2.5, 3.8, -2.5],
							"size": [3, 3, 5],
							"inflate": -0.75,
							"uv": {
								"north": {"uv": [5, 64], "uv_size": [3, 3]},
								"east": {"uv": [0, 0], "uv_size": [0, 0]},
								"south": {"uv": [13, 64], "uv_size": [3, 3]},
								"west": {"uv": [8, 64], "uv_size": [5, 3]},
								"up": {"uv": [5, 59], "uv_size": [3, 5]},
								"down": {"uv": [0, 0], "uv_size": [0, 0]}
							}
						}
					]
				},
				{
					"name": "deco_right",
					"parent": "right_foot",
					"pivot": [-3.2, 8, -0.6],
					"rotation": [0, 90, 0]
				},
				{
					"name": "deco_left2",
					"parent": "deco_right",
					"pivot": [-3.7, 8.1, -0.7],
					"rotation": [-10, 10, 40],
					"cubes": [
						{
							"origin": [-4.4, 6.53282, -1.2],
							"size": [2, 1, 1],
							"inflate": -0.4,
							"uv": {
								"north": {"uv": [29, 25], "uv_size": [-2, 1]},
								"east": {"uv": [30, 25], "uv_size": [-1, 1]},
								"south": {"uv": [32, 25], "uv_size": [-2, 1]},
								"west": {"uv": [0, 0], "uv_size": [0, 0]},
								"up": {"uv": [29, 24], "uv_size": [-2, 1]},
								"down": {"uv": [31, 25], "uv_size": [-2, -1]}
							}
						}
					]
				},
				{
					"name": "deco_left10",
					"parent": "deco_left2",
					"pivot": [-3.7, 8.1, -0.7],
					"rotation": [0, 0, -19],
					"cubes": [
						{"origin": [-4.2, 6.5, -1.2], "size": [1, 2, 1], "inflate": -0.4, "uv": [57, 28], "mirror": true}
					]
				},
				{
					"name": "deco_left11",
					"parent": "deco_left2",
					"pivot": [-3.7, 8.1, -0.7],
					"rotation": [0, 0, 19],
					"cubes": [
						{"origin": [-4.2, 6.5, -1.2], "size": [1, 2, 1], "inflate": -0.4, "uv": [57, 28], "mirror": true}
					]
				},
				{
					"name": "deco_left1",
					"parent": "deco_right",
					"pivot": [-3.7, 8.1, -0.7],
					"rotation": [-10, -10, -40],
					"cubes": [
						{
							"origin": [-5, 6.53282, -1.2],
							"size": [2, 1, 1],
							"inflate": -0.4,
							"uv": {
								"north": {"uv": [27, 25], "uv_size": [2, 1]},
								"east": {"uv": [0, 0], "uv_size": [0, 0]},
								"south": {"uv": [30, 25], "uv_size": [2, 1]},
								"west": {"uv": [29, 25], "uv_size": [1, 1]},
								"up": {"uv": [27, 24], "uv_size": [2, 1]},
								"down": {"uv": [29, 25], "uv_size": [2, -1]}
							}
						}
					]
				},
				{
					"name": "deco_left13",
					"parent": "deco_left1",
					"pivot": [-3.7, 8.1, -0.7],
					"rotation": [0, 0, 19],
					"cubes": [
						{"origin": [-4.2, 6.5, -1.2], "size": [1, 2, 1], "inflate": -0.4, "uv": [57, 28]}
					]
				},
				{
					"name": "deco_left14",
					"parent": "deco_left1",
					"pivot": [-3.7, 8.1, -0.7],
					"rotation": [0, 0, -19],
					"cubes": [
						{"origin": [-4.2, 6.5, -1.2], "size": [1, 2, 1], "inflate": -0.4, "uv": [57, 28]}
					]
				},
				{
					"name": "deco_left15",
					"parent": "deco_right",
					"pivot": [-3.7, 7.9, -0.7],
					"rotation": [-2.5, 0, 11.5],
					"cubes": [
						{"origin": [-4.2, 5.3, -1.2], "size": [1, 3, 1], "inflate": -0.4, "uv": [30, 0], "mirror": true}
					]
				},
				{
					"name": "deco_left16",
					"parent": "deco_right",
					"pivot": [-3.7, 8.1, -0.7],
					"rotation": [-2.5, 0, -11.5],
					"cubes": [
						{"origin": [-4.2, 5.5, -1.2], "size": [1, 3, 1], "inflate": -0.4, "uv": [30, 0]}
					]
				}
			]
		}
	]
}