{
	"format_version": "1.12.0",
	"minecraft:geometry": [
		{
			"description": {
				"identifier": "geometry.model",
				"texture_width": 128,
				"texture_height": 128,
				"visible_bounds_width": 2,
				"visible_bounds_height": 3.5,
				"visible_bounds_offset": [0, 1.25, 0]
			},
			"bones": [
				{
					"name": "hat",
					"pivot": [0, 24, 0]
				},
				{
					"name": "head",
					"pivot": [0, 24, 0],
					"cubes": [
						{"origin": [-4, 24, -4], "size": [8, 8, 8], "uv": [0, 16]},
						{"origin": [-4, 24, -4], "size": [8, 8, 8], "inflate": 0.25, "uv": [0, 0]}
					]
				},
				{
					"name": "left_ear",
					"parent": "head",
					"pivot": [2, 30, -1]
				},
				{
					"name": "ear4",
					"parent": "left_ear",
					"pivot": [3, 32, -1],
					"rotation": [10, 0, 20],
					"cubes": [
						{"origin": [1.49815, 30.80208, -1.95527], "size": [1, 3, 1], "uv": [24, 19], "mirror": true}
					]
				},
				{
					"name": "ear5",
					"parent": "ear4",
					"pivot": [2.68584, 30.86585, -2.43628],
					"rotation": [13.5773, -1.77024, 7.28925],
					"cubes": [
						{"origin": [1.76002, 31.16281, -1.08299], "size": [2, 3, 1], "uv": [0, 2], "mirror": true}
					]
				},
				{
					"name": "ear6",
					"parent": "ear4",
					"pivot": [1.53584, 34.01585, -3.18628],
					"rotation": [0, 0, 35],
					"cubes": [
						{"origin": [1.62758, 33.81912, -1.95527], "size": [1, 3, 1], "inflate": 0.001, "uv": [28, 20], "mirror": true}
					]
				},
				{
					"name": "ear10",
					"parent": "ear6",
					"pivot": [2.53584, 37.01585, -3.18628],
					"rotation": [0, 0, -45],
					"cubes": [
						{"origin": [1.46161, 33.81188, -1.95527], "size": [1, 3, 1], "uv": [28, 20], "mirror": true}
					]
				},
				{
					"name": "ear11",
					"parent": "ear10",
					"pivot": [2.53584, 34.01585, -3.18628],
					"rotation": [0, 0, 30],
					"cubes": [
						{"origin": [1.57354, 30.80208, -1.95527], "size": [1, 3, 1], "inflate": -0.001, "uv": [24, 19], "mirror": true}
					]
				},
				{
					"name": "ear12",
					"parent": "ear4",
					"pivot": [2.78584, 31.01585, -1.18628],
					"cubes": [
						{"origin": [1.8077, 29.82527, -1.24912], "size": [2, 2, 1], "inflate": 0.001, "uv": [0, 19], "mirror": true}
					]
				},
				{
					"name": "right_ear",
					"parent": "head",
					"pivot": [-2, 30, -1]
				},
				{
					"name": "ear2",
					"parent": "right_ear",
					"pivot": [-3, 32, -1],
					"rotation": [10, 0, -20],
					"cubes": [
						{"origin": [-2.49815, 30.80208, -1.95527], "size": [1, 3, 1], "uv": [24, 19]}
					]
				},
				{
					"name": "ear3",
					"parent": "ear2",
					"pivot": [-2.68584, 30.86585, -2.43628],
					"rotation": [13.5773, 1.77024, -7.28925],
					"cubes": [
						{"origin": [-3.76002, 31.16281, -1.08299], "size": [2, 3, 1], "uv": [0, 2]}
					]
				},
				{
					"name": "ear7",
					"parent": "ear2",
					"pivot": [-1.53584, 34.01585, -3.18628],
					"rotation": [0, 0, -35],
					"cubes": [
						{"origin": [-2.62758, 33.81912, -1.95527], "size": [1, 3, 1], "inflate": 0.001, "uv": [28, 20]}
					]
				},
				{
					"name": "ear8",
					"parent": "ear7",
					"pivot": [-2.53584, 37.01585, -3.18628],
					"rotation": [0, 0, 45],
					"cubes": [
						{"origin": [-2.46161, 33.81188, -1.95527], "size": [1, 3, 1], "uv": [28, 20]}
					]
				},
				{
					"name": "ear9",
					"parent": "ear8",
					"pivot": [-2.53584, 34.01585, -3.18628],
					"rotation": [0, 0, -30],
					"cubes": [
						{"origin": [-2.57354, 30.80208, -1.95527], "size": [1, 3, 1], "inflate": -0.001, "uv": [24, 19]}
					]
				},
				{
					"name": "ear13",
					"parent": "ear2",
					"pivot": [-2.78584, 31.01585, -1.18628],
					"cubes": [
						{"origin": [-3.8077, 29.82527, -1.24912], "size": [2, 2, 1], "inflate": 0.001, "uv": [0, 19]}
					]
				},
				{
					"name": "long_hair",
					"parent": "head",
					"pivot": [0, 24, 2],
					"cubes": [
						{"origin": [-4, 16, 3], "size": [8, 8, 1], "uv": [32, 20]}
					]
				},
				{
					"name": "tail",
					"pivot": [0, 15, 2]
				},
				{
					"name": "tail3",
					"parent": "tail",
					"pivot": [0, 18, 1],
					"rotation": [25, 0, 0],
					"cubes": [
						{"origin": [-1.5, 8, -1], "size": [3, 7, 4], "inflate": -0.5, "uv": [30, 44]}
					]
				},
				{
					"name": "tail_down",
					"parent": "tail",
					"pivot": [0, 10, 7],
					"rotation": [9.66, 0, 0],
					"cubes": [
						{"origin": [-1.5, 3.62865, 2.88723], "size": [3, 7, 4], "inflate": -0.5, "uv": [17, 43]},
						{"origin": [-1, 3.3641, 3.92286], "size": [2, 7, 2], "inflate": -0.5, "uv": [20, 32]}
					]
				},
				{
					"name": "body",
					"pivot": [0, 24, 0],
					"cubes": [
						{"origin": [-2.5, 21.8, -2.5], "size": [5, 4, 5], "inflate": -1.25, "uv": [27, 11]},
						{"origin": [-3.5, 11.73, -1.5], "size": [7, 12, 3], "inflate": -0.251, "uv": [0, 32]}
					]
				},
				{
					"name": "hide_parts",
					"parent": "body",
					"pivot": [0, 24, 0]
				},
				{
					"name": "coat",
					"parent": "hide_parts",
					"pivot": [0, 22.5, -1.8],
					"cubes": [
						{
							"origin": [-3.5, 11.55, -1.5],
							"size": [7, 12, 3],
							"inflate": -0.01,
							"uv": {
								"north": {"uv": [77, 110], "uv_size": [8, 13]},
								"east": {"uv": [73, 110], "uv_size": [4, 13]},
								"south": {"uv": [89, 110], "uv_size": [8, 13]},
								"west": {"uv": [85, 110], "uv_size": [4, 13]},
								"up": {"uv": [77, 106], "uv_size": [8, 4]},
								"down": {"uv": [0, 0], "uv_size": [0, 0]}
							}
						}
					]
				},
				{
					"name": "deco",
					"parent": "coat",
					"pivot": [0, 22.5, -1.8]
				},
				{
					"name": "bow",
					"parent": "deco",
					"pivot": [0, 22.5, -2.75],
					"rotation": [-30, 0, 0]
				},
				{
					"name": "frontDeco",
					"parent": "bow",
					"pivot": [0, 21.4, -2.28397],
					"rotation": [22.5, 0, 0]
				},
				{
					"name": "gem",
					"parent": "frontDeco",
					"pivot": [0, 21.4, -2.28397],
					"rotation": [0, 0, -45],
					"cubes": [
						{"origin": [-0.5, 20.9, -2.08397], "size": [1, 1, 1], "inflate": 0.25, "uv": [0, 69]},
						{"origin": [-0.5, 20.9, -2.28397], "size": [1, 1, 1], "inflate": 0.1, "uv": [7, 65]},
						{"origin": [-0.05, 20.4, -2.88397], "size": [1, 2, 2], "inflate": -0.45, "uv": [0, 63]},
						{"origin": [-0.15, 20.4, -2.88397], "size": [1, 2, 2], "inflate": -0.45, "uv": [0, 63]}
					]
				},
				{
					"name": "hudiejie2",
					"parent": "frontDeco",
					"pivot": [0, 21.9, -2.28397],
					"cubes": [
						{"origin": [0.25, 20.9, -2.28397], "size": [2, 1, 1], "inflate": 0.001, "uv": [1, 80], "mirror": true}
					]
				},
				{
					"name": "hudiejie3",
					"parent": "hudiejie2",
					"pivot": [2.25, 21.9, -2.28397],
					"rotation": [0, 0, -22.5],
					"cubes": [
						{"origin": [0.25, 21.9, -2.28397], "size": [2, 1, 1], "uv": [1, 80], "mirror": true}
					]
				},
				{
					"name": "hudiejie4",
					"parent": "hudiejie2",
					"pivot": [2.25, 20.9, -2.28397],
					"rotation": [0, 0, 22.5],
					"cubes": [
						{"origin": [0.25, 19.9, -2.28397], "size": [2, 1, 1], "uv": [1, 80], "mirror": true}
					]
				},
				{
					"name": "hudiejie5",
					"parent": "frontDeco",
					"pivot": [0, 21.9, -2.28397],
					"cubes": [
						{"origin": [-2.25, 20.9, -2.28397], "size": [2, 1, 1], "inflate": 0.001, "uv": [1, 80]}
					]
				},
				{
					"name": "hudiejie6",
					"parent": "hudiejie5",
					"pivot": [-2.25, 21.9, -2.28397],
					"rotation": [0, 0, 22.5],
					"cubes": [
						{"origin": [-2.25, 21.9, -2.28397], "size": [2, 1, 1], "uv": [1, 80]}
					]
				},
				{
					"name": "hudiejie7",
					"parent": "hudiejie5",
					"pivot": [-2.25, 20.9, -2.28397],
					"rotation": [0, 0, -22.5],
					"cubes": [
						{"origin": [-2.25, 19.9, -2.28397], "size": [2, 1, 1], "uv": [1, 80]}
					]
				},
				{
					"name": "hudiejie8",
					"parent": "frontDeco",
					"pivot": [-0.2, 21.15, -1.98397],
					"rotation": [-2.38547, -10.00904, 29.55931],
					"cubes": [
						{"origin": [-1.7, 16.65, -2.88397], "size": [3, 5, 2], "inflate": -0.9, "uv": [0, 84]}
					]
				},
				{
					"name": "hudiejie9",
					"parent": "frontDeco",
					"pivot": [0.2, 21.15, -1.98397],
					"rotation": [-2.38547, 10.00904, -29.55931],
					"cubes": [
						{"origin": [-1.3, 16.65, -2.88397], "size": [3, 5, 2], "inflate": -0.9, "uv": [0, 84], "mirror": true}
					]
				},
				{
					"name": "back_deco",
					"parent": "coat",
					"pivot": [0, 17, 1.5]
				},
				{
					"name": "gem2",
					"parent": "back_deco",
					"pivot": [0, 17, 1.5],
					"cubes": [
						{"origin": [-1, 15.75, 1.25], "size": [2, 3, 2], "uv": [12, 89]}
					]
				},
				{
					"name": "hudiejie11",
					"parent": "back_deco",
					"pivot": [0, 17, 2.5],
					"rotation": [0, -15, -30],
					"cubes": [
						{"origin": [0, 16, 1.5], "size": [4, 2, 1], "uv": [41, 93]}
					]
				},
				{
					"name": "hudiejie12",
					"parent": "back_deco",
					"pivot": [0, 17, 2.5],
					"rotation": [0, -20.5, -10],
					"cubes": [
						{"origin": [0, 16, 1.5], "size": [4.1, 2, 1], "uv": [41, 93]}
					]
				},
				{
					"name": "hudiejie13",
					"parent": "back_deco",
					"pivot": [0, 17, 2.5],
					"rotation": [0, -15, 10],
					"cubes": [
						{"origin": [0, 16, 1.5], "size": [4, 2, 1], "uv": [41, 93]}
					]
				},
				{
					"name": "hudiejie14",
					"parent": "back_deco",
					"pivot": [0, 17, 2.5],
					"rotation": [0, 15, 30],
					"cubes": [
						{"origin": [-4, 16, 1.5], "size": [4, 2, 1], "uv": [41, 93], "mirror": true}
					]
				},
				{
					"name": "hudiejie15",
					"parent": "back_deco",
					"pivot": [0, 17, 2.5],
					"rotation": [0, 20.5, 10],
					"cubes": [
						{"origin": [-4.1, 16, 1.5], "size": [4.1, 2, 1], "uv": [41, 93], "mirror": true}
					]
				},
				{
					"name": "hudiejie16",
					"parent": "back_deco",
					"pivot": [0, 17, 2.5],
					"rotation": [0, 15, -10],
					"cubes": [
						{"origin": [-4, 16, 1.5], "size": [4, 2, 1], "uv": [41, 93], "mirror": true}
					]
				},
				{
					"name": "hudiejie17",
					"parent": "back_deco",
					"pivot": [1, 16, 2],
					"rotation": [20, -7.5, -10],
					"cubes": [
						{"origin": [1, 11, 1.5], "size": [1, 5, 1], "uv": [12, 77]}
					]
				},
				{
					"name": "hudiejie18",
					"parent": "hudiejie17",
					"pivot": [2, 11, 2.5],
					"rotation": [0, 0, -10],
					"cubes": [
						{"origin": [2, 11, 1.5], "size": [1, 5, 1], "inflate": 0.001, "uv": [12, 77]}
					]
				},
				{
					"name": "hudiejie19",
					"parent": "hudiejie18",
					"pivot": [3, 11, 2.5],
					"rotation": [0, 0, -10],
					"cubes": [
						{"origin": [3, 11, 1.5], "size": [1, 5, 1], "uv": [12, 77]}
					]
				},
				{
					"name": "hudiejie20",
					"parent": "back_deco",
					"pivot": [-1, 16, 2],
					"rotation": [20, 7.5, 10],
					"cubes": [
						{"origin": [-2, 11, 1.5], "size": [1, 5, 1], "uv": [12, 77], "mirror": true}
					]
				},
				{
					"name": "hudiejie21",
					"parent": "hudiejie20",
					"pivot": [-2, 11, 2.5],
					"rotation": [0, 0, 10],
					"cubes": [
						{"origin": [-3, 11, 1.5], "size": [1, 5, 1], "inflate": 0.001, "uv": [12, 77], "mirror": true}
					]
				},
				{
					"name": "hudiejie22",
					"parent": "hudiejie21",
					"pivot": [-3, 11, 2.5],
					"rotation": [0, 0, 10],
					"cubes": [
						{"origin": [-4, 11, 1.5], "size": [1, 5, 1], "uv": [12, 77], "mirror": true}
					]
				},
				{
					"name": "chest",
					"parent": "hide_parts",
					"pivot": [0, 21.9, -1.5],
					"rotation": [-31, 0, 0],
					"cubes": [
						{
							"origin": [-3.5, 19.25124, -1.61429],
							"size": [7, 4, 3],
							"inflate": -0.252,
							"uv": {
								"north": {"uv": [22, 113], "uv_size": [7, 3]},
								"east": {"uv": [20, 113], "uv_size": [2, 3]},
								"south": {"uv": [0, 0], "uv_size": [0, 0]},
								"west": {"uv": [29, 113], "uv_size": [2, 3]},
								"up": {"uv": [0, 0], "uv_size": [0, 0]},
								"down": {"uv": [29, 113], "uv_size": [7, -2]}
							}
						}
					]
				},
				{
					"name": "skirt",
					"parent": "hide_parts",
					"pivot": [0, 11, 0]
				},
				{
					"name": "skirt13",
					"parent": "skirt",
					"pivot": [0, 11, -1],
					"rotation": [19.47122, 0, 0],
					"cubes": [
						{
							"origin": [-4.5, 9.39737, 2.25145],
							"size": [9, 6, 1],
							"inflate": -0.15395,
							"uv": {
								"north": {"uv": [0, 0], "uv_size": [0, 0]},
								"east": {"uv": [0, 0], "uv_size": [0, 0]},
								"south": {"uv": [46, 122], "uv_size": [9, 6]},
								"west": {"uv": [0, 0], "uv_size": [0, 0]},
								"up": {"uv": [0, 0], "uv_size": [0, 0]},
								"down": {"uv": [0, 0], "uv_size": [0, 0]}
							}
						}
					]
				},
				{
					"name": "skirt2",
					"parent": "skirt",
					"pivot": [0, 11, 0],
					"rotation": [19.47122, 90, 0],
					"cubes": [
						{
							"origin": [-2.5, 9.06403, 4.19425],
							"size": [5, 6, 1],
							"inflate": -0.15395,
							"uv": {
								"north": {"uv": [0, 0], "uv_size": [0, 0]},
								"east": {"uv": [0, 0], "uv_size": [0, 0]},
								"south": {"uv": [7, 113], "uv_size": [5, 6]},
								"west": {"uv": [0, 0], "uv_size": [0, 0]},
								"up": {"uv": [0, 0], "uv_size": [0, 0]},
								"down": {"uv": [0, 0], "uv_size": [0, 0]}
							}
						}
					]
				},
				{
					"name": "skirt3",
					"parent": "skirt",
					"pivot": [0, 11, 0],
					"rotation": [19.47122, 180, 0],
					"cubes": [
						{
							"origin": [-4.5, 9.7307, 2.30864],
							"size": [9, 6, 1],
							"inflate": -0.15395,
							"uv": {
								"north": {"uv": [0, 0], "uv_size": [0, 0]},
								"east": {"uv": [0, 0], "uv_size": [0, 0]},
								"south": {"uv": [46, 122], "uv_size": [9, 6]},
								"west": {"uv": [0, 0], "uv_size": [0, 0]},
								"up": {"uv": [0, 0], "uv_size": [0, 0]},
								"down": {"uv": [0, 0], "uv_size": [0, 0]}
							}
						}
					]
				},
				{
					"name": "skirt4",
					"parent": "skirt",
					"pivot": [0, 11, 0],
					"rotation": [19.47122, 270, 0],
					"cubes": [
						{
							"origin": [-2.5, 9.06403, 4.19425],
							"size": [5, 6, 1],
							"inflate": -0.15395,
							"uv": {
								"north": {"uv": [0, 0], "uv_size": [0, 0]},
								"east": {"uv": [0, 0], "uv_size": [0, 0]},
								"south": {"uv": [7, 113], "uv_size": [5, 6]},
								"west": {"uv": [0, 0], "uv_size": [0, 0]},
								"up": {"uv": [0, 0], "uv_size": [0, 0]},
								"down": {"uv": [0, 0], "uv_size": [0, 0]}
							}
						}
					]
				},
				{
					"name": "skirt5",
					"parent": "skirt",
					"pivot": [0, 11, 0],
					"rotation": [0, 45, 0]
				},
				{
					"name": "skirt6",
					"parent": "skirt5",
					"pivot": [-5.43914, 11, 0],
					"rotation": [0, -45, 26.56505],
					"cubes": [
						{
							"origin": [-6.93914, 11, -1.5],
							"size": [1, 6, 1],
							"uv": {
								"north": {"uv": [0, 0], "uv_size": [0, 0]},
								"east": {"uv": [16, 118], "uv_size": [1, 6]},
								"south": {"uv": [19, 118], "uv_size": [1, 6]},
								"west": {"uv": [0, 0], "uv_size": [0, 0]},
								"up": {"uv": [0, 0], "uv_size": [0, 0]},
								"down": {"uv": [0, 0], "uv_size": [0, 0]}
							}
						}
					]
				},
				{
					"name": "skirt7",
					"parent": "skirt",
					"pivot": [0, 11, 0],
					"rotation": [0, 135, 0]
				},
				{
					"name": "skirt8",
					"parent": "skirt7",
					"pivot": [-5.43914, 11, 0],
					"rotation": [0, -45, 26.56505],
					"cubes": [
						{
							"origin": [-4.93914, 11, 0.5],
							"size": [1, 6, 1],
							"uv": {
								"north": {"uv": [0, 0], "uv_size": [0, 0]},
								"east": {"uv": [16, 118], "uv_size": [1, 6]},
								"south": {"uv": [19, 118], "uv_size": [1, 6]},
								"west": {"uv": [0, 0], "uv_size": [0, 0]},
								"up": {"uv": [0, 0], "uv_size": [0, 0]},
								"down": {"uv": [0, 0], "uv_size": [0, 0]}
							}
						}
					]
				},
				{
					"name": "skirt9",
					"parent": "skirt",
					"pivot": [0, 11, 0],
					"rotation": [0, 225, 0]
				},
				{
					"name": "skirt10",
					"parent": "skirt9",
					"pivot": [-5.43914, 11, 0],
					"rotation": [0, -45, 26.56505],
					"cubes": [
						{
							"origin": [-6.93914, 11, -1.5],
							"size": [1, 6, 1],
							"uv": {
								"north": {"uv": [0, 0], "uv_size": [0, 0]},
								"east": {"uv": [16, 118], "uv_size": [1, 6]},
								"south": {"uv": [19, 118], "uv_size": [1, 6]},
								"west": {"uv": [0, 0], "uv_size": [0, 0]},
								"up": {"uv": [0, 0], "uv_size": [0, 0]},
								"down": {"uv": [0, 0], "uv_size": [0, 0]}
							}
						}
					]
				},
				{
					"name": "skirt11",
					"parent": "skirt",
					"pivot": [0, 11, 0],
					"rotation": [0, 315, 0]
				},
				{
					"name": "skirt12",
					"parent": "skirt11",
					"pivot": [-5.43914, 11, 0],
					"rotation": [0, -45, 26.56505],
					"cubes": [
						{
							"origin": [-4.93914, 11, 0.5],
							"size": [1, 6, 1],
							"uv": {
								"north": {"uv": [0, 0], "uv_size": [0, 0]},
								"east": {"uv": [16, 118], "uv_size": [1, 6]},
								"south": {"uv": [19, 118], "uv_size": [1, 6]},
								"west": {"uv": [0, 0], "uv_size": [0, 0]},
								"up": {"uv": [0, 0], "uv_size": [0, 0]},
								"down": {"uv": [0, 0], "uv_size": [0, 0]}
							}
						}
					]
				},
				{
					"name": "lace",
					"parent": "skirt",
					"pivot": [0, 0, 0]
				},
				{
					"name": "lace1",
					"parent": "lace",
					"pivot": [0, 11.75, 0],
					"rotation": [-15, 0, 0],
					"cubes": [
						{
							"origin": [-3.5, 8.97354, -1.89778],
							"size": [7, 2, 0],
							"uv": {
								"north": {"uv": [21, 118], "uv_size": [7, 2]},
								"east": {"uv": [0, 0], "uv_size": [0, 0]},
								"south": {"uv": [0, 0], "uv_size": [0, 0]},
								"west": {"uv": [28, 118], "uv_size": [0, 2]},
								"up": {"uv": [0, 0], "uv_size": [0, 0]},
								"down": {"uv": [0, 0], "uv_size": [0, 0]}
							}
						},
						{
							"origin": [-4.5, 8.97354, -2.89778],
							"size": [1, 2, 1],
							"uv": {
								"north": {"uv": [1, 121], "uv_size": [1, 2]},
								"east": {"uv": [0, 121], "uv_size": [1, 2]},
								"south": {"uv": [0, 0], "uv_size": [0, 0]},
								"west": {"uv": [2, 121], "uv_size": [1, 2]},
								"up": {"uv": [0, 0], "uv_size": [0, 0]},
								"down": {"uv": [0, 0], "uv_size": [0, 0]}
							}
						},
						{
							"origin": [-2.5, 8.97354, -2.89778],
							"size": [1, 2, 1],
							"uv": {
								"north": {"uv": [1, 121], "uv_size": [1, 2]},
								"east": {"uv": [0, 121], "uv_size": [1, 2]},
								"south": {"uv": [0, 0], "uv_size": [0, 0]},
								"west": {"uv": [2, 121], "uv_size": [1, 2]},
								"up": {"uv": [0, 0], "uv_size": [0, 0]},
								"down": {"uv": [0, 0], "uv_size": [0, 0]}
							}
						},
						{
							"origin": [-0.5, 8.97354, -2.89778],
							"size": [1, 2, 1],
							"uv": {
								"north": {"uv": [1, 121], "uv_size": [1, 2]},
								"east": {"uv": [0, 121], "uv_size": [1, 2]},
								"south": {"uv": [0, 0], "uv_size": [0, 0]},
								"west": {"uv": [2, 121], "uv_size": [1, 2]},
								"up": {"uv": [0, 0], "uv_size": [0, 0]},
								"down": {"uv": [0, 0], "uv_size": [0, 0]}
							}
						},
						{
							"origin": [1.5, 8.97354, -2.89778],
							"size": [1, 2, 1],
							"uv": {
								"north": {"uv": [1, 121], "uv_size": [1, 2]},
								"east": {"uv": [0, 121], "uv_size": [1, 2]},
								"south": {"uv": [0, 0], "uv_size": [0, 0]},
								"west": {"uv": [2, 121], "uv_size": [1, 2]},
								"up": {"uv": [0, 0], "uv_size": [0, 0]},
								"down": {"uv": [0, 0], "uv_size": [0, 0]}
							}
						},
						{
							"origin": [3.5, 8.97354, -2.89778],
							"size": [1, 2, 1],
							"uv": {
								"north": {"uv": [1, 121], "uv_size": [1, 2]},
								"east": {"uv": [0, 121], "uv_size": [1, 2]},
								"south": {"uv": [0, 0], "uv_size": [0, 0]},
								"west": {"uv": [2, 121], "uv_size": [1, 2]},
								"up": {"uv": [0, 0], "uv_size": [0, 0]},
								"down": {"uv": [0, 0], "uv_size": [0, 0]}
							}
						}
					]
				},
				{
					"name": "lace3",
					"parent": "lace",
					"pivot": [0, 11.75, 0],
					"rotation": [-15, 180, 0],
					"cubes": [
						{
							"origin": [-3.5, 8.97354, -1.89778],
							"size": [7, 2, 0],
							"uv": {
								"north": {"uv": [21, 118], "uv_size": [7, 2]},
								"east": {"uv": [0, 0], "uv_size": [0, 0]},
								"south": {"uv": [0, 0], "uv_size": [0, 0]},
								"west": {"uv": [28, 118], "uv_size": [0, 2]},
								"up": {"uv": [0, 0], "uv_size": [0, 0]},
								"down": {"uv": [0, 0], "uv_size": [0, 0]}
							}
						},
						{
							"origin": [-4.5, 8.97354, -2.89778],
							"size": [1, 2, 1],
							"uv": {
								"north": {"uv": [1, 121], "uv_size": [1, 2]},
								"east": {"uv": [0, 121], "uv_size": [1, 2]},
								"south": {"uv": [0, 0], "uv_size": [0, 0]},
								"west": {"uv": [2, 121], "uv_size": [1, 2]},
								"up": {"uv": [0, 0], "uv_size": [0, 0]},
								"down": {"uv": [0, 0], "uv_size": [0, 0]}
							}
						},
						{
							"origin": [-2.5, 8.97354, -2.89778],
							"size": [1, 2, 1],
							"uv": {
								"north": {"uv": [1, 121], "uv_size": [1, 2]},
								"east": {"uv": [0, 121], "uv_size": [1, 2]},
								"south": {"uv": [0, 0], "uv_size": [0, 0]},
								"west": {"uv": [2, 121], "uv_size": [1, 2]},
								"up": {"uv": [0, 0], "uv_size": [0, 0]},
								"down": {"uv": [0, 0], "uv_size": [0, 0]}
							}
						},
						{
							"origin": [-0.5, 8.97354, -2.89778],
							"size": [1, 2, 1],
							"uv": {
								"north": {"uv": [1, 121], "uv_size": [1, 2]},
								"east": {"uv": [0, 121], "uv_size": [1, 2]},
								"south": {"uv": [0, 0], "uv_size": [0, 0]},
								"west": {"uv": [2, 121], "uv_size": [1, 2]},
								"up": {"uv": [0, 0], "uv_size": [0, 0]},
								"down": {"uv": [0, 0], "uv_size": [0, 0]}
							}
						},
						{
							"origin": [1.5, 8.97354, -2.89778],
							"size": [1, 2, 1],
							"uv": {
								"north": {"uv": [1, 121], "uv_size": [1, 2]},
								"east": {"uv": [0, 121], "uv_size": [1, 2]},
								"south": {"uv": [0, 0], "uv_size": [0, 0]},
								"west": {"uv": [2, 121], "uv_size": [1, 2]},
								"up": {"uv": [0, 0], "uv_size": [0, 0]},
								"down": {"uv": [0, 0], "uv_size": [0, 0]}
							}
						},
						{
							"origin": [3.5, 8.97354, -2.89778],
							"size": [1, 2, 1],
							"uv": {
								"north": {"uv": [1, 121], "uv_size": [1, 2]},
								"east": {"uv": [0, 121], "uv_size": [1, 2]},
								"south": {"uv": [0, 0], "uv_size": [0, 0]},
								"west": {"uv": [2, 121], "uv_size": [1, 2]},
								"up": {"uv": [0, 0], "uv_size": [0, 0]},
								"down": {"uv": [0, 0], "uv_size": [0, 0]}
							}
						}
					]
				},
				{
					"name": "lace2",
					"parent": "lace",
					"pivot": [0, 11.75, 0],
					"rotation": [-15, -90, 0],
					"cubes": [
						{
							"origin": [-1.5, 8.4559, -3.82963],
							"size": [3, 2, 0],
							"uv": {
								"north": {"uv": [36, 118], "uv_size": [3, 2]},
								"east": {"uv": [0, 0], "uv_size": [0, 0]},
								"south": {"uv": [0, 0], "uv_size": [0, 0]},
								"west": {"uv": [0, 0], "uv_size": [0, 0]},
								"up": {"uv": [0, 0], "uv_size": [0, 0]},
								"down": {"uv": [0, 0], "uv_size": [0, 0]}
							}
						},
						{
							"origin": [-2.5, 8.4559, -4.82963],
							"size": [1, 2, 1],
							"uv": {
								"north": {"uv": [1, 121], "uv_size": [1, 2]},
								"east": {"uv": [0, 121], "uv_size": [1, 2]},
								"south": {"uv": [0, 0], "uv_size": [0, 0]},
								"west": {"uv": [2, 121], "uv_size": [1, 2]},
								"up": {"uv": [0, 0], "uv_size": [0, 0]},
								"down": {"uv": [0, 0], "uv_size": [0, 0]}
							}
						},
						{
							"origin": [-0.5, 8.4559, -4.82963],
							"size": [1, 2, 1],
							"uv": {
								"north": {"uv": [1, 121], "uv_size": [1, 2]},
								"east": {"uv": [0, 121], "uv_size": [1, 2]},
								"south": {"uv": [0, 0], "uv_size": [0, 0]},
								"west": {"uv": [2, 121], "uv_size": [1, 2]},
								"up": {"uv": [0, 0], "uv_size": [0, 0]},
								"down": {"uv": [0, 0], "uv_size": [0, 0]}
							}
						},
						{
							"origin": [1.5, 8.4559, -4.82963],
							"size": [1, 2, 1],
							"uv": {
								"north": {"uv": [1, 121], "uv_size": [1, 2]},
								"east": {"uv": [0, 121], "uv_size": [1, 2]},
								"south": {"uv": [0, 0], "uv_size": [0, 0]},
								"west": {"uv": [2, 121], "uv_size": [1, 2]},
								"up": {"uv": [0, 0], "uv_size": [0, 0]},
								"down": {"uv": [0, 0], "uv_size": [0, 0]}
							}
						}
					]
				},
				{
					"name": "lace4",
					"parent": "lace",
					"pivot": [0, 11.75, 0],
					"rotation": [-15, 90, 0],
					"cubes": [
						{
							"origin": [-1.5, 8.4559, -3.82963],
							"size": [3, 2, 0],
							"uv": {
								"north": {"uv": [36, 118], "uv_size": [3, 2]},
								"east": {"uv": [0, 0], "uv_size": [0, 0]},
								"south": {"uv": [0, 0], "uv_size": [0, 0]},
								"west": {"uv": [0, 0], "uv_size": [0, 0]},
								"up": {"uv": [0, 0], "uv_size": [0, 0]},
								"down": {"uv": [0, 0], "uv_size": [0, 0]}
							}
						},
						{
							"origin": [-2.5, 8.4559, -4.82963],
							"size": [1, 2, 1],
							"uv": {
								"north": {"uv": [1, 121], "uv_size": [1, 2]},
								"east": {"uv": [0, 121], "uv_size": [1, 2]},
								"south": {"uv": [0, 0], "uv_size": [0, 0]},
								"west": {"uv": [2, 121], "uv_size": [1, 2]},
								"up": {"uv": [0, 0], "uv_size": [0, 0]},
								"down": {"uv": [0, 0], "uv_size": [0, 0]}
							}
						},
						{
							"origin": [-0.5, 8.4559, -4.82963],
							"size": [1, 2, 1],
							"uv": {
								"north": {"uv": [1, 121], "uv_size": [1, 2]},
								"east": {"uv": [0, 121], "uv_size": [1, 2]},
								"south": {"uv": [0, 0], "uv_size": [0, 0]},
								"west": {"uv": [2, 121], "uv_size": [1, 2]},
								"up": {"uv": [0, 0], "uv_size": [0, 0]},
								"down": {"uv": [0, 0], "uv_size": [0, 0]}
							}
						},
						{
							"origin": [1.5, 8.4559, -4.82963],
							"size": [1, 2, 1],
							"uv": {
								"north": {"uv": [1, 121], "uv_size": [1, 2]},
								"east": {"uv": [0, 121], "uv_size": [1, 2]},
								"south": {"uv": [0, 0], "uv_size": [0, 0]},
								"west": {"uv": [2, 121], "uv_size": [1, 2]},
								"up": {"uv": [0, 0], "uv_size": [0, 0]},
								"down": {"uv": [0, 0], "uv_size": [0, 0]}
							}
						}
					]
				},
				{
					"name": "back",
					"parent": "hide_parts",
					"pivot": [-0.5, 24.26, 2.509],
					"rotation": [10, 0, 0],
					"cubes": [
						{
							"origin": [-3.49, 19.72789, 1.37945],
							"size": [7, 4, 0],
							"uv": {
								"north": {"uv": [29, 94], "uv_size": [7, 4]},
								"east": {"uv": [0, 0], "uv_size": [0, 0]},
								"south": {"uv": [0, 0], "uv_size": [0, 0]},
								"west": {"uv": [0, 0], "uv_size": [0, 0]},
								"up": {"uv": [0, 0], "uv_size": [0, 0]},
								"down": {"uv": [0, 0], "uv_size": [0, 0]}
							}
						},
						{
							"origin": [-2.99, 20.22789, 0.14045],
							"size": [6, 3, 1],
							"inflate": 0.25,
							"uv": {
								"north": {"uv": [0, 0], "uv_size": [0, 0]},
								"east": {"uv": [0, 0], "uv_size": [0, 0]},
								"south": {"uv": [36, 100], "uv_size": [6, 3]},
								"west": {"uv": [0, 0], "uv_size": [0, 0]},
								"up": {"uv": [0, 0], "uv_size": [0, 0]},
								"down": {"uv": [0, 0], "uv_size": [0, 0]}
							}
						},
						{
							"origin": [-2.99, 20.22789, 0.40045],
							"size": [6, 3, 1],
							"uv": {
								"north": {"uv": [0, 0], "uv_size": [0, 0]},
								"east": {"uv": [0, 0], "uv_size": [0, 0]},
								"south": {"uv": [36, 106], "uv_size": [6, 3]},
								"west": {"uv": [0, 0], "uv_size": [0, 0]},
								"up": {"uv": [0, 0], "uv_size": [0, 0]},
								"down": {"uv": [0, 0], "uv_size": [0, 0]}
							}
						}
					]
				},
				{
					"name": "left_arm",
					"pivot": [4, 22, 0],
					"cubes": [
						{"origin": [3, 17.25, -1.5], "size": [3.25, 6.5, 3], "inflate": -0.251, "uv": [0, 47]}
					]
				},
				{
					"name": "left_chestplate",
					"parent": "left_arm",
					"pivot": [4.75, 22, 0],
					"cubes": [
						{
							"origin": [3.3, 20.531, -1.5],
							"size": [3, 1, 3],
							"inflate": 0.03,
							"uv": {
								"north": {"uv": [28, 127], "uv_size": [-3, 1]},
								"east": {"uv": [31, 127], "uv_size": [-3, 1]},
								"south": {"uv": [34, 127], "uv_size": [-3, 1]},
								"west": {"uv": [25, 127], "uv_size": [-3, 1]},
								"up": {"uv": [0, 0], "uv_size": [0, 0]},
								"down": {"uv": [0, 0], "uv_size": [0, 0]}
							}
						},
						{
							"origin": [3.4, 21.591, -1.35],
							"size": [2.7, 2, 2.7],
							"inflate": 0.03,
							"uv": {
								"north": {"uv": [28, 125], "uv_size": [-3, 2]},
								"east": {"uv": [31, 125], "uv_size": [-3, 2]},
								"south": {"uv": [34, 125], "uv_size": [-3, 2]},
								"west": {"uv": [25, 125], "uv_size": [-3, 2]},
								"up": {"uv": [28, 125], "uv_size": [-3, -3]},
								"down": {"uv": [0, 0], "uv_size": [0, 0]}
							}
						},
						{
							"origin": [1.93, 18.051, -2.6],
							"size": [5.4, 3.7, 5.2],
							"inflate": -1.25,
							"uv": {
								"north": {"uv": [5, 125], "uv_size": [5, 3]},
								"east": {"uv": [0, 125], "uv_size": [5, 3]},
								"south": {"uv": [15, 125], "uv_size": [5, 3]},
								"west": {"uv": [10, 125], "uv_size": [5, 3]},
								"up": {"uv": [5, 120], "uv_size": [5, 5]},
								"down": {"uv": [10, 125], "uv_size": [5, -5]}
							}
						}
					]
				},
				{
					"name": "left_arm_down",
					"parent": "left_arm",
					"pivot": [4.75, 17.5, 1.25],
					"cubes": [
						{"origin": [3, 12.25, -1.5], "size": [3.25, 5.5, 3], "inflate": -0.251, "uv": [41, 53]},
						{"origin": [3.1, 12.471, -1.5], "size": [3, 5, 3], "inflate": 0.03, "uv": [50, 16], "mirror": true}
					]
				},
				{
					"name": "right_arm",
					"pivot": [-4, 22, 0],
					"cubes": [
						{"origin": [-6.25, 17.25, -1.5], "size": [3.25, 6.5, 3], "inflate": -0.251, "uv": [0, 47], "mirror": true}
					]
				},
				{
					"name": "right_chestplate",
					"parent": "right_arm",
					"pivot": [-4.75, 22, 0],
					"cubes": [
						{
							"origin": [-6.3, 20.531, -1.5],
							"size": [3, 1, 3],
							"inflate": 0.03,
							"uv": {
								"north": {"uv": [25, 127], "uv_size": [3, 1]},
								"east": {"uv": [22, 127], "uv_size": [3, 1]},
								"south": {"uv": [31, 127], "uv_size": [3, 1]},
								"west": {"uv": [28, 127], "uv_size": [3, 1]},
								"up": {"uv": [0, 0], "uv_size": [0, 0]},
								"down": {"uv": [0, 0], "uv_size": [0, 0]}
							}
						},
						{
							"origin": [-6.1, 21.591, -1.35],
							"size": [2.7, 2, 2.7],
							"inflate": 0.03,
							"uv": {
								"north": {"uv": [25, 125], "uv_size": [3, 2]},
								"east": {"uv": [22, 125], "uv_size": [3, 2]},
								"south": {"uv": [31, 125], "uv_size": [3, 2]},
								"west": {"uv": [28, 125], "uv_size": [3, 2]},
								"up": {"uv": [25, 125], "uv_size": [3, -3]},
								"down": {"uv": [0, 0], "uv_size": [0, 0]}
							}
						},
						{
							"origin": [-7.33, 18.051, -2.6],
							"size": [5.4, 3.7, 5.2],
							"inflate": -1.25,
							"uv": {
								"north": {"uv": [10, 125], "uv_size": [-5, 3]},
								"east": {"uv": [15, 125], "uv_size": [-5, 3]},
								"south": {"uv": [20, 125], "uv_size": [-5, 3]},
								"west": {"uv": [5, 125], "uv_size": [-5, 3]},
								"up": {"uv": [10, 120], "uv_size": [-5, 5]},
								"down": {"uv": [15, 125], "uv_size": [-5, -5]}
							}
						}
					]
				},
				{
					"name": "right_arm_down",
					"parent": "right_arm",
					"pivot": [-4.75, 17.5, 1.25],
					"cubes": [
						{"origin": [-6.25, 12.25, -1.5], "size": [3.25, 5.5, 3], "inflate": -0.251, "uv": [41, 53], "mirror": true},
						{"origin": [-6.1, 12.471, -1.5], "size": [3, 5, 3], "inflate": 0.03, "uv": [50, 16]}
					]
				},
				{
					"name": "left_leg",
					"pivot": [1.75, 12, 0],
					"cubes": [
						{"origin": [0.25, 7, -1.5], "size": [3, 5, 3], "uv": [53, 50]}
					]
				},
				{
					"name": "left_leg_down",
					"parent": "left_leg",
					"pivot": [1.75, 7, -1.5],
					"cubes": [
						{"origin": [0.25, 1.01, -1.5], "size": [3, 6, 3], "uv": [49, 35]}
					]
				},
				{
					"name": "left_foot",
					"parent": "left_leg_down",
					"pivot": [1.75, 7, -1.5],
					"cubes": [
						{
							"origin": [0.75, 0, -4.36603],
							"size": [2, 2, 1],
							"inflate": 0.001,
							"uv": {
								"north": {"uv": [2, 96], "uv_size": [2, 2]},
								"east": {"uv": [0, 96], "uv_size": [2, 2]},
								"south": {"uv": [6, 96], "uv_size": [2, 2]},
								"west": {"uv": [4, 96], "uv_size": [2, 2]},
								"up": {"uv": [2, 94], "uv_size": [2, 2]},
								"down": {"uv": [4, 96], "uv_size": [2, -2]}
							}
						},
						{
							"origin": [0.25, 0, 0.5],
							"size": [3, 1, 1],
							"uv": {
								"north": {"uv": [1, 1], "uv_size": [3, 1]},
								"east": {"uv": [0, 1], "uv_size": [1, 1]},
								"south": {"uv": [5, 1], "uv_size": [3, 1]},
								"west": {"uv": [4, 1], "uv_size": [1, 1]},
								"up": {"uv": [1, 0], "uv_size": [3, 1]},
								"down": {"uv": [4, 1], "uv_size": [3, -1]}
							}
						},
						{
							"origin": [0.25, 0, -3.5],
							"size": [3, 1, 3],
							"inflate": 0.01,
							"uv": {
								"north": {"uv": [35, 10], "uv_size": [3, 1]},
								"east": {"uv": [32, 10], "uv_size": [3, 1]},
								"south": {"uv": [41, 10], "uv_size": [3, 1]},
								"west": {"uv": [38, 10], "uv_size": [3, 1]},
								"up": {"uv": [35, 7], "uv_size": [3, 3]},
								"down": {"uv": [38, 10], "uv_size": [3, -3]}
							}
						},
						{
							"origin": [0.25, 1, -3.5],
							"size": [3, 1, 5],
							"inflate": 0.01,
							"uv": {
								"north": {"uv": [5, 73], "uv_size": [3, 1]},
								"east": {"uv": [0, 73], "uv_size": [5, 1]},
								"south": {"uv": [13, 73], "uv_size": [3, 1]},
								"west": {"uv": [8, 73], "uv_size": [5, 1]},
								"up": {"uv": [5, 68], "uv_size": [3, 5]},
								"down": {"uv": [8, 73], "uv_size": [3, -5]}
							}
						},
						{
							"origin": [0.25, 2, -1.5],
							"size": [3, 4, 3],
							"inflate": 0.01,
							"uv": {
								"north": {"uv": [16, 106], "uv_size": [3, 4]},
								"east": {"uv": [13, 106], "uv_size": [3, 4]},
								"south": {"uv": [22, 106], "uv_size": [3, 4]},
								"west": {"uv": [19, 106], "uv_size": [3, 4]},
								"up": {"uv": [16, 103], "uv_size": [3, 3]},
								"down": {"uv": [19, 106], "uv_size": [3, -3]}
							}
						}
					]
				},
				{
					"name": "shoes2",
					"parent": "left_foot",
					"pivot": [3.25, 0, -3.5],
					"rotation": [0, 30, 0],
					"cubes": [
						{
							"origin": [2.25, 0, -4.5],
							"size": [1, 2, 1],
							"uv": {
								"north": {"uv": [0, 0], "uv_size": [0, 0]},
								"east": {"uv": [0, 0], "uv_size": [0, 0]},
								"south": {"uv": [0, 0], "uv_size": [0, 0]},
								"west": {"uv": [25, 94], "uv_size": [-1, 2]},
								"up": {"uv": [26, 93], "uv_size": [-1, 1]},
								"down": {"uv": [27, 94], "uv_size": [-1, -1]}
							}
						}
					]
				},
				{
					"name": "shoes3",
					"parent": "left_foot",
					"pivot": [0.25, 0, -3.5],
					"rotation": [0, -30, 0],
					"cubes": [
						{
							"origin": [0.25, 0, -4.5],
							"size": [1, 2, 1],
							"uv": {
								"north": {"uv": [0, 0], "uv_size": [0, 0]},
								"east": {"uv": [24, 94], "uv_size": [1, 2]},
								"south": {"uv": [0, 0], "uv_size": [0, 0]},
								"west": {"uv": [0, 0], "uv_size": [0, 0]},
								"up": {"uv": [25, 93], "uv_size": [1, 1]},
								"down": {"uv": [26, 94], "uv_size": [1, -1]}
							}
						}
					]
				},
				{
					"name": "shoes",
					"parent": "left_foot",
					"pivot": [1.75, 2, -3.5],
					"rotation": [27.5, 0, 0],
					"cubes": [
						{
							"origin": [0.25, 1, -3.5],
							"size": [3, 1, 4],
							"inflate": 0.021,
							"uv": {
								"north": {"uv": [42, 86], "uv_size": [3, 1]},
								"east": {"uv": [38, 86], "uv_size": [4, 1]},
								"south": {"uv": [49, 86], "uv_size": [3, 1]},
								"west": {"uv": [45, 86], "uv_size": [4, 1]},
								"up": {"uv": [42, 82], "uv_size": [3, 4]},
								"down": {"uv": [45, 86], "uv_size": [3, -4]}
							}
						}
					]
				},
				{
					"name": "shoes5",
					"parent": "left_foot",
					"pivot": [1.65, 5, -2.5],
					"rotation": [-22.5, 0, 0],
					"cubes": [
						{"origin": [-0.05, 3.75, -1.45], "size": [3.5, 1, 2], "uv": [52, 109]},
						{"origin": [0.3, 3.75, -0.45], "size": [3, 1, 1], "inflate": 0.1, "uv": [1, 100]}
					]
				},
				{
					"name": "left_leg_hide_parts",
					"parent": "left_leg",
					"pivot": [-20, 21, -2],
					"cubes": [
						{"origin": [0.25, 6, -1.5], "size": [3, 3, 3], "inflate": 0.01, "uv": [42, 112]}
					]
				},
				{
					"name": "right_leg",
					"pivot": [-1.75, 12, 0],
					"cubes": [
						{"origin": [-3.25, 7, -1.5], "size": [3, 5, 3], "uv": [53, 50], "mirror": true}
					]
				},
				{
					"name": "right_leg_down",
					"parent": "right_leg",
					"pivot": [-1.75, 7, -1.5],
					"cubes": [
						{"origin": [-3.25, 1.01, -1.5], "size": [3, 6, 3], "uv": [49, 35], "mirror": true}
					]
				},
				{
					"name": "right_foot",
					"parent": "right_leg_down",
					"pivot": [-1.75, 7, -1.5],
					"cubes": [
						{
							"origin": [-2.75, 0, -4.36603],
							"size": [2, 2, 1],
							"inflate": 0.001,
							"uv": {
								"north": {"uv": [4, 96], "uv_size": [-2, 2]},
								"east": {"uv": [6, 96], "uv_size": [-2, 2]},
								"south": {"uv": [8, 96], "uv_size": [-2, 2]},
								"west": {"uv": [2, 96], "uv_size": [-2, 2]},
								"up": {"uv": [4, 94], "uv_size": [-2, 2]},
								"down": {"uv": [6, 96], "uv_size": [-2, -2]}
							}
						},
						{
							"origin": [-3.25, 0, 0.5],
							"size": [3, 1, 1],
							"uv": {
								"north": {"uv": [4, 1], "uv_size": [-3, 1]},
								"east": {"uv": [5, 1], "uv_size": [-1, 1]},
								"south": {"uv": [8, 1], "uv_size": [-3, 1]},
								"west": {"uv": [1, 1], "uv_size": [-1, 1]},
								"up": {"uv": [4, 0], "uv_size": [-3, 1]},
								"down": {"uv": [7, 1], "uv_size": [-3, -1]}
							}
						},
						{
							"origin": [-3.25, 0, -3.5],
							"size": [3, 1, 3],
							"inflate": 0.01,
							"uv": {
								"north": {"uv": [38, 10], "uv_size": [-3, 1]},
								"east": {"uv": [41, 10], "uv_size": [-3, 1]},
								"south": {"uv": [44, 10], "uv_size": [-3, 1]},
								"west": {"uv": [35, 10], "uv_size": [-3, 1]},
								"up": {"uv": [38, 7], "uv_size": [-3, 3]},
								"down": {"uv": [41, 10], "uv_size": [-3, -3]}
							}
						},
						{
							"origin": [-3.25, 1, -3.5],
							"size": [3, 1, 5],
							"inflate": 0.01,
							"uv": {
								"north": {"uv": [8, 73], "uv_size": [-3, 1]},
								"east": {"uv": [13, 73], "uv_size": [-5, 1]},
								"south": {"uv": [16, 73], "uv_size": [-3, 1]},
								"west": {"uv": [5, 73], "uv_size": [-5, 1]},
								"up": {"uv": [8, 68], "uv_size": [-3, 5]},
								"down": {"uv": [11, 73], "uv_size": [-3, -5]}
							}
						},
						{
							"origin": [-3.25, 2, -1.5],
							"size": [3, 4, 3],
							"inflate": 0.01,
							"uv": {
								"north": {"uv": [19, 106], "uv_size": [-3, 4]},
								"east": {"uv": [22, 106], "uv_size": [-3, 4]},
								"south": {"uv": [25, 106], "uv_size": [-3, 4]},
								"west": {"uv": [16, 106], "uv_size": [-3, 4]},
								"up": {"uv": [19, 103], "uv_size": [-3, 3]},
								"down": {"uv": [22, 106], "uv_size": [-3, -3]}
							}
						}
					]
				},
				{
					"name": "shoes4",
					"parent": "right_foot",
					"pivot": [-3.25, 0, -3.5],
					"rotation": [0, -30, 0],
					"cubes": [
						{
							"origin": [-3.25, 0, -4.5],
							"size": [1, 2, 1],
							"uv": {
								"north": {"uv": [0, 0], "uv_size": [0, 0]},
								"east": {"uv": [24, 94], "uv_size": [1, 2]},
								"south": {"uv": [0, 0], "uv_size": [0, 0]},
								"west": {"uv": [0, 0], "uv_size": [0, 0]},
								"up": {"uv": [25, 93], "uv_size": [1, 1]},
								"down": {"uv": [26, 94], "uv_size": [1, -1]}
							}
						}
					]
				},
				{
					"name": "shoes6",
					"parent": "right_foot",
					"pivot": [-0.25, 0, -3.5],
					"rotation": [0, 30, 0],
					"cubes": [
						{
							"origin": [-1.25, 0, -4.5],
							"size": [1, 2, 1],
							"uv": {
								"north": {"uv": [0, 0], "uv_size": [0, 0]},
								"east": {"uv": [0, 0], "uv_size": [0, 0]},
								"south": {"uv": [0, 0], "uv_size": [0, 0]},
								"west": {"uv": [25, 94], "uv_size": [-1, 2]},
								"up": {"uv": [26, 93], "uv_size": [-1, 1]},
								"down": {"uv": [27, 94], "uv_size": [-1, -1]}
							}
						}
					]
				},
				{
					"name": "shoes7",
					"parent": "right_foot",
					"pivot": [-1.75, 2, -3.5],
					"rotation": [27.5, 0, 0],
					"cubes": [
						{
							"origin": [-3.25, 1, -3.5],
							"size": [3, 1, 4],
							"inflate": 0.021,
							"uv": {
								"north": {"uv": [45, 86], "uv_size": [-3, 1]},
								"east": {"uv": [49, 86], "uv_size": [-4, 1]},
								"south": {"uv": [52, 86], "uv_size": [-3, 1]},
								"west": {"uv": [42, 86], "uv_size": [-4, 1]},
								"up": {"uv": [45, 82], "uv_size": [-3, 4]},
								"down": {"uv": [48, 86], "uv_size": [-3, -4]}
							}
						}
					]
				},
				{
					"name": "shoes8",
					"parent": "right_foot",
					"pivot": [-1.65, 5, -2.5],
					"rotation": [-22.5, 0, 0],
					"cubes": [
						{"origin": [-3.45, 3.75, -1.45], "size": [3.5, 1, 2], "uv": [52, 109], "mirror": true},
						{"origin": [-3.3, 3.75, -0.45], "size": [3, 1, 1], "inflate": 0.1, "uv": [1, 100], "mirror": true}
					]
				},
				{
					"name": "right_leg_hide_parts",
					"parent": "right_leg",
					"pivot": [20, 21, -2],
					"cubes": [
						{"origin": [-3.25, 6, -1.5], "size": [3, 3, 3], "inflate": 0.01, "uv": [42, 112], "mirror": true}
					]
				}
			]
		}
	]
}