{
	"format_version": "1.12.0",
	"minecraft:geometry": [
		{
			"description": {
				"identifier": "geometry.model",
				"texture_width": 128,
				"texture_height": 128,
				"visible_bounds_width": 2,
				"visible_bounds_height": 3.5,
				"visible_bounds_offset": [0, 1.25, 0]
			},
			"bones": [
				{
					"name": "hat",
					"pivot": [0, 24, 0]
				},
				{
					"name": "head",
					"pivot": [0, 24, 0],
					"cubes": [
						{"origin": [-4, 24, -4], "size": [8, 8, 8], "uv": [0, 16]},
						{"origin": [-4, 24, -4], "size": [8, 8, 8], "inflate": 0.25, "uv": [0, 0]}
					]
				},
				{
					"name": "right_ear",
					"parent": "head",
					"pivot": [-2, 30, -1]
				},
				{
					"name": "ear2",
					"parent": "right_ear",
					"pivot": [-3, 32, -1],
					"rotation": [10, 0, -20],
					"cubes": [
						{"origin": [-2.49815, 30.80208, -1.95527], "size": [1, 3, 1], "uv": [24, 19]}
					]
				},
				{
					"name": "ear3",
					"parent": "ear2",
					"pivot": [-2.68584, 30.86585, -2.43628],
					"rotation": [13.5773, 1.77024, -7.28925],
					"cubes": [
						{
							"origin": [-3.73502, 31.16269, -1.03521],
							"size": [1.95, 3.145, 0.95],
							"pivot": [-1.76002, 34.28269, -0.11021],
							"rotation": [-1.99988, -1.24995, -0.01091],
							"uv": {
								"north": {"uv": [1, 3], "uv_size": [2, 3]},
								"east": {"uv": [0, 3], "uv_size": [1, 3]},
								"south": {"uv": [4, 3], "uv_size": [2, 3]},
								"west": {"uv": [3, 3], "uv_size": [1, 3]},
								"up": {"uv": [1, 2], "uv_size": [2, 1]},
								"down": {"uv": [3, 2], "uv_size": [2, 1]}
							}
						},
						{
							"origin": [-3.73259, 29.01872, -1.14463],
							"size": [1.95, 2.145, 0.95],
							"pivot": [-1.78259, 31.16372, -0.19463],
							"rotation": [-14.49988, -1.24995, -0.01091],
							"uv": {
								"north": {"uv": [1, 20], "uv_size": [2, 2]},
								"east": {"uv": [0, 20], "uv_size": [1, 2]},
								"south": {"uv": [4, 22], "uv_size": [2, -2]},
								"west": {"uv": [3, 20], "uv_size": [1, 2]},
								"up": {"uv": [1, 19], "uv_size": [2, 1]},
								"down": {"uv": [3, 19], "uv_size": [2, 1]}
							}
						}
					]
				},
				{
					"name": "ear7",
					"parent": "ear2",
					"pivot": [-1.53584, 34.01585, -3.18628],
					"rotation": [0, 0, -35],
					"cubes": [
						{"origin": [-2.62758, 33.81912, -1.95527], "size": [1, 3, 1], "inflate": 0.001, "uv": [28, 20]}
					]
				},
				{
					"name": "ear8",
					"parent": "ear7",
					"pivot": [-2.53584, 37.01585, -3.18628],
					"rotation": [0, 0, 45],
					"cubes": [
						{"origin": [-2.46161, 33.81188, -1.95527], "size": [1, 3, 1], "uv": [28, 20]}
					]
				},
				{
					"name": "ear9",
					"parent": "ear8",
					"pivot": [-2.53584, 34.01585, -3.18628],
					"rotation": [0, 0, -30],
					"cubes": [
						{"origin": [-2.57354, 30.80208, -1.95527], "size": [1, 3, 1], "inflate": -0.001, "uv": [24, 19]}
					]
				},
				{
					"name": "left_ear",
					"parent": "head",
					"pivot": [2, 30, -1]
				},
				{
					"name": "ear4",
					"parent": "left_ear",
					"pivot": [3, 32, -1],
					"rotation": [10, 0, 20],
					"cubes": [
						{"origin": [1.49815, 30.80208, -1.95527], "size": [1, 3, 1], "uv": [24, 19], "mirror": true}
					]
				},
				{
					"name": "ear5",
					"parent": "ear4",
					"pivot": [2.68584, 30.86585, -2.43628],
					"rotation": [13.5773, -1.77024, 7.28925],
					"cubes": [
						{
							"origin": [1.78502, 31.16269, -1.03521],
							"size": [1.95, 3.145, 0.95],
							"pivot": [1.76002, 34.28269, -0.11021],
							"rotation": [-1.99988, 1.24995, 0.01091],
							"uv": {
								"north": {"uv": [3, 3], "uv_size": [-2, 3]},
								"east": {"uv": [4, 3], "uv_size": [-1, 3]},
								"south": {"uv": [6, 3], "uv_size": [-2, 3]},
								"west": {"uv": [1, 3], "uv_size": [-1, 3]},
								"up": {"uv": [3, 2], "uv_size": [-2, 1]},
								"down": {"uv": [5, 2], "uv_size": [-2, 1]}
							}
						},
						{
							"origin": [1.78259, 29.01872, -1.14463],
							"size": [1.95, 2.145, 0.95],
							"pivot": [1.78259, 31.16372, -0.19463],
							"rotation": [-14.49988, 1.24995, 0.01091],
							"uv": {
								"north": {"uv": [3, 20], "uv_size": [-2, 2]},
								"east": {"uv": [4, 20], "uv_size": [-1, 2]},
								"south": {"uv": [6, 22], "uv_size": [-2, -2]},
								"west": {"uv": [1, 20], "uv_size": [-1, 2]},
								"up": {"uv": [3, 19], "uv_size": [-2, 1]},
								"down": {"uv": [5, 19], "uv_size": [-2, 1]}
							}
						}
					]
				},
				{
					"name": "ear6",
					"parent": "ear4",
					"pivot": [1.53584, 34.01585, -3.18628],
					"rotation": [0, 0, 35],
					"cubes": [
						{"origin": [1.62758, 33.81912, -1.95527], "size": [1, 3, 1], "inflate": 0.001, "uv": [28, 20], "mirror": true}
					]
				},
				{
					"name": "ear10",
					"parent": "ear6",
					"pivot": [2.53584, 37.01585, -3.18628],
					"rotation": [0, 0, -45],
					"cubes": [
						{"origin": [1.46161, 33.81188, -1.95527], "size": [1, 3, 1], "uv": [28, 20], "mirror": true}
					]
				},
				{
					"name": "ear11",
					"parent": "ear10",
					"pivot": [2.53584, 34.01585, -3.18628],
					"rotation": [0, 0, 30],
					"cubes": [
						{"origin": [1.57354, 30.80208, -1.95527], "size": [1, 3, 1], "inflate": -0.001, "uv": [24, 19], "mirror": true}
					]
				},
				{
					"name": "long_hair",
					"parent": "head",
					"pivot": [0, 24, 2],
					"cubes": [
						{"origin": [-4, 16, 3], "size": [8, 8, 1], "uv": [32, 20]}
					]
				},
				{
					"name": "tail",
					"pivot": [0, 15, 2]
				},
				{
					"name": "tail3",
					"parent": "tail",
					"pivot": [0, 18, 1],
					"rotation": [25, 0, 0],
					"cubes": [
						{"origin": [-1.5, 8, -1], "size": [3, 7, 4], "inflate": -0.5, "uv": [30, 44]}
					]
				},
				{
					"name": "tail_down",
					"parent": "tail",
					"pivot": [0, 10, 7],
					"rotation": [9.66, 0, 0],
					"cubes": [
						{"origin": [-1.5, 3.62865, 2.88723], "size": [3, 7, 4], "inflate": -0.5, "uv": [16, 43]},
						{"origin": [-1, 3.3641, 3.92286], "size": [2, 7, 2], "inflate": -0.5, "uv": [20, 32]}
					]
				},
				{
					"name": "body",
					"pivot": [0, 24, 0],
					"cubes": [
						{
							"origin": [-2.5, 21.8, -2.475],
							"size": [5, 4, 4.95],
							"inflate": -1.25,
							"uv": {
								"north": {"uv": [32, 16], "uv_size": [5, 4]},
								"east": {"uv": [27, 16], "uv_size": [5, 4]},
								"south": {"uv": [42, 16], "uv_size": [5, 4]},
								"west": {"uv": [37, 16], "uv_size": [5, 4]},
								"up": {"uv": [32, 11], "uv_size": [5, 5]},
								"down": {"uv": [37, 16], "uv_size": [5, -5]}
							}
						},
						{"origin": [-3.5, 11.73, -1.5], "size": [7, 12, 3], "inflate": -0.251, "uv": [0, 32]}
					]
				},
				{
					"name": "hide_parts",
					"parent": "body",
					"pivot": [0, 24, 0]
				},
				{
					"name": "coat",
					"parent": "hide_parts",
					"pivot": [0, 24, 0],
					"cubes": [
						{
							"origin": [-3.5, 11.55, -1.5],
							"size": [7, 11.975, 3],
							"inflate": -0.01,
							"uv": {
								"north": {"uv": [111, 25], "uv_size": [7, 24]},
								"east": {"uv": [108, 25], "uv_size": [3, 24]},
								"south": {"uv": [121, 25], "uv_size": [7, 24]},
								"west": {"uv": [108, 25], "uv_size": [3, 24]},
								"up": {"uv": [111, 22], "uv_size": [7, 3]},
								"down": {"uv": [118, 25], "uv_size": [7, -3]}
							}
						}
					]
				},
				{
					"name": "chest",
					"parent": "hide_parts",
					"pivot": [0, 21.9, -1.5],
					"rotation": [-31, 0, 0],
					"cubes": [
						{"origin": [-3.5, 19.25124, -1.61429], "size": [7, 4.5, 3], "inflate": -0.252, "uv": [24, 0]},
						{
							"origin": [-3.5, 18.99624, -1.56429],
							"size": [7, 3.025, 4.075],
							"inflate": -0.011,
							"uv": {
								"north": {"uv": [90, 8], "uv_size": [7, 6]},
								"east": {"uv": [85, 8], "uv_size": [5, 6]},
								"south": {"uv": [101, 7], "uv_size": [7, 5]},
								"west": {"uv": [90, 8], "uv_size": [-5, 6]},
								"up": {"uv": [90, 3], "uv_size": [7, 4]},
								"down": {"uv": [97, 7], "uv_size": [7, -4]}
							}
						}
					]
				},
				{
					"name": "right_arm",
					"pivot": [-4, 22, 0],
					"cubes": [
						{"origin": [-6.25, 17.25, -1.5], "size": [3.25, 6.5, 3], "inflate": -0.251, "uv": [0, 47], "mirror": true}
					]
				},
				{
					"name": "right_arm_down",
					"parent": "right_arm",
					"pivot": [-4.75, 17.5, 1.25],
					"cubes": [
						{"origin": [-6.25, 12.25, -1.5], "size": [3.25, 5.5, 3], "inflate": -0.251, "uv": [41, 53], "mirror": true}
					]
				},
				{
					"name": "left_arm",
					"pivot": [4, 22, 0],
					"cubes": [
						{"origin": [3, 17.25, -1.5], "size": [3.25, 6.5, 3], "inflate": -0.251, "uv": [0, 47]}
					]
				},
				{
					"name": "left_arm_down",
					"parent": "left_arm",
					"pivot": [4.75, 17.5, 1.25],
					"cubes": [
						{"origin": [3, 12.25, -1.5], "size": [3.25, 5.5, 3], "inflate": -0.251, "uv": [41, 53]}
					]
				},
				{
					"name": "right_leg",
					"pivot": [-1.875, 12, 0],
					"cubes": [
						{
							"origin": [-3.375, 7, -1.45],
							"size": [3, 5, 2.9],
							"uv": {
								"north": {"uv": [59, 53], "uv_size": [-3, 5]},
								"east": {"uv": [62, 53], "uv_size": [-3, 5]},
								"south": {"uv": [65, 53], "uv_size": [-3, 5]},
								"west": {"uv": [56, 53], "uv_size": [-3, 5]},
								"up": {"uv": [59, 50], "uv_size": [-3, 3]},
								"down": {"uv": [62, 53], "uv_size": [-3, -3]}
							}
						}
					]
				},
				{
					"name": "right_leg_down",
					"parent": "right_leg",
					"pivot": [-1.875, 7, -1.5],
					"cubes": [
						{
							"origin": [-3.375, 1.01, -1.45],
							"size": [3, 6, 2.9],
							"uv": {
								"north": {"uv": [55, 38], "uv_size": [-3, 6]},
								"east": {"uv": [58, 38], "uv_size": [-3, 6]},
								"south": {"uv": [61, 38], "uv_size": [-3, 6]},
								"west": {"uv": [52, 38], "uv_size": [-3, 6]},
								"up": {"uv": [55, 35], "uv_size": [-3, 3]},
								"down": {"uv": [58, 38], "uv_size": [-3, -3]}
							}
						}
					]
				},
				{
					"name": "right_foot",
					"parent": "right_leg_down",
					"pivot": [-1.875, 6, -1.5],
					"cubes": [
						{"origin": [-2.875, 0, -4.36603], "size": [2, 1, 1], "inflate": 0.001, "uv": [0, 16], "mirror": true},
						{"origin": [-3.375, 0, -3.5], "size": [3, 1, 5], "inflate": 0.01, "uv": [42, 10], "mirror": true},
						{
							"origin": [-3.375, 1, -1.45],
							"size": [3, 4, 2.9],
							"inflate": 0.02,
							"uv": {
								"north": {"uv": [15, 57], "uv_size": [-3, 4]},
								"east": {"uv": [18, 57], "uv_size": [-3, 4]},
								"south": {"uv": [21, 57], "uv_size": [-3, 4]},
								"west": {"uv": [12, 57], "uv_size": [-3, 4]},
								"up": {"uv": [15, 54], "uv_size": [-3, 3]},
								"down": {"uv": [18, 57], "uv_size": [-3, -3]}
							}
						}
					]
				},
				{
					"name": "shoes4",
					"parent": "right_foot",
					"pivot": [-3.375, -1, -3.5],
					"rotation": [0, -30, 0],
					"cubes": [
						{"origin": [-3.375, 0, -4.5], "size": [1, 1, 1], "uv": [41, 0]}
					]
				},
				{
					"name": "shoes5",
					"parent": "right_foot",
					"pivot": [-0.375, -1, -3.5],
					"rotation": [0, 30, 0],
					"cubes": [
						{"origin": [-1.375, 0, -4.5], "size": [1, 1, 1], "uv": [41, 0], "mirror": true}
					]
				},
				{
					"name": "shoes6",
					"parent": "right_foot",
					"pivot": [-1.875, 1, -3.5],
					"rotation": [27.5, 0, 0],
					"cubes": [
						{"origin": [-3.375, 0, -3.5], "size": [3, 1, 4], "inflate": 0.021, "uv": [53, 10], "mirror": true}
					]
				},
				{
					"name": "right_leg_hide_parts",
					"parent": "right_leg",
					"pivot": [-23.625, 21, -2],
					"cubes": [
						{
							"origin": [-3.375, 6, -1.4],
							"size": [3, 6, 2.8],
							"inflate": 0.1,
							"uv": {
								"north": {"uv": [52, 29], "uv_size": [3, 6]},
								"east": {"uv": [49, 29], "uv_size": [3, 6]},
								"south": {"uv": [58, 29], "uv_size": [3, 6]},
								"west": {"uv": [55, 29], "uv_size": [3, 6]},
								"up": {"uv": [52, 26], "uv_size": [3, 3]},
								"down": {"uv": [55, 29], "uv_size": [3, -3]}
							}
						}
					]
				},
				{
					"name": "left_leg",
					"pivot": [1.875, 12, 0],
					"cubes": [
						{
							"origin": [0.375, 7, -1.45],
							"size": [3, 5, 2.9],
							"uv": {
								"north": {"uv": [56, 53], "uv_size": [3, 5]},
								"east": {"uv": [53, 53], "uv_size": [3, 5]},
								"south": {"uv": [62, 53], "uv_size": [3, 5]},
								"west": {"uv": [59, 53], "uv_size": [3, 5]},
								"up": {"uv": [56, 50], "uv_size": [3, 3]},
								"down": {"uv": [59, 53], "uv_size": [3, -3]}
							}
						}
					]
				},
				{
					"name": "left_leg_down",
					"parent": "left_leg",
					"pivot": [1.875, 7, -1.5],
					"cubes": [
						{
							"origin": [0.375, 1.01, -1.45],
							"size": [3, 6, 2.9],
							"uv": {
								"north": {"uv": [52, 38], "uv_size": [3, 6]},
								"east": {"uv": [49, 38], "uv_size": [3, 6]},
								"south": {"uv": [58, 38], "uv_size": [3, 6]},
								"west": {"uv": [55, 38], "uv_size": [3, 6]},
								"up": {"uv": [52, 35], "uv_size": [3, 3]},
								"down": {"uv": [55, 38], "uv_size": [3, -3]}
							}
						}
					]
				},
				{
					"name": "left_foot",
					"parent": "left_leg_down",
					"pivot": [1.875, 6, -1.5],
					"cubes": [
						{"origin": [0.875, 0, -4.36603], "size": [2, 1, 1], "inflate": 0.001, "uv": [0, 16]},
						{"origin": [0.375, 0, -3.5], "size": [3, 1, 5], "inflate": 0.01, "uv": [42, 10]},
						{
							"origin": [0.375, 1, -1.45],
							"size": [3, 4, 2.9],
							"inflate": 0.02,
							"uv": {
								"north": {"uv": [12, 57], "uv_size": [3, 4]},
								"east": {"uv": [9, 57], "uv_size": [3, 4]},
								"south": {"uv": [18, 57], "uv_size": [3, 4]},
								"west": {"uv": [15, 57], "uv_size": [3, 4]},
								"up": {"uv": [12, 54], "uv_size": [3, 3]},
								"down": {"uv": [15, 57], "uv_size": [3, -3]}
							}
						}
					]
				},
				{
					"name": "shoes2",
					"parent": "left_foot",
					"pivot": [3.375, -1, -3.5],
					"rotation": [0, 30, 0],
					"cubes": [
						{"origin": [2.375, 0, -4.5], "size": [1, 1, 1], "uv": [41, 0], "mirror": true}
					]
				},
				{
					"name": "shoes3",
					"parent": "left_foot",
					"pivot": [0.375, -1, -3.5],
					"rotation": [0, -30, 0],
					"cubes": [
						{"origin": [0.375, 0, -4.5], "size": [1, 1, 1], "uv": [41, 0]}
					]
				},
				{
					"name": "shoes",
					"parent": "left_foot",
					"pivot": [1.875, 1, -3.5],
					"rotation": [27.5, 0, 0],
					"cubes": [
						{"origin": [0.375, 0, -3.5], "size": [3, 1, 4], "inflate": 0.021, "uv": [53, 10]}
					]
				},
				{
					"name": "left_leg_hide_parts",
					"parent": "left_leg",
					"pivot": [-19.875, 21, -2],
					"cubes": [
						{
							"origin": [0.375, 6, -1.4],
							"size": [3, 6, 2.8],
							"inflate": 0.1,
							"uv": {
								"north": {"uv": [55, 29], "uv_size": [-3, 6]},
								"east": {"uv": [55, 29], "uv_size": [3, 6]},
								"south": {"uv": [61, 29], "uv_size": [-3, 6]},
								"west": {"uv": [49, 29], "uv_size": [3, 6]},
								"up": {"uv": [52, 26], "uv_size": [3, 3]},
								"down": {"uv": [55, 29], "uv_size": [3, -3]}
							}
						}
					]
				}
			]
		}
	]
}