{
	"format_version": "1.12.0",
	"minecraft:geometry": [
		{
			"description": {
				"identifier": "geometry.model",
				"texture_width": 128,
				"texture_height": 128,
				"visible_bounds_width": 3,
				"visible_bounds_height": 3.5,
				"visible_bounds_offset": [0, 1.25, 0]
			},
			"bones": [
				{
					"name": "hat",
					"pivot": [0, 24, 0]
				},
				{
					"name": "bone3",
					"parent": "hat",
					"pivot": [4.85, 28.75, -2],
					"rotation": [26.63402, 14.48005, -5.72994],
					"cubes": [
						{
							"origin": [3.75, 27.75, -3],
							"size": [1, 2, 2],
							"inflate": -0.2,
							"uv": {
								"north": {"uv": [0, 0], "uv_size": [0, 0]},
								"east": {"uv": [0, 0], "uv_size": [0, 0]},
								"south": {"uv": [0, 0], "uv_size": [0, 0]},
								"west": {"uv": [3, 18], "uv_size": [2, 2]},
								"up": {"uv": [0, 0], "uv_size": [0, 0]},
								"down": {"uv": [0, 0], "uv_size": [0, 0]}
							}
						}
					]
				},
				{
					"name": "bone4",
					"parent": "bone3",
					"pivot": [4.3645, 28.88173, -1.92975],
					"rotation": [-5.08761, 2.26892, -7.26836],
					"cubes": [
						{
							"origin": [3.6145, 11.58173, -2.62975],
							"size": [1, 18, 6],
							"inflate": -0.35,
							"uv": {
								"north": {"uv": [0, 0], "uv_size": [0, 0]},
								"east": {"uv": [0, 0], "uv_size": [0, 0]},
								"south": {"uv": [0, 0], "uv_size": [0, 0]},
								"west": {"uv": [33, 32], "uv_size": [6, 18]},
								"up": {"uv": [0, 0], "uv_size": [0, 0]},
								"down": {"uv": [0, 0], "uv_size": [0, 0]}
							}
						}
					]
				},
				{
					"name": "bone5",
					"parent": "hat",
					"pivot": [-4.85, 28.75, -2],
					"rotation": [26.63402, -14.48005, 5.72994],
					"cubes": [
						{
							"origin": [-4.75, 27.75, -3],
							"size": [1, 2, 2],
							"inflate": -0.2,
							"uv": {
								"north": {"uv": [0, 0], "uv_size": [0, 0]},
								"east": {"uv": [5, 18], "uv_size": [-2, 2]},
								"south": {"uv": [0, 0], "uv_size": [0, 0]},
								"west": {"uv": [0, 0], "uv_size": [0, 0]},
								"up": {"uv": [0, 0], "uv_size": [0, 0]},
								"down": {"uv": [0, 0], "uv_size": [0, 0]}
							}
						}
					]
				},
				{
					"name": "bone6",
					"parent": "bone5",
					"pivot": [-4.3645, 28.88173, -1.92975],
					"rotation": [-5.08761, -2.26892, 7.26836],
					"cubes": [
						{
							"origin": [-4.6145, 11.58173, -2.62975],
							"size": [1, 18, 6],
							"inflate": -0.35,
							"uv": {
								"north": {"uv": [0, 0], "uv_size": [0, 0]},
								"east": {"uv": [39, 32], "uv_size": [-6, 18]},
								"south": {"uv": [0, 0], "uv_size": [0, 0]},
								"west": {"uv": [0, 0], "uv_size": [0, 0]},
								"up": {"uv": [0, 0], "uv_size": [0, 0]},
								"down": {"uv": [0, 0], "uv_size": [0, 0]}
							}
						}
					]
				},
				{
					"name": "bone2",
					"parent": "hat",
					"pivot": [0, 28.55, -4.25],
					"rotation": [-5, 0, 0],
					"cubes": [
						{
							"origin": [-4, 27.8, -4.25],
							"size": [8, 4, 8],
							"inflate": 0.4,
							"uv": {
								"north": {"uv": [32, 16], "uv_size": [8, 4]},
								"east": {"uv": [24, 16], "uv_size": [8, 4]},
								"south": {"uv": [0, 0], "uv_size": [0, 0]},
								"west": {"uv": [40, 16], "uv_size": [8, 4]},
								"up": {"uv": [0, 0], "uv_size": [0, 0]},
								"down": {"uv": [0, 0], "uv_size": [0, 0]}
							}
						}
					]
				},
				{
					"name": "bone",
					"parent": "hat",
					"pivot": [-3.6, 31.5, -3.75],
					"rotation": [37.74907, -24.66001, -40.94479],
					"cubes": [
						{"origin": [-4.6, 30.5, -5.75], "size": [2, 2, 2], "inflate": -0.3, "uv": [0, 4]}
					]
				},
				{
					"name": "head",
					"pivot": [0, 24, 0],
					"cubes": [
						{"origin": [-4, 24, -4], "size": [8, 8, 8], "uv": [0, 16]},
						{
							"origin": [-4, 27.45, -4.1],
							"size": [8, 2, 0],
							"uv": {
								"north": {"uv": [24, 20], "uv_size": [8, 2]},
								"east": {"uv": [0, 0], "uv_size": [0, 0]},
								"south": {"uv": [0, 0], "uv_size": [0, 0]},
								"west": {"uv": [0, 0], "uv_size": [0, 0]},
								"up": {"uv": [0, 0], "uv_size": [0, 0]},
								"down": {"uv": [0, 0], "uv_size": [0, 0]}
							}
						},
						{
							"origin": [-4, 24, -4],
							"size": [8, 8, 8],
							"inflate": 0.25,
							"uv": {
								"north": {"uv": [8, 8], "uv_size": [8, 8]},
								"east": {"uv": [0, 8], "uv_size": [8, 8]},
								"south": {"uv": [24, 8], "uv_size": [8, 8]},
								"west": {"uv": [16, 8], "uv_size": [8, 8]},
								"up": {"uv": [8, 0], "uv_size": [8, 8]},
								"down": {"uv": [0, 0], "uv_size": [0, 0]}
							}
						}
					]
				},
				{
					"name": "long_hair",
					"parent": "head",
					"pivot": [0, 23.75, 4.25],
					"rotation": [17.5, 0, 0],
					"cubes": [
						{
							"origin": [-4, 15.5, 3],
							"size": [8, 8, 1],
							"inflate": 0.25,
							"uv": {
								"north": {"uv": [0, 0], "uv_size": [0, 0]},
								"east": {"uv": [0, 0], "uv_size": [0, 0]},
								"south": {"uv": [49, 50], "uv_size": [8, 8]},
								"west": {"uv": [0, 0], "uv_size": [0, 0]},
								"up": {"uv": [0, 0], "uv_size": [0, 0]},
								"down": {"uv": [0, 0], "uv_size": [0, 0]}
							}
						}
					]
				},
				{
					"name": "bone8",
					"parent": "long_hair",
					"pivot": [0.75, 23.82518, 4.51157],
					"rotation": [5.07673, 9.96156, -26.61955],
					"cubes": [
						{
							"origin": [0.25, 15.32518, 3.26157],
							"size": [6, 8, 1],
							"inflate": 0.25,
							"uv": {
								"north": {"uv": [0, 0], "uv_size": [0, 0]},
								"east": {"uv": [0, 0], "uv_size": [0, 0]},
								"south": {"uv": [65, 15], "uv_size": [6, 8]},
								"west": {"uv": [0, 0], "uv_size": [0, 0]},
								"up": {"uv": [0, 0], "uv_size": [0, 0]},
								"down": {"uv": [0, 0], "uv_size": [0, 0]}
							}
						}
					]
				},
				{
					"name": "bone9",
					"parent": "long_hair",
					"pivot": [-0.75, 23.82518, 4.51157],
					"rotation": [5.07673, -9.96156, 26.61955],
					"cubes": [
						{
							"origin": [-6.25, 15.32518, 3.26157],
							"size": [6, 8, 1],
							"inflate": 0.25,
							"uv": {
								"north": {"uv": [0, 0], "uv_size": [0, 0]},
								"east": {"uv": [0, 0], "uv_size": [0, 0]},
								"south": {"uv": [71, 15], "uv_size": [-6, 8]},
								"west": {"uv": [0, 0], "uv_size": [0, 0]},
								"up": {"uv": [0, 0], "uv_size": [0, 0]},
								"down": {"uv": [0, 0], "uv_size": [0, 0]}
							}
						}
					]
				},
				{
					"name": "bone7",
					"parent": "long_hair",
					"pivot": [0, 0, 0],
					"cubes": [
						{
							"origin": [-4, 21, 0],
							"size": [8, 4, 4],
							"inflate": 0.2,
							"uv": {
								"north": {"uv": [0, 0], "uv_size": [0, 0]},
								"east": {"uv": [24, 4], "uv_size": [4, 4]},
								"south": {"uv": [0, 0], "uv_size": [0, 0]},
								"west": {"uv": [36, 4], "uv_size": [4, 4]},
								"up": {"uv": [0, 0], "uv_size": [0, 0]},
								"down": {"uv": [0, 0], "uv_size": [0, 0]}
							}
						}
					]
				},
				{
					"name": "left_ear",
					"parent": "head",
					"pivot": [2, 30, -1]
				},
				{
					"name": "ear4",
					"parent": "left_ear",
					"pivot": [3, 32, -1],
					"rotation": [10, 0, 20],
					"cubes": [
						{"origin": [1.49815, 30.80208, -1.95527], "size": [1, 3, 1], "uv": [24, 0], "mirror": true}
					]
				},
				{
					"name": "ear5",
					"parent": "ear4",
					"pivot": [2.68584, 30.86585, -2.43628],
					"rotation": [13.5773, -1.77024, 7.28925],
					"cubes": [
						{"origin": [1.76002, 31.16281, -1.08299], "size": [2, 3, 1], "uv": [32, 22], "mirror": true}
					]
				},
				{
					"name": "ear6",
					"parent": "ear4",
					"pivot": [1.53584, 34.01585, -3.18628],
					"rotation": [0, 0, 35],
					"cubes": [
						{"origin": [1.62758, 33.81912, -1.95527], "size": [1, 3, 1], "inflate": 0.001, "uv": [0, 47], "mirror": true}
					]
				},
				{
					"name": "ear10",
					"parent": "ear6",
					"pivot": [2.53584, 37.01585, -3.18628],
					"rotation": [0, 0, -45],
					"cubes": [
						{"origin": [1.46161, 33.81188, -1.95527], "size": [1, 3, 1], "uv": [0, 47], "mirror": true}
					]
				},
				{
					"name": "ear11",
					"parent": "ear10",
					"pivot": [2.53584, 34.01585, -3.18628],
					"rotation": [0, 0, 30],
					"cubes": [
						{"origin": [1.57354, 30.80208, -1.95527], "size": [1, 3, 1], "inflate": -0.001, "uv": [24, 0], "mirror": true}
					]
				},
				{
					"name": "ear12",
					"parent": "ear4",
					"pivot": [2.78584, 31.01585, -1.18628],
					"cubes": [
						{"origin": [1.8077, 29.82527, -1.24912], "size": [2, 2, 1], "inflate": 0.001, "uv": [44, 0], "mirror": true}
					]
				},
				{
					"name": "right_ear",
					"parent": "head",
					"pivot": [-2, 30, -1]
				},
				{
					"name": "ear2",
					"parent": "right_ear",
					"pivot": [-3, 32, -1],
					"rotation": [10, 0, -20],
					"cubes": [
						{"origin": [-2.49815, 30.80208, -1.95527], "size": [1, 3, 1], "uv": [24, 0]}
					]
				},
				{
					"name": "ear3",
					"parent": "ear2",
					"pivot": [-2.68584, 30.86585, -2.43628],
					"rotation": [13.5773, 1.77024, -7.28925],
					"cubes": [
						{"origin": [-3.76002, 31.16281, -1.08299], "size": [2, 3, 1], "uv": [32, 22]}
					]
				},
				{
					"name": "ear7",
					"parent": "ear2",
					"pivot": [-1.53584, 34.01585, -3.18628],
					"rotation": [0, 0, -35],
					"cubes": [
						{"origin": [-2.62758, 33.81912, -1.95527], "size": [1, 3, 1], "inflate": 0.001, "uv": [0, 47]}
					]
				},
				{
					"name": "ear8",
					"parent": "ear7",
					"pivot": [-2.53584, 37.01585, -3.18628],
					"rotation": [0, 0, 45],
					"cubes": [
						{"origin": [-2.46161, 33.81188, -1.95527], "size": [1, 3, 1], "uv": [0, 47]}
					]
				},
				{
					"name": "ear9",
					"parent": "ear8",
					"pivot": [-2.53584, 34.01585, -3.18628],
					"rotation": [0, 0, -30],
					"cubes": [
						{"origin": [-2.57354, 30.80208, -1.95527], "size": [1, 3, 1], "inflate": -0.001, "uv": [24, 0]}
					]
				},
				{
					"name": "ear13",
					"parent": "ear2",
					"pivot": [-2.78584, 31.01585, -1.18628],
					"cubes": [
						{"origin": [-3.8077, 29.82527, -1.24912], "size": [2, 2, 1], "inflate": 0.001, "uv": [44, 0]}
					]
				},
				{
					"name": "tail",
					"pivot": [0, 15, 2]
				},
				{
					"name": "tail3",
					"parent": "tail",
					"pivot": [0, 18, 1],
					"rotation": [25, 0, 0],
					"cubes": [
						{
							"origin": [-1.5, 8, -1],
							"size": [3, 7, 4],
							"inflate": -0.5,
							"uv": {
								"north": {"uv": [57, 58], "uv_size": [3, 7]},
								"east": {"uv": [53, 58], "uv_size": [4, 7]},
								"south": {"uv": [64, 58], "uv_size": [3, 7]},
								"west": {"uv": [60, 58], "uv_size": [4, 7]},
								"up": {"uv": [57, 54], "uv_size": [3, 4]},
								"down": {"uv": [0, 0], "uv_size": [0, 0]}
							}
						}
					]
				},
				{
					"name": "tail_down",
					"parent": "tail",
					"pivot": [0, 10, 7],
					"rotation": [9.66, 0, 0],
					"cubes": [
						{
							"origin": [-1.5, 3.62865, 2.88723],
							"size": [3, 7, 4],
							"inflate": -0.5,
							"uv": {
								"north": {"uv": [24, 54], "uv_size": [3, 7]},
								"east": {"uv": [20, 54], "uv_size": [4, 7]},
								"south": {"uv": [31, 54], "uv_size": [3, 7]},
								"west": {"uv": [27, 54], "uv_size": [4, 7]},
								"up": {"uv": [24, 50], "uv_size": [3, 4]},
								"down": {"uv": [0, 0], "uv_size": [0, 0]}
							}
						},
						{
							"origin": [-1, 3.3641, 3.92286],
							"size": [2, 7, 2],
							"inflate": -0.5,
							"uv": {
								"north": {"uv": [27, 67], "uv_size": [2, 7]},
								"east": {"uv": [25, 67], "uv_size": [2, 7]},
								"south": {"uv": [31, 67], "uv_size": [2, 7]},
								"west": {"uv": [29, 67], "uv_size": [2, 7]},
								"up": {"uv": [27, 65], "uv_size": [2, 2]},
								"down": {"uv": [0, 0], "uv_size": [0, 0]}
							}
						}
					]
				},
				{
					"name": "body",
					"pivot": [0, 24, 0],
					"cubes": [
						{"origin": [-2.5, 21.8, -2.5], "size": [5, 4, 5], "inflate": -1.26, "uv": [0, 47]},
						{"origin": [-3.5, 11.73, -1.5], "size": [7, 12, 3], "inflate": -0.251, "uv": [40, 20]}
					]
				},
				{
					"name": "hide_parts",
					"parent": "body",
					"pivot": [0, 24, 0]
				},
				{
					"name": "coat",
					"parent": "hide_parts",
					"pivot": [0, 24, 0],
					"cubes": [
						{
							"origin": [-3.5, 11.65, -1.5],
							"size": [7, 12, 3],
							"inflate": -0.08,
							"uv": {
								"north": {"uv": [3, 35], "uv_size": [7, 12]},
								"east": {"uv": [0, 35], "uv_size": [3, 12]},
								"south": {"uv": [13, 35], "uv_size": [7, 12]},
								"west": {"uv": [10, 35], "uv_size": [3, 12]},
								"up": {"uv": [3, 32], "uv_size": [7, 3]},
								"down": {"uv": [0, 0], "uv_size": [0, 0]}
							}
						},
						{
							"origin": [-3.5, 12.65, -1.5],
							"size": [7, 11, 3],
							"inflate": 0.03,
							"uv": {
								"north": {"uv": [43, 38], "uv_size": [7, 11]},
								"east": {"uv": [40, 38], "uv_size": [3, 11]},
								"south": {"uv": [53, 38], "uv_size": [7, 11]},
								"west": {"uv": [50, 38], "uv_size": [3, 11]},
								"up": {"uv": [43, 35], "uv_size": [7, 3]},
								"down": {"uv": [0, 0], "uv_size": [0, 0]}
							}
						},
						{
							"origin": [2.3, 12.85, -1.8],
							"size": [1, 10, 1],
							"inflate": -0.2,
							"uv": {
								"north": {"uv": [21, 33], "uv_size": [1, 10]},
								"east": {"uv": [0, 0], "uv_size": [0, 0]},
								"south": {"uv": [0, 0], "uv_size": [0, 0]},
								"west": {"uv": [0, 0], "uv_size": [0, 0]},
								"up": {"uv": [0, 0], "uv_size": [0, 0]},
								"down": {"uv": [0, 0], "uv_size": [0, 0]}
							}
						},
						{
							"origin": [2.3, 12.9, -2.05],
							"size": [1, 4, 1],
							"inflate": -0.18,
							"uv": {
								"north": {"uv": [21, 44], "uv_size": [1, 4]},
								"east": {"uv": [0, 0], "uv_size": [0, 0]},
								"south": {"uv": [0, 0], "uv_size": [0, 0]},
								"west": {"uv": [0, 0], "uv_size": [0, 0]},
								"up": {"uv": [0, 0], "uv_size": [0, 0]},
								"down": {"uv": [0, 0], "uv_size": [0, 0]}
							}
						},
						{
							"origin": [-3.5, 12.4, -1.5],
							"size": [7, 4, 3],
							"inflate": 0.3,
							"uv": {
								"north": {"uv": [51, 10], "uv_size": [7, 4]},
								"east": {"uv": [48, 10], "uv_size": [3, 4]},
								"south": {"uv": [61, 10], "uv_size": [7, 4]},
								"west": {"uv": [58, 10], "uv_size": [3, 4]},
								"up": {"uv": [0, 0], "uv_size": [0, 0]},
								"down": {"uv": [0, 0], "uv_size": [0, 0]}
							}
						},
						{
							"origin": [-3.5, 19.55, -1.5],
							"size": [7, 4, 3],
							"inflate": 0.25,
							"uv": {
								"north": {"uv": [51, 3], "uv_size": [7, 4]},
								"east": {"uv": [0, 0], "uv_size": [0, 0]},
								"south": {"uv": [61, 3], "uv_size": [7, 4]},
								"west": {"uv": [0, 0], "uv_size": [0, 0]},
								"up": {"uv": [51, 0], "uv_size": [7, 3]},
								"down": {"uv": [0, 0], "uv_size": [0, 0]}
							}
						},
						{
							"origin": [-3.39016, 12.22022, -1.5],
							"size": [1, 1, 3],
							"inflate": 0.002,
							"uv": {
								"north": {"uv": [3, 3], "uv_size": [1, 1]},
								"east": {"uv": [0, 3], "uv_size": [3, 1]},
								"south": {"uv": [7, 3], "uv_size": [1, 1]},
								"west": {"uv": [0, 0], "uv_size": [0, 0]},
								"up": {"uv": [0, 0], "uv_size": [0, 0]},
								"down": {"uv": [0, 0], "uv_size": [0, 0]}
							}
						}
					]
				},
				{
					"name": "bone18",
					"parent": "coat",
					"pivot": [1.5, 12.5, 1.5],
					"rotation": [20, 0, -7.5],
					"cubes": [
						{
							"origin": [0.25, 7.4, 1],
							"size": [3, 6, 1],
							"inflate": -0.5,
							"uv": {
								"north": {"uv": [0, 0], "uv_size": [0, 0]},
								"east": {"uv": [0, 0], "uv_size": [0, 0]},
								"south": {"uv": [5, 92], "uv_size": [3, 6]},
								"west": {"uv": [0, 0], "uv_size": [0, 0]},
								"up": {"uv": [0, 0], "uv_size": [0, 0]},
								"down": {"uv": [0, 0], "uv_size": [0, 0]}
							}
						}
					]
				},
				{
					"name": "bone12",
					"parent": "coat",
					"pivot": [2.7, 14.55, -2],
					"rotation": [0, 0, -30],
					"cubes": [
						{
							"origin": [2.45, 13.95, -1.95],
							"size": [1, 2, 0],
							"uv": {
								"north": {"uv": [0, 1], "uv_size": [1, 2]},
								"east": {"uv": [0, 0], "uv_size": [0, 0]},
								"south": {"uv": [0, 0], "uv_size": [0, 0]},
								"west": {"uv": [0, 0], "uv_size": [0, 0]},
								"up": {"uv": [0, 0], "uv_size": [0, 0]},
								"down": {"uv": [0, 0], "uv_size": [0, 0]}
							}
						}
					]
				},
				{
					"name": "bone13",
					"parent": "coat",
					"pivot": [-2.7, 14.55, -2],
					"rotation": [0, 0, 30],
					"cubes": [
						{
							"origin": [-3.45, 13.95, -1.95],
							"size": [1, 2, 0],
							"uv": {
								"north": {"uv": [1, 1], "uv_size": [-1, 2]},
								"east": {"uv": [0, 0], "uv_size": [0, 0]},
								"south": {"uv": [0, 0], "uv_size": [0, 0]},
								"west": {"uv": [0, 0], "uv_size": [0, 0]},
								"up": {"uv": [0, 0], "uv_size": [0, 0]},
								"down": {"uv": [0, 0], "uv_size": [0, 0]}
							}
						}
					]
				},
				{
					"name": "bone10",
					"parent": "coat",
					"pivot": [0, 20.25, -1.5],
					"rotation": [0, 0, 15],
					"cubes": [
						{
							"origin": [-3.5, 17.25, -2.5],
							"size": [6, 6, 2],
							"inflate": -1,
							"uv": {
								"north": {"uv": [2, 58], "uv_size": [6, 6]},
								"east": {"uv": [0, 0], "uv_size": [0, 0]},
								"south": {"uv": [0, 0], "uv_size": [0, 0]},
								"west": {"uv": [0, 0], "uv_size": [0, 0]},
								"up": {"uv": [0, 0], "uv_size": [0, 0]},
								"down": {"uv": [0, 0], "uv_size": [0, 0]}
							}
						}
					]
				},
				{
					"name": "bone11",
					"parent": "bone10",
					"pivot": [0.5, 21, 1.5],
					"rotation": [0, 0, -25],
					"cubes": [
						{
							"origin": [-3, 17.75, 0.75],
							"size": [6, 6, 2],
							"inflate": -1,
							"uv": {
								"north": {"uv": [8, 58], "uv_size": [-6, 6]},
								"east": {"uv": [0, 0], "uv_size": [0, 0]},
								"south": {"uv": [0, 0], "uv_size": [0, 0]},
								"west": {"uv": [0, 0], "uv_size": [0, 0]},
								"up": {"uv": [0, 0], "uv_size": [0, 0]},
								"down": {"uv": [0, 0], "uv_size": [0, 0]}
							}
						}
					]
				},
				{
					"name": "bone14",
					"parent": "coat",
					"pivot": [3, 14, 0],
					"rotation": [0, 0, -13],
					"cubes": [
						{
							"origin": [-2.65237, 13.47836, -1.5],
							"size": [6, 1, 3],
							"uv": {
								"north": {"uv": [60, 35], "uv_size": [6, 1]},
								"east": {"uv": [0, 0], "uv_size": [0, 0]},
								"south": {"uv": [69, 35], "uv_size": [6, 1]},
								"west": {"uv": [0, 0], "uv_size": [0, 0]},
								"up": {"uv": [0, 0], "uv_size": [0, 0]},
								"down": {"uv": [0, 0], "uv_size": [0, 0]}
							}
						}
					]
				},
				{
					"name": "bone15",
					"parent": "bone14",
					"pivot": [-0.5, 14, -1.5],
					"rotation": [0, -2.5, 0],
					"cubes": [
						{
							"origin": [-1.15237, 12.97836, -1.575],
							"size": [2, 2, 1],
							"inflate": -0.08,
							"uv": {
								"north": {"uv": [35, 27], "uv_size": [2, 2]},
								"east": {"uv": [0, 0], "uv_size": [0, 0]},
								"south": {"uv": [0, 0], "uv_size": [0, 0]},
								"west": {"uv": [0, 0], "uv_size": [0, 0]},
								"up": {"uv": [0, 0], "uv_size": [0, 0]},
								"down": {"uv": [0, 0], "uv_size": [0, 0]}
							}
						}
					]
				},
				{
					"name": "right_arm",
					"pivot": [-4, 22, 0],
					"cubes": [
						{"origin": [-6.5, 17.5, -1.5], "size": [3, 6, 3], "uv": [13, 61], "mirror": true}
					]
				},
				{
					"name": "right_chestplate",
					"parent": "right_arm",
					"pivot": [-5, 22, 0],
					"cubes": [
						{
							"origin": [-6.5, 17.5, -1.5],
							"size": [3, 6, 3],
							"inflate": 0.15,
							"uv": {
								"north": {"uv": [37, 61], "uv_size": [-3, 6]},
								"east": {"uv": [40, 61], "uv_size": [-3, 6]},
								"south": {"uv": [43, 61], "uv_size": [-3, 6]},
								"west": {"uv": [0, 0], "uv_size": [0, 0]},
								"up": {"uv": [0, 0], "uv_size": [0, 0]},
								"down": {"uv": [0, 0], "uv_size": [0, 0]}
							}
						}
					]
				},
				{
					"name": "right_chestplate3",
					"parent": "right_chestplate",
					"pivot": [-6.75, 21, 0],
					"rotation": [-45, 0, 0],
					"cubes": [
						{
							"origin": [-6.55, 20, -1],
							"size": [0, 2, 2],
							"uv": {
								"north": {"uv": [0, 0], "uv_size": [0, 0]},
								"east": {"uv": [4, 73], "uv_size": [-2, 2]},
								"south": {"uv": [0, 0], "uv_size": [0, 0]},
								"west": {"uv": [0, 0], "uv_size": [0, 0]},
								"up": {"uv": [0, 0], "uv_size": [0, 0]},
								"down": {"uv": [0, 0], "uv_size": [0, 0]}
							}
						}
					]
				},
				{
					"name": "right_arm_down",
					"parent": "right_arm",
					"pivot": [-4.75, 17.5, 1.25],
					"cubes": [
						{"origin": [-6.5, 12.5, -1.5], "size": [3, 5, 3], "inflate": -0.001, "uv": [63, 50], "mirror": true},
						{
							"origin": [-6.5, 12.3, -1.5],
							"size": [3, 5, 3],
							"inflate": 0.15,
							"uv": {
								"north": {"uv": [49, 65], "uv_size": [-3, 5]},
								"east": {"uv": [52, 65], "uv_size": [-3, 5]},
								"south": {"uv": [55, 65], "uv_size": [-3, 5]},
								"west": {"uv": [46, 65], "uv_size": [-3, 5]},
								"up": {"uv": [0, 0], "uv_size": [0, 0]},
								"down": {"uv": [0, 0], "uv_size": [0, 0]}
							}
						}
					]
				},
				{
					"name": "left_arm",
					"pivot": [4, 22, 0],
					"cubes": [
						{"origin": [3.5, 17.5, -1.5], "size": [3, 6, 3], "uv": [13, 61]}
					]
				},
				{
					"name": "left_chestplate",
					"parent": "left_arm",
					"pivot": [5, 22, 0],
					"cubes": [
						{
							"origin": [3.5, 17.5, -1.5],
							"size": [3, 6, 3],
							"inflate": 0.15,
							"uv": {
								"north": {"uv": [34, 61], "uv_size": [3, 6]},
								"east": {"uv": [0, 0], "uv_size": [0, 0]},
								"south": {"uv": [40, 61], "uv_size": [3, 6]},
								"west": {"uv": [37, 61], "uv_size": [3, 6]},
								"up": {"uv": [0, 0], "uv_size": [0, 0]},
								"down": {"uv": [0, 0], "uv_size": [0, 0]}
							}
						}
					]
				},
				{
					"name": "left_chestplate2",
					"parent": "left_chestplate",
					"pivot": [6.75, 21, 0],
					"rotation": [-45, 0, 0],
					"cubes": [
						{
							"origin": [6.55, 20, -1],
							"size": [0, 2, 2],
							"uv": {
								"north": {"uv": [0, 0], "uv_size": [0, 0]},
								"east": {"uv": [0, 0], "uv_size": [0, 0]},
								"south": {"uv": [0, 0], "uv_size": [0, 0]},
								"west": {"uv": [2, 73], "uv_size": [2, 2]},
								"up": {"uv": [0, 0], "uv_size": [0, 0]},
								"down": {"uv": [0, 0], "uv_size": [0, 0]}
							}
						}
					]
				},
				{
					"name": "left_arm_down",
					"parent": "left_arm",
					"pivot": [4.75, 17.5, 1.25],
					"cubes": [
						{"origin": [3.5, 12.5, -1.5], "size": [3, 5, 3], "inflate": -0.001, "uv": [63, 50]},
						{
							"origin": [3.5, 12.3, -1.5],
							"size": [3, 5, 3],
							"inflate": 0.15,
							"uv": {
								"north": {"uv": [46, 65], "uv_size": [3, 5]},
								"east": {"uv": [43, 65], "uv_size": [3, 5]},
								"south": {"uv": [52, 65], "uv_size": [3, 5]},
								"west": {"uv": [49, 65], "uv_size": [3, 5]},
								"up": {"uv": [0, 0], "uv_size": [0, 0]},
								"down": {"uv": [0, 0], "uv_size": [0, 0]}
							}
						}
					]
				},
				{
					"name": "right_leg",
					"pivot": [-1.75, 12, 0],
					"cubes": [
						{"origin": [-3.5, 6.75, -1.5], "size": [3.5, 5.5, 3], "inflate": -0.251, "uv": [60, 36], "mirror": true}
					]
				},
				{
					"name": "right_leg_down",
					"parent": "right_leg",
					"pivot": [-1.75, 7.0125, -1.25],
					"cubes": [
						{"origin": [-3.5, 1.26, -1.5], "size": [3.5, 6, 3], "inflate": -0.252, "uv": [60, 23], "mirror": true}
					]
				},
				{
					"name": "right_foot",
					"parent": "right_leg_down",
					"pivot": [-1.75, 7, -1.5],
					"cubes": [
						{"origin": [-2.75, 0, -4.36603], "size": [2, 2, 1], "inflate": 0.001, "uv": [34, 29], "mirror": true},
						{"origin": [-3.25, 0, 0.5], "size": [3, 1, 1], "uv": [0, 20], "mirror": true},
						{"origin": [-3.25, 0, -3.5], "size": [3, 1, 3], "inflate": 0.01, "uv": [65, 4], "mirror": true},
						{"origin": [-3.25, 1, -3.5], "size": [3, 1, 5], "inflate": 0.01, "uv": [56, 44], "mirror": true},
						{
							"origin": [-3.25, 2, -1.5],
							"size": [3, 5, 3],
							"inflate": 0.02,
							"uv": {
								"north": {"uv": [6, 67], "uv_size": [-3, 5]},
								"east": {"uv": [9, 67], "uv_size": [-3, 5]},
								"south": {"uv": [12, 67], "uv_size": [-3, 5]},
								"west": {"uv": [3, 67], "uv_size": [-3, 5]},
								"up": {"uv": [0, 0], "uv_size": [0, 0]},
								"down": {"uv": [9, 67], "uv_size": [-3, -3]}
							}
						},
						{
							"origin": [-3.25, 3, -1.5],
							"size": [3, 2, 3],
							"inflate": 0.15,
							"uv": {
								"north": {"uv": [6, 87], "uv_size": [-3, 2]},
								"east": {"uv": [9, 87], "uv_size": [-3, 2]},
								"south": {"uv": [12, 87], "uv_size": [-3, 2]},
								"west": {"uv": [3, 87], "uv_size": [-3, 2]},
								"up": {"uv": [0, 0], "uv_size": [0, 0]},
								"down": {"uv": [0, 0], "uv_size": [0, 0]}
							}
						}
					]
				},
				{
					"name": "shoes4",
					"parent": "right_foot",
					"pivot": [-3.25, 0, -3.5],
					"rotation": [0, -30, 0],
					"cubes": [
						{"origin": [-3.25, 0, -4.5], "size": [1, 2, 1], "uv": [15, 47]}
					]
				},
				{
					"name": "shoes5",
					"parent": "right_foot",
					"pivot": [-0.25, 0, -3.5],
					"rotation": [0, 30, 0],
					"cubes": [
						{"origin": [-1.25, 0, -4.5], "size": [1, 2, 1], "uv": [15, 47], "mirror": true}
					]
				},
				{
					"name": "shoes6",
					"parent": "right_foot",
					"pivot": [-1.75, 2, -3.5],
					"rotation": [27.5, 0, 0],
					"cubes": [
						{"origin": [-3.25, 1, -3.5], "size": [3, 1, 4], "inflate": 0.021, "uv": [63, 61], "mirror": true}
					]
				},
				{
					"name": "right_leg_hide_parts",
					"parent": "right_leg",
					"pivot": [-23.5, 21, -2],
					"cubes": [
						{
							"origin": [-3.25, 6, -1.5],
							"size": [3, 6, 3],
							"inflate": 0.1,
							"uv": {
								"north": {"uv": [3, 78], "uv_size": [3, 6]},
								"east": {"uv": [0, 78], "uv_size": [3, 6]},
								"south": {"uv": [9, 78], "uv_size": [3, 6]},
								"west": {"uv": [6, 78], "uv_size": [3, 6]},
								"up": {"uv": [0, 0], "uv_size": [0, 0]},
								"down": {"uv": [0, 0], "uv_size": [0, 0]}
							}
						}
					]
				},
				{
					"name": "left_leg",
					"pivot": [1.75, 12, 0],
					"cubes": [
						{"origin": [0, 6.75, -1.5], "size": [3.5, 5.5, 3], "inflate": -0.251, "uv": [60, 36]}
					]
				},
				{
					"name": "left_leg_down",
					"parent": "left_leg",
					"pivot": [1.75, 7.0125, -1.25],
					"cubes": [
						{"origin": [0, 1.26, -1.5], "size": [3.5, 6, 3], "inflate": -0.252, "uv": [60, 23]}
					]
				},
				{
					"name": "left_foot",
					"parent": "left_leg_down",
					"pivot": [1.75, 7, -1.5],
					"cubes": [
						{"origin": [0.75, 0, -4.36603], "size": [2, 2, 1], "inflate": 0.001, "uv": [34, 29]},
						{"origin": [0.25, 0, 0.5], "size": [3, 1, 1], "uv": [0, 20]},
						{"origin": [0.25, 0, -3.5], "size": [3, 1, 3], "inflate": 0.01, "uv": [65, 4]},
						{"origin": [0.25, 1, -3.5], "size": [3, 1, 5], "inflate": 0.01, "uv": [56, 44]},
						{
							"origin": [0.25, 2, -1.5],
							"size": [3, 5, 3],
							"inflate": 0.02,
							"uv": {
								"north": {"uv": [3, 67], "uv_size": [3, 5]},
								"east": {"uv": [0, 67], "uv_size": [3, 5]},
								"south": {"uv": [9, 67], "uv_size": [3, 5]},
								"west": {"uv": [6, 67], "uv_size": [3, 5]},
								"up": {"uv": [0, 0], "uv_size": [0, 0]},
								"down": {"uv": [6, 67], "uv_size": [3, -3]}
							}
						},
						{
							"origin": [0.25, 3, -1.5],
							"size": [3, 2, 3],
							"inflate": 0.15,
							"uv": {
								"north": {"uv": [3, 87], "uv_size": [3, 2]},
								"east": {"uv": [0, 87], "uv_size": [3, 2]},
								"south": {"uv": [9, 87], "uv_size": [3, 2]},
								"west": {"uv": [6, 87], "uv_size": [3, 2]},
								"up": {"uv": [0, 0], "uv_size": [0, 0]},
								"down": {"uv": [0, 0], "uv_size": [0, 0]}
							}
						}
					]
				},
				{
					"name": "shoes2",
					"parent": "left_foot",
					"pivot": [3.25, 0, -3.5],
					"rotation": [0, 30, 0],
					"cubes": [
						{"origin": [2.25, 0, -4.5], "size": [1, 2, 1], "uv": [15, 47], "mirror": true}
					]
				},
				{
					"name": "shoes3",
					"parent": "left_foot",
					"pivot": [0.25, 0, -3.5],
					"rotation": [0, -30, 0],
					"cubes": [
						{"origin": [0.25, 0, -4.5], "size": [1, 2, 1], "uv": [15, 47]}
					]
				},
				{
					"name": "shoes7",
					"parent": "left_foot",
					"pivot": [1.75, 2, -3.5],
					"rotation": [27.5, 0, 0],
					"cubes": [
						{"origin": [0.25, 1, -3.5], "size": [3, 1, 4], "inflate": 0.021, "uv": [63, 61]}
					]
				},
				{
					"name": "left_leg_hide_parts",
					"parent": "left_leg",
					"pivot": [23.5, 21, -2],
					"cubes": [
						{
							"origin": [0.25, 6, -1.5],
							"size": [3, 6, 3],
							"inflate": 0.1,
							"uv": {
								"north": {"uv": [6, 78], "uv_size": [-3, 6]},
								"east": {"uv": [9, 78], "uv_size": [-3, 6]},
								"south": {"uv": [12, 78], "uv_size": [-3, 6]},
								"west": {"uv": [3, 78], "uv_size": [-3, 6]},
								"up": {"uv": [0, 0], "uv_size": [0, 0]},
								"down": {"uv": [0, 0], "uv_size": [0, 0]}
							}
						}
					]
				}
			]
		}
	]
}