{
	"format_version": "1.10.0",
	"geometry.model": {
		"texturewidth": 128,
		"textureheight": 128,
		"visible_bounds_width": 3,
		"visible_bounds_height": 3.5,
		"visible_bounds_offset": [0, 1.25, 0],
		"bones": [
			{
				"name": "hat",
				"pivot": [0, 24, 0],
				"rotation": [0, 0, -2.5],
				"cubes": [
					{"origin": [-10, 24, -1], "size": [12, 12, 1], "uv": [0, 17], "inflate": -4.4}
				]
			},
			{
				"name": "bone2",
				"parent": "hat",
				"pivot": [0, 0, 0],
				"cubes": [
					{"origin": [-10, 24, -1.2], "size": [12, 12, 1], "uv": [0, 45], "inflate": -4.4}
				]
			},
			{
				"name": "bone",
				"parent": "hat",
				"pivot": [-4, 30, -0.7],
				"rotation": [0, 0, 20],
				"cubes": [
					{"origin": [-10.2, 24.3, -1.2], "size": [12, 12, 1], "uv": [0, 31], "inflate": -4.4}
				]
			},
			{
				"name": "head",
				"pivot": [0, 24, 0],
				"cubes": [
					{"origin": [-4, 24, -4], "size": [8, 8, 8], "uv": [0, 0]},
					{"origin": [-4, 24, -4], "size": [8, 8, 8], "uv": [32, 0], "inflate": 0.3}
				]
			},
			{
				"name": "bone21",
				"parent": "head",
				"pivot": [0, 29.5, 4.6564],
				"rotation": [7.5, 0, 0],
				"cubes": [
					{"origin": [-1, 29.85576, 4.18143], "size": [2, 2, 1], "uv": [11, 121], "inflate": 0.1},
					{"origin": [-2, 28.85576, 3.18143], "size": [4, 4, 3], "uv": [0, 121], "inflate": -0.88}
				]
			},
			{
				"name": "left_ear",
				"parent": "head",
				"pivot": [2, 30, -1]
			},
			{
				"name": "ear2",
				"parent": "left_ear",
				"pivot": [3, 33, 2],
				"rotation": [10, 0, 20],
				"cubes": [
					{"origin": [2.5, 32.2, -2.05], "size": [2, 3, 0], "uv": [60, 4]},
					{"origin": [1.84017, 31.39761, -2.07287], "size": [1, 3, 1], "uv": [67, 0], "mirror": true}
				]
			},
			{
				"name": "ear3",
				"parent": "ear2",
				"pivot": [2.68584, 31.86585, 0.56372],
				"rotation": [13.5773, -1.77024, 7.28925],
				"cubes": [
					{"origin": [2.0541, 32.54936, -1.20774], "size": [2, 3, 1], "uv": [25, 0], "mirror": true}
				]
			},
			{
				"name": "ear4",
				"parent": "ear2",
				"pivot": [1.53584, 35.01585, -0.18628],
				"rotation": [0, 0, 35],
				"cubes": [
					{"origin": [2.13974, 34.68397, -2.07287], "size": [1, 3, 1], "uv": [72, 0], "inflate": 0.001, "mirror": true}
				]
			},
			{
				"name": "ear5",
				"parent": "ear4",
				"pivot": [2.53584, 38.01585, -0.18628],
				"rotation": [0, 0, -45],
				"cubes": [
					{"origin": [1.72819, 34.35416, -2.07287], "size": [1, 3, 1], "uv": [1, 0], "mirror": true}
				]
			},
			{
				"name": "ear6",
				"parent": "ear5",
				"pivot": [2.53584, 35.01585, -0.18628],
				"rotation": [0, 0, 30],
				"cubes": [
					{"origin": [2.03327, 32.53898, -2.07287], "size": [1, 2, 1], "uv": [32, 0], "inflate": -0.001, "mirror": true}
				]
			},
			{
				"name": "ear7",
				"parent": "ear2",
				"pivot": [2.78584, 32.01585, 1.81372],
				"cubes": [
					{"origin": [2.14972, 30.4208, -1.36672], "size": [2, 2, 1], "uv": [60, 0], "inflate": 0.001, "mirror": true}
				]
			},
			{
				"name": "right_ear",
				"parent": "head",
				"pivot": [-2, 30, -1]
			},
			{
				"name": "ear8",
				"parent": "right_ear",
				"pivot": [-3, 33, 2],
				"rotation": [10, 0, -20],
				"cubes": [
					{"origin": [-4.5, 32.2, -2.05], "size": [2, 3, 0], "uv": [60, 4], "mirror": true},
					{"origin": [-2.84017, 31.39761, -2.07287], "size": [1, 3, 1], "uv": [67, 0]}
				]
			},
			{
				"name": "ear9",
				"parent": "ear8",
				"pivot": [-2.68584, 31.86585, 0.56372],
				"rotation": [13.5773, 1.77024, -7.28925],
				"cubes": [
					{"origin": [-4.0541, 32.54936, -1.20774], "size": [2, 3, 1], "uv": [25, 0]}
				]
			},
			{
				"name": "ear10",
				"parent": "ear8",
				"pivot": [-1.53584, 35.01585, -0.18628],
				"rotation": [0, 0, -35],
				"cubes": [
					{"origin": [-3.13974, 34.68397, -2.07287], "size": [1, 3, 1], "uv": [72, 0], "inflate": 0.001}
				]
			},
			{
				"name": "ear11",
				"parent": "ear10",
				"pivot": [-2.53584, 38.01585, -0.18628],
				"rotation": [0, 0, 45],
				"cubes": [
					{"origin": [-2.72819, 34.35416, -2.07287], "size": [1, 3, 1], "uv": [1, 0]}
				]
			},
			{
				"name": "ear12",
				"parent": "ear11",
				"pivot": [-2.53584, 35.01585, -0.18628],
				"rotation": [0, 0, -30],
				"cubes": [
					{"origin": [-3.03327, 32.53898, -2.07287], "size": [1, 2, 1], "uv": [32, 0], "inflate": -0.001}
				]
			},
			{
				"name": "ear13",
				"parent": "ear8",
				"pivot": [-2.78584, 32.01585, 1.81372],
				"cubes": [
					{"origin": [-4.14972, 30.4208, -1.36672], "size": [2, 2, 1], "uv": [60, 0], "inflate": 0.001}
				]
			},
			{
				"name": "long_hair",
				"parent": "head",
				"pivot": [0, 29.5, 4.65643],
				"rotation": [7.5, 0, 0],
				"cubes": [
					{"origin": [-4, 17.85576, 4.03143], "size": [8, 15, 1], "uv": [0, 102], "inflate": 0.3},
					{"origin": [-4, 17.85576, 4.23143], "size": [8, 15, 1], "uv": [27, 112], "inflate": 0.3}
				]
			},
			{
				"name": "right",
				"parent": "long_hair",
				"pivot": [0, 26.85576, 1.53143],
				"rotation": [2.5, 0, 10],
				"cubes": [
					{"origin": [-3.5, 16.35576, 4.53143], "size": [3, 10, 1], "uv": [19, 102]}
				]
			},
			{
				"name": "left",
				"parent": "long_hair",
				"pivot": [0, 26.85576, 1.53143],
				"rotation": [2.5, 0, -10],
				"cubes": [
					{"origin": [0.5, 16.35576, 4.53143], "size": [3, 10, 1], "uv": [19, 102], "mirror": true}
				]
			},
			{
				"name": "hair",
				"parent": "head",
				"pivot": [0, 24, 0],
				"cubes": [
					{"origin": [-4, 21.5, -4], "size": [8, 2, 8], "uv": [27, 41], "inflate": 0.25}
				]
			},
			{
				"name": "tail",
				"pivot": [0, 15, 2]
			},
			{
				"name": "tail3",
				"parent": "tail",
				"pivot": [0, 18, 1],
				"rotation": [25, 0, 0],
				"cubes": [
					{"origin": [-1.5, 8, -1], "size": [3, 7, 4], "uv": [87, 18], "inflate": -0.5}
				]
			},
			{
				"name": "tail_down",
				"parent": "tail",
				"pivot": [0, 10, 7],
				"rotation": [9.66, 0, 0],
				"cubes": [
					{"origin": [-1.5, 3.62865, 2.88723], "size": [3, 7, 4], "uv": [103, 18], "inflate": -0.5},
					{"origin": [-1, 3.3641, 3.92286], "size": [2, 7, 2], "uv": [119, 20], "inflate": -0.5}
				]
			},
			{
				"name": "left_arm",
				"pivot": [4, 22, 0],
				"cubes": [
					{"origin": [3, 17.25, -1.5], "size": [3.25, 6.5, 3], "uv": [0, 83], "inflate": -0.251}
				]
			},
			{
				"name": "left_chestplate",
				"parent": "left_arm",
				"pivot": [4.75, 22, 0],
				"cubes": [
					{"origin": [3.1, 18.3, -1.5], "size": [3, 3, 3], "uv": [13, 92], "inflate": -0.08, "mirror": true}
				]
			},
			{
				"name": "bone7",
				"parent": "left_chestplate",
				"pivot": [4.6, 17.8, 0],
				"rotation": [0, 0, -25],
				"cubes": [
					{"origin": [2.8, 17.3, -1.5], "size": [3.7, 1, 3], "uv": [13, 98], "inflate": -0.05, "mirror": true}
				]
			},
			{
				"name": "left_arm_down",
				"parent": "left_arm",
				"pivot": [4.75, 17.5, 1.25],
				"cubes": [
					{"origin": [3, 12.25, -1.5], "size": [3.25, 5.5, 3], "uv": [13, 83], "inflate": -0.251},
					{"origin": [3.1, 13.471, -1.5], "size": [3, 3, 3], "uv": [0, 92], "inflate": -0.08, "mirror": true},
					{"origin": [3.1, 13.2, -1.5], "size": [3, 1, 3], "uv": [0, 98], "inflate": 0.0001, "mirror": true}
				]
			},
			{
				"name": "right_arm",
				"pivot": [-4, 22, 0],
				"cubes": [
					{"origin": [-6.25, 17.25, -1.5], "size": [3.25, 6.5, 3], "uv": [0, 83], "inflate": -0.251, "mirror": true}
				]
			},
			{
				"name": "right_chestplate",
				"parent": "right_arm",
				"pivot": [-4.75, 22, 0],
				"cubes": [
					{"origin": [-6.1, 18.3, -1.5], "size": [3, 3, 3], "uv": [13, 92], "inflate": -0.08}
				]
			},
			{
				"name": "bone5",
				"parent": "right_chestplate",
				"pivot": [-4.6, 17.8, 0],
				"rotation": [0, 0, 25],
				"cubes": [
					{"origin": [-6.5, 17.3, -1.5], "size": [3.7, 1, 3], "uv": [13, 98], "inflate": -0.05}
				]
			},
			{
				"name": "right_arm_down",
				"parent": "right_arm",
				"pivot": [-4.75, 17.5, 1.25],
				"cubes": [
					{"origin": [-6.25, 12.25, -1.5], "size": [3.25, 5.5, 3], "uv": [13, 83], "inflate": -0.251, "mirror": true},
					{"origin": [-6.1, 13.471, -1.5], "size": [3, 3, 3], "uv": [0, 92], "inflate": -0.08},
					{"origin": [-6.1, 13.2, -1.5], "size": [3, 1, 3], "uv": [0, 98], "inflate": 0.0001}
				]
			},
			{
				"name": "body",
				"pivot": [0, 24, 0],
				"cubes": [
					{"origin": [-2.5, 22, -2.5], "size": [5, 4, 5], "uv": [97, 0], "inflate": -1.25},
					{"origin": [-3.5, 11.75, -1.5], "size": [7, 12, 3], "uv": [77, 0], "inflate": -0.251}
				]
			},
			{
				"name": "hide_parts",
				"parent": "body",
				"pivot": [-0.75, 0, 0.5],
				"cubes": [
					{"origin": [-4, 12, -2], "size": [8, 12, 4], "uv": [0, 66], "inflate": -0.5}
				]
			},
			{
				"name": "bone3",
				"parent": "hide_parts",
				"pivot": [-0.75, 0, 0.5],
				"cubes": [
					{"origin": [-4, 14.5, -2], "size": [8, 2, 4], "uv": [0, 59], "inflate": -0.4},
					{"origin": [-5.5, 14, -5.2], "size": [11, 13, 10], "uv": [44, 17], "inflate": -3.4}
				]
			},
			{
				"name": "bone4",
				"parent": "bone3",
				"pivot": [0, 17.5, -1.25],
				"rotation": [0, 0, 45],
				"cubes": [
					{"origin": [-1, 16.5, -2.25], "size": [2, 2, 2], "uv": [30, 3], "inflate": -0.6}
				]
			},
			{
				"name": "bone6",
				"parent": "hide_parts",
				"pivot": [-0.75, -1, 0.5],
				"cubes": [
					{"origin": [-4, 11.5, -2], "size": [8, 4, 4], "uv": [25, 67], "inflate": -0.2},
					{"origin": [-4, 12, -2], "size": [8, 2, 4], "uv": [25, 59], "inflate": -0.1}
				]
			},
			{
				"name": "bone13",
				"parent": "bone6",
				"pivot": [0, 11, 0],
				"rotation": [0, 0, -2.5],
				"cubes": [
					{"origin": [-4, 10.9, -2.2], "size": [8, 2, 4], "uv": [25, 82], "inflate": 0.1}
				]
			},
			{
				"name": "bone12",
				"parent": "bone6",
				"pivot": [0, 14, -2],
				"rotation": [-5, 0, 0],
				"cubes": [
					{"origin": [-2, 9.5, -2.3], "size": [4, 5, 1], "uv": [25, 75], "inflate": -0.2}
				]
			},
			{
				"name": "bone14",
				"parent": "bone6",
				"pivot": [0, 12.9, 0.8],
				"rotation": [0, 0, 5],
				"cubes": [
					{"origin": [-5, 11.9, -3.2], "size": [10, 2, 6], "uv": [25, 88], "inflate": -0.6}
				]
			},
			{
				"name": "bone15",
				"parent": "bone6",
				"pivot": [3, 10.9, 0.3],
				"rotation": [-2.5, 0, -7.5],
				"cubes": [
					{"origin": [-3, 4.9, -0.2], "size": [12, 12, 1], "uv": [62, 84], "inflate": -3.6}
				]
			},
			{
				"name": "bone16",
				"parent": "bone6",
				"pivot": [-2.75, 13, 3.5],
				"rotation": [-40.82159, -13.27207, 7.05309],
				"cubes": [
					{"origin": [-4.75, 11, 1.5], "size": [4, 4, 4], "uv": [43, 99], "inflate": -0.6}
				]
			},
			{
				"name": "bone17",
				"parent": "bone16",
				"pivot": [-2.75, 13, 4.5],
				"rotation": [-10, 0, 0],
				"cubes": [
					{"origin": [-4.75, 10.9, 2.4], "size": [4, 4, 4], "uv": [60, 99], "inflate": -0.75}
				]
			},
			{
				"name": "bone18",
				"parent": "bone16",
				"pivot": [-2.75, 13, 5.5],
				"rotation": [-17.5, 0, 0],
				"cubes": [
					{"origin": [-4.75, 10.65, 3.8], "size": [4, 4, 4], "uv": [76, 99], "inflate": -0.95}
				]
			},
			{
				"name": "bone19",
				"parent": "bone16",
				"pivot": [-2.75, 12, 6.5],
				"rotation": [-22.5, 0, 0],
				"cubes": [
					{"origin": [-4.75, 10.25, 4.6], "size": [4, 4, 4], "uv": [76, 107], "inflate": -1.1}
				]
			},
			{
				"name": "bone20",
				"parent": "bone16",
				"pivot": [-2.75, 12, 9.5],
				"rotation": [-22.5, 0, 0],
				"cubes": [
					{"origin": [-4.75, 9.2, 5.9], "size": [4, 4, 4], "uv": [76, 115], "inflate": -1.4}
				]
			},
			{
				"name": "right_leg",
				"pivot": [-1.75, 12, 0],
				"cubes": [
					{"origin": [-3.25, 7, -1.5], "size": [3, 5, 3], "uv": [45, 120], "mirror": true}
				]
			},
			{
				"name": "right_leg_hide_parts",
				"parent": "right_leg",
				"pivot": [-23.5, 21, -2]
			},
			{
				"name": "bone8",
				"parent": "right_leg_hide_parts",
				"pivot": [-1.75, 12, 0.3],
				"rotation": [-10, 0, 0],
				"cubes": [
					{"origin": [-3.75, 7, -1.8], "size": [4, 5, 4], "uv": [57, 110], "inflate": -0.09}
				]
			},
			{
				"name": "bone9",
				"parent": "right_leg_hide_parts",
				"pivot": [-1.75, 12, -0.3],
				"rotation": [10, 0, 0],
				"cubes": [
					{"origin": [-3.75, 7, -2.2], "size": [4, 5, 4], "uv": [57, 119], "inflate": -0.09}
				]
			},
			{
				"name": "right_leg_down",
				"parent": "right_leg",
				"pivot": [-1.75, 7, -1.5],
				"cubes": [
					{"origin": [-5.25, 1.8, -3.5], "size": [7, 5, 7], "uv": [93, 103], "inflate": -1.8, "mirror": true},
					{"origin": [-5.25, 2.1, -3.5], "size": [7, 5, 7], "uv": [91, 116], "inflate": -1.6, "mirror": true},
					{"origin": [-3.25, 1.01, -1.5], "size": [3, 6, 3], "uv": [45, 111], "mirror": true}
				]
			},
			{
				"name": "right_foot",
				"parent": "right_leg_down",
				"pivot": [-1.75, 7, -1.5],
				"cubes": [
					{"origin": [-2.75, 0, -4.36603], "size": [2, 2, 1], "uv": [122, 46], "inflate": 0.001, "mirror": true},
					{"origin": [-3.25, 0, -3.5], "size": [3, 1, 5], "uv": [106, 40], "inflate": 0.01, "mirror": true},
					{"origin": [-3.25, 1, -3.5], "size": [3, 1, 5], "uv": [103, 31], "inflate": 0.01, "mirror": true},
					{"origin": [-3.25, 2, -1.5], "size": [3, 2, 3], "uv": [107, 46], "inflate": 0.02, "mirror": true}
				]
			},
			{
				"name": "shoes4",
				"parent": "right_foot",
				"pivot": [-3.25, 0, -3.5],
				"rotation": [0, -30, 0],
				"cubes": [
					{"origin": [-3.25, 0, -4.5], "size": [1, 2, 1], "uv": [124, 38]}
				]
			},
			{
				"name": "shoes5",
				"parent": "right_foot",
				"pivot": [-0.25, 0, -3.5],
				"rotation": [0, 30, 0],
				"cubes": [
					{"origin": [-1.25, 0, -4.5], "size": [1, 2, 1], "uv": [124, 38], "mirror": true}
				]
			},
			{
				"name": "shoes6",
				"parent": "right_foot",
				"pivot": [-1.75, 2, -3.5],
				"rotation": [27.5, 0, 0],
				"cubes": [
					{"origin": [-3.25, 1, -3.5], "size": [3, 1, 4], "uv": [114, 31], "inflate": 0.021, "mirror": true}
				]
			},
			{
				"name": "bone10",
				"parent": "right_leg_down",
				"pivot": [-1.75, 4.5, 0.8],
				"rotation": [-20, 0, 0],
				"cubes": [
					{"origin": [-3.76, 5.03795, -1.50676], "size": [4, 3, 3], "uv": [28, 99], "inflate": -0.111}
				]
			},
			{
				"name": "bone11",
				"parent": "right_leg_down",
				"pivot": [-1.75, 4.5, -0.8],
				"rotation": [20, 0, 0],
				"cubes": [
					{"origin": [-3.76, 5.03795, -1.49324], "size": [4, 3, 3], "uv": [28, 106], "inflate": -0.111}
				]
			},
			{
				"name": "left_leg",
				"pivot": [1.75, 12, 0],
				"cubes": [
					{"origin": [0.25, 7, -1.5], "size": [3, 5, 3], "uv": [45, 120]}
				]
			},
			{
				"name": "left_leg_hide_parts",
				"parent": "left_leg",
				"pivot": [23.5, 21, -2]
			},
			{
				"name": "bone22",
				"parent": "left_leg_hide_parts",
				"pivot": [1.75, 12, 0.3],
				"rotation": [-10, 0, 0],
				"cubes": [
					{"origin": [-0.25, 7, -1.8], "size": [4, 5, 4], "uv": [57, 110], "inflate": -0.09, "mirror": true}
				]
			},
			{
				"name": "bone23",
				"parent": "left_leg_hide_parts",
				"pivot": [1.75, 12, -0.3],
				"rotation": [10, 0, 0],
				"cubes": [
					{"origin": [-0.25, 7, -2.2], "size": [4, 5, 4], "uv": [57, 119], "inflate": -0.09, "mirror": true}
				]
			},
			{
				"name": "left_leg_down",
				"parent": "left_leg",
				"pivot": [1.75, 7, -1.5],
				"cubes": [
					{"origin": [-1.75, 1.8, -3.5], "size": [7, 5, 7], "uv": [93, 103], "inflate": -1.8},
					{"origin": [-1.75, 2.1, -3.5], "size": [7, 5, 7], "uv": [91, 116], "inflate": -1.6},
					{"origin": [0.25, 1.01, -1.5], "size": [3, 6, 3], "uv": [45, 111]}
				]
			},
			{
				"name": "left_foot",
				"parent": "left_leg_down",
				"pivot": [1.75, 7, -1.5],
				"cubes": [
					{"origin": [0.75, 0, -4.36603], "size": [2, 2, 1], "uv": [122, 46], "inflate": 0.001},
					{"origin": [0.25, 0, -3.5], "size": [3, 1, 5], "uv": [106, 40], "inflate": 0.01},
					{"origin": [0.25, 1, -3.5], "size": [3, 1, 5], "uv": [103, 31], "inflate": 0.01},
					{"origin": [0.25, 2, -1.5], "size": [3, 2, 3], "uv": [107, 46], "inflate": 0.02}
				]
			},
			{
				"name": "shoes2",
				"parent": "left_foot",
				"pivot": [3.25, 0, -3.5],
				"rotation": [0, 30, 0],
				"cubes": [
					{"origin": [2.25, 0, -4.5], "size": [1, 2, 1], "uv": [124, 38], "mirror": true}
				]
			},
			{
				"name": "shoes3",
				"parent": "left_foot",
				"pivot": [0.25, 0, -3.5],
				"rotation": [0, -30, 0],
				"cubes": [
					{"origin": [0.25, 0, -4.5], "size": [1, 2, 1], "uv": [124, 38]}
				]
			},
			{
				"name": "shoes7",
				"parent": "left_foot",
				"pivot": [1.75, 2, -3.5],
				"rotation": [27.5, 0, 0],
				"cubes": [
					{"origin": [0.25, 1, -3.5], "size": [3, 1, 4], "uv": [114, 31], "inflate": 0.021}
				]
			},
			{
				"name": "bone24",
				"parent": "left_leg_down",
				"pivot": [1.75, 4.5, 0.8],
				"rotation": [-20, 0, 0],
				"cubes": [
					{"origin": [-0.24, 5.03795, -1.50676], "size": [4, 3, 3], "uv": [28, 99], "inflate": -0.111, "mirror": true}
				]
			},
			{
				"name": "bone25",
				"parent": "left_leg_down",
				"pivot": [1.75, 4.5, -0.8],
				"rotation": [20, 0, 0],
				"cubes": [
					{"origin": [-0.24, 5.03795, -1.49324], "size": [4, 3, 3], "uv": [28, 106], "inflate": -0.111, "mirror": true}
				]
			}
		]
	}
}