{
	"format_version": "1.12.0",
	"minecraft:geometry": [
		{
			"description": {
				"identifier": "geometry.model",
				"texture_width": 128,
				"texture_height": 128,
				"visible_bounds_width": 3,
				"visible_bounds_height": 3.5,
				"visible_bounds_offset": [0, 1.25, 0]
			},
			"bones": [
				{
					"name": "head",
					"pivot": [0, 24, 0],
					"mirror": true,
					"cubes": [
						{"origin": [-4, 24, -4], "size": [8, 8, 8], "uv": [0, 16], "mirror": false},
						{
							"origin": [-4, 24, -4],
							"size": [8, 8, 8],
							"inflate": 0.25,
							"uv": {
								"north": {"uv": [8, 8], "uv_size": [8, 8]},
								"east": {"uv": [0, 8], "uv_size": [8, 8]},
								"south": {"uv": [24, 8], "uv_size": [8, 8]},
								"west": {"uv": [16, 8], "uv_size": [8, 8]},
								"up": {"uv": [8, 0], "uv_size": [8, 8]},
								"down": {"uv": [0, 0], "uv_size": [0, 0]}
							}
						}
					]
				},
				{
					"name": "left_ear",
					"parent": "head",
					"pivot": [2.5, 31, -1]
				},
				{
					"name": "ear",
					"parent": "left_ear",
					"pivot": [3, 32, -1],
					"rotation": [10, 0, 30]
				},
				{
					"name": "ear4",
					"parent": "ear",
					"pivot": [2.75, 31, -3],
					"rotation": [0, 0, -7.5],
					"cubes": [
						{"origin": [1.75, 31, -2], "size": [1, 3, 1], "uv": [24, 0], "mirror": true}
					]
				},
				{
					"name": "ear10",
					"parent": "ear4",
					"pivot": [1.75, 34, -3],
					"rotation": [0, 0, 35],
					"cubes": [
						{"origin": [1.75, 34, -2], "size": [1, 3, 1], "inflate": 0.001, "uv": [24, 0], "mirror": true}
					]
				},
				{
					"name": "ear11",
					"parent": "ear10",
					"pivot": [2.75, 37, -3],
					"rotation": [0, 0, -45],
					"cubes": [
						{"origin": [1.75, 34, -2], "size": [1, 3, 1], "uv": [24, 0], "mirror": true}
					]
				},
				{
					"name": "ear12",
					"parent": "ear11",
					"pivot": [2.75, 34, -3],
					"rotation": [0, 0, 30],
					"cubes": [
						{"origin": [1.75, 31, -2], "size": [1, 3, 1], "inflate": -0.001, "uv": [24, 0], "mirror": true}
					]
				},
				{
					"name": "ear5",
					"parent": "ear",
					"pivot": [3, 34.75, -1],
					"rotation": [19.4712, 0, 0],
					"cubes": [
						{
							"origin": [2, 31.75, -2],
							"size": [2, 3, 1],
							"uv": {
								"north": {"uv": [3, 20], "uv_size": [-2, 3]},
								"east": {"uv": [4, 20], "uv_size": [-1, 3]},
								"south": {"uv": [6, 20], "uv_size": [-2, 3]},
								"west": {"uv": [1, 20], "uv_size": [-1, 3]},
								"up": {"uv": [3, 19], "uv_size": [-2, 1]},
								"down": {"uv": [0, 0], "uv_size": [0, 0]}
							}
						}
					]
				},
				{
					"name": "ear6",
					"parent": "ear",
					"pivot": [3, 31.25, -1],
					"cubes": [
						{
							"origin": [1.999, 29.92057, -1.001],
							"size": [2, 2, 1],
							"inflate": 0.001,
							"uv": {
								"north": {"uv": [44, 42], "uv_size": [-2, 2]},
								"east": {"uv": [45, 42], "uv_size": [-1, 2]},
								"south": {"uv": [47, 42], "uv_size": [-2, 2]},
								"west": {"uv": [42, 42], "uv_size": [-1, 2]},
								"up": {"uv": [44, 41], "uv_size": [-2, 1]},
								"down": {"uv": [0, 0], "uv_size": [0, 0]}
							}
						}
					]
				},
				{
					"name": "right_ear",
					"parent": "head",
					"pivot": [-2.5, 31, -1]
				},
				{
					"name": "ear2",
					"parent": "right_ear",
					"pivot": [-3, 32, -1],
					"rotation": [10, 0, -30]
				},
				{
					"name": "ear3",
					"parent": "ear2",
					"pivot": [-2.75, 31, -3],
					"rotation": [0, 0, 7.5],
					"cubes": [
						{"origin": [-2.75, 31, -2], "size": [1, 3, 1], "uv": [24, 0]}
					]
				},
				{
					"name": "ear7",
					"parent": "ear3",
					"pivot": [-1.75, 34, -3],
					"rotation": [0, 0, -35],
					"cubes": [
						{"origin": [-2.75, 34, -2], "size": [1, 3, 1], "inflate": 0.001, "uv": [24, 0]}
					]
				},
				{
					"name": "ear8",
					"parent": "ear7",
					"pivot": [-2.75, 37, -3],
					"rotation": [0, 0, 45],
					"cubes": [
						{"origin": [-2.75, 34, -2], "size": [1, 3, 1], "uv": [24, 0]}
					]
				},
				{
					"name": "ear9",
					"parent": "ear8",
					"pivot": [-2.75, 34, -3],
					"rotation": [0, 0, -30],
					"cubes": [
						{"origin": [-2.75, 31, -2], "size": [1, 3, 1], "inflate": -0.001, "uv": [24, 0]}
					]
				},
				{
					"name": "ear13",
					"parent": "ear2",
					"pivot": [-3, 34.75, -1],
					"rotation": [19.4712, 0, 0],
					"cubes": [
						{
							"origin": [-4, 31.75, -2],
							"size": [2, 3, 1],
							"uv": {
								"north": {"uv": [1, 20], "uv_size": [2, 3]},
								"east": {"uv": [0, 20], "uv_size": [1, 3]},
								"south": {"uv": [4, 20], "uv_size": [2, 3]},
								"west": {"uv": [3, 20], "uv_size": [1, 3]},
								"up": {"uv": [1, 19], "uv_size": [2, 1]},
								"down": {"uv": [0, 0], "uv_size": [0, 0]}
							}
						}
					]
				},
				{
					"name": "ear14",
					"parent": "ear2",
					"pivot": [-3, 31.25, -1],
					"cubes": [
						{
							"origin": [-3.999, 29.92057, -1.001],
							"size": [2, 2, 1],
							"inflate": 0.001,
							"uv": {
								"north": {"uv": [42, 42], "uv_size": [2, 2]},
								"east": {"uv": [41, 42], "uv_size": [1, 2]},
								"south": {"uv": [45, 42], "uv_size": [2, 2]},
								"west": {"uv": [44, 42], "uv_size": [1, 2]},
								"up": {"uv": [42, 41], "uv_size": [2, 1]},
								"down": {"uv": [0, 0], "uv_size": [0, 0]}
							}
						}
					]
				},
				{
					"name": "helmet",
					"parent": "head",
					"pivot": [-2.25, 31, -4.25],
					"rotation": [90, 0, 60]
				},
				{
					"name": "ben2",
					"parent": "helmet",
					"pivot": [-2.25, 31, -4.25],
					"cubes": [
						{"origin": [-3.25, 30.57735, -5.67265], "size": [2, 1, 1], "inflate": -0.42265, "uv": [0, 6]},
						{"origin": [-2.75, 31.05, -5.25], "size": [1, 0, 1], "uv": [5, 3]}
					]
				},
				{
					"name": "ben3",
					"parent": "helmet",
					"pivot": [-2.25, 31, -4.25],
					"rotation": [0, -60, 0],
					"cubes": [
						{"origin": [-3.25, 30.57735, -5.67265], "size": [2, 1, 1], "inflate": -0.42265, "uv": [0, 6]},
						{"origin": [-3.25, 30.57735, -5.42265], "size": [2, 1, 1], "inflate": -0.475, "uv": [0, 6]},
						{"origin": [-3.25, 30.57735, -5.37265], "size": [2, 1, 1], "inflate": -0.4749, "uv": [0, 6]},
						{"origin": [-3.25, 30.57735, -5.32265], "size": [2, 1, 1], "inflate": -0.475, "uv": [0, 6]},
						{"origin": [-2.75, 31.05, -5.25], "size": [1, 0, 1], "uv": [5, 3]}
					]
				},
				{
					"name": "ben4",
					"parent": "helmet",
					"pivot": [-2.25, 31, -4.25],
					"rotation": [0, -120, 0],
					"cubes": [
						{"origin": [-3.25, 30.57735, -5.67265], "size": [2, 1, 1], "inflate": -0.42265, "uv": [0, 6]},
						{"origin": [-2.75, 31.05, -5.25], "size": [1, 0, 1], "uv": [5, 3]}
					]
				},
				{
					"name": "ben5",
					"parent": "helmet",
					"pivot": [-2.25, 31, -4.25],
					"rotation": [0, 180, 0],
					"cubes": [
						{"origin": [-3.25, 30.57735, -5.67265], "size": [2, 1, 1], "inflate": -0.42265, "uv": [0, 6]},
						{"origin": [-3.25, 30.57735, -5.42265], "size": [2, 1, 1], "inflate": -0.475, "uv": [0, 6]},
						{"origin": [-3.25, 30.57735, -5.37265], "size": [2, 1, 1], "inflate": -0.4749, "uv": [0, 6]},
						{"origin": [-3.25, 30.57735, -5.32265], "size": [2, 1, 1], "inflate": -0.475, "uv": [0, 6]},
						{"origin": [-2.75, 31.05, -5.25], "size": [1, 0, 1], "uv": [5, 3]}
					]
				},
				{
					"name": "ben6",
					"parent": "helmet",
					"pivot": [-2.25, 31, -4.25],
					"rotation": [0, 120, 0],
					"cubes": [
						{"origin": [-3.25, 30.57735, -5.67265], "size": [2, 1, 1], "inflate": -0.42265, "uv": [0, 6]},
						{"origin": [-2.75, 31.05, -5.25], "size": [1, 0, 1], "uv": [5, 3]}
					]
				},
				{
					"name": "ben7",
					"parent": "helmet",
					"pivot": [-2.25, 31, -4.25],
					"rotation": [0, 60, 0],
					"cubes": [
						{"origin": [-3.25, 30.57735, -5.67265], "size": [2, 1, 1], "inflate": -0.42265, "uv": [0, 6]},
						{"origin": [-3.25, 30.57735, -5.42265], "size": [2, 1, 1], "inflate": -0.475, "uv": [0, 6]},
						{"origin": [-3.25, 30.57735, -5.37265], "size": [2, 1, 1], "inflate": -0.4749, "uv": [0, 6]},
						{"origin": [-3.25, 30.57735, -5.32265], "size": [2, 1, 1], "inflate": -0.475, "uv": [0, 6]},
						{"origin": [-2.75, 31.05, -5.25], "size": [1, 0, 1], "uv": [5, 3]}
					]
				},
				{
					"name": "ben8",
					"parent": "helmet",
					"pivot": [-2.25, 31, -4.25],
					"rotation": [0, -72, 0],
					"cubes": [
						{"origin": [-4.80969, 30.57735, -4.53947], "size": [2, 1, 1], "inflate": -0.42265, "uv": [0, 6]}
					]
				},
				{
					"name": "ben9",
					"parent": "helmet",
					"pivot": [-2.25, 31, -4.25],
					"rotation": [0, -144, 0],
					"cubes": [
						{"origin": [-4.21394, 30.57735, -2.70595], "size": [2, 1, 1], "inflate": -0.42265, "uv": [0, 6]}
					]
				},
				{
					"name": "ben10",
					"parent": "helmet",
					"pivot": [-2.25, 31, -4.25],
					"rotation": [0, 144, 0],
					"cubes": [
						{"origin": [-2.28606, 30.57735, -2.70595], "size": [2, 1, 1], "inflate": -0.42265, "uv": [0, 6]}
					]
				},
				{
					"name": "ben11",
					"parent": "helmet",
					"pivot": [-2.25, 31, -4.25],
					"rotation": [0, 72, 0],
					"cubes": [
						{"origin": [-1.69031, 30.57735, -4.53947], "size": [2, 1, 1], "inflate": -0.42265, "uv": [0, 6]}
					]
				},
				{
					"name": "body",
					"pivot": [0, 24, 0],
					"mirror": true,
					"cubes": [
						{"origin": [-3.5, 11.75, -1.5], "size": [7, 12, 3], "inflate": -0.251, "uv": [24, 41], "mirror": false},
						{"origin": [-3.5, 11.73, -1.5], "size": [7, 12, 3], "inflate": -0.251, "uv": [24, 41], "mirror": false},
						{"origin": [-1.5, 23.25, -1.5], "size": [3, 2, 3], "inflate": -0.25, "uv": [8, 63], "mirror": false}
					]
				},
				{
					"name": "hide_parts",
					"parent": "body",
					"pivot": [0, 24, 0]
				},
				{
					"name": "coat",
					"parent": "hide_parts",
					"pivot": [0, 24, 0],
					"cubes": [
						{
							"origin": [-3.5, 12.125, -1.75],
							"size": [7, 11.425, 3.5],
							"inflate": -0.01,
							"uv": {
								"north": {"uv": [4, 36], "uv_size": [8, 11]},
								"east": {"uv": [0, 36], "uv_size": [4, 11]},
								"south": {"uv": [16, 36], "uv_size": [8, 11]},
								"west": {"uv": [12, 36], "uv_size": [4, 11]},
								"up": {"uv": [4, 32], "uv_size": [8, 4]},
								"down": {"uv": [0, 0], "uv_size": [0, 0]}
							}
						},
						{
							"origin": [-3.85, 14.05, -1.9],
							"size": [7.7, 9.6, 3.8],
							"inflate": -0.01,
							"uv": {
								"north": {"uv": [4, 78], "uv_size": [8, 10]},
								"east": {"uv": [0, 78], "uv_size": [4, 10]},
								"south": {"uv": [16, 78], "uv_size": [8, 10]},
								"west": {"uv": [12, 78], "uv_size": [4, 10]},
								"up": {"uv": [0, 0], "uv_size": [0, 0]},
								"down": {"uv": [0, 0], "uv_size": [0, 0]}
							}
						},
						{
							"origin": [-2, 12.7, -3.26],
							"size": [4, 12.35, 3],
							"inflate": -1.5,
							"uv": {
								"north": {"uv": [27, 78], "uv_size": [4, 12]},
								"east": {"uv": [0, 0], "uv_size": [0, 0]},
								"south": {"uv": [0, 0], "uv_size": [0, 0]},
								"west": {"uv": [0, 0], "uv_size": [0, 0]},
								"up": {"uv": [0, 0], "uv_size": [0, 0]},
								"down": {"uv": [0, 0], "uv_size": [0, 0]}
							}
						},
						{
							"origin": [-2, 13.525, -3.485],
							"size": [4, 6, 3],
							"inflate": -1.5,
							"uv": {
								"north": {"uv": [3, 101], "uv_size": [4, 6]},
								"east": {"uv": [0, 0], "uv_size": [0, 0]},
								"south": {"uv": [0, 0], "uv_size": [0, 0]},
								"west": {"uv": [0, 0], "uv_size": [0, 0]},
								"up": {"uv": [0, 0], "uv_size": [0, 0]},
								"down": {"uv": [0, 0], "uv_size": [0, 0]}
							}
						}
					]
				},
				{
					"name": "neck",
					"parent": "coat",
					"pivot": [0, 0, 0.15],
					"cubes": [
						{
							"origin": [-1.5, 23.25, -1.39],
							"size": [3, 2, 2.975],
							"uv": {
								"north": {"uv": [64, 11], "uv_size": [4, 2]},
								"east": {"uv": [62, 11], "uv_size": [2, 2]},
								"south": {"uv": [70, 11], "uv_size": [4, 2]},
								"west": {"uv": [68, 11], "uv_size": [2, 2]},
								"up": {"uv": [0, 0], "uv_size": [0, 0]},
								"down": {"uv": [0, 0], "uv_size": [0, 0]}
							}
						},
						{
							"origin": [-2, 22.05, -2.935],
							"size": [4, 3.45, 3],
							"inflate": -1.5,
							"uv": {
								"north": {"uv": [27, 77], "uv_size": [4, 1]},
								"east": {"uv": [0, 0], "uv_size": [0, 0]},
								"south": {"uv": [0, 0], "uv_size": [0, 0]},
								"west": {"uv": [0, 0], "uv_size": [0, 0]},
								"up": {"uv": [0, 0], "uv_size": [0, 0]},
								"down": {"uv": [0, 0], "uv_size": [0, 0]}
							}
						}
					]
				},
				{
					"name": "chest",
					"parent": "coat",
					"pivot": [0, 23, -1.75],
					"rotation": [-22.5, 0, 0],
					"cubes": [
						{"origin": [-3.5, 20, -1.75], "size": [7, 3, 2], "uv": [50, 14]},
						{
							"origin": [-2, 18.49, -3.26],
							"size": [4, 6, 5],
							"inflate": -1.5,
							"uv": {
								"north": {"uv": [49, 8], "uv_size": [4, 6]},
								"east": {"uv": [0, 0], "uv_size": [0, 0]},
								"south": {"uv": [0, 0], "uv_size": [0, 0]},
								"west": {"uv": [0, 0], "uv_size": [0, 0]},
								"up": {"uv": [0, 0], "uv_size": [0, 0]},
								"down": {"uv": [53, 8], "uv_size": [4, -5]}
							}
						}
					]
				},
				{
					"name": "pants",
					"parent": "hide_parts",
					"pivot": [4, 24, -2],
					"cubes": [
						{
							"origin": [-3.75, 11.665, -2],
							"size": [7.5, 2.775, 3.925],
							"inflate": -0.251,
							"uv": {
								"north": {"uv": [28, 4], "uv_size": [8, 3]},
								"east": {"uv": [24, 4], "uv_size": [4, 3]},
								"south": {"uv": [40, 4], "uv_size": [8, 3]},
								"west": {"uv": [36, 4], "uv_size": [4, 3]},
								"up": {"uv": [29, 0], "uv_size": [7, 4]},
								"down": {"uv": [36, 4], "uv_size": [7, -4]}
							}
						}
					]
				},
				{
					"name": "tail",
					"parent": "body",
					"pivot": [0, 17.25, 1.75]
				},
				{
					"name": "tail2",
					"parent": "tail",
					"pivot": [0, 18, 1],
					"rotation": [25, 0, 0],
					"mirror": true,
					"cubes": [
						{"origin": [-1, 8, 0], "size": [2, 7, 2], "inflate": -0.01, "uv": [0, 62], "mirror": false}
					]
				},
				{
					"name": "tail3",
					"parent": "tail",
					"pivot": [0, 18, 1],
					"rotation": [25, 0, 0],
					"mirror": true,
					"cubes": [
						{"origin": [-1.5, 8, -1], "size": [3, 7, 4], "uv": [14, 52], "mirror": false}
					]
				},
				{
					"name": "tail_down",
					"parent": "tail",
					"pivot": [0, 9.5, 5],
					"rotation": [9.66, 0, 0],
					"mirror": true,
					"cubes": [
						{
							"origin": [-1.5, 2.43605, 3.05724],
							"size": [3, 7, 4],
							"inflate": 0.01,
							"uv": {
								"north": {"uv": [54, 33], "uv_size": [3, 7]},
								"east": {"uv": [50, 33], "uv_size": [4, 7]},
								"south": {"uv": [61, 33], "uv_size": [3, 7]},
								"west": {"uv": [57, 33], "uv_size": [4, 7]},
								"up": {"uv": [54, 29], "uv_size": [3, 4]},
								"down": {"uv": [0, 0], "uv_size": [0, 0]}
							}
						},
						{
							"origin": [-1, 2.1715, 4.09286],
							"size": [2, 7, 2],
							"uv": {
								"north": {"uv": [22, 65], "uv_size": [2, 7]},
								"east": {"uv": [20, 65], "uv_size": [2, 7]},
								"south": {"uv": [26, 65], "uv_size": [2, 7]},
								"west": {"uv": [24, 65], "uv_size": [2, 7]},
								"up": {"uv": [22, 63], "uv_size": [2, 2]},
								"down": {"uv": [0, 0], "uv_size": [0, 0]}
							}
						}
					]
				},
				{
					"name": "left_arm",
					"pivot": [4, 22, 0],
					"cubes": [
						{
							"origin": [3, 17.25, -1.5],
							"size": [3.25, 6.5, 3],
							"inflate": -0.251,
							"uv": {
								"north": {"uv": [31, 59], "uv_size": [3, 6]},
								"east": {"uv": [28, 59], "uv_size": [3, 6]},
								"south": {"uv": [37, 59], "uv_size": [3, 6]},
								"west": {"uv": [34, 59], "uv_size": [3, 6]},
								"up": {"uv": [31, 56], "uv_size": [3, 3]},
								"down": {"uv": [34, 59], "uv_size": [3, -3]}
							}
						}
					]
				},
				{
					"name": "left_chestplate",
					"parent": "left_arm",
					"pivot": [4.75, 22, 0],
					"cubes": [
						{
							"origin": [3.1, 17.531, -1.5],
							"size": [3, 6, 3],
							"inflate": 0.03,
							"uv": {
								"north": {"uv": [38, 32], "uv_size": [-6, 9]},
								"east": {"uv": [44, 32], "uv_size": [-6, 9]},
								"south": {"uv": [50, 32], "uv_size": [-6, 9]},
								"west": {"uv": [32, 32], "uv_size": [-6, 9]},
								"up": {"uv": [38, 32], "uv_size": [-6, -6]},
								"down": {"uv": [0, 0], "uv_size": [0, 0]}
							}
						}
					]
				},
				{
					"name": "left_arm_down",
					"parent": "left_arm",
					"pivot": [4.75, 17.5, 1.25],
					"cubes": [
						{
							"origin": [3.1, 13.246, -1.5],
							"size": [3, 4.25, 3],
							"inflate": 0.03,
							"uv": {
								"north": {"uv": [38, 16], "uv_size": [-6, 7]},
								"east": {"uv": [44, 16], "uv_size": [-6, 7]},
								"south": {"uv": [50, 16], "uv_size": [-6, 7]},
								"west": {"uv": [32, 16], "uv_size": [-6, 7]},
								"up": {"uv": [38, 10], "uv_size": [-6, 6]},
								"down": {"uv": [0, 0], "uv_size": [0, 0]}
							}
						},
						{
							"origin": [3, 12.25, -1.5],
							"size": [3.25, 5.5, 3],
							"inflate": -0.251,
							"uv": {
								"north": {"uv": [31, 59], "uv_size": [3, 5]},
								"east": {"uv": [28, 59], "uv_size": [3, 5]},
								"south": {"uv": [37, 59], "uv_size": [3, 5]},
								"west": {"uv": [34, 59], "uv_size": [3, 5]},
								"up": {"uv": [31, 56], "uv_size": [3, 3]},
								"down": {"uv": [34, 59], "uv_size": [3, -3]}
							}
						},
						{
							"origin": [2.875, 13.075, -1.85],
							"size": [3.45, 4.5, 3.7],
							"uv": {
								"north": {"uv": [80, 6], "uv_size": [6, 7]},
								"east": {"uv": [74, 6], "uv_size": [6, 7]},
								"south": {"uv": [92, 6], "uv_size": [6, 7]},
								"west": {"uv": [86, 6], "uv_size": [6, 7]},
								"up": {"uv": [0, 0], "uv_size": [0, 0]},
								"down": {"uv": [0, 0], "uv_size": [0, 0]}
							}
						}
					]
				},
				{
					"name": "right_arm",
					"pivot": [-4, 22, 0],
					"cubes": [
						{
							"origin": [-6.25, 17.25, -1.5],
							"size": [3.25, 6.5, 3],
							"inflate": -0.251,
							"uv": {
								"north": {"uv": [34, 59], "uv_size": [-3, 6]},
								"east": {"uv": [37, 59], "uv_size": [-3, 6]},
								"south": {"uv": [40, 59], "uv_size": [-3, 6]},
								"west": {"uv": [31, 59], "uv_size": [-3, 6]},
								"up": {"uv": [34, 56], "uv_size": [-3, 3]},
								"down": {"uv": [37, 59], "uv_size": [-3, -3]}
							}
						}
					]
				},
				{
					"name": "right_chestplate",
					"parent": "right_arm",
					"pivot": [-4.75, 22, 0],
					"cubes": [
						{
							"origin": [-6.1, 17.531, -1.5],
							"size": [3, 6, 3],
							"inflate": 0.03,
							"uv": {
								"north": {"uv": [32, 32], "uv_size": [6, 9]},
								"east": {"uv": [26, 32], "uv_size": [6, 9]},
								"south": {"uv": [44, 32], "uv_size": [6, 9]},
								"west": {"uv": [38, 32], "uv_size": [6, 9]},
								"up": {"uv": [32, 32], "uv_size": [6, -6]},
								"down": {"uv": [0, 0], "uv_size": [0, 0]}
							}
						}
					]
				},
				{
					"name": "right_arm_down",
					"parent": "right_arm",
					"pivot": [-4.75, 17.5, 1.25],
					"cubes": [
						{
							"origin": [-6.1, 13.246, -1.5],
							"size": [3, 4.25, 3],
							"inflate": 0.03,
							"uv": {
								"north": {"uv": [32, 16], "uv_size": [6, 7]},
								"east": {"uv": [26, 16], "uv_size": [6, 7]},
								"south": {"uv": [44, 16], "uv_size": [6, 7]},
								"west": {"uv": [38, 16], "uv_size": [6, 7]},
								"up": {"uv": [32, 10], "uv_size": [6, 6]},
								"down": {"uv": [0, 0], "uv_size": [0, 0]}
							}
						},
						{
							"origin": [-6.25, 12.25, -1.5],
							"size": [3.25, 5.5, 3],
							"inflate": -0.251,
							"uv": {
								"north": {"uv": [34, 59], "uv_size": [-3, 5]},
								"east": {"uv": [37, 59], "uv_size": [-3, 5]},
								"south": {"uv": [40, 59], "uv_size": [-3, 5]},
								"west": {"uv": [31, 59], "uv_size": [-3, 5]},
								"up": {"uv": [34, 56], "uv_size": [-3, 3]},
								"down": {"uv": [37, 59], "uv_size": [-3, -3]}
							}
						},
						{
							"origin": [-6.325, 13.075, -1.85],
							"size": [3.45, 4.5, 3.7],
							"uv": {
								"north": {"uv": [86, 6], "uv_size": [-6, 7]},
								"east": {"uv": [92, 6], "uv_size": [-6, 7]},
								"south": {"uv": [98, 6], "uv_size": [-6, 7]},
								"west": {"uv": [80, 6], "uv_size": [-6, 7]},
								"up": {"uv": [0, 0], "uv_size": [0, 0]},
								"down": {"uv": [0, 0], "uv_size": [0, 0]}
							}
						}
					]
				},
				{
					"name": "left_leg",
					"pivot": [1.75, 12, 0],
					"mirror": true,
					"cubes": [
						{"origin": [0.325, 7, -1.5], "size": [3, 5, 3], "uv": [57, 0], "mirror": false}
					]
				},
				{
					"name": "left_leg_down",
					"parent": "left_leg",
					"pivot": [1.825, 7, -1.75],
					"cubes": [
						{"origin": [0.325, 4.01, -1.5], "size": [3, 3, 3], "uv": [52, 55]}
					]
				},
				{
					"name": "left_foot",
					"parent": "left_leg_down",
					"pivot": [1.575, 7, -1.5],
					"cubes": [
						{"origin": [0.825, 0, -4.36603], "size": [2, 2, 1], "inflate": 0.001, "uv": [20, 32]},
						{"origin": [0.325, 0, -0.5], "size": [3, 1, 2], "uv": [32, 23]},
						{"origin": [0.325, 0, -3.5], "size": [3, 1, 2], "inflate": 0.01, "uv": [32, 23]},
						{"origin": [0.325, 1, -3.5], "size": [3, 1, 5], "inflate": 0.01, "uv": [39, 52]},
						{
							"origin": [0.325, 2, -1.5],
							"size": [3, 2, 3],
							"inflate": 0.02,
							"uv": {
								"north": {"uv": [64, 52], "uv_size": [3, 2]},
								"east": {"uv": [61, 52], "uv_size": [3, 2]},
								"south": {"uv": [70, 52], "uv_size": [3, 2]},
								"west": {"uv": [67, 52], "uv_size": [3, 2]},
								"up": {"uv": [0, 0], "uv_size": [0, 0]},
								"down": {"uv": [0, 0], "uv_size": [0, 0]}
							}
						}
					]
				},
				{
					"name": "shoes2",
					"parent": "left_foot",
					"pivot": [3.075, 0, -3.5],
					"rotation": [0, 30, 0],
					"cubes": [
						{"origin": [2.29151, 0, -4.375], "size": [1, 2, 1], "uv": [0, 32], "mirror": true}
					]
				},
				{
					"name": "shoes3",
					"parent": "left_foot",
					"pivot": [0.075, 0, -3.5],
					"rotation": [0, -30, 0],
					"cubes": [
						{"origin": [0.29151, 0, -4.625], "size": [1, 2, 1], "uv": [0, 32]}
					]
				},
				{
					"name": "shoes",
					"parent": "left_foot",
					"pivot": [1.575, 2, -3.5],
					"rotation": [27.5, 0, 0],
					"cubes": [
						{
							"origin": [0.325, 1, -3.5],
							"size": [3, 1, 4],
							"inflate": 0.03,
							"uv": {
								"north": {"uv": [64, 29], "uv_size": [3, 1]},
								"east": {"uv": [60, 29], "uv_size": [4, 1]},
								"south": {"uv": [0, 0], "uv_size": [0, 0]},
								"west": {"uv": [67, 29], "uv_size": [4, 1]},
								"up": {"uv": [64, 25], "uv_size": [3, 4]},
								"down": {"uv": [0, 0], "uv_size": [0, 0]}
							}
						},
						{"origin": [-0.025, 1.3, -3.6], "size": [3.7, 1, 1], "inflate": -0.25, "uv": [0, 0]},
						{"origin": [-0.025, 1.3, -2.85], "size": [3.7, 1, 1], "inflate": -0.25, "uv": [0, 0]},
						{"origin": [-0.025, 1.3, -2.1], "size": [3.7, 1, 1], "inflate": -0.25, "uv": [0, 0]}
					]
				},
				{
					"name": "left_leg_hide_parts",
					"parent": "left_leg",
					"pivot": [-19.925, 21, -2],
					"cubes": [
						{
							"origin": [0.225, 4.6, -1.625],
							"size": [3.15, 7.5, 3.2],
							"inflate": 0.1,
							"uv": {
								"north": {"uv": [80, 30], "uv_size": [3, 7]},
								"east": {"uv": [77, 30], "uv_size": [3, 7]},
								"south": {"uv": [86, 30], "uv_size": [3, 7]},
								"west": {"uv": [83, 30], "uv_size": [3, 7]},
								"up": {"uv": [0, 0], "uv_size": [0, 0]},
								"down": {"uv": [0, 0], "uv_size": [0, 0]}
							}
						}
					]
				},
				{
					"name": "right_leg",
					"pivot": [-1.75, 12, 0],
					"mirror": true,
					"cubes": [
						{"origin": [-3.325, 7, -1.5], "size": [3, 5, 3], "uv": [57, 0]}
					]
				},
				{
					"name": "right_leg_down",
					"parent": "right_leg",
					"pivot": [-1.825, 7, -1.75],
					"cubes": [
						{"origin": [-3.325, 4.01, -1.5], "size": [3, 3, 3], "uv": [52, 55], "mirror": true}
					]
				},
				{
					"name": "right_foot",
					"parent": "right_leg_down",
					"pivot": [-1.575, 7, -1.5],
					"cubes": [
						{"origin": [-2.825, 0, -4.36603], "size": [2, 2, 1], "inflate": 0.001, "uv": [20, 32], "mirror": true},
						{"origin": [-3.325, 0, -0.5], "size": [3, 1, 2], "uv": [32, 23], "mirror": true},
						{"origin": [-3.325, 0, -3.5], "size": [3, 1, 2], "inflate": 0.01, "uv": [32, 23], "mirror": true},
						{"origin": [-3.325, 1, -3.5], "size": [3, 1, 5], "inflate": 0.01, "uv": [39, 52], "mirror": true},
						{
							"origin": [-3.325, 2, -1.5],
							"size": [3, 2, 3],
							"inflate": 0.02,
							"uv": {
								"north": {"uv": [67, 52], "uv_size": [-3, 2]},
								"east": {"uv": [70, 52], "uv_size": [-3, 2]},
								"south": {"uv": [73, 52], "uv_size": [-3, 2]},
								"west": {"uv": [64, 52], "uv_size": [-3, 2]},
								"up": {"uv": [0, 0], "uv_size": [0, 0]},
								"down": {"uv": [0, 0], "uv_size": [0, 0]}
							}
						}
					]
				},
				{
					"name": "shoes4",
					"parent": "right_foot",
					"pivot": [-3.075, 0, -3.5],
					"rotation": [0, -30, 0],
					"cubes": [
						{"origin": [-3.29151, 0, -4.375], "size": [1, 2, 1], "uv": [0, 32]}
					]
				},
				{
					"name": "shoes5",
					"parent": "right_foot",
					"pivot": [-0.075, 0, -3.5],
					"rotation": [0, 30, 0],
					"cubes": [
						{"origin": [-1.29151, 0, -4.625], "size": [1, 2, 1], "uv": [0, 32], "mirror": true}
					]
				},
				{
					"name": "shoes6",
					"parent": "right_foot",
					"pivot": [-1.575, 2, -3.5],
					"rotation": [27.5, 0, 0],
					"cubes": [
						{
							"origin": [-3.325, 1, -3.5],
							"size": [3, 1, 4],
							"inflate": 0.03,
							"uv": {
								"north": {"uv": [67, 29], "uv_size": [-3, 1]},
								"east": {"uv": [71, 29], "uv_size": [-4, 1]},
								"south": {"uv": [0, 0], "uv_size": [0, 0]},
								"west": {"uv": [64, 29], "uv_size": [-4, 1]},
								"up": {"uv": [67, 25], "uv_size": [-3, 4]},
								"down": {"uv": [0, 0], "uv_size": [0, 0]}
							}
						},
						{"origin": [-3.675, 1.3, -3.6], "size": [3.7, 1, 1], "inflate": -0.25, "uv": [0, 0], "mirror": true},
						{"origin": [-3.675, 1.3, -2.85], "size": [3.7, 1, 1], "inflate": -0.25, "uv": [0, 0], "mirror": true},
						{"origin": [-3.675, 1.3, -2.1], "size": [3.7, 1, 1], "inflate": -0.25, "uv": [0, 0], "mirror": true}
					]
				},
				{
					"name": "right_leg_hide_parts",
					"parent": "right_leg",
					"pivot": [19.925, 21, -2],
					"cubes": [
						{
							"origin": [-3.375, 4.6, -1.625],
							"size": [3.15, 7.5, 3.2],
							"inflate": 0.1,
							"uv": {
								"north": {"uv": [83, 30], "uv_size": [-3, 7]},
								"east": {"uv": [86, 30], "uv_size": [-3, 7]},
								"south": {"uv": [89, 30], "uv_size": [-3, 7]},
								"west": {"uv": [80, 30], "uv_size": [-3, 7]},
								"up": {"uv": [0, 0], "uv_size": [0, 0]},
								"down": {"uv": [0, 0], "uv_size": [0, 0]}
							}
						}
					]
				}
			]
		}
	]
}