{
	"format_version": "1.10.0",
	"geometry.model": {
		"texturewidth": 128,
		"textureheight": 192,
		"visible_bounds_width": 3,
		"visible_bounds_height": 3.5,
		"visible_bounds_offset": [0, 1.25, 0],
		"bones": [
			{
				"name": "head",
				"pivot": [0, 24, 0],
				"cubes": [
					{"origin": [-4, 24, -4], "size": [8, 8, 8], "uv": [0, 0]},
					{"origin": [-4, 24, -4], "size": [8, 8, 8], "uv": [32, 0], "inflate": 0.3}
				]
			},
			{
				"name": "right_ear",
				"parent": "head",
				"pivot": [-2, 30, -1]
			},
			{
				"name": "ear2",
				"parent": "right_ear",
				"pivot": [-3, 32, -1],
				"rotation": [10, 0, -20],
				"cubes": [
					{"origin": [-2.49815, 30.80208, -1.95527], "size": [1, 3, 1], "uv": [67, 0]},
					{"origin": [-4.4, 33.1, -2.35], "size": [3.2, 1.6, 1], "uv": [25, 4], "inflate": -0.6},
					{"origin": [-4.4, 32.45, -2.35], "size": [3.2, 1.6, 1], "uv": [25, 4], "inflate": -0.6},
					{"origin": [-4.4, 31.80208, -2.35], "size": [3.2, 1.6, 1], "uv": [25, 6], "inflate": -0.6}
				]
			},
			{
				"name": "ear3",
				"parent": "ear2",
				"pivot": [-2.68584, 30.86585, -2.43628],
				"rotation": [13.5773, 1.77024, -7.28925],
				"cubes": [
					{"origin": [-3.76002, 31.16281, -1.08299], "size": [2, 3, 1], "uv": [25, 0]}
				]
			},
			{
				"name": "ear7",
				"parent": "ear2",
				"pivot": [-1.53584, 34.01585, -3.18628],
				"rotation": [0, 0, -35],
				"cubes": [
					{"origin": [-2.62758, 33.81912, -1.95527], "size": [1, 3, 1], "uv": [72, 0], "inflate": 0.001}
				]
			},
			{
				"name": "ear8",
				"parent": "ear7",
				"pivot": [-2.53584, 37.01585, -3.18628],
				"rotation": [0, 0, 45],
				"cubes": [
					{"origin": [-2.46161, 33.81188, -1.95527], "size": [1, 3, 1], "uv": [1, 0]}
				]
			},
			{
				"name": "ear9",
				"parent": "ear8",
				"pivot": [-2.53584, 34.01585, -3.18628],
				"rotation": [0, 0, -30],
				"cubes": [
					{"origin": [-2.57354, 30.80208, -1.95527], "size": [1, 3, 1], "uv": [32, 0], "inflate": -0.001}
				]
			},
			{
				"name": "ear13",
				"parent": "ear2",
				"pivot": [-2.78584, 31.01585, -1.18628],
				"cubes": [
					{"origin": [-3.8077, 29.82527, -1.24912], "size": [2, 2, 1], "uv": [60, 0], "inflate": 0.001}
				]
			},
			{
				"name": "left_ear",
				"parent": "head",
				"pivot": [2, 30, -1]
			},
			{
				"name": "ear4",
				"parent": "left_ear",
				"pivot": [3, 32, -1],
				"rotation": [10, 0, 20],
				"cubes": [
					{"origin": [1.49815, 30.80208, -1.95527], "size": [1, 3, 1], "uv": [67, 0], "mirror": true},
					{"origin": [1.2, 33.1, -2.35], "size": [3.2, 1.6, 1], "uv": [25, 4], "inflate": -0.6, "mirror": true},
					{"origin": [1.2, 32.45, -2.35], "size": [3.2, 1.6, 1], "uv": [25, 4], "inflate": -0.6, "mirror": true},
					{"origin": [1.2, 31.80208, -2.35], "size": [3.2, 1.6, 1], "uv": [25, 6], "inflate": -0.6, "mirror": true}
				]
			},
			{
				"name": "ear5",
				"parent": "ear4",
				"pivot": [2.68584, 30.86585, -2.43628],
				"rotation": [13.5773, -1.77024, 7.28925],
				"cubes": [
					{"origin": [1.76002, 31.16281, -1.08299], "size": [2, 3, 1], "uv": [25, 0], "mirror": true}
				]
			},
			{
				"name": "ear6",
				"parent": "ear4",
				"pivot": [1.53584, 34.01585, -3.18628],
				"rotation": [0, 0, 35],
				"cubes": [
					{"origin": [1.62758, 33.81912, -1.95527], "size": [1, 3, 1], "uv": [72, 0], "inflate": 0.001, "mirror": true}
				]
			},
			{
				"name": "ear10",
				"parent": "ear6",
				"pivot": [2.53584, 37.01585, -3.18628],
				"rotation": [0, 0, -45],
				"cubes": [
					{"origin": [1.46161, 33.81188, -1.95527], "size": [1, 3, 1], "uv": [1, 0], "mirror": true}
				]
			},
			{
				"name": "ear11",
				"parent": "ear10",
				"pivot": [2.53584, 34.01585, -3.18628],
				"rotation": [0, 0, 30],
				"cubes": [
					{"origin": [1.57354, 30.80208, -1.95527], "size": [1, 3, 1], "uv": [32, 0], "inflate": -0.001, "mirror": true}
				]
			},
			{
				"name": "ear12",
				"parent": "ear4",
				"pivot": [2.78584, 31.01585, -1.18628],
				"cubes": [
					{"origin": [1.8077, 29.82527, -1.24912], "size": [2, 2, 1], "uv": [60, 0], "inflate": 0.001, "mirror": true}
				]
			},
			{
				"name": "hair",
				"parent": "head",
				"pivot": [0, 24, 0],
				"cubes": [
					{"origin": [-4, 18.75, -4.59], "size": [8, 5, 1], "uv": [103, 111], "inflate": 0.3},
					{"origin": [-4, 18.75, -3], "size": [8, 5, 8], "uv": [96, 91], "inflate": 0.3}
				]
			},
			{
				"name": "bone13",
				"parent": "hair",
				"pivot": [0, 32, -1],
				"rotation": [15.69284, 16.88547, -7.8347]
			},
			{
				"name": "bone15",
				"parent": "bone13",
				"pivot": [0, 37.5, -1.5],
				"rotation": [12.5, 0, 0],
				"cubes": [
					{"origin": [-0.89, 33.45873, -3.09025], "size": [1.89, 1, 0.41], "uv": [8, 45], "inflate": -0.2},
					{"origin": [-0.2, 30.65873, -2.89025], "size": [1, 3, 0.01], "uv": [0, 49]}
				]
			},
			{
				"name": "bone16",
				"parent": "bone15",
				"pivot": [0, 31.5, -2.5],
				"rotation": [0, 0, -12.5],
				"cubes": [
					{"origin": [-0.20641, 30.7569, -2.89025], "size": [1, 3, 0.01], "uv": [0, 49]}
				]
			},
			{
				"name": "bone17",
				"parent": "bone15",
				"pivot": [-0.24519, 35.10912, -2.701],
				"rotation": [-40, 0, 0],
				"cubes": [
					{"origin": [-0.89, 34.13604, -2.49935], "size": [1.89, 1, 0.41], "uv": [12, 45], "inflate": -0.2}
				]
			},
			{
				"name": "bone18",
				"parent": "bone17",
				"pivot": [-0.24519, 35.10912, -2.701],
				"rotation": [-40, 0, 0],
				"cubes": [
					{"origin": [-0.075, 35.7097, -2.40707], "size": [1, 1.5, 0.26], "uv": [2, 56], "inflate": -0.125},
					{"origin": [-0.89, 35.0347, -2.48207], "size": [1.89, 1, 0.41], "uv": [16, 45], "inflate": -0.2}
				]
			},
			{
				"name": "bone19",
				"parent": "bone18",
				"pivot": [0, 36.29299, -2.6351],
				"rotation": [0, 0, 30.6],
				"cubes": [
					{"origin": [-0.48563, 35.42229, -2.40707], "size": [1, 1.7, 0.26], "uv": [2, 58], "inflate": -0.125}
				]
			},
			{
				"name": "bone20",
				"parent": "bone18",
				"pivot": [-0.24519, 35.10912, -2.701],
				"rotation": [-30, 0, 0],
				"cubes": [
					{"origin": [-0.15, 36.82949, -3.52599], "size": [1.15, 1, 0.41], "uv": [8, 50], "inflate": -0.2}
				]
			},
			{
				"name": "bone21",
				"parent": "bone20",
				"pivot": [-0.24519, 35.10912, -2.701],
				"rotation": [-30, 0, 0],
				"cubes": [
					{"origin": [-0.15, 36.77933, -4.70244], "size": [1.15, 2, 0.41], "uv": [13, 49], "inflate": -0.2}
				]
			},
			{
				"name": "bone132",
				"parent": "hair",
				"pivot": [-5, 30, 0],
				"rotation": [0, 0, -2.5]
			},
			{
				"name": "bone153",
				"parent": "bone132",
				"pivot": [-5, 30.5, 0],
				"rotation": [0, 0, 7.5],
				"cubes": [
					{"origin": [-6.27566, 29.15086, -1], "size": [2, 3, 2], "uv": [0, 131]}
				]
			},
			{
				"name": "bone154",
				"parent": "bone153",
				"pivot": [-5, 27.5, 0],
				"rotation": [0, 0, 12.5],
				"cubes": [
					{"origin": [-6.65015, 24.2685, -1], "size": [2, 5, 2], "uv": [0, 136]}
				]
			},
			{
				"name": "bone155",
				"parent": "bone154",
				"pivot": [-5, 21.5, 0],
				"rotation": [0, 0, 25],
				"cubes": [
					{"origin": [-6.84294, 19.16697, -1.01], "size": [1, 5, 2], "uv": [41, 129], "inflate": -0.011}
				]
			},
			{
				"name": "bone156",
				"parent": "bone155",
				"pivot": [-9, 21.5, 0],
				"rotation": [0, 0, -17.5],
				"cubes": [
					{"origin": [-7.18252, 20.1, -1], "size": [1, 3, 2], "uv": [0, 143], "inflate": 0.001}
				]
			},
			{
				"name": "bone157",
				"parent": "bone155",
				"pivot": [-4.63981, 17.33897, -0.01],
				"rotation": [20, 0, 0],
				"cubes": [
					{"origin": [-6.84294, 17.41473, -0.32166], "size": [1, 2, 2], "uv": [41, 138], "inflate": -0.01}
				]
			},
			{
				"name": "bone158",
				"parent": "bone157",
				"pivot": [-4.13981, 17.83897, -0.51],
				"cubes": [
					{"origin": [-6.83294, 15.42473, 0.66834], "size": [1, 2, 1], "uv": [47, 143]}
				]
			},
			{
				"name": "bone159",
				"parent": "bone158",
				"pivot": [-6.33294, 16.42473, -0.83166],
				"rotation": [30, 0, 0],
				"cubes": [
					{"origin": [-6.83294, 15.03075, 0.11867], "size": [1, 2, 1], "uv": [47, 140], "inflate": -0.001}
				]
			},
			{
				"name": "bone160",
				"parent": "bone158",
				"pivot": [-6.33294, 13.42473, 1.16834],
				"rotation": [0, 0, -25],
				"cubes": [
					{"origin": [-5.94086, 13.44865, 0.66834], "size": [1, 2, 1], "uv": [47, 137], "inflate": -0.001}
				]
			},
			{
				"name": "bone161",
				"parent": "bone160",
				"pivot": [-5.44086, 13.94865, 1.16834],
				"rotation": [0, 0, -45],
				"cubes": [
					{"origin": [-6.14797, 12.94865, 0.66834], "size": [1, 1, 1], "uv": [47, 135]}
				]
			},
			{
				"name": "bone162",
				"parent": "bone161",
				"pivot": [-5.64797, 11.44865, 1.16834],
				"rotation": [40, 0, 0],
				"cubes": [
					{"origin": [-6.14797, 11.91911, 1.7495], "size": [1, 1, 1], "uv": [47, 135]}
				]
			},
			{
				"name": "bone163",
				"parent": "bone162",
				"pivot": [-5.64797, 12.41911, 2.2495],
				"rotation": [0, 0, -25],
				"cubes": [
					{"origin": [-6.31243, 11.17727, 1.7495], "size": [1, 1, 1], "uv": [47, 135]}
				]
			},
			{
				"name": "bone164",
				"parent": "bone163",
				"pivot": [-5.64797, 12.41911, 2.2495],
				"rotation": [0, 0, -15],
				"cubes": [
					{"origin": [-6.6112, 10.39156, 1.7495], "size": [1, 1, 1], "uv": [47, 132]}
				]
			},
			{
				"name": "bone165",
				"parent": "bone164",
				"pivot": [-5.64797, 12.41911, 2.2495],
				"rotation": [-30, 0, 0],
				"cubes": [
					{"origin": [-6.6112, 8.9132, 2.69629], "size": [1, 2, 1], "uv": [47, 129]}
				]
			},
			{
				"name": "bone166",
				"parent": "bone165",
				"pivot": [-5.64797, 12.41911, 2.2495],
				"rotation": [-55, 0, 0],
				"cubes": [
					{"origin": [-6.6112, 9.59334, 4.95122], "size": [1, 2, 1], "uv": [47, 132]}
				]
			},
			{
				"name": "bone167",
				"parent": "bone166",
				"pivot": [-6.1112, 10.09334, 5.45122],
				"rotation": [0, 0, -20],
				"cubes": [
					{"origin": [-6.75106, 8.79351, 4.95222], "size": [1, 1, 1], "uv": [42, 142], "inflate": 0.001}
				]
			},
			{
				"name": "bone168",
				"parent": "bone167",
				"pivot": [-6.29422, 7.91033, 5.45122],
				"rotation": [-50, 0, 0],
				"cubes": [
					{"origin": [-6.75106, 6.86181, 4.0967], "size": [1, 2, 1], "uv": [47, 129]}
				]
			},
			{
				"name": "bone169",
				"parent": "bone168",
				"pivot": [-6.29422, 7.93614, 4.50657],
				"rotation": [0, 0, 25],
				"cubes": [
					{"origin": [-6.34792, 6.19202, 4.0967], "size": [1, 1, 1], "uv": [47, 129]}
				]
			},
			{
				"name": "bone170",
				"parent": "bone169",
				"pivot": [-6.29422, 7.93614, 4.50657],
				"rotation": [-50, 0, 0],
				"cubes": [
					{"origin": [-6.34792, 5.26711, 5.22197], "size": [1, 2, 1], "uv": [47, 129]}
				]
			},
			{
				"name": "bone171",
				"parent": "bone170",
				"pivot": [-5.84792, 6.69202, 4.5967],
				"rotation": [-35, 0, 0],
				"cubes": [
					{"origin": [-6.34792, 5.45702, 5.74534], "size": [1, 1, 1], "uv": [47, 129]}
				]
			},
			{
				"name": "bone172",
				"parent": "bone171",
				"pivot": [-5.84792, 5.69202, 4.5967],
				"rotation": [0, 0, 35],
				"cubes": [
					{"origin": [-6.30355, 4.7863, 5.74534], "size": [1, 1, 1], "uv": [47, 129]}
				]
			},
			{
				"name": "bone173",
				"parent": "bone172",
				"pivot": [-5.84792, 5.69202, 4.5967],
				"cubes": [
					{"origin": [-6.30355, 4.7863, 5.74534], "size": [1, 1, 1], "uv": [47, 129]}
				]
			},
			{
				"name": "bone174",
				"parent": "bone173",
				"pivot": [-5.80355, 4.7863, 6.24534],
				"rotation": [-32.5, 0, 0],
				"cubes": [
					{"origin": [-6.30355, 3.05495, 5.66703], "size": [1, 2, 1], "uv": [47, 129]}
				]
			},
			{
				"name": "bone175",
				"parent": "bone174",
				"pivot": [-5.80355, 5.2863, 6.24534],
				"rotation": [0, 0, 32.5],
				"cubes": [
					{"origin": [-5.18295, 2.67305, 5.66704], "size": [1, 1, 1], "uv": [47, 129]}
				]
			},
			{
				"name": "bone176",
				"parent": "bone175",
				"pivot": [-5.80355, 5.2863, 6.24534],
				"rotation": [0, 0, 32.5],
				"cubes": [
					{"origin": [-4.03265, 2.95306, 5.66704], "size": [1, 1, 1], "uv": [47, 129]}
				]
			},
			{
				"name": "bone177",
				"parent": "bone176",
				"pivot": [-5.80355, 5.2863, 6.24534],
				"rotation": [-15, 0, 0],
				"cubes": [
					{"origin": [-4.03265, 2.1417, 6.25655], "size": [1, 1, 1], "uv": [47, 129]}
				]
			},
			{
				"name": "bone178",
				"parent": "bone177",
				"pivot": [-5.80355, 5.2863, 6.24534],
				"rotation": [0, 0, 30],
				"cubes": [
					{"origin": [-2.83158, 1.94845, 6.25655], "size": [1, 2, 1], "uv": [47, 129]}
				]
			},
			{
				"name": "bone179",
				"parent": "bone178",
				"pivot": [-5.80355, 5.2863, 6.24534],
				"rotation": [0, 0, 27.5],
				"cubes": [
					{"origin": [-1.73912, 2.15964, 6.25655], "size": [1, 2, 1], "uv": [47, 129]}
				]
			},
			{
				"name": "bone133",
				"parent": "bone132",
				"pivot": [-7, 30, 0],
				"rotation": [0, 0, -47.5]
			},
			{
				"name": "bone134",
				"parent": "bone133",
				"pivot": [-8.75, 31.75, -1.75],
				"rotation": [-177.50238, 0.10901, -117.49762],
				"cubes": [
					{"origin": [-14.22588, 30.84066, -2.74637], "size": [2, 4, 2], "uv": [10, 129], "inflate": -0.4001}
				]
			},
			{
				"name": "bone135",
				"parent": "bone134",
				"pivot": [-7.75, 33.75, -1.75],
				"rotation": [0, 0, 5]
			},
			{
				"name": "bone136",
				"parent": "bone135",
				"pivot": [-8.25, 33.75, -1.75],
				"rotation": [0, 0, 55]
			},
			{
				"name": "bone137",
				"parent": "bone135",
				"pivot": [-7.75, 32.75, -1.75],
				"rotation": [0, 0, 30],
				"cubes": [
					{"origin": [-13.38531, 27.68944, -2.74637], "size": [2, 4, 2], "uv": [10, 135], "inflate": -0.4}
				]
			},
			{
				"name": "bone139",
				"parent": "bone134",
				"pivot": [-8.25, 33.75, -1.75],
				"rotation": [0, 0, -5]
			},
			{
				"name": "bone140",
				"parent": "bone139",
				"pivot": [-7.75, 33.75, -1.75],
				"rotation": [0, 0, -55],
				"cubes": [
					{"origin": [-10.61166, 35.31817, -2.74637], "size": [2, 4, 2], "uv": [10, 141], "inflate": -0.4}
				]
			},
			{
				"name": "bone141",
				"parent": "bone139",
				"pivot": [-8.25, 32.75, -1.75],
				"rotation": [0, 0, -30],
				"cubes": [
					{"origin": [-13.17381, 33.67039, -2.74637], "size": [2, 4, 2], "uv": [10, 135], "inflate": -0.4002, "mirror": true}
				]
			},
			{
				"name": "bone142",
				"parent": "bone139",
				"pivot": [-8.25, 33.75, -1.75],
				"rotation": [0, 0, -32.5],
				"cubes": [
					{"origin": [-12.45036, 33.97072, -2.74637], "size": [2, 4, 2], "uv": [10, 129], "inflate": -0.401, "mirror": true}
				]
			},
			{
				"name": "bone143",
				"parent": "bone134",
				"pivot": [-8.75, 31.75, -1.75]
			},
			{
				"name": "bone138",
				"parent": "bone132",
				"pivot": [-6.01769, 31.58249, 2.56558],
				"rotation": [49.43606, -35.80852, 24.61562],
				"cubes": [
					{"origin": [-7.37778, 29.97174, 1.47171], "size": [2, 4, 2], "uv": [50, 149], "inflate": -0.401}
				]
			},
			{
				"name": "bone144",
				"parent": "bone138",
				"pivot": [-6.07772, 43.52294, 12.90403],
				"rotation": [0, 0, 5]
			},
			{
				"name": "bone145",
				"parent": "bone144",
				"pivot": [-6.57772, 43.52294, 12.90403],
				"rotation": [0, 0, 55],
				"cubes": [
					{"origin": [0.85842, 35.21474, 1.47171], "size": [2, 4, 2], "uv": [50, 161], "inflate": -0.4, "mirror": true}
				]
			},
			{
				"name": "bone146",
				"parent": "bone144",
				"pivot": [-6.07772, 42.52294, 12.90403],
				"rotation": [0, 0, 30],
				"cubes": [
					{"origin": [-1.36933, 31.71381, 1.47171], "size": [2, 4, 2], "uv": [50, 155], "inflate": -0.4}
				]
			},
			{
				"name": "bone147",
				"parent": "bone144",
				"pivot": [-6.07772, 43.52294, 12.90403],
				"rotation": [0, 0, 32.5],
				"cubes": [
					{"origin": [-1.58286, 32.10316, 1.47171], "size": [2, 4, 2], "uv": [50, 149], "inflate": -0.4}
				]
			},
			{
				"name": "bone148",
				"parent": "bone138",
				"pivot": [-6.57772, 43.52294, 12.90403],
				"rotation": [0, 0, -5]
			},
			{
				"name": "bone149",
				"parent": "bone148",
				"pivot": [-6.07772, 43.52294, 12.90403],
				"rotation": [0, 0, -55],
				"cubes": [
					{"origin": [-15.56759, 35.28779, 1.47171], "size": [2, 4, 2], "uv": [50, 161], "inflate": -0.4}
				]
			},
			{
				"name": "bone150",
				"parent": "bone148",
				"pivot": [-6.57772, 42.52294, 12.90403],
				"rotation": [0, 0, -30],
				"cubes": [
					{"origin": [-13.36567, 31.75731, 1.47171], "size": [2, 4, 2], "uv": [50, 155], "inflate": -0.4, "mirror": true}
				]
			},
			{
				"name": "bone151",
				"parent": "bone148",
				"pivot": [-6.57772, 43.52294, 12.90403],
				"rotation": [0, 0, -32.5],
				"cubes": [
					{"origin": [-13.15018, 32.15008, 1.47171], "size": [2, 4, 2], "uv": [50, 149], "inflate": -0.4, "mirror": true}
				]
			},
			{
				"name": "bone152",
				"parent": "hair",
				"pivot": [5, 30, 0],
				"rotation": [0, 0, 2.5]
			},
			{
				"name": "bone180",
				"parent": "bone152",
				"pivot": [5, 30.5, 0],
				"rotation": [0, 0, -7.5],
				"cubes": [
					{"origin": [4.27566, 29.15086, -1], "size": [2, 3, 2], "uv": [0, 131], "mirror": true}
				]
			},
			{
				"name": "bone181",
				"parent": "bone180",
				"pivot": [5, 27.5, 0],
				"rotation": [0, 0, -12.5],
				"cubes": [
					{"origin": [4.65015, 24.2685, -1], "size": [2, 5, 2], "uv": [0, 136], "mirror": true}
				]
			},
			{
				"name": "bone182",
				"parent": "bone181",
				"pivot": [5, 21.5, 0],
				"rotation": [0, 0, -25],
				"cubes": [
					{"origin": [5.84294, 19.16697, -1.01], "size": [1, 5, 2], "uv": [41, 129], "inflate": -0.011, "mirror": true}
				]
			},
			{
				"name": "bone183",
				"parent": "bone182",
				"pivot": [9, 21.5, 0],
				"rotation": [0, 0, 17.5],
				"cubes": [
					{"origin": [6.18252, 20.1, -1], "size": [1, 3, 2], "uv": [0, 143], "inflate": 0.001, "mirror": true}
				]
			},
			{
				"name": "bone184",
				"parent": "bone182",
				"pivot": [4.63981, 17.33897, -0.01],
				"rotation": [20, 0, 0],
				"cubes": [
					{"origin": [5.84294, 17.41473, -0.32166], "size": [1, 2, 2], "uv": [41, 138], "inflate": -0.01, "mirror": true}
				]
			},
			{
				"name": "bone185",
				"parent": "bone184",
				"pivot": [4.13981, 17.83897, -0.51],
				"cubes": [
					{"origin": [5.83294, 15.42473, 0.66834], "size": [1, 2, 1], "uv": [47, 143], "mirror": true}
				]
			},
			{
				"name": "bone186",
				"parent": "bone185",
				"pivot": [6.33294, 16.42473, -0.83166],
				"rotation": [30, 0, 0],
				"cubes": [
					{"origin": [5.83294, 15.03075, 0.11867], "size": [1, 2, 1], "uv": [47, 140], "inflate": -0.001, "mirror": true}
				]
			},
			{
				"name": "bone187",
				"parent": "bone185",
				"pivot": [6.33294, 13.42473, 1.16834],
				"rotation": [0, 0, 25],
				"cubes": [
					{"origin": [4.94086, 13.44865, 0.66834], "size": [1, 2, 1], "uv": [47, 137], "inflate": -0.001, "mirror": true}
				]
			},
			{
				"name": "bone188",
				"parent": "bone187",
				"pivot": [5.44086, 13.94865, 1.16834],
				"rotation": [0, 0, 45],
				"cubes": [
					{"origin": [5.14797, 12.94865, 0.66834], "size": [1, 1, 1], "uv": [47, 135], "mirror": true}
				]
			},
			{
				"name": "bone189",
				"parent": "bone188",
				"pivot": [5.64797, 11.44865, 1.16834],
				"rotation": [40, 0, 0],
				"cubes": [
					{"origin": [5.14797, 11.91911, 1.7495], "size": [1, 1, 1], "uv": [47, 135], "mirror": true}
				]
			},
			{
				"name": "bone190",
				"parent": "bone189",
				"pivot": [5.64797, 12.41911, 2.2495],
				"rotation": [0, 0, 25],
				"cubes": [
					{"origin": [5.31243, 11.17727, 1.7495], "size": [1, 1, 1], "uv": [47, 135], "mirror": true}
				]
			},
			{
				"name": "bone191",
				"parent": "bone190",
				"pivot": [5.64797, 12.41911, 2.2495],
				"rotation": [0, 0, 15],
				"cubes": [
					{"origin": [5.6112, 10.39156, 1.7495], "size": [1, 1, 1], "uv": [47, 132], "mirror": true}
				]
			},
			{
				"name": "bone192",
				"parent": "bone191",
				"pivot": [5.64797, 12.41911, 2.2495],
				"rotation": [-30, 0, 0],
				"cubes": [
					{"origin": [5.6112, 8.9132, 2.69629], "size": [1, 2, 1], "uv": [47, 129], "mirror": true}
				]
			},
			{
				"name": "bone193",
				"parent": "bone192",
				"pivot": [5.64797, 12.41911, 2.2495],
				"rotation": [-55, 0, 0],
				"cubes": [
					{"origin": [5.6112, 9.59334, 4.95122], "size": [1, 2, 1], "uv": [47, 132], "mirror": true}
				]
			},
			{
				"name": "bone194",
				"parent": "bone193",
				"pivot": [6.1112, 10.09334, 5.45122],
				"rotation": [0, 0, 20],
				"cubes": [
					{"origin": [5.75106, 8.79351, 4.95222], "size": [1, 1, 1], "uv": [42, 142], "inflate": 0.001, "mirror": true}
				]
			},
			{
				"name": "bone195",
				"parent": "bone194",
				"pivot": [6.29422, 7.91033, 5.45122],
				"rotation": [-50, 0, 0],
				"cubes": [
					{"origin": [5.75106, 6.86181, 4.0967], "size": [1, 2, 1], "uv": [47, 129], "mirror": true}
				]
			},
			{
				"name": "bone196",
				"parent": "bone195",
				"pivot": [6.29422, 7.93614, 4.50657],
				"rotation": [0, 0, -25],
				"cubes": [
					{"origin": [5.34792, 6.19202, 4.0967], "size": [1, 1, 1], "uv": [47, 129], "mirror": true}
				]
			},
			{
				"name": "bone197",
				"parent": "bone196",
				"pivot": [6.29422, 7.93614, 4.50657],
				"rotation": [-50, 0, 0],
				"cubes": [
					{"origin": [5.34792, 5.26711, 5.22197], "size": [1, 2, 1], "uv": [47, 129], "mirror": true}
				]
			},
			{
				"name": "bone198",
				"parent": "bone197",
				"pivot": [5.84792, 6.69202, 4.5967],
				"rotation": [-35, 0, 0],
				"cubes": [
					{"origin": [5.34792, 5.45702, 5.74534], "size": [1, 1, 1], "uv": [47, 129], "mirror": true}
				]
			},
			{
				"name": "bone199",
				"parent": "bone198",
				"pivot": [5.84792, 5.69202, 4.5967],
				"rotation": [0, 0, -35],
				"cubes": [
					{"origin": [5.30355, 4.7863, 5.74534], "size": [1, 1, 1], "uv": [47, 129], "mirror": true}
				]
			},
			{
				"name": "bone200",
				"parent": "bone199",
				"pivot": [5.84792, 5.69202, 4.5967],
				"cubes": [
					{"origin": [5.30355, 4.7863, 5.74534], "size": [1, 1, 1], "uv": [47, 129], "mirror": true}
				]
			},
			{
				"name": "bone201",
				"parent": "bone200",
				"pivot": [5.80355, 4.7863, 6.24534],
				"rotation": [-32.5, 0, 0],
				"cubes": [
					{"origin": [5.30355, 3.05495, 5.66703], "size": [1, 2, 1], "uv": [47, 129], "mirror": true}
				]
			},
			{
				"name": "bone202",
				"parent": "bone201",
				"pivot": [5.80355, 5.2863, 6.24534],
				"rotation": [0, 0, -32.5],
				"cubes": [
					{"origin": [4.18295, 2.67305, 5.66704], "size": [1, 1, 1], "uv": [47, 129], "mirror": true}
				]
			},
			{
				"name": "bone203",
				"parent": "bone202",
				"pivot": [5.80355, 5.2863, 6.24534],
				"rotation": [0, 0, -32.5],
				"cubes": [
					{"origin": [3.03265, 2.95306, 5.66704], "size": [1, 1, 1], "uv": [47, 129], "mirror": true}
				]
			},
			{
				"name": "bone204",
				"parent": "bone203",
				"pivot": [5.80355, 5.2863, 6.24534],
				"rotation": [-15, 0, 0],
				"cubes": [
					{"origin": [3.03265, 2.1417, 6.25655], "size": [1, 1, 1], "uv": [47, 129], "mirror": true}
				]
			},
			{
				"name": "bone205",
				"parent": "bone204",
				"pivot": [5.80355, 5.2863, 6.24534],
				"rotation": [0, 0, -30],
				"cubes": [
					{"origin": [1.83158, 1.94845, 6.25655], "size": [1, 2, 1], "uv": [47, 129], "mirror": true}
				]
			},
			{
				"name": "bone206",
				"parent": "bone205",
				"pivot": [5.80355, 5.2863, 6.24534],
				"rotation": [0, 0, -27.5],
				"cubes": [
					{"origin": [0.73912, 2.15964, 6.25655], "size": [1, 2, 1], "uv": [47, 129], "mirror": true}
				]
			},
			{
				"name": "bone207",
				"parent": "bone152",
				"pivot": [7, 30, 0],
				"rotation": [0, 0, 47.5]
			},
			{
				"name": "bone208",
				"parent": "bone207",
				"pivot": [8.75, 31.75, -1.75],
				"rotation": [-177.50238, -0.10901, 117.49762],
				"cubes": [
					{"origin": [12.22588, 30.84066, -2.74637], "size": [2, 4, 2], "uv": [50, 149], "inflate": -0.401, "mirror": true}
				]
			},
			{
				"name": "bone209",
				"parent": "bone208",
				"pivot": [7.75, 33.75, -1.75],
				"rotation": [0, 0, -5]
			},
			{
				"name": "bone210",
				"parent": "bone209",
				"pivot": [8.25, 33.75, -1.75],
				"rotation": [0, 0, -55]
			},
			{
				"name": "bone211",
				"parent": "bone209",
				"pivot": [7.75, 32.75, -1.75],
				"rotation": [0, 0, -30],
				"cubes": [
					{"origin": [11.38531, 27.68944, -2.74637], "size": [2, 4, 2], "uv": [50, 155], "inflate": -0.4, "mirror": true}
				]
			},
			{
				"name": "bone212",
				"parent": "bone208",
				"pivot": [8.25, 33.75, -1.75],
				"rotation": [0, 0, 5]
			},
			{
				"name": "bone213",
				"parent": "bone212",
				"pivot": [7.75, 33.75, -1.75],
				"rotation": [0, 0, 55],
				"cubes": [
					{"origin": [8.61166, 35.31817, -2.74637], "size": [2, 4, 2], "uv": [60, 161], "inflate": -0.4, "mirror": true}
				]
			},
			{
				"name": "bone214",
				"parent": "bone212",
				"pivot": [8.25, 32.75, -1.75],
				"rotation": [0, 0, 30],
				"cubes": [
					{"origin": [11.17381, 33.67039, -2.74637], "size": [2, 4, 2], "uv": [50, 155], "inflate": -0.4002}
				]
			},
			{
				"name": "bone215",
				"parent": "bone212",
				"pivot": [8.25, 33.75, -1.75],
				"rotation": [0, 0, 32.5],
				"cubes": [
					{"origin": [10.45036, 33.97072, -2.74637], "size": [2, 4, 2], "uv": [60, 149], "inflate": -0.4}
				]
			},
			{
				"name": "bone216",
				"parent": "bone208",
				"pivot": [8.75, 31.75, -1.75]
			},
			{
				"name": "bone217",
				"parent": "bone152",
				"pivot": [6.01769, 31.58249, 2.56558],
				"rotation": [49.43606, 35.80852, -24.61562],
				"cubes": [
					{"origin": [5.37778, 29.97174, 1.47171], "size": [2, 4, 2], "uv": [50, 149], "inflate": -0.401, "mirror": true}
				]
			},
			{
				"name": "bone218",
				"parent": "bone217",
				"pivot": [6.07772, 43.52294, 12.90403],
				"rotation": [0, 0, -5]
			},
			{
				"name": "bone219",
				"parent": "bone218",
				"pivot": [6.57772, 43.52294, 12.90403],
				"rotation": [0, 0, -55],
				"cubes": [
					{"origin": [-2.85842, 35.21474, 1.47171], "size": [2, 4, 2], "uv": [50, 161], "inflate": -0.4}
				]
			},
			{
				"name": "bone220",
				"parent": "bone218",
				"pivot": [6.07772, 42.52294, 12.90403],
				"rotation": [0, 0, -30],
				"cubes": [
					{"origin": [-0.63067, 31.71381, 1.47171], "size": [2, 4, 2], "uv": [50, 155], "inflate": -0.4, "mirror": true}
				]
			},
			{
				"name": "bone221",
				"parent": "bone218",
				"pivot": [6.07772, 43.52294, 12.90403],
				"rotation": [0, 0, -32.5],
				"cubes": [
					{"origin": [-0.41714, 32.10316, 1.47171], "size": [2, 4, 2], "uv": [50, 149], "inflate": -0.4, "mirror": true}
				]
			},
			{
				"name": "bone222",
				"parent": "bone217",
				"pivot": [6.57772, 43.52294, 12.90403],
				"rotation": [0, 0, 5]
			},
			{
				"name": "bone223",
				"parent": "bone222",
				"pivot": [6.07772, 43.52294, 12.90403],
				"rotation": [0, 0, 55],
				"cubes": [
					{"origin": [13.56759, 35.28779, 1.47171], "size": [2, 4, 2], "uv": [50, 161], "inflate": -0.4, "mirror": true}
				]
			},
			{
				"name": "bone224",
				"parent": "bone222",
				"pivot": [6.57772, 42.52294, 12.90403],
				"rotation": [0, 0, 30],
				"cubes": [
					{"origin": [11.36567, 31.75731, 1.47171], "size": [2, 4, 2], "uv": [50, 155], "inflate": -0.4}
				]
			},
			{
				"name": "bone225",
				"parent": "bone222",
				"pivot": [6.57772, 43.52294, 12.90403],
				"rotation": [0, 0, 32.5],
				"cubes": [
					{"origin": [11.15018, 32.15008, 1.47171], "size": [2, 4, 2], "uv": [50, 149], "inflate": -0.4}
				]
			},
			{
				"name": "hair1",
				"parent": "hair",
				"pivot": [0, 30, -4],
				"rotation": [-2.5, 0, 0]
			},
			{
				"name": "bone4",
				"parent": "hair1",
				"pivot": [0, 30, -4]
			},
			{
				"name": "bone6",
				"parent": "bone4",
				"pivot": [-2, 30, -4]
			},
			{
				"name": "bone5",
				"parent": "bone6",
				"pivot": [-1.5, 30.5, -3.8652],
				"rotation": [0, 0, 20],
				"cubes": [
					{"origin": [-1.9316, 29.31206, -4.366], "size": [1, 2, 1], "uv": [1, 37]}
				]
			},
			{
				"name": "bone7",
				"parent": "bone6",
				"pivot": [-1.325, 25.75, -4],
				"rotation": [0, 0, -42.5],
				"cubes": [
					{"origin": [0.50203, 25.2046, -4.4], "size": [1, 4, 1], "uv": [10, 37]}
				]
			},
			{
				"name": "bone",
				"parent": "bone4",
				"pivot": [0, 30, -4],
				"rotation": [-7.5, 0, 0]
			},
			{
				"name": "bone2",
				"parent": "bone",
				"pivot": [0, 24, 0],
				"cubes": [
					{"origin": [-1, 28.80171, -4.47389], "size": [2, 2, 1], "uv": [1, 26]},
					{"origin": [-1, 28.80171, -4.67389], "size": [2, 2, 1], "uv": [1, 26]}
				]
			},
			{
				"name": "bone3",
				"parent": "bone",
				"pivot": [0, 27, -4],
				"rotation": [0, 0, 62.5],
				"cubes": [
					{"origin": [-2.98639, 23.86895, -4.62489], "size": [2, 5, 1], "uv": [1, 29], "inflate": -0.15},
					{"origin": [-2.98639, 23.86895, -4.82489], "size": [2, 5, 1], "uv": [0, 42], "inflate": -0.15}
				]
			},
			{
				"name": "bone11",
				"parent": "bone4",
				"pivot": [3, 30, -4],
				"rotation": [0, 0, 30],
				"cubes": [
					{"origin": [1.1, 27.3268, -4.4], "size": [5, 2, 2], "uv": [8, 27]}
				]
			},
			{
				"name": "bone12",
				"parent": "bone4",
				"pivot": [-3, 29, -4],
				"rotation": [0, 0, -40],
				"cubes": [
					{"origin": [-5.12856, 27.54679, -4.31], "size": [4, 2, 2], "uv": [8, 31], "mirror": true}
				]
			},
			{
				"name": "bone8",
				"parent": "bone4",
				"pivot": [2, 30, -5],
				"rotation": [0, 0, -2.5]
			},
			{
				"name": "bone9",
				"parent": "bone8",
				"pivot": [1.5, 30.5, -3.8652],
				"rotation": [0, 0, -17.5],
				"cubes": [
					{"origin": [0.9316, 29.31206, -4.3652], "size": [1, 2, 1], "uv": [1, 37], "mirror": true}
				]
			},
			{
				"name": "bone10",
				"parent": "bone8",
				"pivot": [0.60897, 28.48594, -3.8652],
				"rotation": [0, 0, 40],
				"cubes": [
					{"origin": [0.23072, 26.32727, -4.3652], "size": [1, 4, 1], "uv": [5, 37], "mirror": true}
				]
			},
			{
				"name": "bone14",
				"parent": "bone10",
				"pivot": [0.60897, 27.48594, -3.8652],
				"rotation": [0, 0, -17.5],
				"cubes": [
					{"origin": [1.6, 27.8, -4.3652], "size": [1, 2, 1], "uv": [5, 37], "mirror": true}
				]
			},
			{
				"name": "tail",
				"pivot": [0, 15, 2]
			},
			{
				"name": "tail3",
				"parent": "tail",
				"pivot": [0, 18, 1],
				"rotation": [25, 0, 0],
				"cubes": [
					{"origin": [-1.5, 8, -1], "size": [3, 7, 4], "uv": [87, 18], "inflate": -0.5001}
				]
			},
			{
				"name": "tail_down",
				"parent": "tail",
				"pivot": [0, 10, 7],
				"rotation": [9.66, 0, 0],
				"cubes": [
					{"origin": [-1.5, 3.62865, 2.88723], "size": [3, 7, 4], "uv": [103, 18], "inflate": -0.5},
					{"origin": [-1, 3.3641, 3.92286], "size": [2, 7, 2], "uv": [119, 20], "inflate": -0.5}
				]
			},
			{
				"name": "body",
				"pivot": [0, 24, 0],
				"cubes": [
					{"origin": [-2.5, 22, -2.5], "size": [5, 4, 5], "uv": [97, 0], "inflate": -1.25},
					{"origin": [-3.5, 11.75, -1.5], "size": [7, 12, 3], "uv": [77, 0], "inflate": -0.251}
				]
			},
			{
				"name": "bone22",
				"parent": "body",
				"pivot": [0, 24, 0],
				"cubes": [
					{"origin": [-4, 12, -2], "size": [8, 12, 4], "uv": [34, 16], "inflate": -0.49},
					{"origin": [-4, 11, -2], "size": [8, 2, 4], "uv": [104, 11], "inflate": -0.3}
				]
			},
			{
				"name": "bone23",
				"parent": "bone22",
				"pivot": [0, 24, -6],
				"cubes": [
					{"origin": [-3.86201, 15.00781, -1.87], "size": [1.03, 1.075, 1], "uv": [36, 47], "inflate": -0.35}
				]
			},
			{
				"name": "bone24",
				"parent": "bone23",
				"pivot": [-0.5, 21, -1.05],
				"rotation": [0, 0, -17.5],
				"cubes": [
					{"origin": [-1.11718, 20.5111, -1.52], "size": [1, 3, 1], "uv": [26, 40]},
					{"origin": [0.13282, 20.7611, -1.77], "size": [1, 2, 1], "uv": [26, 51], "inflate": -0.25},
					{"origin": [-0.36718, 21.2611, -1.77], "size": [1, 1, 1], "uv": [0, 79], "inflate": -0.25}
				]
			},
			{
				"name": "bone28",
				"parent": "bone23",
				"pivot": [0, 24, -6]
			},
			{
				"name": "bone25",
				"parent": "bone28",
				"pivot": [-3.07655, 20.53555, -1.02],
				"rotation": [0, 0, -65],
				"cubes": [
					{"origin": [-2.34413, 15.52142, -1.52], "size": [1, 3, 1], "uv": [26, 45]},
					{"origin": [-1.74413, 16.52142, -1.92], "size": [1, 1.25, 1], "uv": [18, 48], "inflate": -0.4},
					{"origin": [-1.2121, 14.8033, -1.77], "size": [1, 3.2, 1], "uv": [31, 51], "inflate": -0.25},
					{"origin": [-2.7121, 14.3033, -1.77], "size": [2.5, 1, 1], "uv": [25, 55], "inflate": -0.25}
				]
			},
			{
				"name": "bone26",
				"parent": "bone28",
				"pivot": [-0.5, 21, -1.05],
				"rotation": [0, 0, -17.5]
			},
			{
				"name": "bone27",
				"parent": "bone26",
				"pivot": [-3.07655, 20.53555, -1.02],
				"rotation": [0, 0, -102.5],
				"cubes": [
					{"origin": [-5.98196, 16.90718, -1.52], "size": [1, 3, 1], "uv": [31, 40]},
					{"origin": [-6.58196, 18.50718, -1.92], "size": [1, 1, 1], "uv": [18, 48], "inflate": -0.4},
					{"origin": [-7.09266, 16.19853, -1.77], "size": [1, 3.1, 1], "uv": [31, 51], "inflate": -0.25}
				]
			},
			{
				"name": "bone29",
				"parent": "bone23",
				"pivot": [0, 20, 0],
				"rotation": [0, 0, 70]
			},
			{
				"name": "bone30",
				"parent": "bone29",
				"pivot": [-3.07655, 20.53555, -1.02],
				"rotation": [0, 0, -65],
				"cubes": [
					{"origin": [-3.44203, 12.35802, -1.52], "size": [1, 3.5, 1], "uv": [31, 45]},
					{"origin": [-2.2082, 11.6859, -1.77], "size": [1, 3.8, 1], "uv": [31, 51], "inflate": -0.25},
					{"origin": [-3.9582, 11.1859, -1.77], "size": [2.75, 1, 1], "uv": [25, 55], "inflate": -0.25}
				]
			},
			{
				"name": "bone31",
				"parent": "bone29",
				"pivot": [-0.5, 21, -1.05],
				"rotation": [0, 0, -17.5]
			},
			{
				"name": "bone32",
				"parent": "bone31",
				"pivot": [-3.07655, 20.53555, -1.02],
				"rotation": [0, 0, -102.5],
				"cubes": [
					{"origin": [-9.20299, 15.99208, -1.52], "size": [1, 3, 1], "uv": [21, 40]},
					{"origin": [-10.36102, 15.4312, -1.77], "size": [1, 2.5, 1], "uv": [36, 47], "inflate": -0.25}
				]
			},
			{
				"name": "bone68",
				"parent": "bone23",
				"pivot": [0, 19, 0],
				"rotation": [0, 0, 7.5]
			},
			{
				"name": "bone69",
				"parent": "bone68",
				"pivot": [-5.07655, 20.53555, 1.02],
				"rotation": [0, 0, -65],
				"cubes": [
					{"origin": [-4.13563, 15.24883, 0.52], "size": [1, 3, 1], "uv": [5, 86]},
					{"origin": [-3.53563, 16.24883, 0.92], "size": [1, 1.25, 1], "uv": [1, 91], "inflate": -0.4},
					{"origin": [-3.0036, 14.53071, 0.77], "size": [1, 4.2, 1], "uv": [10, 85], "inflate": -0.25},
					{"origin": [-4.5036, 14.03071, 0.77], "size": [2.5, 1, 1], "uv": [6, 91], "inflate": -0.25},
					{"origin": [-3.38563, 17.8, 0.769], "size": [1, 1, 1], "uv": [15, 91], "inflate": -0.25}
				]
			},
			{
				"name": "bone70",
				"parent": "bone68",
				"pivot": [-2.5, 21, 1.05],
				"rotation": [0, 0, -17.5]
			},
			{
				"name": "bone71",
				"parent": "bone70",
				"pivot": [-5.07655, 20.53555, 1.02],
				"rotation": [0, 0, -102.5],
				"cubes": [
					{"origin": [-8.08566, 16.58003, 0.52], "size": [1, 3, 1], "uv": [0, 86]},
					{"origin": [-9.19637, 15.87138, 0.77], "size": [1, 4, 1], "uv": [10, 85], "inflate": -0.25}
				]
			},
			{
				"name": "bone72",
				"parent": "bone68",
				"pivot": [0, 19, 0],
				"rotation": [0, 0, 82.5],
				"cubes": [
					{"origin": [-3.71182, 15.21711, 0.77], "size": [1, 2.45, 1], "uv": [15, 87], "inflate": -0.25}
				]
			},
			{
				"name": "bone73",
				"parent": "bone72",
				"pivot": [-3.21182, 16.44211, 1.27],
				"rotation": [0, 0, -62.5],
				"cubes": [
					{"origin": [-1.3355, 9.99586, 0.77], "size": [1, 2.65, 1], "uv": [15, 87], "inflate": -0.25}
				]
			},
			{
				"name": "bone37",
				"parent": "bone22",
				"pivot": [0, 24, 0]
			},
			{
				"name": "bone36",
				"parent": "bone37",
				"pivot": [0, 24, 0],
				"cubes": [
					{"origin": [-3.76202, 14.98281, -1.77], "size": [1, 1, 3.55], "uv": [33, 53], "inflate": -0.25},
					{"origin": [-3.76202, 18.8, -1.77], "size": [1, 1, 3.55], "uv": [37, 33], "inflate": -0.25},
					{"origin": [2.96346, 12.33049, -1.775], "size": [1, 1, 3.55], "uv": [48, 33], "inflate": -0.25, "mirror": true},
					{"origin": [-3.78936, 12.91965, -1.778], "size": [1, 2, 1], "uv": [118, 5], "inflate": -0.25}
				]
			},
			{
				"name": "bone34",
				"parent": "bone37",
				"pivot": [0, 24, 0]
			},
			{
				"name": "bone35",
				"parent": "bone34",
				"pivot": [0.40734, 16.69853, -2.27],
				"rotation": [0, 0, 45],
				"cubes": [
					{"origin": [-4.2768, 15.54698, -1.771], "size": [10, 1, 1], "uv": [36, 38], "inflate": -0.25},
					{"origin": [-4.27681, 15.54698, 0.78], "size": [10, 1, 1], "uv": [36, 41], "inflate": -0.25}
				]
			},
			{
				"name": "bone33",
				"parent": "bone34",
				"pivot": [0, 24, 0],
				"rotation": [0, 0, -60],
				"cubes": [
					{"origin": [-10.08, 21.65, -1.776], "size": [10, 1, 1], "uv": [36, 44], "inflate": -0.25},
					{"origin": [-9.1, 21.65, -1.778], "size": [1, 1, 1], "uv": [66, 9], "inflate": -0.25},
					{"origin": [-10.1, 21.65, -1.778], "size": [1, 1, 1], "uv": [66, 9], "inflate": -0.25},
					{"origin": [-2.89, 21.65, -1.778], "size": [1, 1, 1], "uv": [66, 9], "inflate": -0.25},
					{"origin": [-1.9, 21.65, -1.777], "size": [1, 1, 1], "uv": [66, 9], "inflate": -0.25}
				]
			},
			{
				"name": "bone39",
				"parent": "bone22",
				"pivot": [0, 24, -6]
			},
			{
				"name": "bone45",
				"parent": "bone39",
				"pivot": [-2.4, 19.25, -1.026],
				"rotation": [0, 0, 35],
				"cubes": [
					{"origin": [-8.9, 12.4, -6.526], "size": [13, 13, 11], "uv": [47, 104], "inflate": -6}
				]
			},
			{
				"name": "bone74",
				"parent": "bone39",
				"pivot": [-2.7, 13.9, -1.2],
				"rotation": [0, 0, 40],
				"cubes": [
					{"origin": [-9.2, 7.4, -6.7], "size": [13, 13, 11], "uv": [0, 104], "inflate": -5.9}
				]
			},
			{
				"name": "bone75",
				"parent": "bone39",
				"pivot": [2.00879, 20.85466, -1.125],
				"rotation": [0, 0, 67.5],
				"cubes": [
					{"origin": [-4.49121, 14.35466, -6.625], "size": [13, 13, 11], "uv": [0, 104], "inflate": -5.9}
				]
			},
			{
				"name": "bone76",
				"parent": "bone39",
				"pivot": [2.51346, 14.28049, -1.225],
				"rotation": [0, 0, 32.5],
				"cubes": [
					{"origin": [-2.5, 9.5, -4.9], "size": [9, 9, 7], "uv": [96, 133], "inflate": -3.65},
					{"origin": [-2, 10, -5.055], "size": [8, 8, 7], "uv": [98, 118], "inflate": -3.5}
				]
			},
			{
				"name": "hat2",
				"parent": "bone22",
				"pivot": [0, 24, 0]
			},
			{
				"name": "bone38",
				"parent": "hat2",
				"pivot": [0, 23, -0.5],
				"rotation": [5, 0, 0],
				"cubes": [
					{"origin": [-2, 22.1, -2], "size": [4, 2, 4], "uv": [64, 12], "inflate": -0.25},
					{"origin": [-0.19, 22.09, -2.01], "size": [1.04, 2, 1], "uv": [72, 8], "inflate": -0.25}
				]
			},
			{
				"name": "hat3",
				"parent": "bone22",
				"pivot": [0, 22, -1],
				"rotation": [20, 0, 0],
				"cubes": [
					{"origin": [-4, 22, 6], "size": [8, 2, 1], "uv": [1, 62]},
					{"origin": [-4, 21, 0], "size": [8, 1, 6], "uv": [0, 78]},
					{"origin": [1, 22.5, 6.21], "size": [2.5, 1, 1], "uv": [14, 67], "inflate": -0.1},
					{"origin": [-4, 21, 0], "size": [8, 1, 6], "uv": [0, 78]},
					{"origin": [-4, 20, 1], "size": [8, 1, 4], "uv": [0, 95]}
				]
			},
			{
				"name": "bone48",
				"parent": "hat3",
				"pivot": [0, 22, -1]
			},
			{
				"name": "bone47",
				"parent": "bone48",
				"pivot": [-4.5, 21.5, 4.5],
				"rotation": [0, 45, 0],
				"cubes": [
					{"origin": [-5.20711, 21, 4.48921], "size": [1, 1, 1.425], "uv": [33, 71], "inflate": 0.001}
				]
			},
			{
				"name": "bone41",
				"parent": "bone48",
				"pivot": [0, 22, -1]
			},
			{
				"name": "bone40",
				"parent": "bone41",
				"pivot": [-4.5, 23, 3],
				"rotation": [0, -50, 0],
				"cubes": [
					{"origin": [-4.11443, 22, 4.18813], "size": [3, 2, 1], "uv": [1, 68]}
				]
			},
			{
				"name": "bone42",
				"parent": "bone41",
				"pivot": [-4.5, 23, 3],
				"rotation": [0, -90, 0],
				"cubes": [
					{"origin": [-6.79813, 22, 3.42836], "size": [4, 2, 1], "uv": [1, 72]}
				]
			},
			{
				"name": "bone43",
				"parent": "bone41",
				"pivot": [0, 22, -1],
				"rotation": [0, 40, 0],
				"cubes": [
					{"origin": [-5.63533, 22, -3.50697], "size": [3, 2, 1], "uv": [14, 73]}
				]
			},
			{
				"name": "bone44",
				"parent": "bone48",
				"pivot": [0, 22, -1],
				"cubes": [
					{"origin": [-5, 21, 1], "size": [1, 1, 4], "uv": [25, 70]}
				]
			},
			{
				"name": "bone46",
				"parent": "bone48",
				"pivot": [-4.5, 21.5, 4.5],
				"rotation": [0, -45, 0],
				"cubes": [
					{"origin": [-7.32843, 21, 0.95368], "size": [1, 1, 1.425], "uv": [33, 71]}
				]
			},
			{
				"name": "bone49",
				"parent": "hat3",
				"pivot": [0, 22, -1]
			},
			{
				"name": "bone50",
				"parent": "bone49",
				"pivot": [-4.5, 21.5, 4.5],
				"rotation": [0, 45, 0],
				"cubes": [
					{"origin": [-5.20711, 21, 4.48921], "size": [1, 1, 1.425], "uv": [33, 71]}
				]
			},
			{
				"name": "bone51",
				"parent": "bone49",
				"pivot": [0, 22, -1]
			},
			{
				"name": "bone52",
				"parent": "bone51",
				"pivot": [-4.5, 23, 3],
				"rotation": [0, -50, 0],
				"cubes": [
					{"origin": [-4.11443, 22, 4.18813], "size": [3, 2, 1], "uv": [1, 68]}
				]
			},
			{
				"name": "bone53",
				"parent": "bone51",
				"pivot": [-4.5, 23, 3],
				"rotation": [0, -90, 0],
				"cubes": [
					{"origin": [-6.79813, 22, 3.42836], "size": [4, 2, 1], "uv": [1, 72]}
				]
			},
			{
				"name": "bone54",
				"parent": "bone51",
				"pivot": [0, 22, -1],
				"rotation": [0, 40, 0],
				"cubes": [
					{"origin": [-5.63533, 22, -3.50697], "size": [3, 2, 1], "uv": [14, 73]}
				]
			},
			{
				"name": "bone55",
				"parent": "bone49",
				"pivot": [0, 22, -1],
				"cubes": [
					{"origin": [-5, 21, 1], "size": [1, 1, 4], "uv": [25, 70]}
				]
			},
			{
				"name": "bone56",
				"parent": "bone49",
				"pivot": [-4.5, 21.5, 4.5],
				"rotation": [0, -45, 0],
				"cubes": [
					{"origin": [-7.32843, 21, 0.95368], "size": [1, 1, 1.425], "uv": [33, 71]}
				]
			},
			{
				"name": "bone57",
				"parent": "hat3",
				"pivot": [0, 22, -1],
				"cubes": [
					{"origin": [-3.5, 22.5, 6.21], "size": [2.5, 1, 1], "uv": [14, 70], "inflate": -0.1}
				]
			},
			{
				"name": "bone58",
				"parent": "bone57",
				"pivot": [4.5, 21.5, 4.5],
				"rotation": [0, -45, 0],
				"cubes": [
					{"origin": [4.20711, 21, 4.48921], "size": [1, 1, 1.425], "uv": [17, 55], "inflate": 0.001, "mirror": true}
				]
			},
			{
				"name": "bone59",
				"parent": "bone57",
				"pivot": [0, 22, -1]
			},
			{
				"name": "bone60",
				"parent": "bone59",
				"pivot": [4.5, 23, 3],
				"rotation": [0, 50, 0],
				"cubes": [
					{"origin": [1.11443, 22, 4.18813], "size": [3, 2, 1], "uv": [43, 47], "mirror": true}
				]
			},
			{
				"name": "bone61",
				"parent": "bone59",
				"pivot": [4.5, 23, 3],
				"rotation": [0, 90, 0],
				"cubes": [
					{"origin": [2.79813, 22, 3.42836], "size": [4, 2, 1], "uv": [43, 51], "mirror": true}
				]
			},
			{
				"name": "bone62",
				"parent": "bone59",
				"pivot": [0, 22, -1],
				"rotation": [0, -40, 0],
				"cubes": [
					{"origin": [2.63533, 22, -3.50697], "size": [3, 2, 1], "uv": [43, 55], "mirror": true}
				]
			},
			{
				"name": "bone63",
				"parent": "bone57",
				"pivot": [0, 22, -1],
				"cubes": [
					{"origin": [4, 21, 1], "size": [1, 1, 4], "uv": [6, 55], "mirror": true}
				]
			},
			{
				"name": "bone64",
				"parent": "bone57",
				"pivot": [4.5, 21.5, 4.5],
				"rotation": [0, 45, 0],
				"cubes": [
					{"origin": [6.32843, 21, 0.95368], "size": [1, 1, 1.425], "uv": [17, 55], "inflate": 0.001, "mirror": true}
				]
			},
			{
				"name": "bone66",
				"parent": "hat3",
				"pivot": [0, 22, -1]
			},
			{
				"name": "bone65",
				"parent": "bone66",
				"pivot": [2.5, 17, 4.5],
				"rotation": [-25, 0, -10],
				"cubes": [
					{"origin": [1, 12.5, 2.75], "size": [3, 8, 1], "uv": [24, 60], "inflate": -0.35}
				]
			},
			{
				"name": "bone67",
				"parent": "bone66",
				"pivot": [-2.5, 17, 4.5],
				"rotation": [-25, 0, 10],
				"cubes": [
					{"origin": [-4, 12.5, 2.75], "size": [3, 8, 1], "uv": [35, 60], "inflate": -0.35, "mirror": true}
				]
			},
			{
				"name": "bone100",
				"parent": "bone22",
				"pivot": [0, 24, -1],
				"cubes": [
					{"origin": [-1, 16, -2.5], "size": [2, 3, 1], "uv": [1, 103]}
				]
			},
			{
				"name": "bone124",
				"parent": "bone100",
				"pivot": [0, 18.5, -2.5],
				"rotation": [12.5, 0, 0],
				"cubes": [
					{"origin": [-1, 18.89178, -2.51185], "size": [2, 1.2, 1], "uv": [2, 108], "inflate": 0.1},
					{"origin": [-1, 18.99178, -2.88185], "size": [1, 1, 1], "uv": [1, 110], "inflate": -0.25},
					{"origin": [0, 18.99178, -2.88185], "size": [1, 1, 1], "uv": [1, 110], "inflate": -0.25}
				]
			},
			{
				"name": "bone126",
				"parent": "bone124",
				"pivot": [-1.25, 19.93, -2.65],
				"rotation": [-16.73634, -42.406, 34.03208],
				"cubes": [
					{"origin": [-1.78526, 17.67657, -3.46812], "size": [1, 3, 1.6], "uv": [44, 63], "inflate": -0.35},
					{"origin": [-1.78526, 18.02657, -3.46812], "size": [1, 1, 1.6], "uv": [44, 67], "inflate": -0.34},
					{"origin": [-1.78526, 18.66657, -3.46812], "size": [1, 1, 1.6], "uv": [44, 67], "inflate": -0.34}
				]
			},
			{
				"name": "bone125",
				"parent": "bone124",
				"pivot": [1.25, 19.93, -2.65],
				"rotation": [-16.73634, 42.406, -34.03208],
				"cubes": [
					{"origin": [0.78526, 17.67657, -3.46812], "size": [1, 3, 1.6], "uv": [44, 63], "inflate": -0.35, "mirror": true},
					{"origin": [0.78526, 18.02657, -3.46812], "size": [1, 1, 1.6], "uv": [44, 67], "inflate": -0.34, "mirror": true},
					{"origin": [0.78526, 18.66657, -3.46812], "size": [1, 1, 1.6], "uv": [44, 67], "inflate": -0.34, "mirror": true}
				]
			},
			{
				"name": "bone127",
				"parent": "bone100",
				"pivot": [0, 24, -1]
			},
			{
				"name": "bone128",
				"parent": "bone127",
				"pivot": [-0.8, 15.3, -2.5],
				"rotation": [0, -12.5, -57.5],
				"cubes": [
					{"origin": [-1.69178, 15.2, -2.71185], "size": [2, 1, 1], "uv": [1, 103], "inflate": -0.1, "mirror": true}
				]
			},
			{
				"name": "bone129",
				"parent": "bone127",
				"pivot": [-1.8, 18.3, -2.5],
				"rotation": [0, 0, 20],
				"cubes": [
					{"origin": [-2.8, 17.8, -2.5], "size": [2, 1, 1], "uv": [1, 103], "inflate": -0.1, "mirror": true}
				]
			},
			{
				"name": "bone130",
				"parent": "bone127",
				"pivot": [1.8, 18.3, -2.5],
				"rotation": [0, 0, -20],
				"cubes": [
					{"origin": [0.8, 17.8, -2.5], "size": [2, 1, 1], "uv": [1, 103], "inflate": -0.1}
				]
			},
			{
				"name": "bone131",
				"parent": "bone127",
				"pivot": [0.8, 15.3, -2.5],
				"rotation": [0, 12.5, 57.5],
				"cubes": [
					{"origin": [-0.30822, 15.2, -2.71185], "size": [2, 1, 1], "uv": [1, 103], "inflate": -0.1}
				]
			},
			{
				"name": "left_arm",
				"pivot": [4, 22, 0],
				"cubes": [
					{"origin": [3.5, 17.5, -1.5], "size": [3, 6, 3], "uv": [103, 32]},
					{"origin": [3.5, 18.5, -1.5], "size": [3, 4, 3], "uv": [82, 37], "inflate": 0.2}
				]
			},
			{
				"name": "left_chestplate",
				"parent": "left_arm",
				"pivot": [5, 22, 0],
				"cubes": [
					{"origin": [0.51, 8.5, -10.5], "size": [3, 21, 21], "uv": [0, 150], "inflate": -6},
					{"origin": [0.71, 8.56, -10.5], "size": [3, 21, 21], "uv": [52, 150], "inflate": -6},
					{"origin": [0.71, 12.29, -10.5], "size": [3, 21, 21], "uv": [72, 150], "inflate": -6},
					{"origin": [0.71, 7.71, -10.5], "size": [3, 21, 21], "uv": [80, 150], "inflate": -6}
				]
			},
			{
				"name": "left_arm_down",
				"parent": "left_arm",
				"pivot": [4.75, 17.5, 1.25],
				"cubes": [
					{"origin": [0.71, 8.29, -10.5], "size": [3, 21, 21], "uv": [0, 127], "inflate": -6},
					{"origin": [0.71, 2.71, -10.5], "size": [3, 21, 21], "uv": [66, 150], "inflate": -6},
					{"origin": [3.5, 12.5, -1.5], "size": [3, 5, 3], "uv": [103, 41]},
					{"origin": [3.5, 14.5, -1.5], "size": [3, 3, 3], "uv": [82, 30], "inflate": 0.2}
				]
			},
			{
				"name": "right_arm",
				"pivot": [-4, 22, 0],
				"cubes": [
					{"origin": [-6.5, 17.5, -1.5], "size": [3, 6, 3], "uv": [115, 32], "mirror": true},
					{"origin": [-6.5, 18.5, -1.5], "size": [3, 4, 3], "uv": [82, 44], "inflate": 0.2, "mirror": true}
				]
			},
			{
				"name": "right_chestplate",
				"parent": "right_arm",
				"pivot": [-5, 22, 0],
				"cubes": [
					{"origin": [-3.51, 8.5, -10.5], "size": [3, 21, 21], "uv": [0, 150], "inflate": -6, "mirror": true},
					{"origin": [-3.71, 8.56, -10.5], "size": [3, 21, 21], "uv": [51, 107], "inflate": -6, "mirror": true},
					{"origin": [-3.71, 12.29, -10.5], "size": [3, 21, 21], "uv": [72, 150], "inflate": -6, "mirror": true},
					{"origin": [-3.71, 7.71, -10.5], "size": [3, 21, 21], "uv": [80, 150], "inflate": -6, "mirror": true}
				]
			},
			{
				"name": "right_arm_down",
				"parent": "right_arm",
				"pivot": [-4.75, 17.5, 1.25],
				"cubes": [
					{"origin": [-3.71, 8.29, -10.5], "size": [3, 21, 21], "uv": [33, 57], "inflate": -6, "mirror": true},
					{"origin": [-3.71, 2.71, -10.5], "size": [3, 21, 21], "uv": [66, 150], "inflate": -6, "mirror": true},
					{"origin": [-6.5, 12.5, -1.5], "size": [3, 5, 3], "uv": [115, 41], "mirror": true},
					{"origin": [-6.5, 14.5, -1.5], "size": [3, 3, 3], "uv": [82, 51], "inflate": 0.2, "mirror": true}
				]
			},
			{
				"name": "left_leg",
				"pivot": [1.75, 12, 0],
				"cubes": [
					{"origin": [0.25, 7, -1.5], "size": [3, 5, 3], "uv": [108, 81], "inflate": -0.01}
				]
			},
			{
				"name": "left_leg_down",
				"parent": "left_leg",
				"pivot": [1.75, 7, -1.5],
				"cubes": [
					{"origin": [0.25, 1.01, -1.5], "size": [3, 6, 3], "uv": [99, 64], "inflate": -0.01}
				]
			},
			{
				"name": "left_foot",
				"parent": "left_leg_down",
				"pivot": [1.75, 7, -1.5],
				"cubes": [
					{"origin": [0.75, 0, -4.36603], "size": [2, 2, 1], "uv": [105, 60], "inflate": 0.001},
					{"origin": [-0.25, 0.5, -3.95], "size": [4, 2, 6], "uv": [63, 61], "inflate": -0.46},
					{"origin": [0.25, 0, 0.5], "size": [3, 1, 1], "uv": [103, 57]},
					{"origin": [0.25, 0, -3.5], "size": [3, 1, 3], "uv": [86, 60], "inflate": 0.01},
					{"origin": [0.25, 1, -3.5], "size": [3, 1, 5], "uv": [112, 75], "inflate": 0.01},
					{"origin": [0.29, 0.5, -4.88531], "size": [2.92, 2, 1], "uv": [73, 70], "inflate": -0.46},
					{"origin": [0.75, 0.26, -4.5], "size": [2, 2, 1], "uv": [112, 60], "inflate": -0.25}
				]
			},
			{
				"name": "shoes2",
				"parent": "left_foot",
				"pivot": [3.25, 0, -3.5],
				"rotation": [0, 30, 0],
				"cubes": [
					{"origin": [2.25, 0, -4.5], "size": [1, 2, 1], "uv": [99, 60], "mirror": true},
					{"origin": [2.73964, 0.5, -5.01134], "size": [1, 2, 2], "uv": [63, 69], "inflate": -0.46, "mirror": true},
					{"origin": [2.27548, 0.31, -4.82452], "size": [1, 2, 1.5], "uv": [118, 60], "inflate": -0.3, "mirror": true}
				]
			},
			{
				"name": "shoes3",
				"parent": "left_foot",
				"pivot": [0.25, 0, -3.5],
				"rotation": [0, -30, 0],
				"cubes": [
					{"origin": [0.25, 0, -4.5], "size": [1, 2, 1], "uv": [99, 60]},
					{"origin": [-0.23964, 0.5, -5.01134], "size": [1, 2, 2], "uv": [60, 69], "inflate": -0.46, "mirror": true},
					{"origin": [0.22452, 0.31, -4.82452], "size": [1, 2, 1.5], "uv": [118, 60], "inflate": -0.3, "mirror": true}
				]
			},
			{
				"name": "shoes4",
				"parent": "left_foot",
				"pivot": [1.75, 2, -3.5],
				"rotation": [27.5, 0, 0],
				"cubes": [
					{"origin": [0.25, 1, -3.5], "size": [3, 1, 4], "uv": [85, 74], "inflate": 0.015},
					{"origin": [0.775, 0.27, -2.5], "size": [2, 2, 1], "uv": [117, 67], "inflate": -0.25},
					{"origin": [2.275, 1.27, -3], "size": [1, 1, 1.5], "uv": [112, 67], "inflate": -0.25},
					{"origin": [0.275, 1.27, -3], "size": [1, 1, 1.5], "uv": [112, 67], "inflate": -0.25}
				]
			},
			{
				"name": "bone101",
				"parent": "left_foot",
				"pivot": [4.5, 2, -1],
				"rotation": [10, 7.5, 0]
			},
			{
				"name": "bone102",
				"parent": "bone101",
				"pivot": [1.25, 7, -1.5],
				"cubes": [
					{"origin": [3.3, 1.5, -1.5], "size": [1, 1, 2], "uv": [63, 52], "inflate": 0.1},
					{"origin": [3.3, 1.5, 0.61], "size": [1, 1, 2], "uv": [63, 55]},
					{"origin": [3.3, 1.5, -2], "size": [1, 1, 1], "uv": [64, 50], "inflate": -0.2},
					{"origin": [2.8, 1, -0.88], "size": [2, 2, 1.3], "uv": [64, 62], "inflate": -0.39}
				]
			},
			{
				"name": "bone103",
				"parent": "left_foot",
				"pivot": [-0.5, 2, -1],
				"rotation": [10, -7.5, 0]
			},
			{
				"name": "bone104",
				"parent": "bone103",
				"pivot": [2.75, 7, -1.5],
				"cubes": [
					{"origin": [-0.9, 1.5, -1.5], "size": [1, 1, 2], "uv": [63, 52], "inflate": 0.1, "mirror": true},
					{"origin": [-0.9, 1.5, 0.61], "size": [1, 1, 2], "uv": [63, 55], "mirror": true},
					{"origin": [-0.9, 1.5, -2], "size": [1, 1, 1], "uv": [64, 50], "inflate": -0.2, "mirror": true},
					{"origin": [-1.4, 1, -0.88], "size": [2, 2, 1.3], "uv": [64, 62], "inflate": -0.39, "mirror": true}
				]
			},
			{
				"name": "bone105",
				"parent": "left_leg_down",
				"pivot": [3.75, -2, -1.5]
			},
			{
				"name": "bone106",
				"parent": "bone105",
				"pivot": [2, 5, 0]
			},
			{
				"name": "bone107",
				"parent": "bone106",
				"pivot": [2, 5, 2.43969],
				"rotation": [-21.34422, 0, 0],
				"cubes": [
					{"origin": [0.25, 1.33944, 2.4318], "size": [3, 4, 0.005], "uv": [69, 34], "mirror": true},
					{"origin": [0, 4.58944, 1.689], "size": [3.5, 1, 1.001], "uv": [70, 56], "inflate": -0.25, "mirror": true}
				]
			},
			{
				"name": "bone108",
				"parent": "bone107",
				"pivot": [3.5, 5.34202, 2.43969],
				"rotation": [0, 0, 20],
				"cubes": [
					{"origin": [3.26596, 1.25409, 2.43189], "size": [1, 4, 0.005], "uv": [66, 34], "mirror": true},
					{"origin": [3.01596, 4.50409, 1.69], "size": [1.5, 1, 1.001], "uv": [69, 49], "inflate": -0.25, "mirror": true}
				]
			},
			{
				"name": "bone109",
				"parent": "bone107",
				"pivot": [0.5, 5.34202, 2.43969],
				"rotation": [0, 0, -20],
				"cubes": [
					{"origin": [-0.73581, 1.4251, 2.43189], "size": [1, 4, 0.005], "uv": [66, 34], "mirror": true},
					{"origin": [-0.98637, 4.67753, 1.68889], "size": [1.5, 1, 1.001], "uv": [69, 49], "inflate": -0.25, "mirror": true}
				]
			},
			{
				"name": "bone110",
				"parent": "bone105",
				"pivot": [2, 5, 0],
				"rotation": [0, 90, 0]
			},
			{
				"name": "bone111",
				"parent": "bone110",
				"pivot": [2, 5, 2.43969],
				"rotation": [-21.34422, 0, 0],
				"cubes": [
					{"origin": [0.50466, 1.24933, 2.2024], "size": [3, 4, 0.005], "uv": [69, 34], "mirror": true},
					{"origin": [0.25, 4.50103, 1.4565], "size": [3.5, 1, 1.0015], "uv": [70, 56], "inflate": -0.25, "mirror": true}
				]
			},
			{
				"name": "bone112",
				"parent": "bone111",
				"pivot": [3.5, 5.34202, 2.43969],
				"rotation": [0, 0, 20],
				"cubes": [
					{"origin": [3.53608, 1.25652, 2.2025], "size": [1, 4, 0.005], "uv": [66, 34], "mirror": true},
					{"origin": [3.28233, 4.50652, 1.45734], "size": [1.51, 1, 1.001], "uv": [69, 49], "inflate": -0.25, "mirror": true}
				]
			},
			{
				"name": "bone113",
				"parent": "bone111",
				"pivot": [0.5, 5.34202, 2.43969],
				"rotation": [0, 0, -20],
				"cubes": [
					{"origin": [-0.52823, 1.25409, 2.20234], "size": [1, 4, 0.005], "uv": [66, 34], "mirror": true},
					{"origin": [-0.7823, 4.50409, 1.45689], "size": [1.5, 1, 1.001], "uv": [69, 49], "inflate": -0.25, "mirror": true}
				]
			},
			{
				"name": "bone114",
				"parent": "bone105",
				"pivot": [2, 5, 0],
				"rotation": [0, 180, 0]
			},
			{
				"name": "bone115",
				"parent": "bone114",
				"pivot": [2, 5, 2.43969],
				"rotation": [-21.34422, 0, 0],
				"cubes": [
					{"origin": [0.75, 1.34202, 2.435], "size": [3, 4, 0.005], "uv": [69, 30], "mirror": true},
					{"origin": [0.5, 4.59202, 1.699], "size": [3.5, 1, 1.001], "uv": [69, 47], "inflate": -0.25, "mirror": true}
				]
			},
			{
				"name": "bone116",
				"parent": "bone115",
				"pivot": [2, 5, 2.43969],
				"rotation": [0, 0, -12.5],
				"cubes": [
					{"origin": [1.07995, 2.63802, 1.7], "size": [1, 3, 1.001], "uv": [73, 50], "inflate": -0.25, "mirror": true}
				]
			},
			{
				"name": "bone117",
				"parent": "bone115",
				"pivot": [3, 5, 2.43969],
				"rotation": [0, 0, 12.5],
				"cubes": [
					{"origin": [2.4319, 2.5298, 1.7], "size": [1, 3, 1.001], "uv": [73, 50], "inflate": -0.25, "mirror": true}
				]
			},
			{
				"name": "bone118",
				"parent": "bone115",
				"pivot": [3.5, 5.34202, 2.43969],
				"rotation": [0, 0, 20],
				"cubes": [
					{"origin": [3.73492, 1.42753, 2.4397], "size": [1, 4, 0.005], "uv": [66, 34], "mirror": true},
					{"origin": [3.48492, 4.67753, 1.7], "size": [1.5, 1, 1.001], "uv": [69, 49], "inflate": -0.25, "mirror": true}
				]
			},
			{
				"name": "bone119",
				"parent": "bone115",
				"pivot": [0.5, 5.34202, 2.43969],
				"rotation": [0, 0, -20],
				"cubes": [
					{"origin": [-0.26508, 1.25652, 2.43969], "size": [1, 4, 0.005], "uv": [66, 34], "mirror": true},
					{"origin": [-0.51508, 4.50652, 1.7], "size": [1.5, 1, 1.001], "uv": [69, 49], "inflate": -0.25, "mirror": true}
				]
			},
			{
				"name": "bone120",
				"parent": "bone105",
				"pivot": [2, 5, 0],
				"rotation": [0, 270, 0]
			},
			{
				"name": "bone121",
				"parent": "bone120",
				"pivot": [2, 5, 2.43969],
				"rotation": [-21.34422, 0, 0],
				"cubes": [
					{"origin": [0.49645, 1.43172, 2.667], "size": [3, 4, 0.005], "uv": [69, 34], "mirror": true},
					{"origin": [0.25, 4.68301, 1.9225], "size": [3.5, 1, 1.001], "uv": [70, 56], "inflate": -0.25, "mirror": true}
				]
			},
			{
				"name": "bone122",
				"parent": "bone121",
				"pivot": [3.5, 5.34202, 2.43969],
				"rotation": [0, 0, 20],
				"cubes": [
					{"origin": [3.46599, 1.4251, 2.66805], "size": [1, 4, 0.005], "uv": [66, 34], "mirror": true},
					{"origin": [3.21888, 4.67753, 1.923], "size": [1.5, 1, 1.001], "uv": [69, 49], "inflate": -0.25, "mirror": true}
				]
			},
			{
				"name": "bone123",
				"parent": "bone121",
				"pivot": [0.5, 5.34202, 2.43969],
				"rotation": [0, 0, -20],
				"cubes": [
					{"origin": [-0.47384, 1.42753, 2.66821], "size": [1, 4, 0.005], "uv": [66, 34], "mirror": true},
					{"origin": [-0.73009, 4.67753, 1.92304], "size": [1.51, 1, 1.001], "uv": [69, 49], "inflate": -0.25, "mirror": true}
				]
			},
			{
				"name": "right_leg",
				"pivot": [-1.75, 12, 0],
				"cubes": [
					{"origin": [-3.25, 7, -1.5], "size": [3, 5, 3], "uv": [108, 81], "inflate": -0.01, "mirror": true}
				]
			},
			{
				"name": "right_leg_down",
				"parent": "right_leg",
				"pivot": [-1.75, 7, -1.5],
				"cubes": [
					{"origin": [-3.25, 1.01, -1.5], "size": [3, 6, 3], "uv": [99, 64], "inflate": -0.01, "mirror": true}
				]
			},
			{
				"name": "right_foot",
				"parent": "right_leg_down",
				"pivot": [-1.75, 7, -1.5],
				"cubes": [
					{"origin": [-2.75, 0, -4.36603], "size": [2, 2, 1], "uv": [105, 60], "inflate": 0.001, "mirror": true},
					{"origin": [-3.75, 0.5, -3.95], "size": [4, 2, 6], "uv": [63, 61], "inflate": -0.46, "mirror": true},
					{"origin": [-3.25, 0, 0.5], "size": [3, 1, 1], "uv": [103, 57], "mirror": true},
					{"origin": [-3.25, 0, -3.5], "size": [3, 1, 3], "uv": [86, 60], "inflate": 0.01, "mirror": true},
					{"origin": [-3.25, 1, -3.5], "size": [3, 1, 5], "uv": [112, 75], "inflate": 0.01, "mirror": true},
					{"origin": [-3.21, 0.5, -4.88531], "size": [2.92, 2, 1], "uv": [73, 70], "inflate": -0.46, "mirror": true},
					{"origin": [-2.75, 0.26, -4.5], "size": [2, 2, 1], "uv": [112, 60], "inflate": -0.25, "mirror": true}
				]
			},
			{
				"name": "shoes7",
				"parent": "right_foot",
				"pivot": [-3.25, 0, -3.5],
				"rotation": [0, -30, 0],
				"cubes": [
					{"origin": [-3.25, 0, -4.5], "size": [1, 2, 1], "uv": [99, 60]},
					{"origin": [-3.73964, 0.5, -5.01134], "size": [1, 2, 2], "uv": [63, 69], "inflate": -0.46},
					{"origin": [-3.27548, 0.31, -4.82452], "size": [1, 2, 1.5], "uv": [118, 60], "inflate": -0.3}
				]
			},
			{
				"name": "shoes8",
				"parent": "right_foot",
				"pivot": [-0.25, 0, -3.5],
				"rotation": [0, 30, 0],
				"cubes": [
					{"origin": [-1.25, 0, -4.5], "size": [1, 2, 1], "uv": [99, 60], "mirror": true},
					{"origin": [-0.76036, 0.5, -5.01134], "size": [1, 2, 2], "uv": [60, 69], "inflate": -0.46},
					{"origin": [-1.22452, 0.31, -4.82452], "size": [1, 2, 1.5], "uv": [118, 60], "inflate": -0.3}
				]
			},
			{
				"name": "shoes9",
				"parent": "right_foot",
				"pivot": [-1.75, 2, -3.5],
				"rotation": [27.5, 0, 0],
				"cubes": [
					{"origin": [-3.25, 1, -3.5], "size": [3, 1, 4], "uv": [85, 74], "inflate": 0.015, "mirror": true},
					{"origin": [-2.775, 0.27, -2.5], "size": [2, 2, 1], "uv": [117, 67], "inflate": -0.25, "mirror": true},
					{"origin": [-3.275, 1.27, -3], "size": [1, 1, 1.5], "uv": [112, 67], "inflate": -0.25, "mirror": true},
					{"origin": [-1.275, 1.27, -3], "size": [1, 1, 1.5], "uv": [112, 67], "inflate": -0.25, "mirror": true}
				]
			},
			{
				"name": "bone96",
				"parent": "right_foot",
				"pivot": [-4.5, 2, -1],
				"rotation": [10, -7.5, 0]
			},
			{
				"name": "bone97",
				"parent": "bone96",
				"pivot": [-1.25, 7, -1.5],
				"cubes": [
					{"origin": [-4.3, 1.5, -1.5], "size": [1, 1, 2], "uv": [63, 52], "inflate": 0.1, "mirror": true},
					{"origin": [-4.3, 1.5, 0.61], "size": [1, 1, 2], "uv": [63, 55], "mirror": true},
					{"origin": [-4.3, 1.5, -2], "size": [1, 1, 1], "uv": [64, 50], "inflate": -0.2, "mirror": true},
					{"origin": [-4.8, 1, -0.88], "size": [2, 2, 1.3], "uv": [64, 62], "inflate": -0.39, "mirror": true}
				]
			},
			{
				"name": "bone98",
				"parent": "right_foot",
				"pivot": [0.5, 2, -1],
				"rotation": [10, 7.5, 0]
			},
			{
				"name": "bone99",
				"parent": "bone98",
				"pivot": [-2.75, 7, -1.5],
				"cubes": [
					{"origin": [-0.1, 1.5, -1.5], "size": [1, 1, 2], "uv": [63, 52], "inflate": 0.1},
					{"origin": [-0.1, 1.5, 0.61], "size": [1, 1, 2], "uv": [63, 55]},
					{"origin": [-0.1, 1.5, -2], "size": [1, 1, 1], "uv": [64, 50], "inflate": -0.2},
					{"origin": [-0.6, 1, -0.88], "size": [2, 2, 1.3], "uv": [64, 62], "inflate": -0.39}
				]
			},
			{
				"name": "bone77",
				"parent": "right_leg_down",
				"pivot": [-3.75, -2, -1.5]
			},
			{
				"name": "bone78",
				"parent": "bone77",
				"pivot": [-2, 5, 0]
			},
			{
				"name": "bone79",
				"parent": "bone78",
				"pivot": [-2, 5, 2.43969],
				"rotation": [-21.34422, 0, 0],
				"cubes": [
					{"origin": [-3.25, 1.33944, 2.4318], "size": [3, 4, 0.005], "uv": [69, 34]},
					{"origin": [-3.5, 4.58944, 1.689], "size": [3.5, 1, 1.001], "uv": [70, 56], "inflate": -0.25}
				]
			},
			{
				"name": "bone80",
				"parent": "bone79",
				"pivot": [-3.5, 5.34202, 2.43969],
				"rotation": [0, 0, -20],
				"cubes": [
					{"origin": [-4.26596, 1.25409, 2.43189], "size": [1, 4, 0.005], "uv": [66, 34]},
					{"origin": [-4.51596, 4.50409, 1.69], "size": [1.5, 1, 1.001], "uv": [69, 49], "inflate": -0.25}
				]
			},
			{
				"name": "bone81",
				"parent": "bone79",
				"pivot": [-0.5, 5.34202, 2.43969],
				"rotation": [0, 0, 20],
				"cubes": [
					{"origin": [-0.26419, 1.4251, 2.43189], "size": [1, 4, 0.005], "uv": [66, 34]},
					{"origin": [-0.51363, 4.67753, 1.68889], "size": [1.5, 1, 1.001], "uv": [69, 49], "inflate": -0.25}
				]
			},
			{
				"name": "bone82",
				"parent": "bone77",
				"pivot": [-2, 5, 0],
				"rotation": [0, -90, 0]
			},
			{
				"name": "bone83",
				"parent": "bone82",
				"pivot": [-2, 5, 2.43969],
				"rotation": [-21.34422, 0, 0],
				"cubes": [
					{"origin": [-3.50466, 1.24933, 2.2024], "size": [3, 4, 0.005], "uv": [69, 34]},
					{"origin": [-3.75, 4.50103, 1.4565], "size": [3.5, 1, 1.0015], "uv": [70, 56], "inflate": -0.25}
				]
			},
			{
				"name": "bone84",
				"parent": "bone83",
				"pivot": [-3.5, 5.34202, 2.43969],
				"rotation": [0, 0, -20],
				"cubes": [
					{"origin": [-4.53608, 1.25652, 2.2025], "size": [1, 4, 0.005], "uv": [66, 34]},
					{"origin": [-4.79233, 4.50652, 1.45734], "size": [1.51, 1, 1.001], "uv": [69, 49], "inflate": -0.25}
				]
			},
			{
				"name": "bone85",
				"parent": "bone83",
				"pivot": [-0.5, 5.34202, 2.43969],
				"rotation": [0, 0, 20],
				"cubes": [
					{"origin": [-0.47177, 1.25409, 2.20234], "size": [1, 4, 0.005], "uv": [66, 34]},
					{"origin": [-0.7177, 4.50409, 1.45689], "size": [1.5, 1, 1.001], "uv": [69, 49], "inflate": -0.25}
				]
			},
			{
				"name": "bone86",
				"parent": "bone77",
				"pivot": [-2, 5, 0],
				"rotation": [0, -180, 0]
			},
			{
				"name": "bone87",
				"parent": "bone86",
				"pivot": [-2, 5, 2.43969],
				"rotation": [-21.34422, 0, 0],
				"cubes": [
					{"origin": [-3.75, 1.34202, 2.435], "size": [3, 4, 0.005], "uv": [69, 30]},
					{"origin": [-4, 4.59202, 1.699], "size": [3.5, 1, 1.001], "uv": [69, 47], "inflate": -0.25}
				]
			},
			{
				"name": "bone95",
				"parent": "bone87",
				"pivot": [-2, 5, 2.43969],
				"rotation": [0, 0, 12.5],
				"cubes": [
					{"origin": [-2.07995, 2.63802, 1.7], "size": [1, 3, 1.001], "uv": [73, 50], "inflate": -0.25}
				]
			},
			{
				"name": "bone94",
				"parent": "bone87",
				"pivot": [-3, 5, 2.43969],
				"rotation": [0, 0, -12.5],
				"cubes": [
					{"origin": [-3.4319, 2.5298, 1.7], "size": [1, 3, 1.001], "uv": [73, 50], "inflate": -0.25}
				]
			},
			{
				"name": "bone88",
				"parent": "bone87",
				"pivot": [-3.5, 5.34202, 2.43969],
				"rotation": [0, 0, -20],
				"cubes": [
					{"origin": [-4.73492, 1.42753, 2.4397], "size": [1, 4, 0.005], "uv": [66, 34]},
					{"origin": [-4.98492, 4.67753, 1.7], "size": [1.5, 1, 1.001], "uv": [69, 49], "inflate": -0.25}
				]
			},
			{
				"name": "bone89",
				"parent": "bone87",
				"pivot": [-0.5, 5.34202, 2.43969],
				"rotation": [0, 0, 20],
				"cubes": [
					{"origin": [-0.73492, 1.25652, 2.43969], "size": [1, 4, 0.005], "uv": [66, 34]},
					{"origin": [-0.98492, 4.50652, 1.7], "size": [1.5, 1, 1.001], "uv": [69, 49], "inflate": -0.25}
				]
			},
			{
				"name": "bone90",
				"parent": "bone77",
				"pivot": [-2, 5, 0],
				"rotation": [0, -270, 0]
			},
			{
				"name": "bone91",
				"parent": "bone90",
				"pivot": [-2, 5, 2.43969],
				"rotation": [-21.34422, 0, 0],
				"cubes": [
					{"origin": [-3.49645, 1.43172, 2.667], "size": [3, 4, 0.005], "uv": [69, 34]},
					{"origin": [-3.75, 4.68301, 1.9225], "size": [3.5, 1, 1.001], "uv": [70, 56], "inflate": -0.25}
				]
			},
			{
				"name": "bone92",
				"parent": "bone91",
				"pivot": [-3.5, 5.34202, 2.43969],
				"rotation": [0, 0, -20],
				"cubes": [
					{"origin": [-4.46599, 1.4251, 2.66805], "size": [1, 4, 0.005], "uv": [66, 34]},
					{"origin": [-4.71888, 4.67753, 1.923], "size": [1.5, 1, 1.001], "uv": [69, 49], "inflate": -0.25}
				]
			},
			{
				"name": "bone93",
				"parent": "bone91",
				"pivot": [-0.5, 5.34202, 2.43969],
				"rotation": [0, 0, 20],
				"cubes": [
					{"origin": [-0.52616, 1.42753, 2.66821], "size": [1, 4, 0.005], "uv": [66, 34]},
					{"origin": [-0.77991, 4.67753, 1.92304], "size": [1.51, 1, 1.001], "uv": [69, 49], "inflate": -0.25}
				]
			}
		]
	}
}