{
	"format_version": "1.12.0",
	"minecraft:geometry": [
		{
			"description": {
				"identifier": "geometry.model",
				"texture_width": 128,
				"texture_height": 128,
				"visible_bounds_width": 3,
				"visible_bounds_height": 3.5,
				"visible_bounds_offset": [0, 1.25, 0]
			},
			"bones": [
				{
					"name": "goddess",
					"pivot": [0, -4, 0]
				},
				{
					"name": "Head",
					"parent": "goddess",
					"pivot": [0, 23, 0],
					"cubes": [
						{
							"origin": [-4, 23, -4],
							"size": [8, 8, 8],
							"uv": {
								"north": {"uv": [40, 42], "uv_size": [8, 8]},
								"east": {"uv": [32, 42], "uv_size": [8, 8]},
								"south": {"uv": [56, 42], "uv_size": [8, 8]},
								"west": {"uv": [48, 42], "uv_size": [8, 8]},
								"up": {"uv": [40, 34], "uv_size": [8, 8]},
								"down": {"uv": [48, 42], "uv_size": [8, -8]}
							}
						},
						{
							"origin": [-4, 23, -4],
							"size": [8, 8, 8],
							"inflate": 0.5,
							"uv": {
								"north": {"uv": [8, 42], "uv_size": [8, 8]},
								"east": {"uv": [0, 42], "uv_size": [8, 8]},
								"south": {"uv": [24, 42], "uv_size": [0, 0]},
								"west": {"uv": [16, 42], "uv_size": [8, 8]},
								"up": {"uv": [8, 34], "uv_size": [8, 8]},
								"down": {"uv": [24, 37], "uv_size": [0, 0]}
							}
						}
					]
				},
				{
					"name": "right_ear",
					"parent": "Head",
					"pivot": [-3, 28, -1],
					"rotation": [10, 0, -30]
				},
				{
					"name": "ear",
					"parent": "right_ear",
					"pivot": [-2.75, 27, -3],
					"rotation": [0, 0, 7.5]
				},
				{
					"name": "bone",
					"parent": "ear",
					"pivot": [-2.75, 27, -3],
					"cubes": [
						{
							"origin": [-1.76067, 29.06189, -1.39303],
							"size": [1, 3, 1],
							"uv": {
								"north": {"uv": [1, 1], "uv_size": [1, 3]},
								"east": {"uv": [0, 1], "uv_size": [1, 3]},
								"south": {"uv": [3, 1], "uv_size": [1, 3]},
								"west": {"uv": [2, 1], "uv_size": [1, 3]},
								"up": {"uv": [2, 1], "uv_size": [0, 0]},
								"down": {"uv": [3, 0], "uv_size": [0, 0]}
							}
						}
					]
				},
				{
					"name": "ear2",
					"parent": "bone",
					"pivot": [-2.9, 26.85, -2.25],
					"rotation": [13.5773, 1.77024, -7.28925],
					"cubes": [
						{
							"origin": [-2.7537, 29.12662, 0.00715],
							"size": [2, 3, 1],
							"uv": {
								"north": {"uv": [1, 35], "uv_size": [2, 3]},
								"east": {"uv": [0, 35], "uv_size": [1, 3]},
								"south": {"uv": [4, 35], "uv_size": [2, 3]},
								"west": {"uv": [3, 35], "uv_size": [1, 3]},
								"up": {"uv": [3, 35], "uv_size": [0, 0]},
								"down": {"uv": [5, 34], "uv_size": [0, 0]}
							}
						}
					]
				},
				{
					"name": "ear7",
					"parent": "bone",
					"pivot": [-1.75, 30, -3],
					"rotation": [0, 0, -35],
					"cubes": [
						{
							"origin": [-0.75694, 31.12154, -1.39303],
							"size": [1, 3, 1],
							"inflate": 0.001,
							"uv": {
								"north": {"uv": [13, 1], "uv_size": [1, 3]},
								"east": {"uv": [12, 1], "uv_size": [1, 3]},
								"south": {"uv": [15, 1], "uv_size": [1, 3]},
								"west": {"uv": [14, 1], "uv_size": [1, 3]},
								"up": {"uv": [13, 0], "uv_size": [1, 1]},
								"down": {"uv": [15, 0], "uv_size": [0, 0]}
							}
						}
					]
				},
				{
					"name": "ear8",
					"parent": "ear7",
					"pivot": [-2.75, 33, -3],
					"rotation": [0, 0, 45],
					"cubes": [
						{
							"origin": [-2.13374, 32.20236, -1.39303],
							"size": [1, 3, 1],
							"uv": {
								"north": {"uv": [13, 1], "uv_size": [1, 3]},
								"east": {"uv": [12, 1], "uv_size": [1, 3]},
								"south": {"uv": [15, 1], "uv_size": [1, 3]},
								"west": {"uv": [14, 1], "uv_size": [1, 3]},
								"up": {"uv": [12, 1], "uv_size": [2, 0]},
								"down": {"uv": [15, 1], "uv_size": [0, -1]}
							}
						}
					]
				},
				{
					"name": "ear9",
					"parent": "ear8",
					"pivot": [-2.75, 30, -3],
					"rotation": [0, 0, -30],
					"cubes": [
						{
							"origin": [-1.11512, 28.59916, -1.39303],
							"size": [1, 3, 1],
							"inflate": -0.001,
							"uv": {
								"north": {"uv": [1, 1], "uv_size": [1, 3]},
								"east": {"uv": [0, 1], "uv_size": [1, 3]},
								"south": {"uv": [3, 1], "uv_size": [1, 3]},
								"west": {"uv": [2, 1], "uv_size": [1, 3]},
								"up": {"uv": [2, 1], "uv_size": [0, 0]},
								"down": {"uv": [3, 0], "uv_size": [0, 0]}
							}
						}
					]
				},
				{
					"name": "ear3",
					"parent": "bone",
					"pivot": [-3, 27, -1],
					"cubes": [
						{
							"origin": [-3.07022, 28.08507, -0.68689],
							"size": [2, 2, 1],
							"inflate": 0.001,
							"uv": {
								"north": {"uv": [1, 30], "uv_size": [2, 2]},
								"east": {"uv": [0, 30], "uv_size": [1, 2]},
								"south": {"uv": [4, 30], "uv_size": [2, 2]},
								"west": {"uv": [3, 30], "uv_size": [1, 2]},
								"up": {"uv": [1, 29], "uv_size": [2, 1]},
								"down": {"uv": [3, 30], "uv_size": [2, -1]}
							}
						}
					]
				},
				{
					"name": "left_ear",
					"parent": "Head",
					"pivot": [3, 28, -1],
					"rotation": [10, 0, 30]
				},
				{
					"name": "ear4",
					"parent": "left_ear",
					"pivot": [-2.70801, 25.94357, -3.18628],
					"rotation": [0, 0, -10]
				},
				{
					"name": "bone2",
					"parent": "ear4",
					"pivot": [2.79199, 25.94357, -3.18628],
					"cubes": [
						{
							"origin": [0.89354, 28.04665, -1.57931],
							"size": [1, 3, 1],
							"uv": {
								"north": {"uv": [2, 1], "uv_size": [-1, 3]},
								"east": {"uv": [3, 1], "uv_size": [-1, 3]},
								"south": {"uv": [4, 1], "uv_size": [-1, 3]},
								"west": {"uv": [1, 1], "uv_size": [-1, 3]},
								"up": {"uv": [1, 1], "uv_size": [0, 0]},
								"down": {"uv": [2, 0], "uv_size": [0, 0]}
							}
						}
					]
				},
				{
					"name": "ear5",
					"parent": "bone2",
					"pivot": [2.94199, 25.79357, -2.43628],
					"rotation": [13.5773, -1.77024, 7.28925],
					"cubes": [
						{
							"origin": [0.88056, 28.12173, -0.16939],
							"size": [2, 3, 1],
							"uv": {
								"north": {"uv": [3, 35], "uv_size": [-2, 3]},
								"east": {"uv": [4, 35], "uv_size": [-1, 3]},
								"south": {"uv": [6, 35], "uv_size": [-2, 3]},
								"west": {"uv": [1, 35], "uv_size": [-1, 3]},
								"up": {"uv": [5, 35], "uv_size": [-4, 0]},
								"down": {"uv": [7, 34], "uv_size": [-4, 0]}
							}
						}
					]
				},
				{
					"name": "ear6",
					"parent": "bone2",
					"pivot": [1.79199, 28.94357, -3.18628],
					"rotation": [0, 0, 35],
					"cubes": [
						{
							"origin": [-0.15026, 30.15098, -1.57931],
							"size": [1, 3, 1],
							"inflate": 0.001,
							"uv": {
								"north": {"uv": [14, 1], "uv_size": [-1, 3]},
								"east": {"uv": [15, 1], "uv_size": [-1, 3]},
								"south": {"uv": [16, 1], "uv_size": [-1, 3]},
								"west": {"uv": [13, 1], "uv_size": [-1, 3]},
								"up": {"uv": [14, 0], "uv_size": [-1, 1]},
								"down": {"uv": [16, 0], "uv_size": [-2, 0]}
							}
						}
					]
				},
				{
					"name": "ear10",
					"parent": "ear6",
					"pivot": [2.79199, 31.94357, -3.18628],
					"rotation": [0, 0, -45],
					"cubes": [
						{
							"origin": [1.27238, 31.17071, -1.57931],
							"size": [1, 3, 1],
							"uv": {
								"north": {"uv": [14, 1], "uv_size": [-1, 3]},
								"east": {"uv": [15, 1], "uv_size": [-1, 3]},
								"south": {"uv": [16, 1], "uv_size": [-1, 3]},
								"west": {"uv": [13, 1], "uv_size": [-1, 3]},
								"up": {"uv": [13, 1], "uv_size": [0, 0]},
								"down": {"uv": [15, 1], "uv_size": [-1, -1]}
							}
						}
					]
				},
				{
					"name": "ear11",
					"parent": "ear10",
					"pivot": [2.79199, 28.94357, -3.18628],
					"rotation": [0, 0, 30],
					"cubes": [
						{
							"origin": [0.22842, 27.61253, -1.57931],
							"size": [1, 3, 1],
							"inflate": -0.001,
							"uv": {
								"north": {"uv": [2, 1], "uv_size": [-1, 3]},
								"east": {"uv": [3, 1], "uv_size": [-1, 3]},
								"south": {"uv": [4, 1], "uv_size": [-1, 3]},
								"west": {"uv": [1, 1], "uv_size": [-1, 3]},
								"up": {"uv": [1, 1], "uv_size": [0, 0]},
								"down": {"uv": [2, 0], "uv_size": [0, 0]}
							}
						}
					]
				},
				{
					"name": "ear12",
					"parent": "bone2",
					"pivot": [3.04199, 25.94357, -1.18628],
					"cubes": [
						{
							"origin": [1.20309, 27.06984, -0.87316],
							"size": [2, 2, 1],
							"inflate": 0.001,
							"uv": {
								"north": {"uv": [3, 30], "uv_size": [-2, 2]},
								"east": {"uv": [4, 30], "uv_size": [-1, 2]},
								"south": {"uv": [6, 30], "uv_size": [-2, 2]},
								"west": {"uv": [1, 30], "uv_size": [-1, 2]},
								"up": {"uv": [3, 29], "uv_size": [-2, 1]},
								"down": {"uv": [5, 30], "uv_size": [-2, -1]}
							}
						}
					]
				},
				{
					"name": "Body",
					"parent": "goddess",
					"pivot": [0, 20, 0],
					"cubes": [
						{
							"origin": [-4, 11, -2],
							"size": [8, 12, 4],
							"uv": {
								"north": {"uv": [4, 54], "uv_size": [8, 12]},
								"east": {"uv": [0, 54], "uv_size": [4, 12]},
								"south": {"uv": [16, 54], "uv_size": [8, 12]},
								"west": {"uv": [12, 54], "uv_size": [4, 12]},
								"up": {"uv": [4, 50], "uv_size": [8, 4]},
								"down": {"uv": [12, 54], "uv_size": [8, -4]}
							}
						},
						{
							"origin": [-4, 11, -2],
							"size": [8, 12, 4],
							"inflate": 0.25,
							"uv": {
								"north": {"uv": [52, 4], "uv_size": [8, 12]},
								"east": {"uv": [48, 4], "uv_size": [4, 12]},
								"south": {"uv": [64, 4], "uv_size": [8, 12]},
								"west": {"uv": [60, 4], "uv_size": [4, 12]},
								"up": {"uv": [60, 4], "uv_size": [0, 0]},
								"down": {"uv": [68, 0], "uv_size": [0, 0]}
							}
						}
					]
				},
				{
					"name": "RightArm",
					"parent": "goddess",
					"pivot": [-5, 22, 0],
					"rotation": [0, 0, 5],
					"cubes": [
						{
							"origin": [-7, 17, -2],
							"size": [3, 6, 4],
							"uv": {
								"north": {"uv": [71, 38], "uv_size": [-3, 6]},
								"east": {"uv": [75, 38], "uv_size": [-4, 6]},
								"south": {"uv": [78, 38], "uv_size": [-3, 6]},
								"west": {"uv": [68, 38], "uv_size": [-4, 6]},
								"up": {"uv": [71, 34], "uv_size": [-3, 4]},
								"down": {"uv": [71, 34], "uv_size": [0, 0]}
							}
						},
						{
							"origin": [-7, 23, -2],
							"size": [3, 0, 4],
							"uv": {
								"north": {"uv": [55, 22], "uv_size": [0, 0]},
								"east": {"uv": [59, 22], "uv_size": [0, 0]},
								"south": {"uv": [62, 22], "uv_size": [0, 0]},
								"west": {"uv": [52, 22], "uv_size": [-4, 0]},
								"up": {"uv": [55, 18], "uv_size": [-3, 4]},
								"down": {"uv": [56, 20], "uv_size": [0, 0]}
							}
						}
					]
				},
				{
					"name": "bone4",
					"parent": "RightArm",
					"pivot": [-6, 17, 2],
					"cubes": [
						{
							"origin": [-7, 11, -2],
							"size": [3, 6, 4],
							"uv": {
								"north": {"uv": [63, 63], "uv_size": [-3, 6]},
								"east": {"uv": [67, 63], "uv_size": [-4, 6]},
								"south": {"uv": [70, 63], "uv_size": [-3, 6]},
								"west": {"uv": [60, 63], "uv_size": [-4, 6]},
								"up": {"uv": [60, 63], "uv_size": [0, 0]},
								"down": {"uv": [66, 63], "uv_size": [-3, -4]}
							}
						}
					]
				},
				{
					"name": "LeftArm",
					"parent": "goddess",
					"pivot": [5, 22, 0],
					"rotation": [0, 0, -5],
					"cubes": [
						{
							"origin": [4, 17, -2],
							"size": [3, 6, 4],
							"uv": {
								"north": {"uv": [68, 38], "uv_size": [3, 6]},
								"east": {"uv": [64, 38], "uv_size": [4, 6]},
								"south": {"uv": [75, 38], "uv_size": [3, 6]},
								"west": {"uv": [71, 38], "uv_size": [4, 6]},
								"up": {"uv": [71, 34], "uv_size": [0, 4]},
								"down": {"uv": [71, 38], "uv_size": [3, -4]}
							}
						},
						{
							"origin": [4, 23, -2],
							"size": [3, 0, 4],
							"uv": {
								"north": {"uv": [52, 22], "uv_size": [0, 0]},
								"east": {"uv": [48, 22], "uv_size": [0, 0]},
								"south": {"uv": [59, 22], "uv_size": [0, 0]},
								"west": {"uv": [55, 22], "uv_size": [0, 0]},
								"up": {"uv": [52, 18], "uv_size": [3, 4]},
								"down": {"uv": [58, 19], "uv_size": [0, 0]}
							}
						}
					]
				},
				{
					"name": "bone3",
					"parent": "LeftArm",
					"pivot": [6, 17, 2],
					"cubes": [
						{
							"origin": [4, 11, -2],
							"size": [3, 6, 4],
							"uv": {
								"north": {"uv": [60, 63], "uv_size": [3, 6]},
								"east": {"uv": [56, 63], "uv_size": [4, 6]},
								"south": {"uv": [67, 63], "uv_size": [3, 6]},
								"west": {"uv": [63, 63], "uv_size": [4, 6]},
								"up": {"uv": [63, 63], "uv_size": [0, 0]},
								"down": {"uv": [63, 63], "uv_size": [3, -4]}
							}
						}
					]
				},
				{
					"name": "RightLeg",
					"parent": "goddess",
					"pivot": [-1.9, 12, -0.15],
					"cubes": [
						{
							"origin": [-4, 0, -1.9],
							"size": [4, 12, 4],
							"uv": {
								"north": {"uv": [60, 22], "uv_size": [4, 12]},
								"east": {"uv": [56, 22], "uv_size": [4, 12]},
								"south": {"uv": [68, 22], "uv_size": [4, 12]},
								"west": {"uv": [64, 22], "uv_size": [4, 12]},
								"up": {"uv": [60, 18], "uv_size": [4, 4]},
								"down": {"uv": [64, 22], "uv_size": [4, -4]}
							}
						},
						{
							"origin": [-4, 0, -1.9],
							"size": [4, 12, 4],
							"inflate": 0.25,
							"uv": {
								"north": {"uv": [44, 54], "uv_size": [4, 12]},
								"east": {"uv": [40, 54], "uv_size": [4, 12]},
								"south": {"uv": [52, 54], "uv_size": [4, 12]},
								"west": {"uv": [48, 54], "uv_size": [4, 12]},
								"up": {"uv": [44, 52], "uv_size": [0, 0]},
								"down": {"uv": [48, 54], "uv_size": [4, -4]}
							}
						}
					]
				},
				{
					"name": "LeftLeg",
					"parent": "goddess",
					"pivot": [1.9, 12, 0],
					"cubes": [
						{
							"origin": [0, 0, -2],
							"size": [4, 12, 4],
							"uv": {
								"north": {"uv": [28, 54], "uv_size": [4, 12]},
								"east": {"uv": [24, 54], "uv_size": [4, 12]},
								"south": {"uv": [36, 54], "uv_size": [4, 12]},
								"west": {"uv": [32, 54], "uv_size": [4, 12]},
								"up": {"uv": [28, 50], "uv_size": [4, 4]},
								"down": {"uv": [32, 54], "uv_size": [4, -4]}
							}
						},
						{
							"origin": [0, 0, -2],
							"size": [4, 12, 4],
							"inflate": 0.25,
							"uv": {
								"north": {"uv": [4, 4], "uv_size": [4, 12]},
								"east": {"uv": [0, 4], "uv_size": [4, 12]},
								"south": {"uv": [12, 4], "uv_size": [4, 12]},
								"west": {"uv": [8, 4], "uv_size": [4, 12]},
								"up": {"uv": [8, 5], "uv_size": [0, 0]},
								"down": {"uv": [8, 4], "uv_size": [4, -4]}
							}
						}
					]
				},
				{
					"name": "tail",
					"parent": "goddess",
					"pivot": [0, 14, 2]
				},
				{
					"name": "tail3",
					"parent": "tail",
					"pivot": [0, 15.20403, -0.3321],
					"rotation": [25, 0, 0],
					"cubes": [
						{
							"origin": [-1.5, 7.66149, -0.61137],
							"size": [3, 7, 4],
							"inflate": -0.5,
							"uv": {
								"north": {"uv": [46, 22], "uv_size": [3, 7]},
								"east": {"uv": [42, 22], "uv_size": [4, 7]},
								"south": {"uv": [53, 22], "uv_size": [3, 7]},
								"west": {"uv": [49, 22], "uv_size": [4, 7]},
								"up": {"uv": [46, 18], "uv_size": [3, 4]},
								"down": {"uv": [58, 20], "uv_size": [0, 0]}
							}
						}
					]
				},
				{
					"name": "tail_down",
					"parent": "tail",
					"pivot": [0, 7.20403, 5.6679],
					"rotation": [9.66, 0, 0],
					"cubes": [
						{
							"origin": [-1.51, 3.6478, 2.55444],
							"size": [3, 7, 4],
							"inflate": -0.49,
							"uv": {
								"north": {"uv": [4, 22], "uv_size": [3, 7]},
								"east": {"uv": [0, 22], "uv_size": [4, 7]},
								"south": {"uv": [11, 22], "uv_size": [3, 7]},
								"west": {"uv": [7, 22], "uv_size": [4, 7]},
								"up": {"uv": [10, 20], "uv_size": [0, 0]},
								"down": {"uv": [12, 20], "uv_size": [0, 0]}
							}
						},
						{
							"origin": [-1.01, 3.38325, 3.59007],
							"size": [2, 7, 2],
							"inflate": -0.5,
							"uv": {
								"north": {"uv": [2, 68], "uv_size": [2, 7]},
								"east": {"uv": [0, 68], "uv_size": [2, 7]},
								"south": {"uv": [6, 68], "uv_size": [2, 7]},
								"west": {"uv": [4, 68], "uv_size": [2, 7]},
								"up": {"uv": [10, 68], "uv_size": [0, 0]},
								"down": {"uv": [12, 68], "uv_size": [0, 0]}
							}
						}
					]
				}
			]
		}
	]
}