{
	"format_version": "1.12.0",
	"minecraft:geometry": [
		{
			"description": {
				"identifier": "geometry.model",
				"texture_width": 128,
				"texture_height": 128,
				"visible_bounds_width": 2,
				"visible_bounds_height": 3.5,
				"visible_bounds_offset": [0, 1.25, 0]
			},
			"bones": [
				{
					"name": "hat",
					"pivot": [0, 24, 0]
				},
				{
					"name": "head",
					"pivot": [0, 24, 0],
					"cubes": [
						{
							"origin": [-4, 24, -4],
							"size": [8, 8, 8],
							"uv": {
								"north": {"uv": [8, 24], "uv_size": [8, 8]},
								"east": {"uv": [0, 24], "uv_size": [8, 8]},
								"south": {"uv": [24, 24], "uv_size": [8, 8]},
								"west": {"uv": [16, 24], "uv_size": [8, 8]},
								"up": {"uv": [8, 16], "uv_size": [8, 8]},
								"down": {"uv": [16, 24], "uv_size": [8, -8]}
							}
						},
						{
							"origin": [-4, 24, -4],
							"size": [8, 8, 8],
							"inflate": 0.25,
							"uv": {
								"north": {"uv": [8, 8], "uv_size": [8, 8]},
								"east": {"uv": [0, 8], "uv_size": [8, 8]},
								"south": {"uv": [24, 8], "uv_size": [8, 8]},
								"west": {"uv": [16, 8], "uv_size": [8, 8]},
								"up": {"uv": [8, 0], "uv_size": [8, 8]},
								"down": {"uv": [16, 8], "uv_size": [8, -8]}
							}
						}
					]
				},
				{
					"name": "left_ear",
					"parent": "head",
					"pivot": [2, 30, -1]
				},
				{
					"name": "ear4",
					"parent": "left_ear",
					"pivot": [3, 32, -1],
					"rotation": [10, 0, 20],
					"cubes": [
						{
							"origin": [1.49815, 30.80208, -1.95527],
							"size": [1, 3, 1],
							"uv": {
								"north": {"uv": [26, 20], "uv_size": [-1, 3]},
								"east": {"uv": [27, 20], "uv_size": [-1, 3]},
								"south": {"uv": [28, 20], "uv_size": [-1, 3]},
								"west": {"uv": [25, 20], "uv_size": [-1, 3]},
								"up": {"uv": [0, 0], "uv_size": [0, 0]},
								"down": {"uv": [0, 0], "uv_size": [0, 0]}
							}
						}
					]
				},
				{
					"name": "ear5",
					"parent": "ear4",
					"pivot": [2.68584, 30.86585, -2.43628],
					"rotation": [13.5773, -1.77024, 7.28925],
					"cubes": [
						{
							"origin": [1.76002, 31.16281, -1.08299],
							"size": [2, 3, 1],
							"uv": {
								"north": {"uv": [3, 3], "uv_size": [-2, 3]},
								"east": {"uv": [4, 3], "uv_size": [-1, 3]},
								"south": {"uv": [6, 3], "uv_size": [-2, 3]},
								"west": {"uv": [1, 3], "uv_size": [-1, 3]},
								"up": {"uv": [3, 2], "uv_size": [-2, 1]},
								"down": {"uv": [0, 0], "uv_size": [0, 0]}
							}
						}
					]
				},
				{
					"name": "ear6",
					"parent": "ear4",
					"pivot": [1.53584, 34.01585, -3.18628],
					"rotation": [0, 0, 35],
					"cubes": [
						{
							"origin": [1.62758, 33.81912, -1.95527],
							"size": [1, 3, 1],
							"inflate": 0.001,
							"uv": {
								"north": {"uv": [30, 21], "uv_size": [-1, 3]},
								"east": {"uv": [31, 21], "uv_size": [-1, 3]},
								"south": {"uv": [32, 21], "uv_size": [-1, 3]},
								"west": {"uv": [29, 21], "uv_size": [-1, 3]},
								"up": {"uv": [30, 20], "uv_size": [-1, 1]},
								"down": {"uv": [31, 21], "uv_size": [-1, -1]}
							}
						}
					]
				},
				{
					"name": "ear10",
					"parent": "ear6",
					"pivot": [2.53584, 37.01585, -3.18628],
					"rotation": [0, 0, -45],
					"cubes": [
						{
							"origin": [1.46161, 33.81188, -1.95527],
							"size": [1, 3, 1],
							"uv": {
								"north": {"uv": [30, 21], "uv_size": [-1, 3]},
								"east": {"uv": [31, 21], "uv_size": [-1, 3]},
								"south": {"uv": [32, 21], "uv_size": [-1, 3]},
								"west": {"uv": [29, 21], "uv_size": [-1, 3]},
								"up": {"uv": [30, 20], "uv_size": [-1, 1]},
								"down": {"uv": [31, 21], "uv_size": [-1, -1]}
							}
						}
					]
				},
				{
					"name": "ear11",
					"parent": "ear10",
					"pivot": [2.53584, 34.01585, -3.18628],
					"rotation": [0, 0, 30],
					"cubes": [
						{
							"origin": [1.57354, 30.80208, -1.95527],
							"size": [1, 3, 1],
							"inflate": -0.001,
							"uv": {
								"north": {"uv": [26, 20], "uv_size": [-1, 3]},
								"east": {"uv": [27, 20], "uv_size": [-1, 3]},
								"south": {"uv": [28, 20], "uv_size": [-1, 3]},
								"west": {"uv": [25, 20], "uv_size": [-1, 3]},
								"up": {"uv": [0, 0], "uv_size": [0, 0]},
								"down": {"uv": [0, 0], "uv_size": [0, 0]}
							}
						}
					]
				},
				{
					"name": "ear12",
					"parent": "ear4",
					"pivot": [2.78584, 31.01585, -1.18628],
					"cubes": [
						{
							"origin": [1.8077, 29.82527, -1.24912],
							"size": [2, 2, 1],
							"inflate": 0.001,
							"uv": {
								"north": {"uv": [3, 20], "uv_size": [-2, 2]},
								"east": {"uv": [4, 20], "uv_size": [-1, 2]},
								"south": {"uv": [6, 20], "uv_size": [-2, 2]},
								"west": {"uv": [1, 20], "uv_size": [-1, 2]},
								"up": {"uv": [3, 19], "uv_size": [-2, 1]},
								"down": {"uv": [5, 20], "uv_size": [-2, -1]}
							}
						}
					]
				},
				{
					"name": "right_ear",
					"parent": "head",
					"pivot": [-2, 30, -1]
				},
				{
					"name": "ear2",
					"parent": "right_ear",
					"pivot": [-3, 32, -1],
					"rotation": [10, 0, -20],
					"cubes": [
						{
							"origin": [-2.49815, 30.80208, -1.95527],
							"size": [1, 3, 1],
							"uv": {
								"north": {"uv": [25, 20], "uv_size": [1, 3]},
								"east": {"uv": [24, 20], "uv_size": [1, 3]},
								"south": {"uv": [27, 20], "uv_size": [1, 3]},
								"west": {"uv": [26, 20], "uv_size": [1, 3]},
								"up": {"uv": [0, 0], "uv_size": [0, 0]},
								"down": {"uv": [0, 0], "uv_size": [0, 0]}
							}
						}
					]
				},
				{
					"name": "ear3",
					"parent": "ear2",
					"pivot": [-2.68584, 30.86585, -2.43628],
					"rotation": [13.5773, 1.77024, -7.28925],
					"cubes": [
						{
							"origin": [-3.76002, 31.16281, -1.08299],
							"size": [2, 3, 1],
							"uv": {
								"north": {"uv": [1, 3], "uv_size": [2, 3]},
								"east": {"uv": [0, 3], "uv_size": [1, 3]},
								"south": {"uv": [4, 3], "uv_size": [2, 3]},
								"west": {"uv": [3, 3], "uv_size": [1, 3]},
								"up": {"uv": [1, 2], "uv_size": [2, 1]},
								"down": {"uv": [0, 0], "uv_size": [0, 0]}
							}
						}
					]
				},
				{
					"name": "ear7",
					"parent": "ear2",
					"pivot": [-1.53584, 34.01585, -3.18628],
					"rotation": [0, 0, -35],
					"cubes": [
						{
							"origin": [-2.62758, 33.81912, -1.95527],
							"size": [1, 3, 1],
							"inflate": 0.001,
							"uv": {
								"north": {"uv": [29, 21], "uv_size": [1, 3]},
								"east": {"uv": [28, 21], "uv_size": [1, 3]},
								"south": {"uv": [31, 21], "uv_size": [1, 3]},
								"west": {"uv": [30, 21], "uv_size": [1, 3]},
								"up": {"uv": [29, 20], "uv_size": [1, 1]},
								"down": {"uv": [30, 21], "uv_size": [1, -1]}
							}
						}
					]
				},
				{
					"name": "ear8",
					"parent": "ear7",
					"pivot": [-2.53584, 37.01585, -3.18628],
					"rotation": [0, 0, 45],
					"cubes": [
						{
							"origin": [-2.46161, 33.81188, -1.95527],
							"size": [1, 3, 1],
							"uv": {
								"north": {"uv": [29, 21], "uv_size": [1, 3]},
								"east": {"uv": [28, 21], "uv_size": [1, 3]},
								"south": {"uv": [31, 21], "uv_size": [1, 3]},
								"west": {"uv": [30, 21], "uv_size": [1, 3]},
								"up": {"uv": [29, 20], "uv_size": [1, 1]},
								"down": {"uv": [30, 21], "uv_size": [1, -1]}
							}
						}
					]
				},
				{
					"name": "ear9",
					"parent": "ear8",
					"pivot": [-2.53584, 34.01585, -3.18628],
					"rotation": [0, 0, -30],
					"cubes": [
						{
							"origin": [-2.57354, 30.80208, -1.95527],
							"size": [1, 3, 1],
							"inflate": -0.001,
							"uv": {
								"north": {"uv": [25, 20], "uv_size": [1, 3]},
								"east": {"uv": [24, 20], "uv_size": [1, 3]},
								"south": {"uv": [27, 20], "uv_size": [1, 3]},
								"west": {"uv": [26, 20], "uv_size": [1, 3]},
								"up": {"uv": [0, 0], "uv_size": [0, 0]},
								"down": {"uv": [0, 0], "uv_size": [0, 0]}
							}
						}
					]
				},
				{
					"name": "ear13",
					"parent": "ear2",
					"pivot": [-2.78584, 31.01585, -1.18628],
					"cubes": [
						{
							"origin": [-3.8077, 29.82527, -1.24912],
							"size": [2, 2, 1],
							"inflate": 0.001,
							"uv": {
								"north": {"uv": [1, 20], "uv_size": [2, 2]},
								"east": {"uv": [0, 20], "uv_size": [1, 2]},
								"south": {"uv": [4, 20], "uv_size": [2, 2]},
								"west": {"uv": [3, 20], "uv_size": [1, 2]},
								"up": {"uv": [1, 19], "uv_size": [2, 1]},
								"down": {"uv": [3, 20], "uv_size": [2, -1]}
							}
						}
					]
				},
				{
					"name": "long_hair",
					"parent": "head",
					"pivot": [0, 24, 2],
					"cubes": [
						{
							"origin": [-4, 16, 3],
							"size": [8, 8, 1],
							"uv": {
								"north": {"uv": [0, 0], "uv_size": [0, 0]},
								"east": {"uv": [0, 0], "uv_size": [0, 0]},
								"south": {"uv": [42, 21], "uv_size": [8, 8]},
								"west": {"uv": [0, 0], "uv_size": [0, 0]},
								"up": {"uv": [0, 0], "uv_size": [0, 0]},
								"down": {"uv": [0, 0], "uv_size": [0, 0]}
							}
						}
					]
				},
				{
					"name": "tail",
					"pivot": [0, 15, 2]
				},
				{
					"name": "tail3",
					"parent": "tail",
					"pivot": [0, 18, 1],
					"rotation": [25, 0, 0],
					"cubes": [
						{
							"origin": [-1.5, 8, -1],
							"size": [3, 7, 4],
							"inflate": -0.5,
							"uv": {
								"north": {"uv": [34, 48], "uv_size": [3, 7]},
								"east": {"uv": [30, 48], "uv_size": [4, 7]},
								"south": {"uv": [41, 48], "uv_size": [3, 7]},
								"west": {"uv": [37, 48], "uv_size": [4, 7]},
								"up": {"uv": [34, 44], "uv_size": [3, 4]},
								"down": {"uv": [37, 48], "uv_size": [3, -4]}
							}
						}
					]
				},
				{
					"name": "tail_down",
					"parent": "tail",
					"pivot": [0, 10, 7],
					"rotation": [9.66, 0, 0],
					"cubes": [
						{
							"origin": [-1.5, 3.62865, 2.88723],
							"size": [3, 7, 4],
							"inflate": -0.5,
							"uv": {
								"north": {"uv": [20, 47], "uv_size": [3, 7]},
								"east": {"uv": [16, 47], "uv_size": [4, 7]},
								"south": {"uv": [27, 47], "uv_size": [3, 7]},
								"west": {"uv": [23, 47], "uv_size": [4, 7]},
								"up": {"uv": [20, 43], "uv_size": [3, 4]},
								"down": {"uv": [0, 0], "uv_size": [0, 0]}
							}
						},
						{
							"origin": [-1, 3.3641, 3.92286],
							"size": [2, 7, 2],
							"inflate": -0.5,
							"uv": {
								"north": {"uv": [22, 34], "uv_size": [2, 7]},
								"east": {"uv": [20, 34], "uv_size": [2, 7]},
								"south": {"uv": [26, 34], "uv_size": [2, 7]},
								"west": {"uv": [24, 34], "uv_size": [2, 7]},
								"up": {"uv": [22, 32], "uv_size": [2, 2]},
								"down": {"uv": [0, 0], "uv_size": [0, 0]}
							}
						}
					]
				},
				{
					"name": "body",
					"pivot": [0, 24, 0],
					"cubes": [
						{
							"origin": [-2.5, 21.8, -2.5],
							"size": [5, 4, 5],
							"inflate": -1.25,
							"uv": {
								"north": {"uv": [32, 16], "uv_size": [5, 4]},
								"east": {"uv": [27, 16], "uv_size": [5, 4]},
								"south": {"uv": [42, 16], "uv_size": [5, 4]},
								"west": {"uv": [37, 16], "uv_size": [5, 4]},
								"up": {"uv": [32, 11], "uv_size": [5, 5]},
								"down": {"uv": [37, 16], "uv_size": [5, -5]}
							}
						},
						{
							"origin": [-3.5, 11.73, -1.5],
							"size": [7, 12, 3],
							"inflate": -0.251,
							"uv": {
								"north": {"uv": [3, 35], "uv_size": [7, 12]},
								"east": {"uv": [0, 35], "uv_size": [3, 12]},
								"south": {"uv": [13, 35], "uv_size": [7, 12]},
								"west": {"uv": [10, 35], "uv_size": [3, 12]},
								"up": {"uv": [3, 32], "uv_size": [7, 3]},
								"down": {"uv": [0, 0], "uv_size": [0, 0]}
							}
						}
					]
				},
				{
					"name": "hide_parts",
					"parent": "body",
					"pivot": [0, 24, 0]
				},
				{
					"name": "coat",
					"parent": "hide_parts",
					"pivot": [0, 24, 0],
					"cubes": [
						{
							"origin": [-3.5, 11.55, -1.5],
							"size": [7, 12, 3],
							"inflate": -0.01,
							"uv": {
								"north": {"uv": [31, 104], "uv_size": [8, 13]},
								"east": {"uv": [27, 104], "uv_size": [4, 13]},
								"south": {"uv": [43, 104], "uv_size": [8, 13]},
								"west": {"uv": [39, 104], "uv_size": [4, 13]},
								"up": {"uv": [31, 100], "uv_size": [8, 4]},
								"down": {"uv": [39, 32], "uv_size": [7, -3]}
							}
						}
					]
				},
				{
					"name": "deco",
					"parent": "coat",
					"pivot": [0, 22.5, -1.8]
				},
				{
					"name": "bow",
					"parent": "deco",
					"pivot": [0, 22.5, -2.75],
					"rotation": [-30, 0, 0]
				},
				{
					"name": "frontDeco",
					"parent": "bow",
					"pivot": [0, 21.5, -2.88397],
					"rotation": [22.5, 0, 0]
				},
				{
					"name": "gem",
					"parent": "frontDeco",
					"pivot": [0, 21.5, -2.88397],
					"rotation": [0, 0, -45],
					"cubes": [
						{
							"origin": [-0.73427, 20.76573, -2.13604],
							"size": [1, 1, 1],
							"inflate": 0.25,
							"uv": {
								"north": {"uv": [15, 82], "uv_size": [1, 1]},
								"east": {"uv": [14, 82], "uv_size": [1, 1]},
								"south": {"uv": [17, 82], "uv_size": [1, 1]},
								"west": {"uv": [16, 82], "uv_size": [1, 1]},
								"up": {"uv": [15, 81], "uv_size": [1, 1]},
								"down": {"uv": [16, 82], "uv_size": [1, -1]}
							}
						},
						{
							"origin": [-0.73427, 20.76573, -2.33604],
							"size": [1, 1, 1],
							"inflate": 0.1,
							"uv": {
								"north": {"uv": [9, 81], "uv_size": [1, 1]},
								"east": {"uv": [8, 81], "uv_size": [1, 1]},
								"south": {"uv": [0, 0], "uv_size": [0, 0]},
								"west": {"uv": [10, 81], "uv_size": [1, 1]},
								"up": {"uv": [9, 80], "uv_size": [1, 1]},
								"down": {"uv": [10, 81], "uv_size": [1, -1]}
							}
						},
						{
							"origin": [-0.28427, 20.26573, -2.93604],
							"size": [1, 2, 2],
							"inflate": -0.45,
							"uv": {
								"north": {"uv": [2, 82], "uv_size": [1, 2]},
								"east": {"uv": [0, 82], "uv_size": [2, 2]},
								"south": {"uv": [0, 0], "uv_size": [0, 0]},
								"west": {"uv": [3, 82], "uv_size": [2, 2]},
								"up": {"uv": [2, 80], "uv_size": [1, 2]},
								"down": {"uv": [3, 82], "uv_size": [1, -2]}
							}
						},
						{
							"origin": [-0.38427, 20.26573, -2.93604],
							"size": [1, 2, 2],
							"inflate": -0.45,
							"uv": {
								"north": {"uv": [2, 82], "uv_size": [1, 2]},
								"east": {"uv": [0, 82], "uv_size": [2, 2]},
								"south": {"uv": [0, 0], "uv_size": [0, 0]},
								"west": {"uv": [3, 82], "uv_size": [2, 2]},
								"up": {"uv": [2, 80], "uv_size": [1, 2]},
								"down": {"uv": [3, 82], "uv_size": [1, -2]}
							}
						}
					]
				},
				{
					"name": "hudiejie2",
					"parent": "frontDeco",
					"pivot": [0, 22, -2.88397],
					"cubes": [
						{
							"origin": [0.25, 20.66869, -2.33604],
							"size": [2, 1, 1],
							"inflate": 0.001,
							"uv": {
								"north": {"uv": [11, 94], "uv_size": [-2, 1]},
								"east": {"uv": [0, 0], "uv_size": [0, 0]},
								"south": {"uv": [14, 94], "uv_size": [-2, 1]},
								"west": {"uv": [9, 94], "uv_size": [-1, 1]},
								"up": {"uv": [11, 93], "uv_size": [-2, 1]},
								"down": {"uv": [13, 94], "uv_size": [-2, -1]}
							}
						}
					]
				},
				{
					"name": "hudiejie4",
					"parent": "hudiejie2",
					"pivot": [2.25, 21, -2.88397],
					"rotation": [0, 0, 22.5],
					"cubes": [
						{
							"origin": [0.37679, 19.6939, -2.33604],
							"size": [2, 1, 1],
							"uv": {
								"north": {"uv": [11, 94], "uv_size": [-2, 1]},
								"east": {"uv": [0, 0], "uv_size": [0, 0]},
								"south": {"uv": [14, 94], "uv_size": [-2, 1]},
								"west": {"uv": [9, 94], "uv_size": [-1, 1]},
								"up": {"uv": [11, 93], "uv_size": [-2, 1]},
								"down": {"uv": [13, 94], "uv_size": [-2, -1]}
							}
						}
					]
				},
				{
					"name": "hudiejie5",
					"parent": "frontDeco",
					"pivot": [0, 22, -2.88397],
					"cubes": [
						{
							"origin": [-2.25, 20.66869, -2.33604],
							"size": [2, 1, 1],
							"inflate": 0.001,
							"uv": {
								"north": {"uv": [9, 94], "uv_size": [2, 1]},
								"east": {"uv": [8, 94], "uv_size": [1, 1]},
								"south": {"uv": [12, 94], "uv_size": [2, 1]},
								"west": {"uv": [0, 0], "uv_size": [0, 0]},
								"up": {"uv": [9, 93], "uv_size": [2, 1]},
								"down": {"uv": [11, 94], "uv_size": [2, -1]}
							}
						}
					]
				},
				{
					"name": "hudiejie7",
					"parent": "hudiejie5",
					"pivot": [-2.25, 21, -2.88397],
					"rotation": [0, 0, -22.5],
					"cubes": [
						{
							"origin": [-2.37679, 19.6939, -2.33604],
							"size": [2, 1, 1],
							"uv": {
								"north": {"uv": [9, 94], "uv_size": [2, 1]},
								"east": {"uv": [8, 94], "uv_size": [1, 1]},
								"south": {"uv": [12, 94], "uv_size": [2, 1]},
								"west": {"uv": [0, 0], "uv_size": [0, 0]},
								"up": {"uv": [9, 93], "uv_size": [2, 1]},
								"down": {"uv": [11, 94], "uv_size": [2, -1]}
							}
						}
					]
				},
				{
					"name": "hudiejie8",
					"parent": "frontDeco",
					"pivot": [-0.2, 21.25, -2.58397],
					"rotation": [-2.38547, -10.00904, 29.55931],
					"cubes": [
						{
							"origin": [-1.44381, 16.48333, -2.96123],
							"size": [3, 5, 2],
							"inflate": -0.9,
							"uv": {
								"north": {"uv": [50, 94], "uv_size": [3, 5]},
								"east": {"uv": [48, 94], "uv_size": [2, 5]},
								"south": {"uv": [55, 94], "uv_size": [3, 5]},
								"west": {"uv": [53, 94], "uv_size": [2, 5]},
								"up": {"uv": [50, 92], "uv_size": [3, 2]},
								"down": {"uv": [53, 94], "uv_size": [3, -2]}
							}
						}
					]
				},
				{
					"name": "hudiejie9",
					"parent": "frontDeco",
					"pivot": [0.2, 21.25, -2.58397],
					"rotation": [-2.38547, 10.00904, -29.55931],
					"cubes": [
						{
							"origin": [-1.55619, 16.48333, -2.96123],
							"size": [3, 5, 2],
							"inflate": -0.9,
							"uv": {
								"north": {"uv": [53, 94], "uv_size": [-3, 5]},
								"east": {"uv": [55, 94], "uv_size": [-2, 5]},
								"south": {"uv": [58, 94], "uv_size": [-3, 5]},
								"west": {"uv": [50, 94], "uv_size": [-2, 5]},
								"up": {"uv": [53, 92], "uv_size": [-3, 2]},
								"down": {"uv": [56, 94], "uv_size": [-3, -2]}
							}
						}
					]
				},
				{
					"name": "chest",
					"parent": "hide_parts",
					"pivot": [0, 21.9, -1.5],
					"rotation": [-31, 0, 0],
					"cubes": [
						{
							"origin": [-3.5, 19.25124, -1.61429],
							"size": [7, 4, 3],
							"inflate": -0.252,
							"uv": {
								"north": {"uv": [3, 86], "uv_size": [7, 3]},
								"east": {"uv": [0, 86], "uv_size": [3, 3]},
								"south": {"uv": [0, 0], "uv_size": [0, 0]},
								"west": {"uv": [10, 86], "uv_size": [3, 3]},
								"up": {"uv": [0, 0], "uv_size": [0, 0]},
								"down": {"uv": [10, 86], "uv_size": [7, -2]}
							}
						}
					]
				},
				{
					"name": "_legging",
					"parent": "hide_parts",
					"pivot": [0, 24, 0]
				},
				{
					"name": "skirt",
					"parent": "_legging",
					"pivot": [0, 11, 0]
				},
				{
					"name": "skirt13",
					"parent": "skirt",
					"pivot": [0, 11, -1],
					"rotation": [19.47122, 0, 0],
					"cubes": [
						{
							"origin": [-4.5, 9.39737, 2.25145],
							"size": [9, 6, 1],
							"inflate": -0.15395,
							"uv": {
								"north": {"uv": [0, 0], "uv_size": [0, 0]},
								"east": {"uv": [0, 0], "uv_size": [0, 0]},
								"south": {"uv": [41, 118], "uv_size": [9, 6]},
								"west": {"uv": [0, 0], "uv_size": [0, 0]},
								"up": {"uv": [0, 0], "uv_size": [0, 0]},
								"down": {"uv": [0, 0], "uv_size": [0, 0]}
							}
						}
					]
				},
				{
					"name": "skirt2",
					"parent": "skirt",
					"pivot": [0, 11, 0],
					"rotation": [19.47122, 90, 0],
					"cubes": [
						{
							"origin": [-2.5, 9.06403, 4.19425],
							"size": [5, 6, 1],
							"inflate": -0.15395,
							"uv": {
								"north": {"uv": [0, 0], "uv_size": [0, 0]},
								"east": {"uv": [0, 0], "uv_size": [0, 0]},
								"south": {"uv": [59, 118], "uv_size": [5, 6]},
								"west": {"uv": [0, 0], "uv_size": [0, 0]},
								"up": {"uv": [0, 0], "uv_size": [0, 0]},
								"down": {"uv": [0, 0], "uv_size": [0, 0]}
							}
						}
					]
				},
				{
					"name": "skirt3",
					"parent": "skirt",
					"pivot": [0, 11, 0],
					"rotation": [19.47122, 180, 0],
					"cubes": [
						{
							"origin": [-4.5, 9.7307, 2.30864],
							"size": [9, 6, 1],
							"inflate": -0.15395,
							"uv": {
								"north": {"uv": [0, 0], "uv_size": [0, 0]},
								"east": {"uv": [0, 0], "uv_size": [0, 0]},
								"south": {"uv": [41, 118], "uv_size": [9, 6]},
								"west": {"uv": [0, 0], "uv_size": [0, 0]},
								"up": {"uv": [0, 0], "uv_size": [0, 0]},
								"down": {"uv": [0, 0], "uv_size": [0, 0]}
							}
						}
					]
				},
				{
					"name": "skirt4",
					"parent": "skirt",
					"pivot": [0, 11, 0],
					"rotation": [19.47122, 270, 0],
					"cubes": [
						{
							"origin": [-2.5, 9.06403, 4.19425],
							"size": [5, 6, 1],
							"inflate": -0.15395,
							"uv": {
								"north": {"uv": [0, 0], "uv_size": [0, 0]},
								"east": {"uv": [0, 0], "uv_size": [0, 0]},
								"south": {"uv": [59, 118], "uv_size": [5, 6]},
								"west": {"uv": [0, 0], "uv_size": [0, 0]},
								"up": {"uv": [0, 0], "uv_size": [0, 0]},
								"down": {"uv": [0, 0], "uv_size": [0, 0]}
							}
						}
					]
				},
				{
					"name": "skirt5",
					"parent": "skirt",
					"pivot": [0, 11, 0],
					"rotation": [0, 45, 0]
				},
				{
					"name": "skirt6",
					"parent": "skirt5",
					"pivot": [-5.43914, 11, 0],
					"rotation": [0, -45, 26.56505],
					"cubes": [
						{
							"origin": [-6.93914, 11, -1.5],
							"size": [1, 6, 1],
							"uv": {
								"north": {"uv": [0, 0], "uv_size": [0, 0]},
								"east": {"uv": [25, 122], "uv_size": [1, 6]},
								"south": {"uv": [28, 122], "uv_size": [1, 6]},
								"west": {"uv": [0, 0], "uv_size": [0, 0]},
								"up": {"uv": [0, 0], "uv_size": [0, 0]},
								"down": {"uv": [0, 0], "uv_size": [0, 0]}
							}
						}
					]
				},
				{
					"name": "skirt7",
					"parent": "skirt",
					"pivot": [0, 11, 0],
					"rotation": [0, 135, 0]
				},
				{
					"name": "skirt8",
					"parent": "skirt7",
					"pivot": [-5.43914, 11, 0],
					"rotation": [0, -45, 26.56505],
					"cubes": [
						{
							"origin": [-4.93914, 11, 0.5],
							"size": [1, 6, 1],
							"uv": {
								"north": {"uv": [0, 0], "uv_size": [0, 0]},
								"east": {"uv": [25, 122], "uv_size": [1, 6]},
								"south": {"uv": [28, 122], "uv_size": [1, 6]},
								"west": {"uv": [0, 0], "uv_size": [0, 0]},
								"up": {"uv": [0, 0], "uv_size": [0, 0]},
								"down": {"uv": [0, 0], "uv_size": [0, 0]}
							}
						}
					]
				},
				{
					"name": "skirt9",
					"parent": "skirt",
					"pivot": [0, 11, 0],
					"rotation": [0, 225, 0]
				},
				{
					"name": "skirt10",
					"parent": "skirt9",
					"pivot": [-5.43914, 11, 0],
					"rotation": [0, -45, 26.56505],
					"cubes": [
						{
							"origin": [-6.93914, 11, -1.5],
							"size": [1, 6, 1],
							"uv": {
								"north": {"uv": [0, 0], "uv_size": [0, 0]},
								"east": {"uv": [25, 122], "uv_size": [1, 6]},
								"south": {"uv": [28, 122], "uv_size": [1, 6]},
								"west": {"uv": [0, 0], "uv_size": [0, 0]},
								"up": {"uv": [0, 0], "uv_size": [0, 0]},
								"down": {"uv": [0, 0], "uv_size": [0, 0]}
							}
						}
					]
				},
				{
					"name": "skirt11",
					"parent": "skirt",
					"pivot": [0, 11, 0],
					"rotation": [0, 315, 0]
				},
				{
					"name": "skirt12",
					"parent": "skirt11",
					"pivot": [-5.43914, 11, 0],
					"rotation": [0, -45, 26.56505],
					"cubes": [
						{
							"origin": [-4.93914, 11, 0.5],
							"size": [1, 6, 1],
							"uv": {
								"north": {"uv": [0, 0], "uv_size": [0, 0]},
								"east": {"uv": [25, 122], "uv_size": [1, 6]},
								"south": {"uv": [28, 122], "uv_size": [1, 6]},
								"west": {"uv": [0, 0], "uv_size": [0, 0]},
								"up": {"uv": [0, 0], "uv_size": [0, 0]},
								"down": {"uv": [0, 0], "uv_size": [0, 0]}
							}
						}
					]
				},
				{
					"name": "lace",
					"parent": "skirt",
					"pivot": [0, 0, 0]
				},
				{
					"name": "lace1",
					"parent": "lace",
					"pivot": [0, 11.75, 0],
					"rotation": [-15, 0, 0],
					"cubes": [
						{
							"origin": [-3.5, 8.97354, -1.89778],
							"size": [7, 2, 0],
							"uv": {
								"north": {"uv": [66, 126], "uv_size": [7, 2]},
								"east": {"uv": [0, 0], "uv_size": [0, 0]},
								"south": {"uv": [0, 0], "uv_size": [0, 0]},
								"west": {"uv": [0, 0], "uv_size": [0, 0]},
								"up": {"uv": [0, 0], "uv_size": [0, 0]},
								"down": {"uv": [0, 0], "uv_size": [0, 0]}
							}
						},
						{
							"origin": [-4.5, 8.97354, -2.89778],
							"size": [1, 2, 1],
							"uv": {
								"north": {"uv": [1, 119], "uv_size": [1, 2]},
								"east": {"uv": [0, 119], "uv_size": [1, 2]},
								"south": {"uv": [3, 119], "uv_size": [1, 2]},
								"west": {"uv": [2, 119], "uv_size": [1, 2]},
								"up": {"uv": [1, 118], "uv_size": [1, 1]},
								"down": {"uv": [2, 119], "uv_size": [1, -1]}
							}
						},
						{
							"origin": [-2.5, 8.97354, -2.89778],
							"size": [1, 2, 1],
							"uv": {
								"north": {"uv": [1, 119], "uv_size": [1, 2]},
								"east": {"uv": [0, 119], "uv_size": [1, 2]},
								"south": {"uv": [3, 119], "uv_size": [1, 2]},
								"west": {"uv": [2, 119], "uv_size": [1, 2]},
								"up": {"uv": [1, 118], "uv_size": [1, 1]},
								"down": {"uv": [2, 119], "uv_size": [1, -1]}
							}
						},
						{
							"origin": [-0.5, 8.97354, -2.89778],
							"size": [1, 2, 1],
							"uv": {
								"north": {"uv": [1, 119], "uv_size": [1, 2]},
								"east": {"uv": [0, 119], "uv_size": [1, 2]},
								"south": {"uv": [3, 119], "uv_size": [1, 2]},
								"west": {"uv": [2, 119], "uv_size": [1, 2]},
								"up": {"uv": [1, 118], "uv_size": [1, 1]},
								"down": {"uv": [2, 119], "uv_size": [1, -1]}
							}
						},
						{
							"origin": [1.5, 8.97354, -2.89778],
							"size": [1, 2, 1],
							"uv": {
								"north": {"uv": [1, 119], "uv_size": [1, 2]},
								"east": {"uv": [0, 119], "uv_size": [1, 2]},
								"south": {"uv": [3, 119], "uv_size": [1, 2]},
								"west": {"uv": [2, 119], "uv_size": [1, 2]},
								"up": {"uv": [1, 118], "uv_size": [1, 1]},
								"down": {"uv": [2, 119], "uv_size": [1, -1]}
							}
						},
						{
							"origin": [3.5, 8.97354, -2.89778],
							"size": [1, 2, 1],
							"uv": {
								"north": {"uv": [1, 119], "uv_size": [1, 2]},
								"east": {"uv": [0, 119], "uv_size": [1, 2]},
								"south": {"uv": [3, 119], "uv_size": [1, 2]},
								"west": {"uv": [2, 119], "uv_size": [1, 2]},
								"up": {"uv": [1, 118], "uv_size": [1, 1]},
								"down": {"uv": [2, 119], "uv_size": [1, -1]}
							}
						}
					]
				},
				{
					"name": "lace3",
					"parent": "lace",
					"pivot": [0, 11.75, 0],
					"rotation": [-15, 180, 0],
					"cubes": [
						{
							"origin": [-3.5, 8.97354, -1.89778],
							"size": [7, 2, 0],
							"uv": {
								"north": {"uv": [66, 126], "uv_size": [7, 2]},
								"east": {"uv": [0, 0], "uv_size": [0, 0]},
								"south": {"uv": [0, 0], "uv_size": [0, 0]},
								"west": {"uv": [0, 0], "uv_size": [0, 0]},
								"up": {"uv": [0, 0], "uv_size": [0, 0]},
								"down": {"uv": [0, 0], "uv_size": [0, 0]}
							}
						},
						{
							"origin": [-4.5, 8.97354, -2.89778],
							"size": [1, 2, 1],
							"uv": {
								"north": {"uv": [1, 119], "uv_size": [1, 2]},
								"east": {"uv": [0, 119], "uv_size": [1, 2]},
								"south": {"uv": [3, 119], "uv_size": [1, 2]},
								"west": {"uv": [2, 119], "uv_size": [1, 2]},
								"up": {"uv": [1, 118], "uv_size": [1, 1]},
								"down": {"uv": [2, 119], "uv_size": [1, -1]}
							}
						},
						{
							"origin": [-2.5, 8.97354, -2.89778],
							"size": [1, 2, 1],
							"uv": {
								"north": {"uv": [1, 119], "uv_size": [1, 2]},
								"east": {"uv": [0, 119], "uv_size": [1, 2]},
								"south": {"uv": [3, 119], "uv_size": [1, 2]},
								"west": {"uv": [2, 119], "uv_size": [1, 2]},
								"up": {"uv": [1, 118], "uv_size": [1, 1]},
								"down": {"uv": [2, 119], "uv_size": [1, -1]}
							}
						},
						{
							"origin": [-0.5, 8.97354, -2.89778],
							"size": [1, 2, 1],
							"uv": {
								"north": {"uv": [1, 119], "uv_size": [1, 2]},
								"east": {"uv": [0, 119], "uv_size": [1, 2]},
								"south": {"uv": [3, 119], "uv_size": [1, 2]},
								"west": {"uv": [2, 119], "uv_size": [1, 2]},
								"up": {"uv": [1, 118], "uv_size": [1, 1]},
								"down": {"uv": [2, 119], "uv_size": [1, -1]}
							}
						},
						{
							"origin": [1.5, 8.97354, -2.89778],
							"size": [1, 2, 1],
							"uv": {
								"north": {"uv": [1, 119], "uv_size": [1, 2]},
								"east": {"uv": [0, 119], "uv_size": [1, 2]},
								"south": {"uv": [3, 119], "uv_size": [1, 2]},
								"west": {"uv": [2, 119], "uv_size": [1, 2]},
								"up": {"uv": [1, 118], "uv_size": [1, 1]},
								"down": {"uv": [2, 119], "uv_size": [1, -1]}
							}
						},
						{
							"origin": [3.5, 8.97354, -2.89778],
							"size": [1, 2, 1],
							"uv": {
								"north": {"uv": [1, 119], "uv_size": [1, 2]},
								"east": {"uv": [0, 119], "uv_size": [1, 2]},
								"south": {"uv": [3, 119], "uv_size": [1, 2]},
								"west": {"uv": [2, 119], "uv_size": [1, 2]},
								"up": {"uv": [1, 118], "uv_size": [1, 1]},
								"down": {"uv": [2, 119], "uv_size": [1, -1]}
							}
						}
					]
				},
				{
					"name": "lace2",
					"parent": "lace",
					"pivot": [0, 11.75, 0],
					"rotation": [-15, -90, 0],
					"cubes": [
						{
							"origin": [-1.5, 8.4559, -3.82963],
							"size": [3, 2, 0],
							"uv": {
								"north": {"uv": [34, 122], "uv_size": [3, 2]},
								"east": {"uv": [0, 0], "uv_size": [0, 0]},
								"south": {"uv": [0, 0], "uv_size": [0, 0]},
								"west": {"uv": [0, 0], "uv_size": [0, 0]},
								"up": {"uv": [0, 0], "uv_size": [0, 0]},
								"down": {"uv": [0, 0], "uv_size": [0, 0]}
							}
						},
						{
							"origin": [-2.5, 8.4559, -4.82963],
							"size": [1, 2, 1],
							"uv": {
								"north": {"uv": [1, 119], "uv_size": [1, 2]},
								"east": {"uv": [0, 119], "uv_size": [1, 2]},
								"south": {"uv": [3, 119], "uv_size": [1, 2]},
								"west": {"uv": [2, 119], "uv_size": [1, 2]},
								"up": {"uv": [1, 118], "uv_size": [1, 1]},
								"down": {"uv": [2, 119], "uv_size": [1, -1]}
							}
						},
						{
							"origin": [-0.5, 8.4559, -4.82963],
							"size": [1, 2, 1],
							"uv": {
								"north": {"uv": [1, 119], "uv_size": [1, 2]},
								"east": {"uv": [0, 119], "uv_size": [1, 2]},
								"south": {"uv": [3, 119], "uv_size": [1, 2]},
								"west": {"uv": [2, 119], "uv_size": [1, 2]},
								"up": {"uv": [1, 118], "uv_size": [1, 1]},
								"down": {"uv": [2, 119], "uv_size": [1, -1]}
							}
						},
						{
							"origin": [1.5, 8.4559, -4.82963],
							"size": [1, 2, 1],
							"uv": {
								"north": {"uv": [1, 119], "uv_size": [1, 2]},
								"east": {"uv": [0, 119], "uv_size": [1, 2]},
								"south": {"uv": [3, 119], "uv_size": [1, 2]},
								"west": {"uv": [2, 119], "uv_size": [1, 2]},
								"up": {"uv": [1, 118], "uv_size": [1, 1]},
								"down": {"uv": [2, 119], "uv_size": [1, -1]}
							}
						}
					]
				},
				{
					"name": "lace4",
					"parent": "lace",
					"pivot": [0, 11.75, 0],
					"rotation": [-15, 90, 0],
					"cubes": [
						{
							"origin": [-1.5, 8.4559, -3.82963],
							"size": [3, 2, 0],
							"uv": {
								"north": {"uv": [34, 122], "uv_size": [3, 2]},
								"east": {"uv": [0, 0], "uv_size": [0, 0]},
								"south": {"uv": [0, 0], "uv_size": [0, 0]},
								"west": {"uv": [0, 0], "uv_size": [0, 0]},
								"up": {"uv": [0, 0], "uv_size": [0, 0]},
								"down": {"uv": [0, 0], "uv_size": [0, 0]}
							}
						},
						{
							"origin": [-2.5, 8.4559, -4.82963],
							"size": [1, 2, 1],
							"uv": {
								"north": {"uv": [1, 119], "uv_size": [1, 2]},
								"east": {"uv": [0, 119], "uv_size": [1, 2]},
								"south": {"uv": [3, 119], "uv_size": [1, 2]},
								"west": {"uv": [2, 119], "uv_size": [1, 2]},
								"up": {"uv": [1, 118], "uv_size": [1, 1]},
								"down": {"uv": [2, 119], "uv_size": [1, -1]}
							}
						},
						{
							"origin": [-0.5, 8.4559, -4.82963],
							"size": [1, 2, 1],
							"uv": {
								"north": {"uv": [1, 119], "uv_size": [1, 2]},
								"east": {"uv": [0, 119], "uv_size": [1, 2]},
								"south": {"uv": [3, 119], "uv_size": [1, 2]},
								"west": {"uv": [2, 119], "uv_size": [1, 2]},
								"up": {"uv": [1, 118], "uv_size": [1, 1]},
								"down": {"uv": [2, 119], "uv_size": [1, -1]}
							}
						},
						{
							"origin": [1.5, 8.4559, -4.82963],
							"size": [1, 2, 1],
							"uv": {
								"north": {"uv": [1, 119], "uv_size": [1, 2]},
								"east": {"uv": [0, 119], "uv_size": [1, 2]},
								"south": {"uv": [3, 119], "uv_size": [1, 2]},
								"west": {"uv": [2, 119], "uv_size": [1, 2]},
								"up": {"uv": [1, 118], "uv_size": [1, 1]},
								"down": {"uv": [2, 119], "uv_size": [1, -1]}
							}
						}
					]
				},
				{
					"name": "back",
					"parent": "hide_parts",
					"pivot": [-0.5, 24.26, 2.509],
					"rotation": [10, 0, 0],
					"cubes": [
						{
							"origin": [-3.49, 19.72789, 1.37945],
							"size": [7, 4, 0],
							"uv": {
								"north": {"uv": [53, 113], "uv_size": [7, 4]},
								"east": {"uv": [0, 0], "uv_size": [0, 0]},
								"south": {"uv": [0, 0], "uv_size": [0, 0]},
								"west": {"uv": [0, 0], "uv_size": [0, 0]},
								"up": {"uv": [0, 0], "uv_size": [0, 0]},
								"down": {"uv": [0, 0], "uv_size": [0, 0]}
							}
						},
						{
							"origin": [-2.99, 20.22789, 0.14045],
							"size": [6, 3, 1],
							"inflate": 0.25,
							"uv": {
								"north": {"uv": [0, 0], "uv_size": [0, 0]},
								"east": {"uv": [0, 0], "uv_size": [0, 0]},
								"south": {"uv": [50, 100], "uv_size": [6, 3]},
								"west": {"uv": [0, 0], "uv_size": [0, 0]},
								"up": {"uv": [0, 0], "uv_size": [0, 0]},
								"down": {"uv": [0, 0], "uv_size": [0, 0]}
							}
						},
						{
							"origin": [-2.99, 20.22789, 0.40045],
							"size": [6, 3, 1],
							"uv": {
								"north": {"uv": [0, 0], "uv_size": [0, 0]},
								"east": {"uv": [0, 0], "uv_size": [0, 0]},
								"south": {"uv": [7, 114], "uv_size": [6, 3]},
								"west": {"uv": [0, 0], "uv_size": [0, 0]},
								"up": {"uv": [0, 0], "uv_size": [0, 0]},
								"down": {"uv": [0, 0], "uv_size": [0, 0]}
							}
						}
					]
				},
				{
					"name": "back_deco",
					"parent": "hide_parts",
					"pivot": [0, 17, 1.3]
				},
				{
					"name": "gem2",
					"parent": "back_deco",
					"pivot": [0, 17, 1.3],
					"cubes": [
						{"origin": [-1, 15.75, 1.05], "size": [2, 3, 2], "uv": [27, 81]}
					]
				},
				{
					"name": "hudiejie11",
					"parent": "back_deco",
					"pivot": [0, 17, 2.3],
					"rotation": [0, -15, -30],
					"cubes": [
						{
							"origin": [0, 16, 1.3],
							"size": [4, 2, 1],
							"uv": {
								"north": {"uv": [44, 73], "uv_size": [4, 2]},
								"east": {"uv": [0, 0], "uv_size": [1, 0]},
								"south": {"uv": [49, 73], "uv_size": [4, 2]},
								"west": {"uv": [48, 73], "uv_size": [1, 2]},
								"up": {"uv": [44, 72], "uv_size": [4, 1]},
								"down": {"uv": [48, 73], "uv_size": [4, -1]}
							}
						}
					]
				},
				{
					"name": "hudiejie12",
					"parent": "back_deco",
					"pivot": [0, 17, 2.3],
					"rotation": [0, -22.5, -10],
					"cubes": [
						{
							"origin": [0, 16, 1.3],
							"size": [4.1, 2, 1],
							"uv": {
								"north": {"uv": [44, 73], "uv_size": [4, 2]},
								"east": {"uv": [0, 0], "uv_size": [1, 0]},
								"south": {"uv": [49, 73], "uv_size": [4, 2]},
								"west": {"uv": [48, 73], "uv_size": [1, 2]},
								"up": {"uv": [44, 72], "uv_size": [4, 1]},
								"down": {"uv": [48, 73], "uv_size": [4, -1]}
							}
						}
					]
				},
				{
					"name": "hudiejie13",
					"parent": "back_deco",
					"pivot": [0, 17, 2.3],
					"rotation": [0, -15, 10],
					"cubes": [
						{
							"origin": [0, 16, 1.3],
							"size": [4, 2, 1],
							"uv": {
								"north": {"uv": [44, 73], "uv_size": [4, 2]},
								"east": {"uv": [0, 0], "uv_size": [1, 0]},
								"south": {"uv": [49, 73], "uv_size": [4, 2]},
								"west": {"uv": [48, 73], "uv_size": [1, 2]},
								"up": {"uv": [44, 72], "uv_size": [4, 1]},
								"down": {"uv": [48, 73], "uv_size": [4, -1]}
							}
						}
					]
				},
				{
					"name": "hudiejie14",
					"parent": "back_deco",
					"pivot": [0, 17, 2.3],
					"rotation": [0, 15, 30],
					"cubes": [
						{
							"origin": [-4, 16, 1.3],
							"size": [4, 2, 1],
							"uv": {
								"north": {"uv": [48, 73], "uv_size": [-4, 2]},
								"east": {"uv": [49, 73], "uv_size": [-1, 2]},
								"south": {"uv": [53, 73], "uv_size": [-4, 2]},
								"west": {"uv": [0, 0], "uv_size": [0, 0]},
								"up": {"uv": [48, 72], "uv_size": [-4, 1]},
								"down": {"uv": [52, 73], "uv_size": [-4, -1]}
							}
						}
					]
				},
				{
					"name": "hudiejie15",
					"parent": "back_deco",
					"pivot": [0, 17, 2.3],
					"rotation": [0, 22.5, 10],
					"cubes": [
						{
							"origin": [-4.1, 16, 1.3],
							"size": [4.1, 2, 1],
							"uv": {
								"north": {"uv": [48, 73], "uv_size": [-4, 2]},
								"east": {"uv": [49, 73], "uv_size": [-1, 2]},
								"south": {"uv": [53, 73], "uv_size": [-4, 2]},
								"west": {"uv": [0, 0], "uv_size": [0, 0]},
								"up": {"uv": [48, 72], "uv_size": [-4, 1]},
								"down": {"uv": [52, 73], "uv_size": [-4, -1]}
							}
						}
					]
				},
				{
					"name": "hudiejie16",
					"parent": "back_deco",
					"pivot": [0, 17, 2.3],
					"rotation": [0, 15, -10],
					"cubes": [
						{
							"origin": [-4, 16, 1.3],
							"size": [4, 2, 1],
							"uv": {
								"north": {"uv": [48, 73], "uv_size": [-4, 2]},
								"east": {"uv": [49, 73], "uv_size": [-1, 2]},
								"south": {"uv": [53, 73], "uv_size": [-4, 2]},
								"west": {"uv": [0, 0], "uv_size": [0, 0]},
								"up": {"uv": [48, 72], "uv_size": [-4, 1]},
								"down": {"uv": [52, 73], "uv_size": [-4, -1]}
							}
						}
					]
				},
				{
					"name": "hudiejie17",
					"parent": "back_deco",
					"pivot": [1, 16, 1.8],
					"rotation": [20, -7.5, -10],
					"cubes": [
						{"origin": [1, 11, 1.3], "size": [1, 5, 1], "uv": [54, 69]}
					]
				},
				{
					"name": "hudiejie18",
					"parent": "hudiejie17",
					"pivot": [2, 11, 2.3],
					"rotation": [0, 0, -10],
					"cubes": [
						{"origin": [2, 11, 1.3], "size": [1, 5, 1], "inflate": 0.001, "uv": [54, 69]}
					]
				},
				{
					"name": "hudiejie19",
					"parent": "hudiejie18",
					"pivot": [3, 11, 2.3],
					"rotation": [0, 0, -10],
					"cubes": [
						{"origin": [3, 11, 1.3], "size": [1, 5, 1], "uv": [54, 69]}
					]
				},
				{
					"name": "hudiejie20",
					"parent": "back_deco",
					"pivot": [-1, 16, 1.8],
					"rotation": [20, 7.5, 10],
					"cubes": [
						{"origin": [-2, 11, 1.3], "size": [1, 5, 1], "uv": [54, 69], "mirror": true}
					]
				},
				{
					"name": "hudiejie21",
					"parent": "hudiejie20",
					"pivot": [-2, 11, 2.3],
					"rotation": [0, 0, 10],
					"cubes": [
						{"origin": [-3, 11, 1.3], "size": [1, 5, 1], "inflate": 0.001, "uv": [54, 69], "mirror": true}
					]
				},
				{
					"name": "hudiejie22",
					"parent": "hudiejie21",
					"pivot": [-3, 11, 2.3],
					"rotation": [0, 0, 10],
					"cubes": [
						{"origin": [-4, 11, 1.3], "size": [1, 5, 1], "uv": [54, 69], "mirror": true}
					]
				},
				{
					"name": "left_arm",
					"pivot": [4, 22, 0],
					"cubes": [
						{
							"origin": [3, 17.25, -1.5],
							"size": [3.25, 6.5, 3],
							"inflate": -0.251,
							"uv": {
								"north": {"uv": [3, 50], "uv_size": [3, 6]},
								"east": {"uv": [0, 50], "uv_size": [3, 6]},
								"south": {"uv": [9, 50], "uv_size": [3, 6]},
								"west": {"uv": [6, 50], "uv_size": [3, 6]},
								"up": {"uv": [3, 47], "uv_size": [3, 3]},
								"down": {"uv": [6, 50], "uv_size": [3, -3]}
							}
						}
					]
				},
				{
					"name": "left_chestplate",
					"parent": "left_arm",
					"pivot": [4.75, 22, 0],
					"cubes": [
						{
							"origin": [3.125, 17.531, -1.5],
							"size": [3, 6, 3],
							"inflate": 0.03,
							"uv": {
								"north": {"uv": [6, 122], "uv_size": [-3, 6]},
								"east": {"uv": [9, 122], "uv_size": [-3, 6]},
								"south": {"uv": [12, 122], "uv_size": [-3, 6]},
								"west": {"uv": [3, 122], "uv_size": [-3, 6]},
								"up": {"uv": [0, 0], "uv_size": [0, 0]},
								"down": {"uv": [0, 0], "uv_size": [0, 0]}
							}
						}
					]
				},
				{
					"name": "left_arm_down",
					"parent": "left_arm",
					"pivot": [4.75, 17.5, 1.25],
					"cubes": [
						{
							"origin": [3, 12.25, -1.5],
							"size": [3.25, 5.5, 3],
							"inflate": -0.251,
							"uv": {
								"north": {"uv": [15, 122], "uv_size": [3, 5]},
								"east": {"uv": [12, 122], "uv_size": [3, 5]},
								"south": {"uv": [21, 122], "uv_size": [3, 5]},
								"west": {"uv": [18, 122], "uv_size": [3, 5]},
								"up": {"uv": [15, 119], "uv_size": [3, 3]},
								"down": {"uv": [18, 122], "uv_size": [3, -3]}
							}
						},
						{
							"origin": [1.95, 12.1, -2.6],
							"size": [5.35, 3.7, 5.2],
							"inflate": -1.25,
							"uv": {
								"north": {"uv": [35, 125], "uv_size": [5, 3]},
								"east": {"uv": [30, 125], "uv_size": [5, 3]},
								"south": {"uv": [45, 125], "uv_size": [5, 3]},
								"west": {"uv": [40, 125], "uv_size": [5, 3]},
								"up": {"uv": [0, 0], "uv_size": [0, 0]},
								"down": {"uv": [0, 0], "uv_size": [0, 0]}
							}
						},
						{
							"origin": [3.125, 14.471, -1.5],
							"size": [3, 2, 3],
							"inflate": 0.03,
							"uv": {
								"north": {"uv": [55, 126], "uv_size": [3, 2]},
								"east": {"uv": [52, 126], "uv_size": [3, 2]},
								"south": {"uv": [61, 126], "uv_size": [3, 2]},
								"west": {"uv": [58, 126], "uv_size": [3, 2]},
								"up": {"uv": [0, 0], "uv_size": [0, 0]},
								"down": {"uv": [0, 0], "uv_size": [0, 0]}
							}
						}
					]
				},
				{
					"name": "right_arm",
					"pivot": [-4, 22, 0],
					"cubes": [
						{
							"origin": [-6.25, 17.25, -1.5],
							"size": [3.25, 6.5, 3],
							"inflate": -0.251,
							"uv": {
								"north": {"uv": [6, 50], "uv_size": [-3, 6]},
								"east": {"uv": [9, 50], "uv_size": [-3, 6]},
								"south": {"uv": [12, 50], "uv_size": [-3, 6]},
								"west": {"uv": [3, 50], "uv_size": [-3, 6]},
								"up": {"uv": [6, 47], "uv_size": [-3, 3]},
								"down": {"uv": [9, 50], "uv_size": [-3, -3]}
							}
						}
					]
				},
				{
					"name": "right_chestplate",
					"parent": "right_arm",
					"pivot": [-4.75, 22, 0],
					"cubes": [
						{
							"origin": [-6.125, 17.531, -1.5],
							"size": [3, 6, 3],
							"inflate": 0.03,
							"uv": {
								"north": {"uv": [3, 122], "uv_size": [3, 6]},
								"east": {"uv": [0, 122], "uv_size": [3, 6]},
								"south": {"uv": [9, 122], "uv_size": [3, 6]},
								"west": {"uv": [6, 122], "uv_size": [3, 6]},
								"up": {"uv": [0, 0], "uv_size": [0, 0]},
								"down": {"uv": [0, 0], "uv_size": [0, 0]}
							}
						}
					]
				},
				{
					"name": "right_arm_down",
					"parent": "right_arm",
					"pivot": [-4.75, 17.5, 1.25],
					"cubes": [
						{
							"origin": [-6.25, 12.25, -1.5],
							"size": [3.25, 5.5, 3],
							"inflate": -0.251,
							"uv": {
								"north": {"uv": [18, 122], "uv_size": [-3, 5]},
								"east": {"uv": [21, 122], "uv_size": [-3, 5]},
								"south": {"uv": [24, 122], "uv_size": [-3, 5]},
								"west": {"uv": [15, 122], "uv_size": [-3, 5]},
								"up": {"uv": [18, 119], "uv_size": [-3, 3]},
								"down": {"uv": [21, 122], "uv_size": [-3, -3]}
							}
						},
						{
							"origin": [-7.3, 12.1, -2.6],
							"size": [5.35, 3.7, 5.2],
							"inflate": -1.25,
							"uv": {
								"north": {"uv": [40, 125], "uv_size": [-5, 3]},
								"east": {"uv": [45, 125], "uv_size": [-5, 3]},
								"south": {"uv": [50, 125], "uv_size": [-5, 3]},
								"west": {"uv": [35, 125], "uv_size": [-5, 3]},
								"up": {"uv": [0, 0], "uv_size": [0, 0]},
								"down": {"uv": [0, 0], "uv_size": [0, 0]}
							}
						},
						{
							"origin": [-6.125, 14.471, -1.5],
							"size": [3, 2, 3],
							"inflate": 0.03,
							"uv": {
								"north": {"uv": [58, 126], "uv_size": [-3, 2]},
								"east": {"uv": [61, 126], "uv_size": [-3, 2]},
								"south": {"uv": [64, 126], "uv_size": [-3, 2]},
								"west": {"uv": [55, 126], "uv_size": [-3, 2]},
								"up": {"uv": [0, 0], "uv_size": [0, 0]},
								"down": {"uv": [0, 0], "uv_size": [0, 0]}
							}
						}
					]
				},
				{
					"name": "left_leg",
					"pivot": [1.75, 12, 0],
					"cubes": [
						{
							"origin": [0.25, 7, -1.5],
							"size": [3, 5, 3],
							"uv": {
								"north": {"uv": [56, 53], "uv_size": [3, 5]},
								"east": {"uv": [53, 53], "uv_size": [3, 5]},
								"south": {"uv": [62, 53], "uv_size": [3, 5]},
								"west": {"uv": [59, 53], "uv_size": [3, 5]},
								"up": {"uv": [56, 50], "uv_size": [3, 3]},
								"down": {"uv": [59, 53], "uv_size": [3, -3]}
							}
						}
					]
				},
				{
					"name": "left_leg_down",
					"parent": "left_leg",
					"pivot": [1.75, 7, -1.5],
					"cubes": [
						{
							"origin": [0.25, 1.01, -1.5],
							"size": [3, 6, 3],
							"uv": {
								"north": {"uv": [52, 38], "uv_size": [3, 6]},
								"east": {"uv": [49, 38], "uv_size": [3, 6]},
								"south": {"uv": [58, 38], "uv_size": [3, 6]},
								"west": {"uv": [55, 38], "uv_size": [3, 6]},
								"up": {"uv": [52, 35], "uv_size": [3, 3]},
								"down": {"uv": [55, 38], "uv_size": [3, -3]}
							}
						}
					]
				},
				{
					"name": "left_foot",
					"parent": "left_leg_down",
					"pivot": [1.75, 7, -1.5],
					"cubes": [
						{
							"origin": [0.75, 0, -4.36603],
							"size": [2, 2, 1],
							"inflate": 0.001,
							"uv": {
								"north": {"uv": [2, 96], "uv_size": [2, 2]},
								"east": {"uv": [0, 96], "uv_size": [2, 2]},
								"south": {"uv": [6, 96], "uv_size": [2, 2]},
								"west": {"uv": [4, 96], "uv_size": [2, 2]},
								"up": {"uv": [2, 94], "uv_size": [2, 2]},
								"down": {"uv": [4, 96], "uv_size": [2, -2]}
							}
						},
						{
							"origin": [0.25, 0, 0.5],
							"size": [3, 1, 1],
							"uv": {
								"north": {"uv": [1, 1], "uv_size": [3, 1]},
								"east": {"uv": [0, 1], "uv_size": [1, 1]},
								"south": {"uv": [5, 1], "uv_size": [3, 1]},
								"west": {"uv": [4, 1], "uv_size": [1, 1]},
								"up": {"uv": [1, 0], "uv_size": [3, 1]},
								"down": {"uv": [4, 1], "uv_size": [3, -1]}
							}
						},
						{
							"origin": [0.25, 0, -3.5],
							"size": [3, 1, 3],
							"inflate": 0.01,
							"uv": {
								"north": {"uv": [35, 10], "uv_size": [3, 1]},
								"east": {"uv": [32, 10], "uv_size": [3, 1]},
								"south": {"uv": [41, 10], "uv_size": [3, 1]},
								"west": {"uv": [38, 10], "uv_size": [3, 1]},
								"up": {"uv": [35, 7], "uv_size": [3, 3]},
								"down": {"uv": [38, 10], "uv_size": [3, -3]}
							}
						},
						{
							"origin": [0.25, 1, -3.5],
							"size": [3, 1, 5],
							"inflate": 0.01,
							"uv": {
								"north": {"uv": [16, 100], "uv_size": [3, 1]},
								"east": {"uv": [11, 100], "uv_size": [5, 1]},
								"south": {"uv": [24, 100], "uv_size": [3, 1]},
								"west": {"uv": [19, 100], "uv_size": [5, 1]},
								"up": {"uv": [16, 95], "uv_size": [3, 5]},
								"down": {"uv": [19, 100], "uv_size": [3, -5]}
							}
						},
						{
							"origin": [0.25, 2, -1.5],
							"size": [3, 4, 3],
							"inflate": 0.02,
							"uv": {
								"north": {"uv": [4, 106], "uv_size": [3, 4]},
								"east": {"uv": [1, 106], "uv_size": [3, 4]},
								"south": {"uv": [10, 106], "uv_size": [3, 4]},
								"west": {"uv": [7, 106], "uv_size": [3, 4]},
								"up": {"uv": [4, 103], "uv_size": [3, 3]},
								"down": {"uv": [7, 106], "uv_size": [3, -3]}
							}
						}
					]
				},
				{
					"name": "shoes2",
					"parent": "left_foot",
					"pivot": [3.25, 0, -3.5],
					"rotation": [0, 30, 0],
					"cubes": [
						{
							"origin": [2.25, 0, -4.5],
							"size": [1, 2, 1],
							"uv": {
								"north": {"uv": [0, 0], "uv_size": [0, 0]},
								"east": {"uv": [0, 0], "uv_size": [0, 0]},
								"south": {"uv": [0, 0], "uv_size": [0, 0]},
								"west": {"uv": [25, 94], "uv_size": [-1, 2]},
								"up": {"uv": [26, 93], "uv_size": [-1, 1]},
								"down": {"uv": [27, 94], "uv_size": [-1, -1]}
							}
						}
					]
				},
				{
					"name": "shoes3",
					"parent": "left_foot",
					"pivot": [0.25, 0, -3.5],
					"rotation": [0, -30, 0],
					"cubes": [
						{
							"origin": [0.25, 0, -4.5],
							"size": [1, 2, 1],
							"uv": {
								"north": {"uv": [0, 0], "uv_size": [0, 0]},
								"east": {"uv": [24, 94], "uv_size": [1, 2]},
								"south": {"uv": [0, 0], "uv_size": [0, 0]},
								"west": {"uv": [0, 0], "uv_size": [0, 0]},
								"up": {"uv": [25, 93], "uv_size": [1, 1]},
								"down": {"uv": [26, 94], "uv_size": [1, -1]}
							}
						}
					]
				},
				{
					"name": "shoes",
					"parent": "left_foot",
					"pivot": [1.75, 2, -3.5],
					"rotation": [27.5, 0, 0],
					"cubes": [
						{
							"origin": [0.25, 1, -3.5],
							"size": [3, 1, 4],
							"inflate": 0.021,
							"uv": {
								"north": {"uv": [17, 108], "uv_size": [3, 1]},
								"east": {"uv": [13, 108], "uv_size": [4, 1]},
								"south": {"uv": [24, 108], "uv_size": [3, 1]},
								"west": {"uv": [20, 108], "uv_size": [4, 1]},
								"up": {"uv": [17, 104], "uv_size": [3, 4]},
								"down": {"uv": [20, 108], "uv_size": [3, -4]}
							}
						}
					]
				},
				{
					"name": "shoes5",
					"parent": "left_foot",
					"pivot": [1.65, 5, -2.5],
					"rotation": [-22.5, 0, 0],
					"cubes": [
						{"origin": [-0.05, 3.75, -1.45], "size": [3.5, 1, 2], "uv": [52, 109]},
						{"origin": [0.3, 3.75, -0.45], "size": [3, 1, 1], "inflate": 0.1, "uv": [1, 100]}
					]
				},
				{
					"name": "left_leg_hide_parts",
					"parent": "left_leg",
					"pivot": [-20, 21, -2],
					"cubes": [
						{"origin": [0.25, 6, -1.5], "size": [3, 3, 3], "inflate": 0.01, "uv": [14, 111]}
					]
				},
				{
					"name": "right_leg",
					"pivot": [-1.75, 12, 0],
					"cubes": [
						{
							"origin": [-3.25, 7, -1.5],
							"size": [3, 5, 3],
							"uv": {
								"north": {"uv": [59, 53], "uv_size": [-3, 5]},
								"east": {"uv": [62, 53], "uv_size": [-3, 5]},
								"south": {"uv": [65, 53], "uv_size": [-3, 5]},
								"west": {"uv": [56, 53], "uv_size": [-3, 5]},
								"up": {"uv": [59, 50], "uv_size": [-3, 3]},
								"down": {"uv": [62, 53], "uv_size": [-3, -3]}
							}
						}
					]
				},
				{
					"name": "right_leg_down",
					"parent": "right_leg",
					"pivot": [-1.75, 7, -1.5],
					"cubes": [
						{
							"origin": [-3.25, 1.01, -1.5],
							"size": [3, 6, 3],
							"uv": {
								"north": {"uv": [55, 38], "uv_size": [-3, 6]},
								"east": {"uv": [58, 38], "uv_size": [-3, 6]},
								"south": {"uv": [61, 38], "uv_size": [-3, 6]},
								"west": {"uv": [52, 38], "uv_size": [-3, 6]},
								"up": {"uv": [55, 35], "uv_size": [-3, 3]},
								"down": {"uv": [58, 38], "uv_size": [-3, -3]}
							}
						}
					]
				},
				{
					"name": "right_foot",
					"parent": "right_leg_down",
					"pivot": [-1.75, 7, -1.5],
					"cubes": [
						{
							"origin": [-2.75, 0, -4.36603],
							"size": [2, 2, 1],
							"inflate": 0.001,
							"uv": {
								"north": {"uv": [4, 96], "uv_size": [-2, 2]},
								"east": {"uv": [6, 96], "uv_size": [-2, 2]},
								"south": {"uv": [8, 96], "uv_size": [-2, 2]},
								"west": {"uv": [2, 96], "uv_size": [-2, 2]},
								"up": {"uv": [4, 94], "uv_size": [-2, 2]},
								"down": {"uv": [6, 96], "uv_size": [-2, -2]}
							}
						},
						{
							"origin": [-3.25, 0, 0.5],
							"size": [3, 1, 1],
							"uv": {
								"north": {"uv": [4, 1], "uv_size": [-3, 1]},
								"east": {"uv": [5, 1], "uv_size": [-1, 1]},
								"south": {"uv": [8, 1], "uv_size": [-3, 1]},
								"west": {"uv": [1, 1], "uv_size": [-1, 1]},
								"up": {"uv": [4, 0], "uv_size": [-3, 1]},
								"down": {"uv": [7, 1], "uv_size": [-3, -1]}
							}
						},
						{
							"origin": [-3.25, 0, -3.5],
							"size": [3, 1, 3],
							"inflate": 0.01,
							"uv": {
								"north": {"uv": [38, 10], "uv_size": [-3, 1]},
								"east": {"uv": [41, 10], "uv_size": [-3, 1]},
								"south": {"uv": [44, 10], "uv_size": [-3, 1]},
								"west": {"uv": [35, 10], "uv_size": [-3, 1]},
								"up": {"uv": [38, 7], "uv_size": [-3, 3]},
								"down": {"uv": [41, 10], "uv_size": [-3, -3]}
							}
						},
						{
							"origin": [-3.25, 1, -3.5],
							"size": [3, 1, 5],
							"inflate": 0.01,
							"uv": {
								"north": {"uv": [19, 100], "uv_size": [-3, 1]},
								"east": {"uv": [24, 100], "uv_size": [-5, 1]},
								"south": {"uv": [27, 100], "uv_size": [-3, 1]},
								"west": {"uv": [16, 100], "uv_size": [-5, 1]},
								"up": {"uv": [19, 95], "uv_size": [-3, 5]},
								"down": {"uv": [22, 100], "uv_size": [-3, -5]}
							}
						},
						{
							"origin": [-3.25, 2, -1.5],
							"size": [3, 4, 3],
							"inflate": 0.02,
							"uv": {
								"north": {"uv": [7, 106], "uv_size": [-3, 4]},
								"east": {"uv": [10, 106], "uv_size": [-3, 4]},
								"south": {"uv": [13, 106], "uv_size": [-3, 4]},
								"west": {"uv": [4, 106], "uv_size": [-3, 4]},
								"up": {"uv": [7, 103], "uv_size": [-3, 3]},
								"down": {"uv": [10, 106], "uv_size": [-3, -3]}
							}
						}
					]
				},
				{
					"name": "shoes4",
					"parent": "right_foot",
					"pivot": [-3.25, 0, -3.5],
					"rotation": [0, -30, 0],
					"cubes": [
						{
							"origin": [-3.25, 0, -4.5],
							"size": [1, 2, 1],
							"uv": {
								"north": {"uv": [0, 0], "uv_size": [0, 0]},
								"east": {"uv": [24, 94], "uv_size": [1, 2]},
								"south": {"uv": [0, 0], "uv_size": [0, 0]},
								"west": {"uv": [0, 0], "uv_size": [0, 0]},
								"up": {"uv": [25, 93], "uv_size": [1, 1]},
								"down": {"uv": [26, 94], "uv_size": [1, -1]}
							}
						}
					]
				},
				{
					"name": "shoes6",
					"parent": "right_foot",
					"pivot": [-0.25, 0, -3.5],
					"rotation": [0, 30, 0],
					"cubes": [
						{
							"origin": [-1.25, 0, -4.5],
							"size": [1, 2, 1],
							"uv": {
								"north": {"uv": [0, 0], "uv_size": [0, 0]},
								"east": {"uv": [0, 0], "uv_size": [0, 0]},
								"south": {"uv": [0, 0], "uv_size": [0, 0]},
								"west": {"uv": [25, 94], "uv_size": [-1, 2]},
								"up": {"uv": [26, 93], "uv_size": [-1, 1]},
								"down": {"uv": [27, 94], "uv_size": [-1, -1]}
							}
						}
					]
				},
				{
					"name": "shoes7",
					"parent": "right_foot",
					"pivot": [-1.75, 2, -3.5],
					"rotation": [27.5, 0, 0],
					"cubes": [
						{
							"origin": [-3.25, 1, -3.5],
							"size": [3, 1, 4],
							"inflate": 0.021,
							"uv": {
								"north": {"uv": [20, 108], "uv_size": [-3, 1]},
								"east": {"uv": [24, 108], "uv_size": [-4, 1]},
								"south": {"uv": [27, 108], "uv_size": [-3, 1]},
								"west": {"uv": [17, 108], "uv_size": [-4, 1]},
								"up": {"uv": [20, 104], "uv_size": [-3, 4]},
								"down": {"uv": [23, 108], "uv_size": [-3, -4]}
							}
						}
					]
				},
				{
					"name": "shoes8",
					"parent": "right_foot",
					"pivot": [-1.65, 5, -2.5],
					"rotation": [-22.5, 0, 0],
					"cubes": [
						{"origin": [-3.45, 3.75, -1.45], "size": [3.5, 1, 2], "uv": [52, 109], "mirror": true},
						{"origin": [-3.3, 3.75, -0.45], "size": [3, 1, 1], "inflate": 0.1, "uv": [1, 100], "mirror": true}
					]
				},
				{
					"name": "right_leg_hide_parts",
					"parent": "right_leg",
					"pivot": [20, 21, -2],
					"cubes": [
						{"origin": [-3.25, 6, -1.5], "size": [3, 3, 3], "inflate": 0.01, "uv": [14, 111], "mirror": true}
					]
				}
			]
		}
	]
}