{
    "name": "트레이닝 단말기",
    "icon": "umapyoi:training_facility",
    "category": "umapyoi:training",
    "sortnum": 0,
    "pages": [
        {
            "type": "patchouli:text",
            "text": "비록 우마무스메 소울에 대한 많은 가능성들이 알려지지 않았지만 한 가지는 확실합니다. 이제 막 빛을 되찾은 소울은 그 힘을 온전히 발휘하지 못한다는 것입니다. \"육성 완료\" 하고 그 힘을 극대화하는 과정이 가장 중요한 것입니다. 이 과정을 \"트레이닝\"이라 부르고, 우마무스메 소울들을 트레이닝하는 사람들을 \"트레이너\" 라고 부릅니다."
        },
        {
            "type": "patchouli:text",
            "text": "육성이 완료될 때까지는 그 고유의 힘을 유저에게 온전히 적용할 수 없습니다. 이 점에서, 육성 완료의 본질은 우마무스메 소울의 내면에 있는 모든 힘을 해방시키는 것이며, 트레이닝은 그 힘을 키우고 준비하는 것입니다."
        },
        {
            "type": "patchouli:text",
            "text": "가장 인기 있는 트레이닝 장비는 새로 설계된 트레이닝 단말기로, 이는 전체 트레이닝 스태프들이 수년간 연구한 끝에 나온 결과물입니다. 이 단말기의 가장 중요한 특징은 서로 다른 6개의 서포트 카드를 동시에 삽입하여 트레이닝 과정을 진행할 수 있고, 모든 과정이 자동화된다는 것입니다. 당신이 해야 할 일은 미리 설정된 트레이닝 카드를 삽입하고 트레이닝시킬 우마무스메 소울을 넣은 다음, 트레이닝 과정을 자동화하기 위해 단말기를 시작하는 것입니다."
        },
        {
            "type": "patchouli:text",
            "text": "몇몇 옛날 방식을 고집하는 트레이너들은 전통적인 트레이닝 방식을 고수하고 있고 그런 이들은 주민 마을에서 발견할 수 있습니다. $(p) 그들은 당신이 아마 트레이닝 과정에서 사용할 수 있는 몇 가지를 교환해 줄 것입니다."
        },
        {
            "type": "patchouli:crafting",
            "recipe": "umapyoi:training_facility",
            "text": "기술적인 이유로, $(#f00)$(l) 트레이닝 단말기는 한번 시작하면 자발적으로 멈출 수 없습니다! $()$(p)당신이 강제로 트레이닝을 취소해야 한다면, 트레이닝 단말기 밖으로 트레이닝 중인 우마무스메 소울을 꺼내야 할 것입니다."
        }
    ]
}
