{
    "name": "전통적인 트레이닝 방식",
    "icon": "umapyoi:speed_high_item",
    "category": "umapyoi:training",
    "sortnum": 3,
    "pages": [
        {
            "type": "patchouli:text",
            "text": "과거에는 트레이닝에 대한 의례적인 방식이 있었지만, 이제 그런 것들은 고대인들이 남긴 기록과 경험들로만 남아 있습니다. $(p) 전체적으로 트레이닝 북이라 알려진 이런 기록들은 훈련을 돕기 위해 복원되고 책이나 두루마리로 다시 만들어져, 현재 마을에서 매우 인기 있습니다."
        },
        {
            "type": "patchouli:text",
            "text": "그러나 이런 트레이닝 북들로 트레이닝을 하기 위해서는, 당신이 읽기 전에 우마무스메가 되어야 합니다. 읽다 보면 당신은 글의 내용에서 배우게 되며 능력이 향상되게 됩니다. $(p) 글의 지식은 한정되어 있기에 당신이 트레이닝 북을 어느 정도 읽고 나면 더 이상 능력을 향상시킬 수 없다는 것을 유의하시길 바랍니다."
        }
    ]
}
