{
    "name": "因子繼承",
    "icon": "umapyoi:three_goddess",
    "category": "umapyoi:inherit",
    "sortnum": 2,
    "pages": [
        {
            "type": "patchouli:text",
            "text": "根據村民的傳説：馬娘曾在三女神像之下聽到了三女神的指引，看見了一對身影奔向遠方閃耀着的光芒。$(p)實際來説，三女神像在為馬娘之魂賜福的同時，也在使馬孃的意志得到繼承。所以説，三女神像是“因子繼承”的場所。"
        },
        {
            "type": "patchouli:text",
            "text": "要進行因子繼承，首先需要準備兩個不同馬孃的意志。$(p)只有一個意志、兩個意志所對應的馬娘衝突或者待繼承的馬娘之魂和意志衝突都會導致無法進行因子繼承。$(p)無法進行因子繼承也會直接導致賜福無法進行。"
        },
        {
            "type": "patchouli:text",
            "text": "因子繼承是有概率的。等級越高的因子更有可能被有效繼承、因子數量越多可以被有效繼承的可能性也越大。$(p)因子繼承可以突破原有馬娘之魂能力的上限，讓馬娘之魂的能力達到一個全新的高度。這是訓練過程所很難實現的。所以有經驗的訓練員同時看重訓練和繼承。"
        }
    ]
}
