{
    "name": "育成登記台",
    "icon": "umapyoi:register_lectern",
    "category": "umapyoi:inherit",
    "sortnum": 0,
    "pages": [
        {
            "type": "patchouli:text",
            "text": "育成登記台是結束訓練、完成本格化時需要用到的台座。訓練員通過記錄馬娘魂的各項信息來完成評估，之後完成本格化並收集該馬娘魂的“意志”。$(p)馬娘之魂本格化完成之後，總體評分將被決定下來。通常而言，評分越高能力越強，能夠留下的意志也就越強。所以請儘可能提高馬孃的評分。"
        },
        {
            "type": "patchouli:text",
            "text": "完成本格化時，由於一些我們未能探究出來的原因，附魔的結果可能會發生變化。$(p)根據調查來看，每一次本格化都會改變對同一件物品附魔的預測結果。但這一影響隻影響實行本格化的人，而不會影響其他人。$(p)反之，附魔也會影響本格化會獲取到的因子。"
        },
        {
            "type": "patchouli:text",
            "text": "眾所周知，馬娘之魂的成長是有極限的，人的成長也是如此。$(p)人的成長要得到突破，不僅僅需要個人的努力，還需要眾人給予鼓勵、指導和指引；對於馬娘之魂而言也是如此——需要不同馬孃的意志指引着新的馬娘不斷前進，創下新的突破。"
        },
        {
            "type": "patchouli:crafting",
            "recipe": "umapyoi:register_lectern",
            "text": "完成本格化之後該馬娘之魂成長完全停止，包括屬性增長、技能學習等。"
        }
    ]
}
