{
    "name": "馬孃的意志",
    "icon": "umapyoi:uma_factor_item",
    "category": "umapyoi:inherit",
    "sortnum": 1,
    "pages": [
        {
            "type": "patchouli:text",
            "text": "馬孃的意志是本格化的副產物，這些藍色的結晶寄宿着原來馬娘之魂對未來的期盼。$(p)馬孃的意志內除了原有的名字之外，還有着一些“因子”。“因子”是能夠被繼承下來的能力，也是即將被傳承下去的精神所在。"
        },
        {
            "type": "patchouli:text",
            "text": "每一個馬孃的意志都必定會有一個主屬性因子、一個額外屬性因子和一個固有技能因子，記錄的時候分別使用藍色字體、粉紅色字體和綠色字體表示。$(p)其他因子有可能會根據技能的數量、評分的高低和其他有待進一步考究的方面有關，這些因子使用灰白色字體表示。"
        },
        {
            "type": "patchouli:text",
            "text": "額外屬性因子和灰白色因子在因子繼承中有概率不會被完全繼承。$(p)部分因子有可能完全沒有被繼承到，所以因子繼承本身是存在一定幸運因素的。$(p)實際來看，能完整繼承所有因子的馬娘之魂並不多見。"
        },
        {
            "type": "patchouli:text",
            "text": "總體而言，評分越高的馬娘所留下的意志越強。意志的強弱表現在因子的數量和因子的等級。越強的意志擁有更多數量、更高等級的因子。"
        }
    ]
}
