{
    "name": "心情與焦躁",
    "icon": "umapyoi:textures/book_images/motivations_icon.png",
    "category": "umapyoi:uma_soul",
    "sortnum": 4,
    "pages": [
        {
            "type": "patchouli:text",
            "text": "雖然馬娘之魂在外表看起來只是一塊結晶體，但是變為馬娘之後你可以感受到其內在的心靈。$(br)在這其中最能直接感受到的是馬娘之魂的“心情”。$(p)馬娘之魂的心情狀態會直接反映在使用者身上，不僅是情緒會隨之一起高漲或低沉，而且還會直接影響力量的發揮。所以保持高漲的心情是很重要的一件事。"
        },
        {
            "type": "patchouli:text",
            "text": "心情有五個階段：$(#EB4573)絕佳$()、$(#EE7C40)良好$()、$(#F18E0F)普通$()、$(#1968B3)不佳$()、$(#6A4497)極差$()，狀態按上文順序逐級遞減。$(p)通常而言受傷是導致心情降低的主要原因，食用一些味道古怪的食物也有可能導致心情降低。$(p)想要恢復心情最快也是最常用的方式便是食用美味的食物，例如蜂蜜特飲之類的可口飲料或者紙杯蛋糕之類的甜品。"
        },
        {
            "type": "patchouli:image",
            "images": ["umapyoi:textures/book_images/motivations.png"],
            "text": "心情有五個階段：$(#EB4573)絕佳$()、$(#EE7C40)良好$()、$(#F18E0F)普通$()、$(#1968B3)不佳$()、$(#6A4497)極差$()。"
        },
        {
            "type": "patchouli:text",
            "text": "如果心情已經變得極差，繼續降低心情就有導致“焦躁”的可能性。$(p)焦躁會使人失去冷靜思考的能力而無法自然恢復行動力。可以通過喝點牛奶或者使用“冷靜”技能來讓自己失去焦躁的狀態。$(p)順便一提，焦躁不會影響其他恢復行動力的方式，例如飲用“活力”系列飲料。"
        }
    ]
}
