{
    "name": "召喚基座",
    "icon": "umapyoi:uma_pedestal",
    "category": "umapyoi:uma_soul",
    "sortnum": 2,
    "pages": [
        {
            "type": "patchouli:text",
            "text": "召喚基座是用於為三女神獻上貢品的台座。$(p)在馬娘之魂第一次出現之後，為三女神供奉物品的台座也精緻了起來，最終形成了如此設計的精美台座。台座的主要用途是向三女神祈願，以祈求三女神給予馬孃的靈魂結晶。所以這個台座在“訓練員”們的口中又叫做召喚基座——用於召喚馬娘之魂的基座。"
        },
        {
            "type": "patchouli:text",
            "text": "在召喚基座上放置蘿蔔寶石或“馬券”，在一陣變化之後就會得到“褪色的馬娘之魂”。$(p)但如果在召喚基座上放置一本書，書會立刻發生變化並變為召喚基座的一部分——一本懸浮的藍色封皮的書。$(br)這樣的基座無法得到馬娘之魂，而是會得到一張寄宿着有着與馬娘之魂同樣力量的卡片——支援卡。支援卡作為“訓練”的道具，是非常重要的物品。"
        },
        {
            "type": "patchouli:text",
            "text": "召喚基座存在金銀兩種配色，只有金色的召喚基座會得到最為稀有的馬娘之魂或者支援卡。這些最稀有的結晶以紫色名字標識。$(p)$(p)$(#f00)$(l)在召喚的時候請把副手的道具拿下以表示你的虔誠。$()"
        },
        {
            "type": "patchouli:crafting",
            "recipe": "umapyoi:silver_uma_pedestal",
            "recipe2": "umapyoi:uma_pedestal",
            "title": "奇蹟可不是沒代價的！"
        }
    ]
}
