{
    "name": "やる気と調子",
    "icon": "umapyoi:textures/book_images/motivations_icon.png",
    "category": "umapyoi:uma_soul",
    "sortnum": 4,
    "pages": [
        {
            "type": "patchouli:text",
            "text": "ウマ娘魂はただの結晶に見えますが、変身後のウマ娘の心の内を感じることができます。 $(br)モチベーションは、あなたが最も直接的に感じることができるものです。 $(p)ウマ娘魂の気分は使用者の気分に直接反映され、それに伴う気分の高低だけでなく力の使い方にも直接影響します。 したがってモチベーションを高く保つことが非常に重要です。"
        },
        {
            "type": "patchouli:text",
            "text": "モチベーションには 5 つの段階があります: $(#EB4573)絶好調$()、$(#EE7C40)好調$()、$(#F18E0F)普通$()、$(#1968B3)不調$()、$( #6A4497)絶不調$()。上記の順序でやる気が減少します。 $(p) 通常、怪我はモチベーション低下の主な原因であり、奇妙な味の食べ物を摂取することもモチベーション低下につながる可能性があります。 モチベーションを取り戻すための最も早くて一般的な方法は、おいしい飲み物やデザートなどのおいしい食べ物を食べることです。"
        },
        {
            "type": "patchouli:image",
            "images": ["umapyoi:textures/book_images/motivations.png"],
            "text": "モチベーションの 5 段階: $(#EB4573)絶好調$()、$(#EE7C40)好調$()、$(#F18E0F)普通$()、$(#1968B3)不調$()、$(# 6A4497)絶不調$()。"
        },
        {
            "type": "patchouli:text",
            "text": "モチベーションがすでにピークに達している場合、モチベーションを下げ続けると「掛かり状態」につながる可能性があります。 $(p) 不安があると、行動ポイントを自然に回復することができなくなります。 牛乳を飲むかスキルを使用することで、優位性を取り戻すことができます。 ちなみにパニックはバイタルを飲むなど他の行動Ptの回復方法には影響しません。"
        }
    ]
}
