{
    "name": "召喚台座",
    "icon": "umapyoi:uma_pedestal",
    "category": "umapyoi:uma_soul",
    "sortnum": 2,
    "pages": [
        {
            "type": "patchouli:text",
            "text": "ウマ娘台座は三女神への供物台座です。$(p) ウマ娘魂の登場以降、三女神への供物台座をブラッシュアップし、美しいデザインの台座として完成しました。 この台座の主な目的は三女神にウマ娘の魂を授けてもらうことであり、そのためトレーナーたちの間ではこの台座を「召喚台座」、つまりウマ娘を召喚するための台座とも呼ばれていました。"
        },
        {
            "type": "patchouli:text",
            "text": "ジュエルまたは「ガチャチケット」を置くと「フェードウマ娘魂」が手に入ります。 $(p)ただしウマ娘の台座に本を置くとその本は即座に変化し、召喚台座の一部となり青い表紙の浮遊する本となります。 このような台座はウマ娘のソウルを獲得する代わりにサポートカードというカードを獲得します。 サポートカードは「育成」アイテムとして非常に重要なアイテムです。"
        },
        {
            "type": "patchouli:text",
            "text": "ウマ娘の台座には金と銀の両方の色があり、金の台座のみが紫の名前で識別される最もレアなアイテムを生み出します。 $(p)$(p)$(#f00)$(l) 何も持っていない状態で右クリックすると召喚したアイテムを回収できます。 $()"
        },
        {
            "type": "patchouli:crafting",
            "recipe": "umapyoi:silver_uma_pedestal",
            "recipe2": "umapyoi:uma_pedestal",
            "title": "奇跡は代償なしには起こりません！"
        }
    ]
}
