{
    "name": "ウマ娘魂",
    "icon": "umapyoi:uma_soul",
    "category": "umapyoi:uma_soul",
    "sortnum": 0,
    "pages": [
        {
            "type": "patchouli:text",
            "text": "いわゆる「ウマ娘」は、走るために生まれた少女たちです。$(p)彼女らは別の世界から名前を受け継いでいます。元の所有者の中には不運な者もいれば、何世代にもわたって輝いていた者もいます。 .....$(p)彼女らは魂を受け継ぎ走り続ける....$(p)そのはずだった。"
        },
        {
            "type": "patchouli:text",
            "text": "これらは現在ではクリスタルの中に閉じ込められた魂を指します。この「魂の結晶」がいわゆる「ウマ娘魂」です。"
        },
        {
            "type": "patchouli:text",
            "text": "ジュエルまたは「ガチャチケット」を置くと「フェードウマ娘魂」が手に入ります。 $(br)これらのくすんだ色の結晶はまったく機能しません。 $(br2)これらのクリスタルを女神像に直接捧げると、三女神の贈り物によってクリスタルは再び輝きます。"
        },
        {
            "type": "patchouli:image",
            "images": ["umapyoi:textures/book_images/summon_soul.png", "umapyoi:textures/book_images/blank_soul.png"],
            "text": "『フェードウマ娘魂』の登場。"
        },
        {
            "type": "patchouli:text",
            "text": "「ウマ娘」に変身すると、デフォルトでは現在のモチベーションと選択したスキルがHUDの右下に表示されます。 $(br2) HUDの右側には現在の行動ptを表す青いバーがありますが、行動ptが最大になっている場合、デフォルトでは表示されません。"
        },
        {
            "type": "patchouli:image",
            "images": ["umapyoi:textures/book_images/hud_info.png"],
            "text": "現在のモチベーションと選択したスキルが HUD の右下隅に表示されます。"
        }
    ]
}
