{
    "name": "关于本模组",
    "icon": "minecraft:writable_book",
    "category": "umapyoi:prologue",
    "sortnum": 1,
    "pages": [
        {
            "type": "patchouli:text",
            "text": "感谢您使用《马儿蹦跳》。本模组是以《赛马娘：Pretty Derby》为主题，以“育成和继承”为核心玩法的模组。$(p)在Minecraft的世界里，成为“赛马娘”，展开大冒险吧！"
        },
        {
            "type": "patchouli:text",
            "text": "本模组由“特雷森学院Minecraft部”小组开发。$(p)小组成员：$(li)组长/主策划/程序开发：射命丸政；$(li)模型制作：裤管十字、琥珀酸、Dumnheint、千代汪、omo、金币、界徐尔特尔等；$(li)材质绘制：帕金伊、射命丸政；$(li)宣传：射命丸政、梨木莉亚。$(li)特别致谢：尤里的猫 提供了召唤基座的方块模型。"
        }
    ]
}
