{
    "name": "序言",
    "icon": "umapyoi:blank_uma_soul",
    "category": "umapyoi:prologue",
    "sortnum": 0,
    "pages": [
        {
            "type": "patchouli:text",
            "text": "根据村民的传说，在我们踏上这片土地之前有一群“长有马耳，如有神力”的人曾经居住过。这群人声称他们受到了“三女神”的指引而来到此处。因为所有长有马耳的人都是女性、都拥有如同良马般的速度，所以村民们将其称为“马娘”。$(br2)她们在无垠的草地之上疾驰，消失在了远方，只留下些许痕迹……"
        },
        {
            "type": "patchouli:text",
            "text": "因为这些马娘的存在，一些村民开始信仰起“三女神”，希望女神能给予他们同等的力量。$(p)这些村民不仅建造了三女神的神像、向女神像供奉马娘们喜爱的胡萝卜、而且还根据胡萝卜的形状雕刻出宝石以献给女神。"
        },
        {
            "type": "patchouli:text",
            "text": "一次向女神像供奉宝石的时候，宝石突然发生了剧烈的变化，变成了如同火焰般的晶体。祭司在众人的面前举起晶体，一瞬间变成了 “马娘”。众人惊呼。$(p)今天，我们与“马娘”的意志，在这片未知的土地上继续奔跑……"
        }
    ]
}
